prob,label
0.05714496459244276,0
0.0019519970954192953,0
0.2527844728327085,0
0.12414980737048513,0
0.03812265846360292,0
0.20230594807068994,0
0.00533692383214596,0
0.125609351522713,0
0.4033693637428473,0
0.20076731436168263,0
0.34341355216569314,0
0.4149859165314314,1
0.050987254352245145,0
0.08456722120396021,0
0.08194477372764361,0
0.21916632869984323,0
0.19460521097090658,0
0.16656962228736685,1
0.2933181739010757,0
0.14857483918808706,0
0.0072419842878176655,0
0.14573616637360712,0
0.2273187382753255,0
0.3935557476232621,0
0.0180713857560986,0
0.5621751104918965,0
0.013873747094534603,0
0.29662540015118843,0
0.006308256216454717,0
0.5161420813098029,1
0.0022945978008924077,0
0.4385946445393378,0
0.10685503336846242,0
0.04284848495632033,0
0.2999102136851152,0
0.5690404116391156,0
0.23504308521339232,0
0.08568016939076066,0
0.11084738844381518,0
0.040891213224597364,0
0.17411862401106168,0
0.26187157749631756,0
0.5696689839898246,1
0.19965893796789203,0
0.04784040192554785,0
0.17518960669546818,0
0.7411689615739382,1
0.18265756320034152,0
0.032397234490830006,0
0.024265579088482505,0
0.007697238884554787,0
0.5566571689086017,0
0.6006531495513099,0
0.0048412707456837395,0
0.2564827807376771,0
0.006603193910713293,0
0.24184870853979365,0
0.004283665101323694,0
0.6699591793046492,0
0.35564571099092945,0
0.5578898769172975,0
0.1647162184376315,0
0.014492639811856865,0
0.3086476315191634,0
0.013469162407613937,0
0.2543848931168851,0
0.14483977407093077,1
0.016334094581504026,0
0.049140561061267275,0
0.44907111212636064,0
0.699103801646379,0
0.019903548443628113,0
0.0025983777383450806,0
0.866923621515366,1
0.1290727165684671,0
0.1553583364567075,0
0.018319284838463536,0
0.01506459285543606,0
0.04109894975396657,0
0.0600361525326668,0
0.022728586341658846,0
0.012603638303846114,0
0.5076876810444854,0
0.18235442484793052,0
0.954216577661314,1
0.006793550967815747,0
0.6012847137146474,0
0.02016862946409946,0
0.026338752483366083,0
0.19313255037257546,0
0.009937323647707401,0
0.01769620642677097,0
0.02624696264050557,0
0.3393249665977895,0
0.22733742363921916,0
0.028942163597980686,0
0.04344620156595471,0
0.006459814432344915,0
0.17264433255759926,0
0.0015994851482138163,0
0.7233942216661114,1
0.3396040997315149,0
0.16654210179930545,0
0.07472553075322623,0
0.16429304709967493,0
0.11287878905461768,0
0.5313097525812607,0
0.04531746770423772,0
0.6743370088470082,0
0.5237612366822998,0
0.7376051638372573,0
0.003917456253843995,0
0.33295506686593807,0
0.031010779549752357,0
0.019061495347264645,0
0.25025535940940363,0
0.021728146359056538,0
0.40821343130692656,0
0.4533341251396861,0
0.10356577380451969,0
0.02458990057058427,0
0.6598597387225115,0
0.10026242480415869,0
0.10294105337916303,0
0.0107859753376043,0
0.8337411948580181,0
0.3968025862520688,0
0.48835457838005436,1
0.11902391636891742,0
0.2693789634456833,0
0.02484703417184638,0
0.7010328012265642,0
0.00253086233845358,0
0.21395030184711405,0
0.8285468104016773,1
0.8415456282406815,0
0.34687907546853936,0
0.4812984751264434,0
0.014792251274733765,0
0.4876232859298026,0
0.0693712910172404,0
0.9260093412783243,1
0.13730322387899008,0
0.03176727065317162,0
0.3716648943784194,0
0.06148905221977593,1
0.6324190197975388,0
0.4262666174491995,0
0.3737402486839875,0
0.5694679138164643,0
0.2828513854369233,0
0.0005332979460273838,0
0.04361151986269575,0
0.12453066632473456,0
0.21547962555273295,0
0.031459334122331636,0
0.009464049391111782,0
0.6061358580832434,0
0.0054561869106676,0
0.4450513646331985,0
0.4208830066408257,0
0.016008371179834453,0
0.9599064283350696,1
0.059738111442240574,0
0.1752212059247631,0
0.21334382799460735,0
0.08483167186391019,0
0.0197919160944704,0
0.00367096788963391,0
0.12705447693466648,0
0.014971622105713135,0
0.8765365773906978,1
0.22499831744207474,0
0.0014488432013114447,0
0.035366194967028954,0
0.1655841092962528,0
0.09001941562669895,0
0.05421855139327094,0
0.2273913203865014,0
0.04567823345313731,0
0.010695991845571167,0
0.10672661254226427,0
0.04417851438823569,0
0.5649552173593841,0
0.05892105364497884,0
0.010717985196278602,0
0.014379276463658951,0
0.14133194100228472,0
0.020275925784044316,0
0.0021329389553935534,0
0.24990161206201766,0
0.0018742326058741824,0
0.002873406966549905,0
0.06210356410336083,0
0.015977589169305688,0
0.14369146842228256,0
0.016723442683636673,0
0.04224859103577253,0
0.012209018001116276,0
0.40051261915719955,1
0.0020460342858674083,0
0.7986708846347782,0
0.2994015188176967,0
0.0036807185877783598,0
0.05218914756732198,0
0.46464023189797693,0
0.0057933515984391094,0
0.047325489076167286,0
0.026349065116641736,0
0.11688178556128354,0
0.8721562516326201,1
0.07217316489533981,0
0.034429993044632116,0
0.04052677655131683,0
0.06725708834966523,0
0.05121054744931516,0
0.0016524896795401284,0
0.029875812573367203,0
0.40975702402489705,0
0.5210723222930285,0
0.07170842433680487,0
0.4395198523567319,0
0.044858427239674176,0
0.19270970595050227,0
0.7940140062782937,1
0.03790994306801963,0
0.0965804292856819,0
0.062431896236779076,0
0.424633063762307,0
0.042569984811012124,0
0.05484199705677528,0
0.8878706274030066,0
0.35211755521688193,0
0.35178909362369637,0
0.09410953476068681,0
0.02915650185184071,0
0.375290695512039,0
0.013500029421511581,0
0.14754462511784958,0
0.06457328857001818,0
0.4132205109148871,0
0.009156661675992911,0
0.03202155258085639,0
0.20183403846627582,0
0.002041279292143749,0
0.24559810774117277,0
0.06786569471138099,0
0.013763050402401812,0
0.02567793049017185,0
0.02110790666449336,0
0.1630787563066596,0
0.38058198043535646,0
0.3169314874512981,0
0.057090364414036976,0
0.03383164111716526,0
0.6325690955175417,0
0.4107139384810703,0
0.852083643125869,1
0.6506402743018701,0
0.000496055678450382,0
0.04776854172046171,0
0.40642003172909813,0
0.51075326205689,0
0.37749780149435197,0
0.10689627579575096,0
0.014176827791109976,0
0.09612800691313103,0
0.26506652878353715,0
0.014598984744522736,0
0.20848891139693765,0
0.5240700708845468,0
0.5279316902793514,0
0.05962145011354647,0
0.045919883506016994,0
0.4429761628394306,0
0.8712036001843919,0
0.03643550979147188,0
0.08841857228634566,0
0.25945027299607604,0
0.007705304518602853,0
0.1943960994525677,0
0.530460219454293,0
0.4940322112547613,1
0.013781395651981939,0
0.3748012399434103,0
0.7102823661952675,1
0.08739803456254167,0
0.13719540993293458,0
0.04874137890113227,0
0.3285514372169762,0
0.07985804915291543,0
0.005117109109386429,0
0.006191364984364327,0
0.024689211380988806,0
0.5099079444331825,0
0.31638687598894066,0
0.20682156906900492,0
0.017671355542125188,0
0.08058562818921085,0
0.5918121201917671,1
0.23226081370368587,0
0.042848310141656104,0
0.4420884948344292,0
0.3486557071361572,0
0.17936341156248645,0
0.8780692906412355,1
0.14996259195002548,0
0.3499844511417796,1
0.01023682943619741,0
0.15511135009157026,0
0.02169374514773441,0
0.6102682666516309,0
0.21831902763540673,0
0.6620451380177588,1
0.026255656861189556,0
0.33479727229943196,0
0.05641177821409852,0
0.04030580148123771,0
0.1367214361942338,0
0.0498294968539246,0
0.6580524111603588,1
0.44570810130809035,0
0.19629014275427356,0
0.06843195186845608,0
0.5018980658127773,1
0.05734109731316234,0
0.07686418815125819,0
0.11109180878207334,0
0.12483523472144448,0
0.0439915334187469,0
0.0679077639185661,0
0.3295932685285287,0
0.15143192389077298,0
0.060184589235641066,0
0.08978678417533963,0
0.0321279855968074,0
0.1461736420520922,0
0.02399783510995913,0
0.2568808716591826,0
0.25245173522180697,0
0.00438185362169952,0
0.021876119136660876,0
0.2947732920340771,0
0.36994067062781044,0
0.12873022374755305,0
0.033496610092450016,0
0.5219034112029097,1
0.028641842266430042,0
0.01035243453731956,0
0.00683552542235154,0
0.005218683409038067,0
0.525002311645259,0
0.130005396615854,0
0.09634388071886447,0
0.5117253076800827,0
0.058167910191569326,0
0.16030928944629894,0
0.16916134812019581,0
0.02934842849124299,0
0.194352630394565,0
0.1651870367156472,0
0.045799850830268045,0
0.5675784155308561,1
0.5149246698249393,0
0.044049061239614155,0
0.09238936051326789,0
0.00653805341550372,0
0.10359446272041326,0
0.0005641601075037372,0
0.2937143448092478,0
0.6928065924241833,0
0.008626472953808261,0
0.704147695783176,0
0.01636693096582958,0
0.4207133534918732,0
0.6330715176748364,0
0.026259994096790494,0
0.09176252359604209,0
0.02447731425588958,0
0.41234886114933345,0
0.34511951288298304,0
0.08367384833495194,0
0.38404891872292996,0
0.4589954105531067,1
0.010893206110149743,0
0.007656263420235496,0
0.052753833768563775,0
0.26224467627103837,0
0.11744313115727996,0
0.033137092815522275,0
0.2873640904846218,0
0.3806480190465099,0
0.051080524170816065,0
0.15857159358997577,0
0.5668004811491285,1
0.03561786897662763,0
0.5568140623441388,0
0.23359593538714238,0
0.10068890594606648,0
0.0040119212427729735,0
0.07885581144875077,0
0.19706455386214,0
0.14468653425725822,0
0.009102969242438879,0
0.019930272965492192,0
0.35596758292194275,0
0.6139463023391523,0
0.1282883407716956,0
0.14448796304143044,0
0.9271198524342946,1
0.36595849323096086,0
0.02931262026179034,0
0.0017402790436319613,0
0.0740091449610381,0
0.4091081745906888,0
0.005883026899601732,0
0.15650733989186594,0
0.011326686030718331,0
0.09212527645159013,0
0.16224351975521661,0
0.4374282797521007,0
0.03252881373973446,0
0.004494536468769926,0
0.01392927571820942,0
0.2631788218038692,0
0.11957318410620578,0
0.21434862444101707,0
0.38696113222298006,0
0.0009663442812484931,0
0.02946896707870735,0
0.17754549838534806,0
0.04053300531183479,0
0.5373652071406002,0
0.09708759941733462,0
0.09074975849169298,0
0.10808995685781342,0
0.02036025599303751,0
0.02652097335068229,0
0.3865035738750878,0
0.03163284875974019,0
0.4895101584067531,0
0.0200874886865598,0
0.05010736702950321,0
0.02405496308501446,0
0.021211105693114216,0
0.3637593940591094,0
0.3064266653459351,0
0.622535588141026,0
0.05401639604379231,0
0.084212404133075,0
0.7267653745696959,0
0.0938720019937274,0
0.014589502854394197,0
0.40557578879772627,0
0.8745622686722453,0
0.5968961737854498,0
0.0046718167482796835,0
0.11120334241882544,0
0.5669756273216547,0
0.01623785805406862,0
0.103168982372788,0
0.23397739966253037,0
0.004870011015115331,0
0.6054133278121582,0
0.04497635979214801,0
0.18278643816580192,0
0.26680523167321407,0
0.011063035833544182,0
0.6433816930352262,1
0.03726557976729517,0
0.00727556907928982,0
0.0514437547586881,0
0.19242099253453543,1
0.060098065907184015,0
0.1491974582009101,0
0.7773758277774111,1
0.05530552449473785,0
0.009473009677012234,0
0.22859044105872448,0
0.036265238396840045,0
0.08608005453542501,0
0.09449389045494447,0
0.12480419545846635,0
0.014172771749860872,0
0.03848498717682275,0
0.11475714658394344,0
0.03259758403487086,0
0.7667833724255513,1
0.5605537283340167,0
0.1260547310357849,0
0.03529014688222017,0
0.8982750706559012,0
0.5355392370888072,0
0.0030646896454458983,0
0.06765853439635587,0
0.000500505340479812,0
0.42924963035530317,0
0.8079851033058303,1
0.006660669578761233,0
0.481718012634524,0
0.007320237487279143,0
0.9216393726716109,1
0.8005726051151882,0
0.04810421212615094,0
0.07677502685098722,0
0.027298506686561277,0
0.017975312480032965,0
0.6055069509411469,0
0.0705489971744626,0
0.23988562410167996,1
0.37711491478821557,0
0.07612092854134161,0
0.6747773910083482,0
0.34883840645323694,0
0.039774119814889326,0
0.5988620237210359,0
0.01779492564072371,0
0.5134565357268691,0
0.0959541525676567,0
0.02308931062259294,0
0.005387736329600181,0
0.19328665189572503,0
0.17450231708811317,0
0.09490508783933721,0
0.6782057666790312,1
0.1819132608632769,0
0.005107256089657211,0
0.06917439812213974,0
0.0971385639029956,0
0.01394283048837198,0
0.011911626640623724,0
0.2627874534397596,0
0.06873039022874616,0
0.8421423616285508,1
0.5784578646167348,0
0.04005712742157248,0
0.1405731857531421,0
0.019739611693968536,0
0.32037514991579363,0
0.03138374047802687,0
0.46184073664538566,0
0.37304429503452935,0
0.7595909289696032,1
0.022193870546257977,0
0.000690480260531704,0
0.10935194640865929,0
0.013389293503225238,0
0.03583350579774637,0
0.7688753787654485,0
0.9137473823112169,1
0.16697629105296474,0
0.24104737618889444,0
0.9598104280732711,1
0.010479836128097402,0
0.7402933839297958,0
0.14176218843596716,0
0.004047978089537521,0
0.06386205568405863,0
0.030356860977616407,0
0.1872578568751617,0
0.4740153499927594,0
0.26978620710357976,0
0.01595568691876644,0
0.2641924094996445,0
0.1087187060454735,0
0.02878464282051938,0
0.9063200957219449,1
0.16813887595312715,0
0.016068230650016783,0
0.047068918552253064,0
0.3774038941044735,1
0.00704133747540065,0
0.1872025421421671,0
0.15746201265434862,0
0.04018214823757942,0
0.0427546764581497,0
0.9460864094553747,1
0.43482966528414035,0
0.8914596242839229,1
0.09983913841549841,0
0.3611214824589705,0
0.11714176651734513,0
0.8656884698784659,1
0.2797150830806937,0
0.08034769624243623,0
0.27422735689647537,0
0.1752111772413836,0
0.11397845335804721,0
0.14827057125210608,0
0.06091633103923724,0
0.9732407639211067,1
0.0020434615072551362,0
0.050307398016095566,0
0.2374384041011458,0
0.2108468884220256,0
0.04829909518115573,0
0.7587319803651863,1
0.25292446077625214,0
0.4014068504861614,1
0.31724754634865765,1
0.03387957418044626,0
0.348223151189814,1
0.061728505966187196,0
0.4373867393788199,0
0.5188429616040608,0
0.06880182113344271,0
0.23098402455791703,0
0.18201519133287583,0
0.023605487588165,0
0.2860619918326269,0
0.20811226038295147,0
0.00712976567877585,0
0.04202359137229573,0
0.29785738831956066,1
0.6052911068779454,0
0.01721660353819622,0
0.05499385889962577,0
0.013448824789410585,0
0.1348995578956709,0
0.03326482079676712,0
0.05977187650229859,0
0.002144789261675506,0
0.17782398882502648,0
0.147692374342123,0
0.589898822063075,0
0.12306780001580014,0
0.1479347434559814,0
0.7053414457171981,0
0.0322796658851708,0
0.0068411691557294044,0
0.009399327762295736,0
0.032730049330659136,0
0.7160716392057034,1
0.20465838075192647,0
0.01705305894665453,0
0.017616611200496186,0
0.012019212644089151,0
0.036638492149636256,0
0.2070621558428625,0
0.282023844881977,0
0.02671003949370898,0
0.015769712738824496,0
0.08756710455432094,0
0.06542504667933795,0
0.0004097659441230236,0
0.23244512193994474,0
0.1243402009953654,0
0.00410078030407609,0
0.017021970974594743,0
0.02142899490890771,0
0.49739285047167997,0
0.0412166313396501,0
0.06804891099406923,0
0.05634528702856403,0
0.09960730389596882,0
0.4575445036932449,0
0.026654555167660528,0
0.022190456753224556,0
0.0013970548340725528,0
0.8015626887857915,1
0.18944364314937612,0
0.03224862810169304,0
0.4724173411109977,0
0.09350815815203566,0
0.13704501349080933,0
0.051806662932392465,0
0.3020034496506872,0
0.027828942168618327,0
0.04560367935121527,0
0.019135351571168333,0
0.23937157342725035,0
0.8057505512994153,0
0.007608410475983295,0
0.33221218476376313,0
0.36851125520802286,0
0.12617308538516026,0
0.6905559873247897,1
0.13941060225583937,0
0.048969701988691,0
0.40545199180477426,0
0.21378070466709231,1
0.3675079063891274,0
0.07319070703079533,0
0.006046620176485038,0
0.01563046974630802,0
0.014032567762048045,0
0.057123819488183826,0
0.0016531037306277095,0
0.5647082145216727,0
0.278922394069161,0
0.3227231719857085,0
0.003536691775738762,0
0.4062967329952298,0
0.0023756669030367203,0
0.13873613132789148,0
0.08623398533559719,0
0.9403454963242098,1
0.18185844217285935,0
0.04364836330635245,0
0.021578595895875973,0
0.002419761869069112,0
0.059805859315205594,0
0.28161480721648124,0
0.024272525153260692,0
0.29542400123991064,0
0.0045574651198981185,0
0.0018404090634601686,0
0.04012405496308027,0
0.033495545075561586,0
0.04831606666047291,0
0.2049238324879579,0
0.05317839897854643,0
0.6047133407885985,0
0.04622881471351241,0
0.07646254351717437,0
0.056376516631310325,0
0.2524646044241907,0
0.006551067930912518,0
0.04614047758439892,0
0.0323432004839445,0
0.442439469494774,0
0.157864960962697,0
0.8104753760005207,1
0.41820590306669897,0
0.024320972120510438,0
0.5410692273139431,0
0.15002184440783495,0
0.6577919968424171,0
0.0806296155260547,0
0.27201896744267756,0
0.15386972235656105,0
0.02601411839718972,0
0.05882303110297938,0
0.10232552950207265,0
0.08042915596741351,0
0.015716116293493645,0
0.6118408636531294,1
0.6439095231380216,1
0.08667515550668628,0
0.1501193030906893,0
0.8032329509111189,1
0.2845825076060413,0
0.41487094745071074,1
0.12092974060303899,0
0.03565926225372611,0
0.029314969784661013,0
0.15574845283739766,0
0.12274998931155562,0
0.2086253893994922,0
0.005376303344250377,0
0.02226863259085573,0
0.29949929178985757,0
0.5737563522074862,0
0.3838638109570464,0
0.013305014414834051,0
0.000713085997968352,0
0.07512907358378554,0
0.03223433794851524,0
0.39669897720665837,0
0.047432314597271534,0
0.13045988193877298,0
0.017429737241314216,0
0.0013851708852299167,0
0.2673945548932539,0
0.24909564915015678,1
0.013497963677129144,0
0.43905247013280746,0
0.3712963846260881,0
0.04358223188425888,0
0.27401056405567553,0
0.0015877198158785824,0
0.04342273425663149,0
0.06474704305508597,0
0.03511554333575946,0
0.17976615176532829,0
0.20634498531751547,0
0.43523777149414256,0
0.019888687362402777,0
0.10711698349408313,0
0.015690920395375573,0
0.3829796608533647,0
0.24840571099071881,0
0.5948281377136428,0
0.00908155055475298,0
0.009076690217956375,0
0.2465083268385899,0
0.0355080982211311,0
0.016667464633922466,0
0.005151257245753987,0
0.9276322048195654,1
0.17795290807225436,0
0.01153442519001438,0
0.9066413955382818,1
0.1511495689380455,0
0.007877740845742314,0
0.6987219017863011,0
0.18675117601522764,0
0.8584611686060896,0
0.07006405567103016,0
0.0005420385276493748,0
0.020021107263978315,0
0.7225053822373756,0
0.3003796325342015,0
0.09283065344183104,0
0.3719784820535667,0
0.21224276136228157,0
0.04467628897066748,0
0.05061840841998969,0
0.48942505615847043,0
0.22813383964521664,0
0.04333786853440907,0
0.39606212546263614,0
0.8159054326756122,1
0.45992376779829386,0
0.08546627987057259,0
0.23918004606284668,0
0.006826562405263952,0
0.05800960911590293,0
0.3849907981474871,0
0.7657498753403701,1
0.009196964767157966,0
0.7363639581647055,0
0.48129575360062865,1
0.004479210561916962,0
0.5918651955510469,0
0.08751561368237509,0
0.26446811314536034,0
0.021311199184929134,0
0.013559126733989867,0
0.029018133138743216,0
0.3511183546449906,0
0.005860387832760665,0
0.12995672798452546,0
0.12637567490460916,0
0.310298166672668,0
0.05023016170190915,0
0.4420529067357183,1
0.9111491173315617,1
0.13548067870801214,0
0.013988288947102032,0
0.026381177876125365,0
0.18508302771565502,0
0.06440847838536604,0
0.24181512948609685,0
0.7397645870041328,0
0.3938591556441334,0
0.5330780935292659,0
0.035063430815095484,0
0.05509456476855713,0
0.10336551330132157,0
0.7967491274942703,0
0.09355572775285967,0
0.003064178130971618,0
0.03856046249771037,0
0.5997512778270471,1
0.5806566129840032,0
0.8605179120465497,1
0.024097523997208277,0
0.20994353531884152,0
0.12766930798545736,0
0.20826694629796777,0
0.5131352530752517,0
0.1884978824281011,0
0.022016713436653703,0
0.03879529888412281,0
0.2018405731707773,0
0.03749960118062323,0
0.00415499173384329,0
0.011625471252058326,0
0.15682383916808565,0
0.03318014134134443,0
0.14946711990016998,0
0.5528800121212976,0
0.043147624528294015,0
0.08845182220022503,0
0.36441165188108654,0
0.8016882866677443,1
0.1403241582147225,0
0.04888129627229556,0
0.22019781276995154,0
0.027936497039631972,0
0.039723297522646715,0
0.1518088290541222,0
0.8099692735055317,0
0.7808516328460671,1
0.008135032870471813,0
0.022398824458488686,0
0.7455085933338498,0
0.42732414751313247,0
0.7762296784268643,0
0.08056600403772508,0
0.2462219575117847,0
0.15608328267591176,0
0.28649322673206,0
0.27624590995463644,0
0.025067828020900226,0
0.011623149360432428,0
0.4190887617492678,0
0.317858971259517,0
0.57394122569907,0
0.21101250718283818,0
0.7891559808640372,1
0.03997382966423134,0
0.009350931861884994,0
0.8672464097664843,1
0.047613129059594105,0
0.06950144313974543,0
0.6131713894882062,0
0.031832168411544126,0
0.5496752726694174,0
0.014042137535523861,0
0.01870135458246263,0
0.32019290810889933,0
0.46419060710839166,0
0.1622911559964474,0
0.1852449640126942,0
0.8686992542768791,1
0.0041023406007042,0
0.3818132719155723,0
0.11776014133920176,0
0.36237043988972767,0
0.7038521366949034,1
0.0020532864320482666,0
0.1861278449869094,0
0.05377151756883477,0
0.024660440670356436,0
0.9401853295971687,1
0.22533023234729332,0
0.8868968008385701,0
0.11802981275897552,0
0.7640442287044669,0
0.136653840051293,0
0.24539615521237615,0
0.4367732407699565,1
0.11819979596241313,0
0.09388348361551183,0
0.5166204944983696,0
0.1743134349804385,0
0.032567345990472375,0
0.1809375290935622,0
0.646735843309434,1
0.24651114139823982,0
0.1744138033111474,0
0.4671382643773857,0
0.05444550733626889,0
0.18688081585272476,0
0.7192242659265212,1
0.0509751809811032,0
0.14899856765132002,0
0.08411501955949625,0
0.12825505597359066,0
0.1611956475977512,0
0.01386177267217642,0
0.03043189824887326,0
0.059998838369446035,0
0.5473936842813119,0
0.138682598291928,0
0.0005157858325054902,0
0.04302311720395401,0
0.12791288805735104,0
0.04319324548113298,0
0.011453970364323022,0
0.0021070034763714775,0
0.5933257104688442,0
0.1256467107555457,0
0.023301757569270273,0
0.007190092142584612,0
0.9026883866404379,1
0.07680205510415344,0
0.06688784082596813,0
0.5932778708514614,0
0.038775184759928825,0
0.04989618829655189,0
0.003958828349017529,0
0.085040317988261,0
0.15948541739939245,0
0.1401507668382025,0
0.0041818815717674495,0
0.11687990498279796,0
0.09435259556521583,0
0.035496867213388586,0
0.06982250129595825,0
0.28377829154594203,0
0.7458806805180969,0
0.009511986500513265,0
0.7483960354798878,1
0.21157120460933052,0
0.001845731430909733,0
0.2107008476197682,0
0.13936486126862693,0
0.02970363214300528,0
0.00013863754215787282,0
0.44263418245462116,0
0.11529016506318185,0
0.06637172164549666,0
0.13497310050816066,0
0.013061401392823947,0
0.6453177776247504,0
0.007792540033353983,0
0.903547642362978,0
0.8242666361373457,0
0.3777134635381279,0
0.43399939445643354,0
0.28554204831206975,0
0.8825555945828782,1
0.7604877796136494,0
0.6028062626704854,0
0.6637098060471917,0
0.12150963062700956,0
0.22659404114135953,0
0.03860316944480999,0
0.019962941459301692,0
0.010707724508262455,0
0.07925128794709582,0
0.013654231536359486,0
0.07570398639304035,0
0.02094710373930908,0
0.8020572932213729,0
0.012861573700141541,0
0.5320309778447123,0
0.03282585599909331,0
0.0008996915284499385,0
0.0925242750804067,0
0.19504621192163119,0
0.11684980453713213,0
0.8699131803962963,1
0.26188299108065527,0
0.3004702934326306,0
0.0120486754989602,0
0.31328330539193805,0
0.03600976558284788,0
0.07522111500403544,0
0.02764289155928885,0
0.06754028221512431,0
0.013948959361040646,0
0.4867428741866733,0
0.2231077871029081,0
0.03910560146785683,0
0.08389499900797544,0
0.608446146383342,1
0.3010294411163471,0
0.033757312486970836,0
0.008836822064584868,0
0.002134979476457497,0
0.09180981254715372,0
0.07248001887745617,0
0.05361471343118574,0
0.0068994682271616686,0
0.031819564920699546,0
0.04452218411482314,0
0.0228656780410866,0
0.04847253807841547,0
0.9103453089879412,1
0.11151633827299676,0
0.01446618077072102,0
0.08014366044472959,0
0.33739300462565497,0
0.0625657785458337,0
0.05415057264774633,0
0.21306441140313281,0
0.07644895728555577,0
0.38403312124817274,0
0.8363132624976022,1
0.031946203707476174,0
0.2684074460759408,0
0.5058564510081316,0
0.02414596042061811,0
0.060551348440567934,0
0.07446954449481609,0
0.9016836855433726,1
0.07567561014111536,0
0.019229355092825126,0
0.02277465751819833,0
0.0020399056615369227,0
0.11065483701813404,0
0.17935538864070352,0
0.32875108262736336,0
0.021103974046253075,0
0.8121246144238082,1
0.32458383667794377,0
0.22638561747927616,0
0.6783470753249763,0
0.0621737980740498,0
0.14281710829113922,0
0.11697451886272939,0
0.5434242495717033,0
0.7923111303374425,1
0.12879056131945302,0
0.4791165566954004,0
0.4654944371725723,0
0.6444664235056459,0
0.1413956614413913,0
0.1423390798527421,0
0.042606197527590414,0
0.08628424765907251,0
0.07060148305436997,0
0.041343172882983205,0
0.036697540622154544,0
0.039790863517399515,0
0.07403272152665084,0
0.08807050028062287,0
0.7445477405538591,0
0.01779259236673659,0
0.021356542347973986,0
0.16109110027638815,0
0.6252024162222671,0
0.7663992292159701,1
0.2510890808526099,0
0.036208125481029765,0
0.02360826560951962,0
0.3067890553952318,0
0.24669557021608318,0
0.4117941866034633,1
0.11686114735838248,0
0.16951531919666465,0
0.2285473393955049,0
0.2832353534762264,0
0.17469579774554211,0
0.08344761681059515,0
0.08448857476564237,0
0.04955496777963375,0
0.2293347116054549,0
0.20507048904786132,0
0.6846589239731169,0
0.10020482745580131,0
0.07084021746830321,0
0.0024193579835745807,0
0.4837091770407668,0
0.4263693521622014,1
0.026288775200684972,0
0.212279556929049,0
0.2320243983665523,0
0.015508171992366161,0
0.060926501168068165,0
0.013884755059539578,0
0.011554122863893046,0
0.17817743405548314,0
0.008460061337776836,0
0.400871853068088,0
0.16877371379471204,0
0.18794647665199757,0
0.01219655860533634,0
0.026347961282769294,0
0.005630838140844794,0
0.059912863351605915,0
0.02748037670266235,0
0.2885047149354785,0
0.4005709698116258,0
0.007542616931994665,0
0.13340773547517368,0
0.02612853565168521,0
0.1669743087537832,0
0.008583426271928143,0
0.23547097232406652,0
0.7409679367054386,1
0.23354258415555681,0
0.027030018349531153,0
0.3803016467879507,0
0.1371905888382759,0
0.19330543602667646,0
0.8948370669146998,1
0.05566270766312331,0
0.0035736473649784035,0
0.7677468133599838,1
0.3028515688970041,0
0.28939001629196215,0
0.003324175830916534,0
0.38750713932195774,0
0.010523995321172139,0
0.856698716215653,1
0.32738496190926597,0
0.044782706397455865,0
0.013617019794839112,0
0.7142772041827825,0
0.08174713849015629,0
0.3294140437252735,0
0.0058517418176969845,0
0.09966222702020631,0
0.26380601568779805,0
0.28587783205056216,0
0.4994740139498474,0
0.12311455910104095,0
0.0033006496904053545,0
0.05202037427034164,0
0.010966284660912758,0
0.19785686368050223,0
0.00901364120123929,0
0.17250730591021193,0
0.0671255564085401,0
0.33383661643189333,0
0.6630636639853033,0
0.02106249590625344,0
0.5381087669580744,0
0.635666951987791,0
0.738123766157885,1
0.258652122225319,0
0.21080995851544565,0
0.23714039038860976,0
0.009716600146662606,0
0.0018507665460560008,0
0.021807592941562218,0
0.08897651162413608,0
0.03940204533906095,0
0.2548651634186382,0
0.8811238364374626,1
0.1563542124358322,0
0.5803975828961215,0
0.04130191744257139,0
0.056395196190001405,0
0.007020189709113433,0
0.09005610378204479,0
0.9562125172850465,1
0.2269653644455181,0
0.009166836853434335,0
0.16106476795995964,0
0.1370957627908075,0
0.8166820803399765,1
0.0030644491240901075,0
0.17158638113850552,0
0.007581778668778575,0
0.18567060069350835,0
0.09935226533439274,0
0.023640828008746815,0
0.11613508081020182,0
0.6853785406341413,0
0.5246628683328455,1
0.0008602653322239522,0
0.03856252773052184,0
0.2166743832773399,0
0.19830057328374168,0
0.41345051784898423,1
0.44490529167900295,0
0.08790497086379455,0
0.6453296674692024,0
0.0007518476458307692,0
0.6471594085422346,0
0.09146474702951528,0
0.009232149461736738,0
0.06254625237894099,0
0.33089821897376454,0
0.8906070716012604,1
0.01650763203894959,0
0.0552837074990938,0
0.8912212201756718,0
0.10565299081621783,0
0.020282846082988238,0
0.01340238476954863,0
0.06104624449516759,0
0.6071284314765996,0
0.12876688171612147,0
0.07456207474547517,0
0.0719616300004146,0
0.7647376220065694,0
0.6000871920382476,0
0.01725380425001165,0
0.05523768620370902,0
0.7828448246401428,1
0.05444839111573069,0
0.7018738842973916,0
0.3685462866845139,0
0.2808384619498488,0
0.0029925844645776753,0
0.004018083304958555,0
0.8398863297781024,1
0.014453283388430306,0
0.050765455022189265,0
0.003396032690265933,0
0.002598445408699575,0
0.059839290983888085,0
0.040930848709292963,0
0.08767435475663904,0
0.010652553781727794,0
0.001640825077711419,0
0.005389413541733213,0
0.01096150568774242,0
0.4801006526996481,0
0.7727485327214323,0
0.4328131723013994,0
0.23389540527681255,0
0.08441035481446989,0
0.2896139701240468,0
0.5761644856015695,0
0.03230634013000219,0
0.4373986794895466,1
0.8470176150449464,1
0.9483528175332369,1
0.026322085780392593,0
0.04007219437788035,0
0.13736500535676466,0
0.3080099757676021,0
0.0899565522725435,0
0.2769415491703736,0
0.10085935534783239,0
0.935055308850961,1
0.4341786505528336,0
0.2738948464882293,0
0.03941757605859717,0
0.002585374206136172,0
0.2927975402643355,0
0.02205454812463539,0
0.029136284695538202,0
0.025502892552377684,0
0.0596338909172569,0
0.014228188729413532,0
0.01604039030539425,0
0.1858585565899756,1
0.33882504096466,0
0.0066763491201848385,0
0.03742329984229163,0
0.014900103179970363,0
0.06589611534181086,0
0.6622681344206857,1
0.6561011946844046,0
0.038057494412460965,0
0.0007716547345024453,0
0.21769449604223765,0
0.1648249558306087,0
0.02883209583247158,0
0.24866307287323888,0
0.21003514137918855,0
0.02464840010785475,0
0.6217333865497087,0
0.03993354445444169,0
0.00473162009248298,0
0.059298359756153336,0
0.580480976005522,1
0.003782586347951089,0
0.21680198701035122,0
0.4050936916139922,1
0.02236292358918804,0
0.16526074948708358,1
0.23129834164803073,0
0.0023251708763585726,0
0.32991031674452126,0
0.8699391228357617,1
0.18084872394003526,0
0.033617626946989776,0
0.09459913551053518,0
0.014555212513929706,0
0.9134533225279914,1
0.4879138914000992,0
0.6345480097446455,1
0.01292973724952965,0
0.10426781651819349,0
0.5807873528523838,0
0.21099008160926894,0
0.4853013552229395,0
0.20992301182203396,0
0.12899485692006837,0
0.008906237278743864,0
0.1277606868220541,0
0.38771714182499556,0
0.2761417978403173,0
0.6420590511800417,0
0.3186993951430561,0
0.0024169281046439776,0
0.2409892936229505,0
0.08892334099355019,0
0.0552211096463873,0
0.4845132847495634,1
0.6180913534130634,0
0.3910074082619963,0
0.04544916225161614,0
0.8393037157169103,1
0.012567473224513435,0
0.1991078245227414,0
0.1727131466919887,0
0.0291701932373606,0
0.01876645302950218,0
0.037022164213401244,0
0.03161477524227166,0
0.04726871062057489,0
0.04580416476690035,0
0.18041722919638375,0
0.23288146925470013,0
0.0023763674436995145,0
0.15814176133991278,0
0.0015244360675714477,0
0.689400109085735,0
0.17475994607525475,0
0.08521575909600682,0
0.00607948906696774,0
0.02716541849751159,0
0.05849820415434056,0
0.0076984224478757425,0
0.0036045581231423625,0
0.0033811902833361094,0
0.04688866640011927,0
0.038542987977356606,0
0.3680439133658821,0
0.8978461883167254,0
0.5170217935036326,0
0.32357350212117264,0
0.0010822593055996403,0
0.139960884254187,1
0.023272655708438807,0
0.044202592764779024,0
0.19328287855779483,0
0.07465939551153336,0
0.12752496022373142,0
0.5343781017109699,0
0.008413306874511223,0
0.023829150558190362,0
0.010323561744344402,0
0.003494966285389697,0
0.13851050863160141,0
0.0010868193479048381,0
0.006986477757302019,0
0.017240889535827173,0
0.08001735482719853,0
0.20559479383324408,0
0.10447550266235059,0
0.0038510560689289895,0
0.056913198724860406,0
0.8765122443603569,1
0.2578146780249976,0
0.005056596058115161,0
0.17888038655864236,0
0.06104149906380549,0
0.5605844128285044,1
0.8879297927728688,0
0.09578234236012438,0
0.1890269069776804,0
0.8828993182582066,1
0.31406698713747894,0
0.026968178210828177,0
0.007161766474306717,0
0.00854523138219171,0
0.0028147629298159627,0
0.03942689142953721,1
0.05082661410508872,0
0.042323361101417344,1
0.0662656441981171,0
0.02174365629127042,0
0.19373126775061253,0
0.4915551458730035,1
0.022753533821021556,0
0.006585288189573048,0
0.536321241787923,0
0.023362808040260745,0
0.03233766734661839,0
0.034063686874295826,0
0.26818329856261325,0
0.09802186204730987,0
0.7704095827966986,0
0.02527282436274352,0
0.43454363597638473,0
0.3964532119561128,0
0.7550164750900464,1
0.46252147149857564,0
0.02356152527320359,0
0.014570454121955945,0
0.841957467830281,1
0.004807134805945446,0
0.0007344163511430409,0
0.12528122465434294,0
0.05431869980011488,0
0.0015710101694981628,0
0.009999194213151036,0
0.06104582529874954,0
0.12330856398901792,0
0.24040792685086862,0
0.09337311994495028,0
0.6199766296368884,0
0.004198589068875608,0
0.0410591920618627,0
0.4063034236593514,0
0.008782468717994431,0
0.9394787842043442,1
0.004353874840928437,0
0.2970013503412482,0
0.35436228059007974,0
0.022009667920249516,0
0.0139297018323922,0
0.03686753108674839,0
0.20603442455118548,0
0.35064266749850204,0
0.09857308622635236,0
0.1395752984120264,0
0.10011095640090992,0
0.397862859965102,0
0.12019196407786911,0
0.653919664646552,0
0.012085025736659996,0
0.6408469320889643,1
0.0009062403616154559,0
0.009300951621912218,0
0.4755187483743773,0
0.5632523917756923,0
0.08078803357942527,0
0.044692203311547475,0
0.09142474889968606,0
0.009677922081371521,0
0.0009877332243339418,0
0.07545676504173648,0
0.011400567939418554,0
0.11161272035555798,0
0.4405893283150008,0
0.7828410755944776,0
0.016692126756681917,0
0.04440733851804754,0
0.008282182347478266,0
0.29935843604671225,0
0.011329036051765915,0
0.4584113322060534,0
0.15543091444703377,0
0.022285320103535258,0
0.3578666338939125,0
0.13337245765749436,0
0.1211243638034675,0
0.2424136584616873,0
0.2504310830903784,0
0.057720450049739025,0
0.04644960799997002,0
0.09159933320968901,0
0.1566954609345255,0
0.03636173946755613,0
0.7204357122806896,0
0.017724123153906684,0
0.9473559210780232,1
0.07478151267192623,0
0.9448519876256172,1
0.02792511765962629,0
0.8676632773970552,0
0.022484643875703002,0
0.03342441259141369,0
0.7265338049944903,1
0.015403286661024406,0
0.727573566729041,0
0.23092705582044734,0
0.08184047160870629,0
0.07601699919641178,0
0.1661444805282957,0
0.12936036312011295,0
0.25283267610148635,0
0.15644043062267987,0
0.6015682604569308,0
0.004588128434264857,0
0.7839305591214653,1
0.8989558448895408,1
0.006268908479392339,0
0.015624355904533318,0
0.9466288095556734,1
0.13980724417066567,0
0.06212569090232994,0
0.005440781034886053,0
0.05012480072025667,0
0.085675121679176,0
0.011219500171937758,0
0.642860107218608,0
0.3981390856300599,0
0.41538654877329373,0
0.024676213094901943,0
0.11287821006101452,0
0.14320212605067736,1
0.01542469783217324,0
0.011785064021148584,0
0.15173748255219768,0
0.06324584755612647,0
0.7216285998187828,0
0.20581000908318647,0
0.005066963667556907,0
0.019843481471772693,0
0.30947937505364026,0
0.10876008913847407,0
0.418999179255295,0
0.0325043588843777,0
0.15995142057121547,0
0.025059616410224864,0
0.06594129688009577,0
0.11097688346531333,0
0.18631770109484191,0
0.10668243916279103,0
0.12405284447928273,0
0.10001126387642768,0
0.5255418917300817,1
0.000195464544101854,0
0.001679468934444772,0
0.010594930264030498,0
0.5954071334950061,1
0.039327642161708073,0
0.5662354067410432,0
0.053077050329452376,0
0.0034874451199315565,0
0.0001970015405180641,0
0.32417429053280983,0
0.023115879784123945,1
0.5675497987760654,0
0.013680980568272976,0
0.20352329215759196,0
0.006972769786317279,0
0.11335416557251922,0
0.06531847730230098,0
0.1600768681718878,0
0.05606396083459651,0
0.032118715285129086,0
0.7804795489861491,1
0.023007228740200388,0
0.061505893151999065,0
0.21661263262641575,0
0.3714860271264349,0
0.0394376831388347,0
0.004693030327037085,0
0.25258988935517235,1
0.00243670476306243,0
0.0031825126478443335,0
0.24652538171414246,0
0.9177236068137323,1
0.12890482721424362,0
0.14958477447962526,0
0.9187955075624402,1
0.7939915664307655,1
0.04032001900574891,0
0.03640461027552433,0
0.2044592079578035,0
0.040621045128261424,0
0.05390799292029549,0
0.6509463742195634,0
0.00425993492346931,0
0.0015388366268293814,0
0.016700679774011504,0
0.24132409856759982,0
0.01969647154769285,0
0.16526408143556534,0
0.17818497190954677,0
0.007820591280220945,0
0.26834182448464433,0
0.07276379431718578,0
0.6336644362067411,0
0.02987082036915047,0
0.23374641107024327,0
0.04974689681568139,0
0.015944836010774753,0
0.21556853050790917,0
0.08544791682254803,0
0.12408961348614063,0
0.0015520607075557415,0
0.07402190833339428,0
0.21356210567365663,0
0.17258761404753073,0
0.13699237778603476,0
0.010693150386843348,0
0.4251777620458755,0
0.008832908197754194,0
0.01033485029830459,0
0.09541605715388868,0
0.04073473082248184,0
0.6240764646106888,0
0.05906043156719502,0
0.042774333820612104,0
0.0023772336204625137,0
0.09011786794245433,0
0.38021163255925483,0
0.1403114559249102,0
0.05213699208399826,0
0.37399842832329605,0
0.12108882104650433,0
0.17552666347443985,0
0.4242325704690038,0
0.6376903082581974,1
0.2418343219495227,1
0.04915917754154944,0
0.0716967448215756,0
0.04625040869179703,0
0.004487041562153191,0
0.489638958585717,0
0.1628513495379413,1
0.012153870408226733,0
0.03253782349885533,0
0.4982281986604253,0
0.06851461207719095,0
0.00283121929198797,0
0.03827585353057093,0
0.03997011453403081,0
0.007799473810158474,0
0.7284434432156146,1
0.6634334558829694,0
0.1788844489064907,0
0.07436044209729158,0
0.6091370675631016,0
0.6952058783114744,1
0.8529878759828516,1
0.0572418928489984,0
0.6527088897421556,1
0.001615239674912693,0
0.3801601666903137,0
0.9291140358816843,1
0.3743343929664315,0
0.0530599632329492,0
0.03775039766165581,0
0.05899519294802692,0
0.01740757045454108,0
0.004853450474432214,0
0.021674371851128298,0
0.01126644838846049,0
0.009111233134096371,0
0.015074539000926672,0
0.8071947904769475,1
0.3348696933390448,0
0.08529364837110683,0
0.07383915759411401,0
0.2675976192579748,0
0.6425041060153249,0
0.11045537551834453,0
0.25217429977122885,0
0.03132579882465655,0
0.009569988323453217,0
0.3979952529190568,0
0.7473034427898136,0
0.18369248018212497,0
0.077191752535656,0
0.05008457715232259,0
0.004299336655289198,0
0.25493118589734687,0
0.21014546781353602,1
0.40002355779223536,0
0.03219140385025144,0
0.8223786433721681,1
0.0281873602114426,0
0.12781323021627009,0
0.2193395003284487,0
0.05788756919323329,0
0.3721433776134408,0
0.11656802705000469,0
0.8991375395287214,1
0.24396996309203964,0
0.7886112614034001,0
0.026439997845161083,0
0.2579662817367001,0
0.04964729146584936,0
0.6296114892692607,1
0.01214155468434541,0
0.5678040080018564,0
0.4579656154088884,0
0.10659312073882121,0
0.6224871077585912,0
0.07996373941192214,0
0.011510228123752062,0
0.32839088211023715,0
0.24642589225243436,0
0.003933670986701606,0
0.2261280198769467,0
0.36511701318467316,0
0.07304766290111454,0
0.27679466659701557,0
0.3402112282384827,1
0.1685856502208855,0
0.052462367752590285,0
0.40368550591372226,0
0.13224873991640806,0
0.8234929728990512,1
0.003665874189170733,0
0.003978397136776394,0
0.005366114547854195,0
0.694052906984243,0
0.02197314041117043,0
0.13883636155718382,0
0.00080603921101784,0
0.3616695229574057,0
0.07200402996753874,0
0.035187642766532086,0
0.0006634787605366285,0
0.08889025433429883,0
0.2141738591987746,0
0.012855542398329502,0
0.0730304778601924,0
0.03433752758038391,0
0.19549491272653535,0
0.001116647235858908,0
0.12142977204736437,0
0.002680473430681108,0
0.008342715294279292,0
0.05495648258278143,0
0.23422738875543103,0
0.06931568042543865,0
0.03501218689998819,0
0.0938991342218828,0
0.009014869724317077,0
0.38668699749783847,0
0.16239234617044196,0
0.014466185778787975,0
0.08275256248828661,0
0.010435375397684177,0
0.006588349652181606,0
0.10227803337257471,0
0.09914132138184358,0
0.020489482386602514,0
0.5406369997522327,0
0.6648458406776497,0
0.21127108695128055,0
0.666374931624795,0
0.31262613757526136,0
0.023949640930334873,0
0.081781494876845,0
0.31569110699574104,1
0.07284685953968002,0
0.0071810161793899215,0
0.7615776956454894,0
0.2069360349652299,0
0.2620142754635489,1
0.2366259395494008,0
0.17650720509336557,0
0.09000658131965783,0
0.02224218500399641,0
0.12388219718081629,0
0.030542846810689733,0
0.7013135211920908,1
0.8518147320696884,0
0.0532810923349762,0
0.42478614756820343,0
0.9062561836116699,0
0.7999174056066243,0
0.0020132519376078245,0
0.10613421993959207,0
0.06628809497926914,0
0.22873917936853994,0
0.04303023747397596,0
0.8951123620798206,1
0.10052243028416429,0
0.21515588299347702,0
0.08626336349647369,0
0.07420256956969766,0
0.29453656696333613,0
0.02903378303733561,0
0.40863062232623465,0
0.4783173740916984,1
0.4520044330373209,1
0.07836847843002415,0
0.16532897872550842,0
0.13107477915038887,1
0.5048299844364834,0
0.029959785450343775,0
0.09356555101076232,0
0.004425494082231444,0
0.043318957077463464,0
0.4641773170826777,0
0.011762431124774597,0
0.0011274443305297646,0
0.00036349557334071657,0
0.07245040460926562,0
0.029421814716531814,0
0.703894515834026,0
0.06831828351666361,0
0.06401305538516741,0
0.6083522318922345,0
0.21696156579417192,0
0.033715752149120044,0
0.025261492926106143,0
0.05670167175570867,0
0.08331611970608427,0
0.0416564703512331,0
0.2334730663882629,0
0.015639493841485982,0
0.2013970644574469,0
0.002906462495632802,0
0.18876597896502362,0
0.010740437239309432,0
0.06145680738350804,0
0.05791215453135259,0
0.361555012219108,0
0.06478059064922477,0
0.1945687393152599,0
0.22735729974640523,0
0.02068214813181629,0
0.044120435332587055,0
0.8910299612581054,1
0.002142737235125173,0
0.03811497975418374,0
0.12875807631484626,0
0.03744008365017569,0
0.17583966528259604,0
0.868981626159718,1
0.011778089847421345,0
0.0230442577650235,0
0.6925576966075948,1
0.03442192264936908,0
0.05170437478097822,0
0.06293120983628421,0
0.046740594789900704,0
0.014794630493041836,0
0.4383346445933726,0
0.35189565799245315,0
0.21730500575368486,0
0.17792405777723377,0
0.04690911716145997,0
0.22328734862535934,0
0.08121921328689341,0
0.1382238785530083,0
0.018830636502946536,0
0.2164319069746061,0
0.1543578492436644,0
0.1282351566306834,0
0.004668096387289124,0
0.04734199377018292,0
0.06446819613072245,0
0.025029625762061976,0
0.7160112965160952,0
0.0019278409294476793,0
0.1387444483580855,0
0.010762411706303762,0
0.32764599089765045,1
0.401392363735096,0
0.3601301814091803,0
0.008580703136805671,0
0.06982135262830848,0
0.02725030325547076,0
0.8158809034966815,1
0.9157919151637874,0
0.6418076373874648,0
0.011892561537489545,0
0.4045654395636081,0
0.24889197363371626,0
0.001847508867639953,0
0.291946138064066,0
0.08059202539341552,0
0.04026738919770415,0
0.9075807630913981,1
0.0653239335824627,0
0.05460618731730477,0
0.09928540778561672,0
0.01981160652755894,0
0.2106276161234937,0
0.013439999741632028,0
0.17847513958893,0
0.015130338447592345,0
0.0190944070021085,0
0.08867816703628258,0
0.5651597690419182,0
0.016550184587099125,0
0.7262687090301655,0
0.1179861374829912,0
0.09131724197735963,0
0.013055365900953264,0
0.09966360740707761,0
0.01394455860905614,0
0.03994848725775341,0
0.008233810165443545,0
0.0642368522272279,0
0.19944160482275952,1
0.006610971403914581,0
0.01969208486579106,0
0.44999050719785655,0
0.015632376842438414,0
0.012821851971214365,0
0.8153530031440162,1
0.6078290669537951,1
0.008171726094024168,0
0.0025912514617793285,0
0.11807819605425161,0
0.18403937059162684,1
0.9182690991515285,1
0.08053638965560671,0
0.010235212571105115,0
0.6803506129242393,1
0.05546575171383221,0
0.10795661847124742,0
0.44155188653388977,0
0.6371325234587865,0
0.27761496275764086,0
0.8160878794291853,1
0.19595599835760105,0
0.5661918372507891,0
0.2623596898728234,0
0.5139435226049944,0
0.04174651164318849,0
0.7744710556323667,0
0.9160310066296629,1
0.012866697491278351,0
0.12214598270526747,0
0.03384158343357087,0
0.2726909256534764,0
0.3381419198387832,0
0.03000029245936419,0
0.3164756083750577,1
0.4814862879314636,0
0.4844175693533497,0
0.006299503819789386,0
0.08740416725107017,0
0.014168215357685523,0
0.9036570570430529,1
0.9353681140292648,1
0.02836074246856083,0
0.0264640334725935,0
0.019016796442235254,0
0.25759907099251883,0
0.06988086104234116,0
0.06675600490416875,0
0.03297939019882417,0
0.024114494688802907,0
0.24970367323542955,0
0.3912678862119996,0
0.0011163721078260626,0
0.06474658778163367,0
0.357521433618806,0
0.8330628514815163,0
0.41636328581897697,0
0.06968862427909471,0
0.5037931068398751,0
0.0947179123087014,0
0.22339987382338086,0
0.07969820761533539,0
0.012821429704894305,0
0.11964468642765216,0
0.16169152983865231,0
0.047865288749870366,0
0.9026233614816672,0
0.23584590685097465,0
0.07339843279060888,0
0.08471905606026657,0
0.1322154800039566,0
0.07137861411469734,0
0.2103202260871509,0
0.48437617439743624,0
0.01108762511926304,0
0.10992984777784108,0
0.8580827044614358,1
0.006859938665587608,0
0.0699973923555785,0
0.05832662351390103,0
0.24770518351066906,0
0.008487297231875478,0
0.060166617450703376,0
0.02266605717012202,0
0.06299020547903024,0
0.06612360511572135,0
0.000916894968390186,0
0.0010863826491134306,0
0.10811646560174232,0
0.5553769279782479,0
0.43690702856882324,1
0.11309017703852339,0
0.08121908915428326,0
0.2150768790944007,0
0.08139743467479217,0
0.01928323033421233,0
0.2171530137537627,0
0.07639084810646955,0
0.14630893017919547,0
0.010335364003697967,0
0.02044255625786728,0
0.8115158544610144,0
0.41700461145187984,0
0.10350525981184462,0
0.5148029619787409,0
0.017473817212752027,0
0.7464173960448777,0
0.1546044762975031,0
0.4042398666888029,0
0.010398318355464769,0
0.8357805942076487,0
0.00315434983970755,0
0.015236894996009795,0
0.04648508683025967,0
0.08907127032322569,0
0.018960471460948508,0
0.3214448485003591,0
0.24824375473276028,0
0.37112314058047324,0
0.025629035128998435,0
0.6117427160061789,0
0.016026155299733256,0
0.6865130301383445,0
0.0229003969080566,0
0.023682298803286483,0
0.014576347921208209,0
0.0022339119597541376,0
0.4206388933077372,0
0.13348183023591614,0
0.04451641065463381,0
0.02491238869113321,0
0.0431779527626436,0
0.5057474076843519,0
0.05700509840648056,0
0.02470489543651266,0
0.005134156581524279,0
0.016133434193918723,0
0.045079369915329334,0
0.0014538946995186998,0
0.01675127920249755,0
0.06103232726188889,0
0.031728381144865724,0
0.23921230678437505,0
0.27921820819495374,0
0.04437807370295062,0
0.2908652373297263,0
0.03137647607613923,0
0.6106977403557472,1
0.07223949474229066,0
0.06495961220209504,0
0.06189503797202791,0
0.2110322543245714,0
0.7033836716739197,0
0.9128799949950569,1
0.04022808475617597,0
0.0018662752843171665,0
0.013490998170286444,0
0.0049750630128814885,0
0.8114028875092651,0
0.9434488804863438,1
0.41573609406131184,0
0.9463118360853131,1
0.04839532466880674,0
0.08303621137934858,0
0.23769811434134291,1
0.08238945844056723,0
0.11119331090777322,0
0.2123076961053159,1
0.19712860976145571,0
0.0023703256411787407,0
0.013429713670643415,0
0.7075523388384061,0
0.3547171183397092,0
0.0752866452800382,0
0.04198076003011872,0
0.14894492543851998,0
0.3867913726100278,0
0.11545744109699278,0
0.0039501339597207575,0
0.18377598838159953,0
0.16982424305637853,0
0.7214472908372468,1
0.007789943941610664,0
0.15001108208960331,0
0.1538115430354424,0
0.08719451290605773,0
0.9306198862153102,0
0.0049187609178047,0
0.04527570871994084,0
0.4378678122340047,0
0.061460653474028674,0
0.6792809104264536,0
0.4136608310993934,0
0.07416192634847196,0
0.7555110889817085,1
0.3602504241291207,1
0.25596052514887446,0
0.06186281800704151,0
0.6985226481712933,1
0.027985941104135117,0
0.19339377925283133,0
0.10445753898622671,0
0.03736253816093164,0
0.4558042279169164,0
0.2690994307435061,0
0.006975039254630508,0
0.015430445257438825,0
0.07570544890804315,0
0.3245517449116866,0
0.20534167457942087,0
0.19726039822971866,0
0.5234000689254608,0
0.025267110586756535,0
0.010359016789410157,0
0.14274439024183072,0
0.9181450569885558,0
0.0009053960551976631,0
0.6124641097121967,0
0.018541206205487326,0
0.02170434916900264,0
0.07339794394969539,0
0.07681319472229464,0
0.1725398869489229,0
0.3453970355078889,0
0.013682361775028557,0
0.03601679558420967,0
0.03366577584629611,0
0.2454163069722749,0
0.1672140952239745,0
0.23473007690916825,0
0.16123160443092438,0
0.3132218321089493,0
0.008717349878936038,0
0.008894981068009365,0
0.14091550739621406,0
0.46537358233528536,0
0.8917216735692873,1
0.040673731533914445,0
0.04922405909930332,0
0.92571677920635,1
0.1220408551328919,0
0.3199137517674602,0
0.06020866622695228,0
0.5175672497626662,0
0.04628263724741203,0
0.36147254544313195,0
0.09896757001621925,0
0.17103326601821806,0
0.032989426437867106,0
0.03490854922942919,0
0.0004776973932756351,0
0.19231974315839367,0
0.09628850872729856,1
0.07492483368604626,0
0.13170609261524732,0
0.08641302748295014,0
0.18309410130571394,0
0.0050490466059491396,0
0.5891872362080199,0
0.08975887404665951,0
0.03474408340207632,0
0.46862819184003557,0
0.09573054925086458,0
0.059045706402158865,0
0.29230126439881626,0
0.0682457090841443,0
0.06854799875634882,0
0.15191742799501334,0
0.8514856697820306,1
0.0748567165862857,0
0.060365553837511264,0
0.0035176491382971384,0
0.045176223215147845,0
0.09393332582504905,0
0.024109412875306505,0
0.008339499098094696,0
0.0013252589134313737,0
0.824130314024119,1
0.5983912434849967,0
0.057569584815512026,0
0.010788701364305455,0
0.9003753041177616,1
0.8099979544944046,1
0.13793610383336366,0
0.2763177149345774,0
0.007847869701642751,0
0.9206589601393318,1
0.2155469673542878,0
0.011379582208593014,0
0.656702060636123,1
0.6755137616389795,0
0.23095361124526012,0
0.008309809027265282,0
0.0009368469688905547,0
0.005642979694854655,0
0.007840562292965944,0
0.674618503765811,0
0.056082848585068436,0
0.07143525224087133,0
0.5327496412095861,0
0.6947774060450048,0
0.5120775356438853,1
0.7433671953632053,1
0.12166669988435451,0
0.12886250507930563,0
0.23995600861686986,0
0.11012680661934311,0
0.01742872386485653,0
0.37548568371150937,0
0.05437354390718464,0
0.18520984015347078,0
0.06427628969159381,0
0.9521703786576399,1
0.044020787204971185,0
0.024028326435594636,0
0.5724264384229502,0
0.6112210497229411,0
0.0719150086258557,0
0.03978516834044308,0
0.057985290566828544,0
0.029127554643302356,0
0.46302989437461844,0
0.3083651596516475,0
0.02092271901444877,0
0.09723144187585409,0
0.016206594628601842,0
0.039274531778591554,0
0.626639990392173,0
0.3975321850934116,0
0.037802588515406854,0
0.7258059612155979,0
0.16623153014785635,0
0.3067948364965251,0
0.3115486146736925,1
0.011533735215540642,0
0.06038026752943197,0
0.2940571602800235,0
0.07700571667063316,0
0.05751246686750286,0
0.17653543649691691,0
0.07171342291052998,0
0.14471881785397586,0
0.33558342400236735,0
0.300519978370932,0
0.01175870032900664,0
0.058765662971109384,0
0.3438593668991874,0
0.5056857308447964,0
0.06136388751611407,0
0.8234161778030141,0
0.05080021949838391,0
0.1830087140367372,0
0.5980867213383259,0
0.19777852977866056,0
0.0216095395958128,0
0.3063587114956325,0
0.3258030246095401,1
0.8384812849996144,1
0.11698382274510316,0
0.625786176776862,0
0.1036454811618819,1
0.2473778071296593,0
0.5390666540619447,0
0.032326391049507235,0
0.322032627939891,0
0.0479116629371203,0
0.01016736364317382,0
0.06108209335116503,0
0.017866335592051114,0
0.0053190344580277635,0
0.547146128756082,1
0.11279414654848634,0
0.31097695588799834,0
0.4359779382359456,0
0.23591179164325493,0
0.3590182288952536,0
0.05671843971948305,0
0.5601392419322917,0
0.009051583721959638,0
0.14307372733916615,0
0.026008581206947032,0
0.1400341031153934,0
0.005102598357174774,0
0.21059471045816625,0
0.0793709717804917,0
0.4641377468901829,0
0.709241670554756,1
0.14609773236387472,0
0.05463342507765258,0
0.034453974282745756,0
0.2612036558998785,0
0.16065040964519525,0
0.4319710811409047,1
0.014475360983415066,0
0.036731965060722106,0
0.015285566022060087,0
0.0630573206903937,0
0.024598757203605732,0
0.09671119459306568,0
0.7217452406385266,1
0.7819540291654302,0
0.33821419738451625,0
0.11276653285601373,0
0.0021695227241628084,0
0.019881665539730017,0
0.10102281907491932,0
0.5808397661037827,0
0.16602029599726548,0
0.04148027042247407,0
0.005509145823070431,0
0.017891274953153773,0
0.05093398549296621,0
0.133367225011651,1
0.09454092041113477,0
0.012753048596435513,0
0.526346437923593,0
0.7853198578337893,0
0.14609211133063085,0
0.0033344104313287504,0
0.11885872635790083,0
0.15780963939539713,0
0.9444015459150196,1
0.027131639517443205,0
0.002782004170343321,0
0.19547923729981198,0
0.04986818802356402,0
0.04524276840903447,0
0.03299753419931956,0
0.09550911460363457,0
0.294481655342358,0
0.34454309570251224,0
0.16567469489905934,0
0.0008396547150051839,0
0.17160800318052027,0
0.5994924723054547,1
0.03268776036765494,0
0.6622762664967422,0
0.045104318157436936,0
0.6486169704095063,0
0.1275250226777246,0
0.028417705288861214,0
0.47365063805631047,0
0.029881374008698128,0
0.1879651876215024,0
0.5249661722941329,0
0.11418184279829982,1
0.37489500400241244,0
0.06528537676855962,0
0.12568422723329323,0
0.21324450538064058,0
0.13441854241157644,1
0.11130614003659509,0
0.05975453866715365,0
0.5295039547949933,0
0.004234329313526062,0
0.1791337245140377,0
0.4196394320622216,0
0.01592830990301753,0
0.22683912549195434,0
0.15911391993858928,0
0.05315765664292451,0
0.16447193439846677,0
0.14036778059020436,0
0.04343161549494054,0
0.44376960290464734,1
0.02714008899521121,0
0.4748616568560084,0
0.2976330708251356,0
0.009685411633494782,0
0.4911599990061568,0
0.4948358481949157,0
0.6162581134281057,0
0.04205756345951521,0
0.2159729161868971,0
0.11149958287020434,0
0.04228156784442088,0
0.01942680685763868,0
0.042487301622771624,0
0.04182505454881361,0
0.27140905863704684,0
0.12510670527093914,0
0.1768421150354476,0
0.11815869016163537,0
0.36894503772518417,1
0.007693205722203527,0
0.7054903616067251,0
0.36941180039836313,0
0.8034676482687088,0
0.09822957570312589,0
0.5667370089755385,0
0.041308078687720386,0
0.5890921776437642,0
0.08083648809541467,0
0.23655148705085247,0
0.21304329083131338,0
0.021965837457632104,0
0.4790220251935943,1
0.7846183926373425,0
0.13334180091327677,0
0.04669925408409191,0
0.3756209518597081,0
0.8876801745356359,0
0.8507108592215051,1
0.7050127152843816,0
0.6248073168615872,1
0.01524148805090176,0
0.20593918065411815,0
0.03402109466309752,0
0.12927743708596362,0
0.36084951755122496,0
0.6353186136049715,1
0.003386791264063355,0
0.0034159465954715982,0
0.6874206701741736,1
0.026018073925954097,0
0.23396394966302106,0
0.004590497025778587,0
0.057720586588127,0
0.4363115767111124,0
0.22899440966814108,0
0.016645655717806393,0
0.024037754136423048,0
0.093110497335654,0
0.947796844406257,1
0.10846155666556383,0
0.04124909996151105,0
0.6481530833627709,1
0.8292501695728921,1
0.7670068458410381,1
0.07641363984413939,0
0.07006977698330637,0
0.010055315302292598,0
0.8262771056157564,1
0.3253124454557459,0
0.09596487552875346,0
0.5881268385085858,0
0.8701138233431427,1
0.040859957488027135,0
0.10839465052348168,0
0.1607658109190066,0
0.016107368832007453,0
0.2529651383430674,0
0.0023794318514125624,0
0.4795892506620929,0
0.20351528943002317,0
0.05570980675802668,0
0.6604145970179629,0
0.055262991795386164,0
0.027710708386282184,0
0.843440737445795,1
0.012576986799903255,0
0.2427397876625802,1
0.34158019906283515,1
0.9059872778685811,1
0.0032513358389380117,0
0.06682166965319944,0
0.3058687127740356,0
0.007256834412411343,0
0.04430904807933674,1
0.689520029549156,0
0.1885349780306541,0
0.3461459116240498,0
0.5709031929984864,0
0.09020781774984578,0
0.040520390285985926,0
0.7362822770164653,0
0.24405009540745481,0
0.30193579881670185,0
0.19427403171183957,0
0.035108389887326744,0
0.21758614576473934,0
0.2803655878984814,0
0.017018935652231792,0
0.03425629816109268,0
0.2049215396278741,0
0.4707894521150982,0
0.35864622380749245,0
0.8662966843831232,1
0.7244574034395209,1
0.14791316119644446,0
0.010634811601281208,0
0.021567290341227525,0
0.0434522349500966,0
0.06973345873861042,0
0.12594156934764683,0
0.16901880934490807,0
0.35903238761399264,0
0.05469566625615449,0
0.04160402183424701,0
0.23485891458864389,0
0.1183676933562096,0
0.3363376835179477,0
0.15511617453743298,0
0.0025106056134126917,0
0.005621838543076999,0
0.01451462882261461,0
0.06249924385881902,0
0.06376376908614907,0
0.6964970391066475,0
0.6520963152904621,0
0.04429730873672393,0
0.36801977634258715,0
0.3789841026914126,0
0.2806245579051705,0
0.034996437278458754,0
0.6313005069086237,1
0.050954465596788893,0
0.2468489692181003,1
0.17111713950541588,0
0.009400097321996129,0
0.019257602977137873,0
0.42768275951827556,0
0.0906145408002556,0
0.5123742170199844,0
0.03059502836769792,0
0.14164374951417488,0
0.5524730617859385,0
0.01243745543570996,0
0.19740523037572863,0
0.09053002073259733,0
0.32347168212249067,0
0.9006474220417172,1
0.8521906707634259,1
0.11155376254996073,0
0.11469536645419641,0
0.07800364484617803,0
0.04589702015094305,0
0.004901206443412703,0
0.6611925896040114,0
0.008929573306604975,0
0.05097100826458826,0
0.030434083212468255,0
0.04593641400681786,0
0.8311610221811493,1
0.07170003188628352,0
0.12402239095142074,0
0.36337704500703316,0
0.15357299227259724,0
0.04783238067952387,0
0.054460179181505475,0
0.21677306953111042,0
0.018551278180017693,0
0.048814616364349965,0
0.846586964598456,1
0.02427521008660727,0
0.33778688154954134,0
0.3976978754873561,0
0.15209715433262702,0
0.2453219951300679,0
0.43100377062626727,0
0.8301399109106751,0
0.45545541047600635,0
0.05462581446457498,0
0.8527524725242225,0
0.02068923205172911,0
0.02923663415596358,0
0.36058089978503277,0
0.36986563312166787,0
0.13844835808202147,0
0.5416241904595763,0
0.016241131337516163,0
0.023627924687813,0
0.018761892342789546,0
0.044763193409818595,0
0.0015278612628407378,0
0.7542817150244437,1
0.1378375855503355,0
0.7240939830255864,1
0.0421697211521174,0
0.03353258229842238,0
0.5479168835287135,0
0.06841060217876425,0
0.25115976775175136,0
0.3991160377246728,0
0.18996656391051156,0
0.09027065600555978,0
0.7494150456908512,0
0.0010025617652784668,0
0.0019141518179126191,0
0.01003336613429625,0
0.41227744357656143,0
0.057716360796169874,0
0.3621490048149907,0
0.0028194877246820907,0
0.05203924758647856,0
0.09214819612218557,0
0.442482014747065,0
0.03360798355358493,0
0.5150378281514959,0
0.5196099599062904,0
0.4298621298851359,0
0.6431114831270097,1
0.2592809537066317,0
0.013646110040029708,0
0.10953812434784045,0
0.06611031026304529,0
0.17207714188910486,0
0.07879790889385625,0
0.6059918643128933,0
0.27131809542511925,0
0.6341562688551216,0
0.08742032948408318,0
0.3459669539692108,0
0.2247377800997569,0
0.5258983472393663,0
0.005835994513026378,0
0.20486745588069508,0
0.08564921169192802,0
0.08591872411860771,0
0.6409979687781023,1
0.2516791795723502,0
0.1498186273490664,0
0.02156893114377987,0
0.17688385219614317,0
0.3348951809923681,0
0.023455425297338867,0
0.02973321463149297,0
0.538438902655653,1
0.04797227138059514,0
0.8399055215345865,1
0.0037218741258947287,0
0.10034906470855934,0
0.05504033204287577,0
0.04689746338411937,0
0.013013510960794426,0
0.055857158971199354,0
0.0060999653252483054,0
0.03218077302975067,0
0.41697603801037103,0
0.1049959482288228,0
0.0012630063538458369,0
0.386020595656131,0
0.15236809270173385,0
0.018642775124624585,0
0.020199903666070027,0
0.8222834477189103,1
0.5109328659013503,0
0.2754743361737656,0
0.03343948164381727,0
0.46472940523523115,0
0.11048798961975469,0
0.7980902554668972,0
0.35744512891607744,1
0.14356165521328149,0
0.5078396004571462,0
0.7249214516983644,1
0.025286675044668343,0
0.08138076014076445,0
0.19681442890512485,0
0.24924857381469925,0
0.31835901212837114,0
0.5507546959646978,1
0.029164553301778483,0
0.3595416796772068,1
0.2495860706809551,0
0.02810595372910564,0
0.09774674656118897,0
0.151338714788306,0
0.03706409480664259,0
0.8570338936735391,0
0.045534641555616324,0
0.11645569048100335,0
0.0025458495604597686,0
0.27716309089599916,0
0.1458423868830036,0
0.19636769197628942,0
0.0591684910579953,0
0.16186971154157945,0
0.08903480835330103,0
0.15798798437305536,0
0.13790024286681687,0
0.01272652876820311,0
0.0006363772241969034,0
0.004996407314446448,0
0.0039016754437642283,0
0.19572656583170472,0
0.022962703159513587,0
0.6034643777151159,0
0.21357671482954396,0
0.2884483237238955,0
0.9478841753888069,1
0.012126645988968052,0
0.05850005977156165,0
0.8600260197109572,0
0.000235608435945162,0
0.11011797438272342,0
0.0722192182240565,0
0.13299961987861889,0
0.0966286079362077,0
0.003968458423627483,0
0.003148171851120927,0
0.4782763601697316,0
0.031189817663006592,0
0.30919011820531234,0
0.0010993587506433423,0
0.23817702677460445,0
0.01604257349962847,0
0.07600748260565852,0
0.0394354380855634,0
0.11595930511491868,0
0.04344397255186627,0
0.028297954340224227,0
0.07941332965835585,0
0.05438806926356995,0
0.03648081551262463,0
0.30825788702552415,0
0.4432639607556373,0
0.021443126156489533,0
0.23016554831267802,0
0.002731434293779123,0
0.5604638133006165,0
0.6943397139359716,1
0.00436930915513986,0
0.08672398394580756,0
0.016399178572023703,0
0.0067455202497566655,0
0.03159437558693806,0
0.03394087269044794,0
0.004369169764909704,0
0.24604104184019146,0
0.12540280002974663,0
0.07562035207399136,0
0.2887396870671724,0
0.04911779927136301,0
0.10806937097538304,0
0.41417305917503483,0
0.060725342865179374,0
0.6050151872824556,0
0.16386042524197028,0
0.810657025506555,0
0.13236785477794247,0
0.1422269299341104,0
0.011904057960998056,0
0.07256577050415408,0
0.198439734977649,0
0.35337932254529897,0
0.9341447241971967,1
0.07021638206922878,0
0.10271545344968849,0
0.3980323145397309,0
0.40466802529711066,0
0.039978849659503185,0
0.4714523218923579,0
0.0061266555658203836,0
0.2737168786152343,0
0.09712874035123047,0
0.21046485275342922,0
0.0015903954751079901,0
0.023518439410229224,0
0.20550960173235155,0
0.2522718295524818,0
0.10409089364590142,0
0.13971113304626742,0
0.2262146558026252,0
0.040062835879866955,0
0.2766585281701157,0
0.9289040408721854,1
0.058427315688299085,0
0.21554695801729462,0
0.2919799971853158,0
0.28204254935026885,0
0.5549020541559793,0
0.4486155347328171,0
0.23600358342790156,0
0.0279242273627104,0
0.17596368773092882,0
0.009277845834212197,0
0.017948297470216444,0
0.15978701408353574,0
0.19545535632875322,0
0.17106001757070785,0
0.028899834809729325,0
0.4486590640604441,0
0.4106306883796951,0
0.6310615334754772,1
0.13831279029080093,0
0.08557548827116185,0
0.563428034017565,1
0.029044176237449194,0
0.2207825029968706,0
0.2293201995245417,0
0.9220153893980126,1
0.7042749454146421,1
0.23077168496266612,0
0.07890847456687027,0
0.001638177235990958,0
0.3253275206437271,0
0.011853226211391002,0
0.4327707642227346,1
0.1059172095615774,0
0.08409128200603577,0
0.1003270631532769,0
0.30599403516991447,0
0.06674541575068055,0
0.4043077230180316,0
0.004456768145714048,0
0.009003593036939692,0
0.3203185064567585,0
0.5371124003183682,0
0.1628172585288053,0
0.21098754813119217,0
0.45876678179259195,0
0.20756545333795154,0
0.003666133362395069,0
0.1927486818962915,0
0.23279061538347606,0
0.07328797483235414,0
0.0029447255562500808,0
0.02440782629603316,0
0.020980101874186155,0
0.014077712499619623,0
0.05239867471565704,0
0.05334948671796473,0
0.002691259010799004,0
0.47176509141810213,0
0.5590229690219668,1
0.18719461414435348,0
0.6059205210207866,0
0.012435396027324507,0
0.515540096927982,0
0.00023027264010216906,0
0.22578924254583976,0
0.3000926614520555,0
0.0426163283709391,0
0.11357023056293832,0
0.8263524626758123,1
0.0789995398089269,0
0.7300527491496464,1
0.10797559981335932,0
0.0012650235599160993,0
0.569571272390182,0
0.17037253501012928,0
0.03935724117712719,0
0.9048989680696747,0
0.18563717390288154,0
0.925150192536848,0
0.9537813082661398,1
0.28191345809413015,0
0.6728060423486485,0
0.055981743926030975,0
0.04976741984120457,0
0.07111061888118995,0
0.025388977569798674,0
0.019284153601800167,0
0.3490725175687073,0
0.08909806187314208,0
0.15455991499454774,0
0.008952902650971394,0
0.8909999210771667,1
0.07009138986853168,0
0.10386020708616524,0
0.2130701686729677,0
0.46432749236898174,0
0.036971046361024766,0
0.8979066597211801,0
0.08356937806502175,0
0.3119384305305459,0
0.011376053836027694,0
0.23081124772390257,0
0.7697217942584925,0
0.09259279017197465,0
0.059523715088391826,0
0.9086005853865673,1
0.17050908401227075,0
0.1966218683443185,0
0.013252884274337275,0
0.03680449330915301,0
0.026136663418057007,0
0.0932174623767945,0
0.5382028465348445,0
0.9059556918226847,1
0.11558589481663875,0
0.4193550595528561,0
0.012793676608410052,0
0.09222413502309766,0
0.7948148789577417,0
0.06028892562057873,0
0.2573245606424706,0
0.009525994292094978,0
0.07908108078847978,0
0.8534653664970835,1
0.03751476340093876,0
0.005910088477332613,0
0.024846656698521565,0
0.07785297833243444,0
0.09148113840990495,0
0.004562233404309284,0
0.03662479132567455,0
0.6148936324884811,0
0.3247889867464404,0
0.5517725007050127,1
0.4048787558134518,0
0.047642211821962474,0
0.07891176903961988,0
0.5651280298524286,1
0.06764622127981779,0
0.05595071191292775,0
0.027378628936837127,0
0.012647703992943102,0
0.10292600058380037,0
0.0007608176871949224,0
0.46010347188661926,0
0.47207738935516985,0
0.5637667734565902,0
0.18605505380560952,0
0.703436245651972,0
0.00596992542913308,0
0.7057804966248624,0
0.36767226858465246,0
0.0842651096016368,0
0.6535892117245057,0
0.008695644582660592,0
0.8212446799950646,0
0.0816458545501977,0
0.0018412103037290226,0
0.6787100863968336,0
0.3466050547253406,0
0.03559912663745844,0
0.01060737982249151,0
0.3313949743478436,0
0.0038645175805369016,0
0.46394909470028534,0
0.07449049982142597,0
0.13414694667076194,0
0.43119858161825736,1
0.03515898730883345,0
0.030507730463350362,0
0.009230710844296585,0
0.13513026765422007,0
0.8632604044104752,1
0.4449337506645489,0
0.1429906961435027,0
0.0024923671694641594,0
0.027866996277842036,0
0.055039647319054905,0
0.4289710685285848,0
0.24444846513343566,0
0.09056668751491903,0
0.702499644502458,1
0.12229141698093347,0
0.018192862264624042,0
0.08255985184737814,0
0.05486219284584162,0
0.05624719116180277,0
0.005855515550874021,0
0.04966395898657109,0
0.0872253279843096,0
0.012014259348145661,0
0.011308707027845259,0
0.07145227727479168,0
0.20527123696252259,0
0.030618848377728214,0
0.1237414500742041,0
0.05585425811141838,0
0.059699860634081905,0
0.7290388315116665,1
0.40243469380493735,0
0.16808979219208256,0
0.0759792137500307,0
0.37475085028879046,0
0.295453145164614,0
0.13625241717986375,1
0.007393692044661004,0
0.014314177737579618,0
0.09310979437887709,0
0.5463547937535849,1
0.17832159091031585,0
0.06901330173794726,0
0.5707975939404708,0
0.06412994483328018,0
0.04606193518471772,0
0.1272230993450115,0
0.5515079038509302,0
0.12606066942750305,0
0.009568005489139464,0
0.05340254942561526,0
0.020308914513714003,0
0.6747742902885397,0
0.06695655596688589,0
0.02846637519173688,0
0.14905808174283913,0
0.10964840267433464,0
0.06544586521170344,0
0.03725838070039047,0
0.055945339146306707,0
0.19134748084369763,0
0.0010756999839464246,0
0.15024896907474244,0
0.9534437929641567,1
0.2990998936688859,0
0.04676569752666532,0
0.09118919732261876,0
0.00358967102737894,0
0.8368907733972398,1
0.031424862585893144,0
0.034793165877126796,0
0.3660194124997758,0
0.9265659315902698,1
0.2666879023872481,0
0.049158921372498526,0
0.6390251251928352,0
0.11397278911802135,0
0.006239940786041587,0
0.07960136227642563,0
0.5526078600569948,0
0.3228463847995118,0
0.06375429604080297,0
0.05231695279193011,0
0.014852797495546823,0
0.4461318893424146,0
0.7583196802897262,0
0.010745845932302066,0
0.23201700497998665,0
0.08918122326262266,0
0.053537750748329165,0
0.04259181151398834,0
0.13343648905515584,0
0.043126015639511725,0
0.11950621148295479,0
0.03253487617886265,0
0.05180156230150886,0
0.040831934733005,0
0.44270297799177244,0
0.009027790211044296,0
0.038927961171244786,0
0.03744862864016818,0
0.5493133614475912,0
0.13665039181849076,0
0.07525458902029118,0
0.11674866657475723,0
0.06467973892355691,0
0.006636593783045225,0
0.6117555767418268,0
0.005639057052339085,0
0.09272284269631242,0
0.07304167295818395,0
0.7648838326046375,0
0.547883458259729,1
0.03996448559322,0
0.007438271579587863,0
0.18013764770535853,0
0.18616442157377058,0
0.8771384101444363,1
0.012645353261461456,0
0.0783250562857902,0
0.007969727656650214,0
0.12022491291040571,0
0.8785569485821637,1
0.028030483509440936,0
0.07585161509345605,0
0.6076657472174174,0
0.8936956554057527,0
0.026452349546227896,0
0.4359301630313989,0
0.8600964290148168,1
0.018897477630731258,0
0.29091317070820516,0
0.0018952271760644495,0
0.0925298280762151,0
0.45146122216887863,0
0.0722847326341295,0
0.15254651519494755,0
0.8940270877711504,1
0.14174425392834913,0
0.0879450601298534,0
0.13299742776727802,0
0.6682336504696258,0
0.12336122301285989,0
0.43993042486961703,0
0.01178719877570005,0
0.5511595986545303,1
0.49084330096221745,0
0.5222855462245579,1
0.0005720307366496945,0
0.08266747946026934,0
0.4149837328519222,0
0.05312897890844592,0
0.006090951295169423,0
0.35254751154940134,0
0.04518536368771259,0
0.09636510491991489,0
0.34094724547006394,0
0.11386218829819544,0
0.37787774681046155,0
0.009053778743880078,0
0.007563547272297917,0
0.05897352034645178,0
0.8826506440232326,1
0.2656042498824581,0
0.028842236094031394,0
0.09563291714860718,0
0.0013752327874682244,0
0.953702252891945,0
0.011608487127540925,0
0.004311200930157153,0
0.10256788345360074,0
0.0434284750757122,0
0.3051776647361222,0
0.020358713727192102,0
0.07675664070475502,0
0.07941200219461933,0
0.007807256100216311,0
0.06248931167591154,0
0.1767200608775862,0
0.36590737401078477,0
0.133421088782918,0
0.037893185727395494,0
0.712981231222246,0
0.5764926724190804,0
0.08255925312151335,0
0.09415536439003136,0
0.797227127292975,0
0.6294652963237483,0
0.03605009573957167,0
0.5198183345496055,0
0.12929928753851028,0
0.1154798390894289,0
0.12372031566179345,0
0.06507169620111197,0
0.663726752058004,1
0.04298128223141578,0
0.41979769447990395,1
0.2479287086374678,0
0.10707386841139845,0
0.057238111148052315,0
0.0010528124565975377,0
0.4121665299132316,0
0.13396906994284302,0
0.03909450901243971,0
0.26479630569914353,0
0.15286178007435844,1
0.11674642641716684,0
0.1734461956009329,0
0.606284535915412,0
0.609622887939092,0
0.026062798186322247,0
0.04315236256828267,0
0.057105560174476946,0
0.08839909012687643,1
0.7121704742678435,1
0.02218421461474872,0
0.002452495264803402,0
0.4314133707466839,1
0.3415505220574686,0
0.1338548329937394,0
0.842162746238575,1
0.08366961476543694,0
0.11925335439039968,0
0.036827064449547656,0
0.6596651465302896,1
0.31846103808804943,0
0.018982705669104108,0
0.04006285444206409,0
0.020613282891731134,0
0.00858621550010139,0
0.38788676805127575,0
0.21873325674912997,0
0.7136878438146345,0
0.20016059931678296,0
0.062107583836833576,0
0.0032463099825746707,0
0.022995507056635677,0
0.06409373338777853,0
0.07541011270882271,0
0.6737175119435436,0
0.7308284993781954,0
0.1549396303528138,0
0.6254277623649438,0
0.9227329830889722,1
0.8697534373687331,0
0.5368715442740937,0
0.0009561875408781735,0
0.14980550313425264,0
0.6215858431058205,1
0.7349401742772685,0
0.07123888643105473,0
0.26604625754856664,0
0.010727910657872985,0
0.3969864345827355,0
0.2827297745391186,0
0.4985167817363118,0
0.010890155078121272,0
0.07374329387855862,0
0.9211738421217588,1
0.008278432795291307,0
0.0689018047207192,0
0.10251957988733705,0
0.1402931067859302,0
0.07941201387244497,0
0.4116322385597655,0
0.022959526676247975,0
0.7495990695100588,0
0.7924328020531524,0
0.006254940138986576,0
0.19629628499841356,0
0.005517930280304751,0
0.3639115964875653,0
0.038234375560969,0
0.20649244150473298,0
0.21984801038044993,0
0.02303054745426183,0
0.025745300073980078,0
0.2018503264889432,0
0.05422840158118742,0
0.7315659659652554,1
0.061764217056189834,0
0.009539495439068,0
0.9754493588357301,1
0.17516796710851726,0
0.01718150214885946,0
0.8338567144426025,0
0.24257337327569609,0
0.027716552092304062,0
0.0016282723455711468,0
0.9238479160267599,1
0.007098671623007351,0
0.21642045244875546,0
0.04095985688384678,0
0.8320929896175399,0
0.0019008533230567047,0
0.13508685610848226,0
0.26938594170412317,0
0.004416216951669415,0
0.22864802594179234,0
0.08374087985431859,0
0.0265921013450959,0
0.0030180783196076086,0
0.2068905897882778,0
0.0010865655417137603,0
0.3345158638055877,0
0.10930910628583702,0
0.049813910362333756,0
0.4217674372084905,0
0.3325079261410037,0
0.6851487467243658,0
0.32305483252836914,0
0.019491652307196523,0
0.28840254778634566,0
0.018485295725215043,0
0.13223615823874785,0
0.3804999123801605,0
0.2735312387653789,0
0.0009336139617130895,0
0.0149185869899381,0
0.12177562949857675,0
0.6124323144959005,1
0.034047476934635675,0
0.39213010934480735,0
0.9388109250902271,0
0.005076361614104404,0
0.030505851245988203,0
0.16456831242526335,0
0.10637354228552076,0
0.2544795124729887,0
0.12171143525544523,0
0.34467441576418284,0
0.5684694363191328,0
0.08673661859741931,0
0.07684169974405945,0
0.8207041175575461,1
0.15568344544273124,0
0.4565111469649304,0
0.13346755841189667,0
0.07046784638621044,0
0.26852274266741744,0
0.09060293558296283,0
0.16794597262501015,0
0.046389803157928886,0
0.866082595889986,1
0.1348922990863364,0
0.2971806525101885,0
0.025669490567509494,0
0.02952557336311782,0
0.031802480196141195,0
0.8723558182208548,1
0.04959064287814592,0
0.8757556755312866,1
0.011621668898320026,0
0.020716319786746446,0
0.11663220072292134,0
0.07198667577394105,0
0.14066213727033663,0
0.2676304201911996,0
0.060238855963075565,0
0.06526899995517661,0
0.7561635893900913,1
0.25757574297900826,0
0.9391657358888851,1
0.024838474819461828,0
0.34585109261883734,0
0.11586093688485978,0
0.0742075461614647,0
0.4916860476189312,1
0.17386687961126,0
0.07779917576094621,0
0.011082139525190418,0
0.007837060732165224,0
0.08533824185313978,0
0.019435105007732562,0
0.026167171186569742,0
0.07859489822264161,0
0.06649769122174741,0
0.0013850565993106018,0
0.1541063170284574,0
0.06407487860533234,0
0.7956936380214824,1
0.04179658375151846,0
0.003912176359926865,0
0.7512495397342727,1
0.5683905752567138,0
0.33260534174591383,0
0.18976659192698495,0
0.5956930589800699,0
0.018388950826246937,0
0.025494887729113104,0
0.06369803390217342,0
0.09531600248019889,0
0.04265443814116527,0
0.06258560802849181,0
0.05185213356144771,0
0.3512179048809455,0
0.14692696020286772,0
0.8254173612284873,0
0.1516475918406548,0
0.37197980897993305,0
0.13979564565694327,0
0.2839350872026014,0
0.08637465109865856,0
0.4925264463479617,0
0.09919474306466772,0
0.025168127205608366,0
0.17910883762209162,0
0.010131394676175532,0
0.708259650046171,0
0.004884130437549203,0
0.15418545657991176,0
0.08279145778823827,0
0.023205240138799963,0
0.04526752650949122,0
0.01618110901293173,0
0.7695728731535656,1
0.010145985114778199,0
0.005422167877190017,0
0.049768623367470774,0
0.4469651269683228,0
0.26077374141172555,0
0.43497062058751945,0
0.7885647294490534,0
0.8847515659510397,1
0.752789144691681,1
0.12134939843441675,0
0.08998666652696782,0
0.11776348066240301,0
0.2950181264938416,0
0.2754242022889484,0
0.047659780452920755,0
0.009610204591694965,0
0.08359629229820102,0
0.03383020701956247,0
0.0730759430553158,0
0.6765411721519147,0
0.04011601503186484,0
0.09061540091400269,0
0.03746574912475881,0
0.14295882373244112,0
0.7209570090074569,0
0.101417625803726,0
0.020636832988041382,0
0.008996858355935606,0
0.4360403874799233,0
0.024881891729039592,0
0.006651030008484083,0
0.21981334631950364,0
0.3172645438428469,0
0.0370688027188152,0
0.24606953887680433,0
0.24047234448742022,0
0.8983561874340347,0
0.9851714150010373,1
0.08543947867483903,0
0.13780071908876815,0
0.007028969548984847,0
0.17612471333241939,1
0.08369347753943883,1
0.07720915176780753,0
0.019837699733338054,0
0.6805263972960603,0
0.06792222853311733,0
0.08120605835033731,0
0.13145842520396597,0
0.008598494567411494,0
0.3727673682651749,1
0.005286372026696696,0
0.600592599019164,1
0.0033198284755375316,0
0.23115672723817338,0
0.11034634253058583,0
0.400078334984971,0
0.4971956846901137,0
0.04119321854114774,0
0.7908340363264211,0
0.03301271266593333,0
0.02699685776350873,0
0.2823138634100588,0
0.2559858386536988,0
0.10271183374390902,0
0.02338082391071767,0
0.7418395406253925,1
0.013348916412832021,0
0.8867133215989421,1
0.2142036565840344,0
0.026298675241814753,0
0.0023005801991448963,0
0.18152368525594026,0
0.40469707989068304,0
0.1805866341791306,0
0.34912519702569866,0
0.1923888272506213,0
0.04039906476770147,0
0.3468185169380886,0
0.12335161467129707,0
0.07153407691534965,0
0.022440318610240848,0
0.07574312046912143,0
0.0339911466522412,0
0.5301398446692821,0
0.06873810223865033,0
0.6909488146160169,0
0.060445816956576186,0
0.07204492939019497,0
0.0059340392425697545,0
0.00846840798560324,0
0.5815813867579394,1
0.4038763548413106,0
0.00659490671552117,0
0.2352725880620614,0
0.2732470394422805,0
0.5820468803357949,0
0.5835071116252321,0
0.08955611390987717,0
0.28064621303901244,0
0.07630723259223292,0
0.21428018788357014,0
0.04985522395303298,0
0.024580762212671588,0
0.08323846684657688,0
0.04012009639735321,0
0.38391568152123295,1
0.016636631264328464,0
0.004405037235215919,0
0.12808828011808301,0
0.3191191144343288,0
0.5344173336699312,0
0.6691681456061446,1
0.3812559732807053,0
0.02743643554536964,0
0.4371306189500627,0
0.7713922463072688,0
0.11308745327420543,0
0.018285655417815128,0
0.6490343097538045,1
0.502192848841701,0
0.21343048214147065,0
0.10241404365394215,0
0.0736991724180149,0
0.19174895067795752,0
0.5935936664200608,0
0.18669067323651745,0
0.061487548732600796,0
0.027623052928829484,0
0.20307897652098286,0
0.6434387473648402,0
0.015182863030745347,0
0.242228044705513,0
0.0027776701915692486,0
0.0015967426541058116,0
0.12349814999454226,0
0.19304598948485546,0
0.006446978232455665,0
0.010338007273240482,0
0.20497386266580284,0
0.19892396125084727,0
0.594375689610203,0
0.020848189333473547,0
0.0014194474645501335,0
0.3370733109574716,0
0.045547497755966566,0
0.020111865988719252,0
0.033745957249077516,0
0.013750854015929397,0
0.4373432188425314,0
0.10149979420439706,0
0.7526161455675469,0
0.399871882800334,0
0.09221298270987233,0
0.8217484772207787,1
0.6653193945439657,1
0.0045602946445830825,0
0.007721100911524978,0
0.0892928468575444,0
0.10558371193111124,0
0.8687331991968102,0
0.03523231136051349,0
0.0036398114704643703,0
0.1599205000249092,0
0.01695948956890502,0
0.7250428887192709,0
0.07449576592231225,0
0.011353325444184275,0
0.8987716977788135,1
0.07764420544233487,0
0.18620250384906198,0
0.05818477989183,0
0.16688366660597692,0
0.31916411410149187,0
0.3253289811996705,0
0.025302222485760226,0
0.012454006831352619,0
0.5433412945475906,0
0.015071650314095528,0
0.015113722415032874,0
0.6729104512345839,0
0.3684615727012582,0
0.02634801316140349,0
0.1363802952927391,0
0.08827398922801293,0
0.001116411477086261,0
0.04331867904725969,0
0.2152504685608807,1
0.017321161925480767,0
0.001970770766031037,0
0.10795103859606575,0
0.008507376785081499,0
0.05611998983243086,0
0.16578978356987742,1
0.2273366622601514,0
0.517958071914011,1
0.1863817710054927,0
0.01535834506220489,0
0.0005051929852343997,0
0.09067414930657666,0
0.19766898985943207,0
0.039655337585345195,0
0.4907084880039704,1
0.1117620712482124,0
0.7337245932384162,0
0.35542838048020126,1
0.0294731593018047,0
0.46978786489592544,0
0.011735703290552107,0
0.5043931969577226,0
0.3130513303680776,0
0.06877122292410487,0
0.11751052409966363,0
0.10513116273000835,0
0.3858254058307303,0
0.17427969985302794,0
0.576566677862885,0
0.11879655413411282,0
0.10057274796539954,0
0.09984500648400281,0
0.06114398639848207,0
0.077841418770272,0
0.00024153370810669976,0
0.17141101770291498,0
0.008062873802962466,0
0.6460116399285244,1
0.1261013390227248,0
0.36965017532708605,0
0.03266538648611857,0
0.06335179632553735,0
0.011223185153221994,0
0.09464311583611411,0
0.0057597693616713965,0
0.691385765948,0
0.05282605221656154,0
0.014670130216729966,0
0.052875210401748744,0
0.9759936948265572,1
0.0022192717730442225,0
0.0018605150825040041,0
0.18620945346790954,0
0.004406252572313663,0
0.02239811265459211,0
0.8622355401336126,0
0.010090421891346867,0
0.013438751413628668,0
0.14823172150090333,0
0.6245328277758058,0
0.6027848345401842,0
0.11426641883349882,0
0.009588221011998133,0
0.3275223677434184,1
0.3381054357775019,0
0.015884452108752972,0
0.17585533015816462,0
0.41363484714716636,0
0.5315391606482633,0
0.0005845280066015995,0
0.003584541939101588,0
0.40332022822273866,0
0.10441219712516105,0
0.010737465674795773,0
0.11530487608517236,0
0.8744589569934885,1
0.1414003194675838,0
0.10680082320622115,0
0.005319083579592134,0
0.43386148080282205,0
0.00690811449283346,0
0.002103515981495449,0
0.015446188236439715,0
0.042770702874114566,0
0.04280966334100919,0
0.6756443578104309,0
0.05326149648488481,0
0.02960996111151038,0
0.3054767313651384,0
0.07591610541271891,0
0.07269068234160825,0
0.018569090871647216,0
0.08742810763782594,0
0.813364410931099,0
0.15146295648318145,0
0.01805359939190131,0
0.04528223248591797,0
0.05942538380194538,0
0.5626539219861044,1
0.2873541656582064,0
0.13511192765638405,0
0.016611129375111406,0
0.14599600475318897,0
0.0357341425026284,0
0.5147389508800407,0
0.4128736639573022,0
0.07024223915749826,0
0.10837542733187751,0
0.20863992838380319,0
0.08791539647401604,0
0.7601308779556333,0
0.1647808299085883,0
0.077426853768915,0
0.0948272078826446,0
0.3951492494034641,0
0.2738946331692162,0
0.9220602345824883,1
0.33169352983829375,0
0.30276593746457414,0
0.40482466537576306,0
0.39510318384151205,0
0.017639183465843773,0
0.012349005730081701,0
0.02205167537755841,0
0.013329413379590713,0
0.08968163377376673,0
0.5151562132142553,0
0.8785399508745727,0
0.2743660767924456,0
0.004766106380430334,0
0.014611318906420093,0
0.013080681265245336,0
0.030819684531455425,0
0.03172228365280768,0
0.8327294670938357,1
0.21141308598000297,0
0.023958860451950892,0
0.7398330575149745,0
0.010783972087598525,0
0.4278901956274347,0
0.045062888023203414,0
0.015830496687430154,0
0.40968905722977084,0
0.3799484113544795,0
0.4214604349021889,0
0.061788591978382074,0
0.7739818510139073,0
0.04215160843486604,0
0.28198922899389256,0
0.16585860320678547,0
0.023396973269655463,0
0.013527834802202683,0
0.19141989825190342,0
0.23887269862287705,0
0.19157576187400419,0
0.02435676171446703,0
0.5526317662503635,0
0.015444939999699276,0
0.17876606233259137,0
0.008964764359289987,0
0.0016574213917934576,0
0.03167801364872014,0
0.00937614653432768,0
0.2226866580257554,0
0.11640576414265255,0
0.26992537727062227,0
0.38072581811816,0
0.7519212829996363,0
0.004555611750379627,0
0.4299812707100536,0
0.07306543974011219,0
0.19616008053487863,0
0.08672363798578234,0
0.634476055354571,1
0.16818553665982858,0
0.3951617884657243,0
0.0920098418335555,0
0.04595148068501922,0
0.09269471277663707,0
0.15822110468514605,0
0.010704015473711928,0
0.21802937333038128,0
0.1055211649035178,0
0.02323925911054196,0
0.06144515286927569,0
0.04435740534280389,0
0.02678712449278397,0
0.2638325636322099,0
0.25813958108984475,0
0.009952923091985469,0
0.3925524711397417,0
0.03283803114006195,0
0.00425526388286638,0
0.37207041632478344,0
0.0530056628732605,0
0.4588879538649659,0
0.0011157377632500071,0
0.0033682907855994205,0
0.016470215206257997,0
0.11972130608972459,0
0.3438612954982474,0
0.025638248126190415,0
0.06720888448743613,0
0.10768157869716942,0
0.058464247912350456,0
0.08349729202757032,0
0.08229716251044561,0
0.09123220033942102,0
0.2595174596123152,0
0.10208086772788293,0
0.07030038379832113,0
0.5102128997855004,1
0.1283578963806315,0
0.003803713034699098,0
0.1277651110789858,0
0.11412246773131421,0
0.9084863616097881,1
0.2994926632017809,0
0.7530058424319128,0
0.019119673930091525,0
0.0296708788531465,0
0.4608070115652065,0
0.06020218806800102,0
0.05163853957932441,0
0.2103455912124374,0
0.5170634035313624,0
0.007135026717309725,0
0.24650713308292255,0
0.007145206094627551,0
0.3292463350237032,0
0.2712085172944473,0
0.15444748854176463,0
0.07386605454963648,0
0.03708273920311865,0
0.0044608066132290946,0
0.857030654464306,1
0.008542665253276197,0
0.3018437820678683,0
0.020485444663762863,0
0.4169867291472247,0
0.010478365626041803,0
0.024852707578944627,0
0.026815707695793223,0
0.21416443108408675,0
0.2068632229443629,0
0.014121442469053952,0
0.261804558171352,0
0.0010448267580538018,0
0.36220693024280537,0
0.030593936647727384,0
0.013038860170402757,0
0.9282671493504888,1
0.09349258805258656,0
0.06621362752477451,0
0.02334126505557722,0
0.5408056623364356,0
0.00019726191466816625,0
0.8689722651886217,1
0.22326961568210138,0
0.04733702206740397,0
0.002325848531174744,0
0.10526312443529005,0
0.02466258783716063,0
0.15429996690549103,0
0.2374848277985562,0
0.14234874729757102,0
0.45562185639372094,0
0.074646317165746,0
0.10070304417861503,0
0.020996995690193872,0
0.004610108370266507,0
0.008263246434576908,0
0.26282982211301387,0
0.05690858982635415,0
0.23425914941882436,0
0.006589920828338074,0
0.4217813083118212,0
0.04919820567720303,0
0.04023468721908587,0
0.04984403432756051,0
0.09000369062927753,0
0.014735927500522118,0
0.21401828533607278,1
0.17280327210862217,0
0.019454592144982623,0
0.09496106949974432,0
0.011005376263106846,0
0.5075146670235815,0
0.9618085767733803,1
0.14534513834467108,0
0.8592808052745015,0
0.021121830701063472,0
0.07174510209489314,0
0.6502571616916607,0
0.7932770371438663,0
0.3294572846426922,0
0.07028263265946504,0
0.6570875674238238,0
0.030094627867420773,0
0.4580424809941923,0
0.13145887395012026,0
0.11055402885816878,0
0.07571100873559532,0
0.5803927450950795,0
0.2395707493276248,0
0.16987182783484536,0
0.07752707986292967,0
0.025606569145340305,0
0.0726961317240943,0
0.03501032318020816,0
0.6208853796427063,0
0.4711412233946998,0
0.08722992661444165,0
0.6556630638104869,0
0.031375071464685746,0
0.6759753272910968,1
0.47898808086215927,0
0.029851840755971228,0
0.2643234693539891,0
0.5169528650145602,0
0.05528104240505472,0
0.161867342210017,0
0.03842180563474676,0
0.3095477690696528,0
0.6707801624949713,0
0.020845684585197467,0
0.12094987625748913,0
0.038698526757066115,0
0.2944747909416274,0
0.22577724888710307,0
0.5500354626826686,0
0.0037447827515610537,0
0.13909057153431234,1
0.4808786361003185,0
0.19415770255213538,0
0.3133777289228247,0
0.026379740624665502,0
0.020472315164454805,0
0.21178047983843162,0
0.06360881687273827,0
0.03204053741646079,0
0.007192630464799482,0
0.17480345037194178,0
0.234475486086369,0
0.1169418154479466,0
0.6489502566801117,1
0.0005425121941768518,0
0.24718045359958007,0
0.6199704148249887,1
0.12479546688239339,0
0.04197944703331509,0
0.12208020045404358,0
0.6538755917041489,1
0.02746809770033423,0
0.12630731647214227,0
0.8624145444344836,0
0.029922290047309175,0
0.04255462826442448,0
0.16477985187354746,0
0.4269402472493016,0
0.36672527686961337,0
0.0074089185508240014,0
0.0006690393372714321,0
0.4409427577521529,0
0.09439684231687906,0
0.613945321958785,1
0.0060524095574449105,0
0.08070066442968406,0
0.6832757808956644,0
0.06326897522264129,0
0.10658554561850292,0
0.8140744565142753,1
0.040049586431492847,0
0.02859666666730926,0
0.19614507255657318,0
0.7013011716486574,0
0.007179013720381508,0
0.049379460487528906,0
0.37858028816356026,0
0.13664320160181662,0
0.1462718059570155,0
0.6110949728678593,0
0.02826345437358777,0
0.0233465947465927,0
0.1279628952993135,0
0.005688308997405766,0
0.002454344695350079,0
0.012263769478623447,0
0.016401572991528803,0
0.004338901404418609,0
0.05536209549708077,0
0.4822334211698498,1
0.1630038254317656,0
0.11719235062425223,0
0.006837364344767073,0
0.09111194783691005,0
0.4858012490345486,0
0.6137524058506274,0
0.01831294931770629,0
0.04901418635451265,0
0.6056709789229594,0
0.8456463281917251,1
0.3164850654978351,0
0.008150870790790346,0
0.2821985924219139,0
0.008763344894266466,0
0.13417670403928292,0
0.028582724584991896,0
0.6792501628704847,1
0.20980522808830868,0
0.5614038504393052,1
0.08905363440385128,0
0.8812290028833263,1
0.05695393778957762,0
0.6851251534287919,1
0.013213730566186428,0
0.0345034793502011,0
0.08090216360578985,0
0.738890874415495,1
0.055112757900834364,0
0.599689367193096,0
0.001345173416647839,0
0.8578651699932894,1
0.16555258881295268,0
0.07475543777178043,0
0.45190819250814185,0
0.004353808344498328,0
0.0005943770754195373,0
0.7483584616355028,1
0.45314855091515543,0
0.048805864396128315,0
0.29429799353807723,0
0.09951788603443526,0
0.13239186424769087,0
0.1724122035220558,0
0.05623351655987117,0
0.017436430681705684,0
0.016897490262542184,0
0.006386896642715117,0
0.3641630898370313,0
0.4291374935674529,0
0.0514560343128173,0
0.030132525191340857,0
0.05575304804598146,0
0.06759798270679455,0
0.14588897012465013,0
0.12894979843008642,1
0.1563410738480113,0
0.04347197683354404,0
0.5943145424325098,0
0.14589970094010188,0
0.053876778428853245,0
0.39032396476713827,0
0.007516761399401119,0
0.535252745454027,0
0.8289131489796073,0
0.014647887430421516,0
0.5043396098036982,0
0.08200130388366865,0
0.5607524392898869,0
0.16120223571450526,0
0.07701174080857674,0
0.03836820926085137,0
0.06303877565826083,0
0.05281473257376235,0
0.24491322382929812,0
0.6902628380891878,0
0.0006970303141700567,0
0.040212963842207475,0
0.017387594190354374,0
0.30142273761967775,0
0.19333709062816318,0
0.18390286458593313,0
0.00011081199213082099,0
0.15164209308367027,0
0.3231853096035711,0
0.8829360544842028,1
0.3012824628687805,0
0.17465440217141248,0
0.06866831484334486,0
0.03302871820401967,0
0.010887179561671049,0
0.014807457431020734,0
0.7900337189888901,1
0.3371660656200698,1
0.24206407474547578,0
0.030246468841560258,0
0.17499252017300992,0
0.06454609943379108,0
0.7336434305452108,1
0.16360661205050367,0
0.014324596603406731,0
0.20527484706617238,0
0.16562555700553605,0
0.36613197834413436,0
0.16835084477410753,0
0.048277773939769834,0
0.09536739835363532,0
0.052900582465884104,0
0.03167281059766252,0
0.014701473811900328,0
0.3090305333896278,0
0.16848240983639354,0
0.0295171142314812,0
0.013008059696298908,0
0.03241413345375381,0
0.3162759444677821,0
0.07770754643385933,0
0.03962203372877413,0
0.007220647792102551,0
0.11713103660293676,0
0.013962962093378621,0
0.011804164110674581,0
0.017248006946918925,0
0.644861998248548,1
0.02920147603792837,0
0.1879718077933809,0
0.08848193399236984,0
0.2290455422760014,0
0.054191097357694756,0
0.0029378878560703354,0
0.03485089682344797,0
0.05004808916913812,0
0.5744672832916571,0
0.7690269136662918,0
0.027270648196307316,0
0.01372129090810324,0
0.11255072726615305,0
0.09370939652520159,0
0.027038192042695405,0
0.5683835906048642,0
0.0607055004498886,0
0.06503091194724045,0
0.05051477002270974,0
0.2801024609126728,0
0.751719223098273,1
0.0018167372530775946,0
0.1764973538125125,0
0.008268665595613279,0
0.05900307839681782,0
0.01659497805930305,0
0.07930230988123249,0
0.3757838363655551,0
0.023937681706904978,0
0.003297371276569742,0
0.01632969232137161,0
0.14210243398892575,0
0.39262022846296546,1
0.08869442618801074,0
0.01720499121958981,0
0.403244047249453,0
0.056618056741272904,0
0.0017880914213335927,0
0.39148852892030356,0
0.08614753419674873,0
0.5249866744524615,0
0.44525486742019615,1
0.5615919358670264,1
0.959835592223554,0
0.0028577265106939282,0
0.675433755438824,0
0.7941293892413472,1
0.0462056193939713,0
0.31346838382408215,0
0.15586706090262661,0
0.002672145442640123,0
0.04452434435703198,0
0.02534752749673759,0
0.0244047789597222,0
0.06489269197550869,0
0.021476694640360183,0
0.547453070963441,0
0.8835366425461674,1
0.0320363553171478,0
0.09791423662859185,0
0.031267510993563404,0
0.07763199502189562,0
0.11126962984782823,0
0.05292074108841609,0
0.011300732138752304,0
0.8387391600777256,1
0.13568544856466244,0
0.08159089725049508,0
0.040797202548726555,0
0.7595359018421843,0
0.17720529883594016,0
0.1083399456327443,0
0.40838389831790395,0
0.08400498927392755,0
0.0803283898586791,0
0.054771896968068556,0
0.01490886890219591,0
0.021226122987098906,0
0.013151540359607642,0
0.013777789031994798,0
0.1479426909660665,0
0.33778780028720184,0
0.0013258849975998253,0
0.10083185438583382,0
0.015051114932995286,0
0.41320760940786366,0
0.3870244255560168,0
0.5146434037605128,1
0.09878813747985386,0
0.44787525934609485,0
0.014895090130847978,0
0.05296613425288805,0
0.163105508829497,0
0.05419305687276385,0
0.02551513284731039,0
0.02274237765419484,0
0.7133703922844478,0
0.0010063993020778671,0
0.0005147218176091144,0
0.24719678163356268,0
0.026052687377317613,0
0.47923689425432553,0
0.018840077252682254,0
0.03298268014407204,0
0.10662940906019744,0
0.4841222886175095,0
0.10122213378279224,0
0.03206692384582422,0
0.08288260161449752,1
0.14101351982519897,0
0.0328010442894014,0
0.28618124611903295,0
0.6352995317832678,0
0.017863884502677504,0
0.23488397397690472,0
0.0007101806056307392,0
0.015188351852829452,0
0.6051698432058775,1
0.38849830594367624,0
0.001563271303465118,0
0.0732388314918389,0
0.10688854605486649,0
0.8894986478598742,1
0.437303027745971,0
0.036718143169583634,0
0.017203098209558707,0
0.4880076628563449,0
0.9562265144506277,1
0.1503124817623246,0
0.12209180042477591,0
0.056154045172547046,0
0.3218050529308284,0
0.9095879468623028,1
0.7645892920320002,0
0.6113752083260162,0
0.10407534073753877,0
0.4136806648209343,0
0.0013722668397916048,0
0.02689288427235172,0
0.02528148301627741,0
0.005854970233092599,0
0.22331095283902744,0
0.04130329769813506,0
0.2307453219058069,0
0.9405317049565098,1
0.1442320503472301,0
0.021081199608006765,0
0.37577756859201566,0
0.40221497954501684,0
0.26437521113305334,0
0.5367377256977781,0
0.02375859572841112,0
0.18598381081004997,0
0.00842886892488433,0
0.2766991830535186,0
0.007560589801438223,0
0.01939197644650966,0
0.19406764107614186,0
0.4754667907497386,1
0.35854586521730225,0
0.024032798753215078,0
0.1417801870413008,0
0.00637367913371667,0
0.008040686036767632,0
0.027266463521714364,0
0.010263062339285367,0
0.03004907387257356,0
0.4395626514438477,0
0.06528739446298418,0
0.011202248022512032,0
0.04539064081266914,0
0.3934062942548649,0
0.4019219796473451,0
0.2320235031549469,0
0.8609479701482398,1
0.023230690613295944,0
0.8296783463175934,0
0.03444137202229657,0
0.1064794631763685,0
0.3963360111246339,0
0.042627916855135776,0
0.03446629077498826,0
0.12903938138169524,0
0.01351045022707184,0
0.027596597338467047,0
0.012822125826670795,0
0.8313804083792806,1
0.13965357254023042,0
0.614405313454289,0
0.8878902709760351,1
0.00561108588518811,0
0.02361653719928755,0
0.029196687796170146,0
0.1100368674542371,0
0.019689972567663437,0
0.060051484986955825,0
0.02193386994541442,0
0.9213430278467598,1
0.2799509091585814,0
0.002919098624859198,0
0.24687872838916822,0
0.007752612747639187,0
0.10677427320544018,0
0.01362305211597424,0
0.05595989922702391,0
0.07480084489958701,0
0.41533275107161477,0
0.17881077023216457,0
0.22256314728675142,0
0.11890828176480524,0
0.15938080943162705,0
0.19407128315258057,0
0.18028792121024337,0
0.07327035699951395,0
0.21978490261917383,0
0.09863779990192258,0
0.49865203804077546,0
0.164000978513787,0
0.5961614861045704,0
0.0038841117159783777,0
0.19593964836999353,0
0.194409715732681,0
0.4197865647076607,0
0.530113098981934,0
0.22760155470358073,0
0.00912962761391743,0
0.04624232573125085,0
0.027326369385101752,0
0.876554136588374,1
0.03503490565047438,0
0.025313309876720806,0
0.00952947756099189,0
0.9124967108462889,1
0.04312974733011292,0
0.07777473275171512,0
0.1273815753452354,0
0.0038545684768924375,0
0.014117187644197142,0
0.2663513786594351,0
0.17121523721179305,0
0.025192737494614294,0
0.02283567002992853,0
0.8955298628548904,1
0.22865471800554263,0
0.2964181684744233,0
0.18106892708770891,0
0.5229546481459835,1
0.3977298475159941,1
0.026395993345073466,0
0.05865413482268949,0
0.13006388155376217,0
0.052432654974866426,0
0.0064680765813252775,0
0.01263264351348925,0
0.003329249005765482,0
0.05292402099838766,0
0.41029977480893587,0
0.1646910422777175,0
0.37218500665792087,0
0.09550163162120978,0
0.21642862262194063,0
0.14236704412755727,0
0.75850805059475,1
0.08603914600602107,0
0.2311467869584353,0
0.17371836317267925,0
0.3253422369280448,0
0.046167546555689165,0
0.4152928787193458,0
0.021296588802877377,0
0.007178193050900011,0
0.9393113229213879,1
0.26207258960145235,0
0.15061329112258423,0
0.13071946535508994,0
0.021173833670097276,0
0.10364832482575032,0
0.8373232820775054,1
0.04318229077551562,0
0.0015227266701555654,0
0.005349340797657315,0
0.06351462139347544,0
0.1639003113175663,0
0.2814468159456263,0
0.2893010599835128,0
0.07245002327439233,0
0.7607454987285401,0
0.41285681218686093,0
0.037216982710419115,0
0.006433200681764971,0
0.061811020704580846,0
0.35525483214509307,0
0.5564102524041712,0
0.12552073036805594,0
0.01704161266232012,0
0.04937452515901069,0
0.34157191245781476,0
0.06796645018315485,0
0.0012317097499977,0
0.007212557608714373,0
0.2509845141251664,0
0.09933830560542024,0
0.016824776297084003,0
0.0007083523599398987,0
0.12170345901691641,0
0.13868446004828056,0
0.1277954451539729,0
0.5927217009224357,0
0.488615718092431,0
0.1973528705875096,0
0.26850279782793574,0
0.10954066829376263,0
0.5899060708089413,0
0.09838241307848511,0
0.04837628976166551,0
0.6121885376302894,1
0.21600833135258438,0
0.033081777074284426,0
0.9790342628120422,1
0.0006861669769309616,0
0.15888072491859362,0
0.02796303506287972,0
0.3239905038780334,0
0.02564777125212816,0
0.004433373944976754,0
0.022486316716782587,0
0.018284916697713722,0
0.03360536005307251,0
0.09874181765898393,0
0.7862416514760758,1
0.6061846294375032,0
0.3152336665370227,0
0.22255175582323325,0
0.030661353184849936,0
0.9207923989207241,1
0.06447532706183018,0
0.8516030763297702,1
0.09147006650930423,0
0.3564906704789458,0
0.5166435753412892,0
0.35268431891843105,0
0.5621679184689474,0
0.9335030872650828,1
0.0670047869249351,0
0.4186209930663635,1
0.02093995225326285,0
0.00259932377063867,0
0.9079706106134741,1
0.010246020503726437,0
0.014646082823772822,0
0.10459847775615164,0
0.03006059324719449,0
0.05916428675081228,0
0.3673071285842985,0
0.06221963361412931,0
0.6708509016665064,0
0.23791880741545268,0
0.01463218682595918,0
0.19560110556096566,0
0.020441508533952372,0
0.04278804805949978,0
0.8602382978056626,1
0.41500204643813016,0
0.0027736119992081854,0
0.22292452075011995,0
0.03862750266104905,0
0.006242533710668625,0
0.018293411751044673,0
0.11109670815990111,0
0.26450727154019255,0
0.5386326886657091,0
0.021574403314218296,0
0.23830217072108753,0
0.04584493891794071,0
0.5097151322531327,0
0.5067212458725223,0
0.020473771992482924,0
0.013967222943925802,0
0.481407636920006,0
0.0271407416631818,0
0.002123497026502783,0
0.07784304261510192,0
0.014961048146667032,0
0.2733306912199561,0
0.8065868246665142,1
0.02197449475059447,0
0.005071113768152533,0
0.1662414479016458,1
0.012237503946787959,0
0.06482733113117065,0
0.08242396321717413,0
0.5503962364272432,0
0.08842825904755415,0
0.02107048651601141,0
0.8324393596097704,1
0.05281640836326244,0
0.3535268105237747,0
0.005757363797189674,0
0.4275038963925985,0
0.17066017495928115,0
0.036531623324739644,0
0.016933845421839545,0
0.01690941661486733,0
0.06830075455911218,0
0.6475705176341741,1
0.039464872327416446,0
0.2971965802399679,0
0.02330504798988155,0
0.5347699027995192,0
0.05551410604884246,0
0.04853709064123398,0
0.09478421203437169,1
0.004008328495481443,0
0.11549909590720644,0
0.04084417282228783,0
0.20395423023705267,0
0.12470513647177313,0
0.13908768307731098,0
0.05467780540227015,0
0.21149401665126005,0
0.06632880530595248,0
0.2740463393414131,1
0.2128591979974786,0
0.033277623848309526,0
0.8846703943504789,0
0.19189226211855223,0
0.29765676827904747,0
0.69227587497417,1
0.16651937812989995,0
0.08634740535994032,0
0.2565534549353079,0
0.07752988140499721,0
0.03095607115241381,0
0.03651169958161901,0
0.16481191721114596,0
0.0783391741540874,0
0.0012492983031015682,0
0.36059000527049573,0
0.1439543434188099,0
0.003341735665091997,0
0.18389838725674384,0
0.08984278602310158,0
0.030754794991884837,0
0.04520716550969598,0
0.005281066626263861,0
0.0777373361073589,0
0.01542721568551623,0
0.6359366934918848,1
0.30846168554691894,0
0.19284099160946228,0
0.0444044299925736,0
0.23660983781589043,0
0.06787537701221263,0
0.19282332666538118,0
0.016032891989453832,0
0.6757687191677297,0
0.8471280793626501,0
0.010531161320335318,0
0.01793368146308085,0
0.8779857634674266,0
0.07619871843721643,0
0.46151612016587007,0
0.012733582573126487,0
0.08967340430543967,0
0.008348714452649402,0
0.2506989474398399,0
0.0090492283877227,0
0.07477587436983789,0
0.07727036628894693,0
0.29148174561104534,0
0.006814821395300527,0
0.06665692240206902,0
0.04556949207275257,0
0.2766783319956829,0
0.7989296889973146,0
0.005635456658960651,0
0.6489093694502267,0
0.04876462837827053,0
0.4252957087168323,0
0.011292910089667372,0
0.04106539689320632,0
0.10211546874340464,0
0.03827350231046047,0
0.057473098366858454,0
0.010881201659236396,0
0.023288125245860384,0
0.044790538422540264,0
0.15393290871726792,0
0.027055544479148375,0
0.007298351899508749,0
0.1364563100059249,0
0.7202137201389094,0
0.22169729110162772,0
0.1370418930572473,0
0.027906499125979162,0
0.2778818479538409,0
0.35895368040252673,0
0.021126756450408832,0
0.05080437309868288,0
0.0068068153673865196,0
0.014889553469377061,0
0.3468587115683787,0
0.6814525807525491,0
0.002783694781380116,0
0.4689463940837674,0
0.823346756320229,0
0.016456671917691797,0
0.2159848323576714,0
0.018638217536384446,0
0.019884819429127138,0
0.0015772895216285597,0
0.0020200304067089577,0
0.007007342068352847,0
0.07271697001848305,0
0.8009626357093691,1
0.10520539096025508,0
0.7685984064196988,0
0.0900918822957994,0
0.02910493587727871,0
0.010518938972640399,0
0.1651820710462395,0
0.03968217972112842,0
0.013711278043380444,0
0.0013222002150724372,0
0.03864490844344535,0
0.04533973224596434,0
0.540103405071709,0
0.0013329021514319717,0
0.13975939048766203,0
0.03977462724356366,0
0.7907717056844782,0
0.8172305022303572,0
0.022971759053447886,0
0.05442167871112674,0
0.01387381260981214,0
0.2807345181002504,0
0.09027699953432172,0
0.0289921879181556,0
0.26195010472660546,0
0.008913886183975752,0
0.25601060937455117,0
0.1324818790385479,0
0.214528458820908,0
0.06033901447240733,0
0.000747447346878777,0
0.009275884192073963,0
0.08506008243694302,0
0.36702100326485404,0
0.2926260120214418,0
0.5140779075424273,0
0.37939144705955574,0
0.007032014134906166,0
0.007322744176603656,0
0.8647664920633187,1
0.28768075704938506,0
0.11457195215609241,0
0.013626575247874369,0
0.003635332984743016,0
0.2237760459383962,0
0.02488959633266948,0
0.04645086511184437,0
0.030018068762633625,0
0.0035483789337278195,0
0.16251395055692436,0
0.05458631100257432,0
0.010528436599144809,0
0.3302251002498983,1
0.02219384883428894,0
0.5268939365855149,0
0.28310162576263115,0
0.6921035245372569,1
0.004625111222252481,0
0.02484151409064492,0
0.3045795405697435,0
0.001074755144675459,0
0.7693478200532679,0
0.022083738822158496,0
0.008998248159191476,0
0.01680808428438889,0
0.16196214419278693,0
0.08731196712434713,0
0.4304211293334194,0
0.00671262175561359,0
0.6364860096356447,1
0.1389135601531114,0
0.010577662527754784,0
0.10468697770404882,0
0.008647153784821114,0
0.012592248844887908,0
0.22736618965112676,0
0.8506609552161719,0
0.025383621397513434,0
0.5383802850716175,1
0.0733208624916795,0
0.10867807458020928,0
0.3212748728834467,0
0.166151069028957,0
0.11155623394503397,0
0.008291760166218364,0
0.011938106377533895,0
0.25795915528071983,0
0.4255873834884978,0
0.028846165637934733,0
0.4179875728536187,1
0.24558342218253446,1
0.0696986273939016,0
0.018173586859744215,0
0.13544932028381862,0
0.2618019037690901,0
0.34749042086669574,0
0.2602243177152952,0
0.04249751801733267,0
0.4227957398028378,1
0.62050711461525,1
0.18869239373468025,0
0.0651835399608212,0
0.003210768595220499,0
0.07495775150719682,0
0.609758879841942,0
0.03401282490965147,0
0.10785185207786285,0
0.012035988434848228,0
0.356080419776807,0
0.6361735380279707,0
0.7670072631208928,1
0.010870398728348576,0
0.6727705435031995,0
0.0024623867903269554,0
0.3158368788742886,0
0.0023330296888495767,0
0.03779092002901804,0
0.048416651969895995,0
0.05546068563517094,0
0.09531595055713715,0
0.12310278945862663,0
0.5212954402429145,0
0.46740403113259427,0
0.18817581127109376,0
0.28508805968037093,0
0.03141179801797208,0
0.8866437675120211,0
0.016690868214713307,0
0.01416205810852147,0
0.40674274794799536,0
0.09359544955051406,0
0.018566811052437224,0
0.9373705367055469,0
0.10235735382910473,0
0.0003371131684977111,0
0.3631098641061222,0
0.007385664894826209,0
0.8943299129641237,1
0.2746966381667443,0
0.033468500261064946,0
0.4395050369739887,0
0.454037592006923,0
0.08401122707247326,0
0.3353144436392027,0
0.4553995768887457,0
0.12439094275240468,0
0.3906300722154651,0
0.05229355682918829,0
0.5488417844713983,0
0.028442018364714276,0
0.004642662194770444,0
0.007764956150365902,0
0.0223283932204425,0
0.5009804447601882,0
0.0880760531500847,0
0.11492143487079215,0
0.04599659879110606,0
0.16616661269737937,0
0.05424640607320357,0
0.2502891950656459,0
0.03549773400655049,0
0.028406618964023,0
0.005555563294959679,0
0.5864231309583738,0
0.5574335927879243,1
0.08745502584444953,0
0.21163081935460767,0
0.06019936384581842,0
0.08515526841323293,0
0.3043140555933016,0
0.4996306278159822,0
0.18094704679692528,0
0.16557438866565172,0
0.6042200778385997,1
0.8035140517726729,0
0.0739090639725457,0
0.03560251805699485,0
0.07108070705043645,0
0.013221961583692396,0
0.14612300806251233,0
0.0033384428395543185,0
0.13542500488897682,0
0.022464257923643597,0
0.2938851067441535,0
0.10621321265404686,0
0.13179696701747035,0
0.022538751873850897,0
0.09112885064946474,0
0.5526668679085434,0
0.723440112026574,0
0.5583998051121406,0
0.009104191481720352,0
0.13974686619335203,0
0.10428849344942609,0
0.5556266250303376,0
0.004383878253241998,0
0.6327334154573421,0
0.002410783310252768,0
0.24053743909020378,0
0.22902112818068418,0
0.17678422492419155,0
0.09775652278114388,0
0.3023387104354118,0
0.11446088361246619,0
0.09650521132238987,0
0.05756030008939396,0
0.029103211117405756,0
0.009708476260076622,0
0.8161555357506662,0
0.05034338058447708,0
0.057987552789036195,0
0.8423744286162805,0
0.018615889583653535,0
0.017551403565456754,0
0.24082812759544694,0
0.868026909446794,1
0.2055153245035617,0
0.4695018794992697,0
0.1163057792742686,0
0.3099890562644091,0
0.7898968334549161,1
0.38516502139340625,0
0.05035466086879949,0
0.883541400266416,1
0.0810949717779166,0
0.1362254378523791,0
0.33942548176292703,0
0.14448345169902566,0
0.01723986653974856,0
0.2744420418850697,0
0.08806780236547948,0
0.11767323772079841,0
0.6184204557095795,1
0.10764605044581375,0
0.2515299351056026,0
0.2223417654445737,1
0.0038741460758815256,0
0.4131847538772298,1
0.2561298793244752,0
0.000840424757782192,0
0.5873382742914841,0
0.0655793493812499,0
0.392896637528591,0
0.017781150779361574,0
0.0059669835635212925,0
0.014902780708008932,0
0.3547033330984972,0
0.04584091290518055,0
0.015898282307735094,0
0.01887133908539225,0
0.27534982160599525,0
0.4207504634153671,0
0.5418138563625722,0
0.005051393235505975,1
0.0925304368502384,0
0.018246410899626204,0
0.16853865769542542,0
0.6892709980154087,0
0.05382722072247806,0
0.19562542239129999,0
0.019148958201752317,0
0.2675057150012352,0
0.068207715004622,0
0.35156997588872746,0
0.37963186652878056,0
0.033079490082073434,0
0.9216928769371301,1
0.4789006715857556,1
0.6769083949892406,0
0.0461150712281996,0
0.06405449394974769,0
0.04902654293423705,0
0.1505211296027679,0
0.2665660645997606,0
0.6208996349606252,1
0.5359952417110817,0
0.5972431063476243,0
0.14086318080709267,0
0.04690472644213102,0
0.3332906186001826,0
0.06490268894325246,0
0.02621138082679456,0
0.3693743434634968,0
0.10935064129254325,0
0.38045094763097015,1
0.004047115760214123,0
0.02042308408219758,0
0.015436348423493668,0
0.053041734708934155,0
0.27234680110485776,0
0.17267089562022506,0
0.26788135332775853,0
0.07289573112283268,0
0.12578560875537825,0
0.09156493470186071,0
0.002730493190744478,0
0.011012269360983852,0
0.04403429493395452,0
0.018641835450293825,0
0.0007826706903966504,0
0.007855195709540547,0
0.07218520256630394,0
0.41246552030581995,1
0.09902221742175295,0
0.40437367365714316,0
0.49202658331226035,0
0.048241839223384535,0
0.003997332532474164,0
0.19240037977324054,0
0.06122998328591053,0
0.2678471587265164,0
0.34647297187987297,0
0.32435764353603774,0
0.05208661661567879,0
0.029086149003799112,0
0.5247370141506958,0
0.892119906808391,1
0.6037602126906592,0
0.05418622340394443,0
0.3844422442407488,0
0.01955890271761125,0
0.9324362541641703,1
0.143844344086963,0
0.11968934657663315,0
0.20492695193907023,0
0.009990116631589658,0
0.007239576431657976,0
0.05854940064056743,0
0.4860229578659208,0
0.08500025643197179,0
0.015335776192458196,0
0.7682329461587618,0
0.6607331646779441,1
0.015634064087238903,0
0.007529124873682503,0
0.05485766178509394,0
0.27163200946914356,0
0.04766180697086577,0
0.04367438377355166,0
0.5521517235534591,0
0.4784396636888045,0
0.28335597033149484,0
0.054501580605559256,0
0.9582463464230928,0
0.10254246111800967,0
0.06122352905447021,0
0.3042523527057609,0
0.9445267272353064,1
0.006295942904631258,0
0.028250749571826578,0
0.21364702241118994,0
0.38178353884967375,0
0.08743435191934695,0
0.026268525507192095,0
0.029351243773534517,0
0.3436792596638971,0
0.062949004302393,0
0.8784153073137392,1
0.10286977200225297,0
0.006337176429696522,0
0.3789343892059382,0
0.02097557150198639,0
0.12109881334172615,0
0.19266727788253235,0
0.3211127735927287,0
0.821945299934036,1
0.45696401515404883,0
0.009428591425200215,0
0.636983755361552,0
0.2709709910898106,0
0.12780401158303667,0
0.002603303826343295,0
0.4591135031873588,0
0.2180970239232191,0
0.0027658532239583284,0
0.06875134383692055,0
0.030545380499964584,0
0.0027913249665222645,0
0.4974667918017598,1
0.00038368258856020723,0
0.3208942856485655,0
0.26301165508294616,1
0.002782072749943804,0
0.512011719500583,0
0.05173434042626369,0
0.020041052334110986,0
0.3233733140415538,0
0.0813518165220765,0
0.14665365489547394,0
0.32623391514828115,0
0.42899726048718556,1
0.07546360536023057,0
0.8407581854842527,0
0.6362522124994223,0
0.9086772858264927,0
0.028520608147575052,0
0.03877537104404249,0
0.013537251497610533,0
0.13900313262102054,0
0.13100572481904563,1
0.0005841648691225445,0
0.002811338583275307,0
0.06071806506109157,0
0.019417809743779674,0
0.26342612695175055,0
0.04053704077708941,0
0.04511773657056181,0
0.1734276323959062,0
0.8310256430034922,0
0.19291536864239456,0
0.020320838585728498,0
0.15390769317595623,0
0.14429603567557567,0
0.11497965698101395,0
0.2409620022399013,0
0.0017392432738175848,0
0.9753977852034902,1
0.5913141337176274,0
0.029374086884263795,0
0.27838545900172823,0
0.5469960153216363,0
0.01681133981095512,0
0.3621205702573892,0
0.6111538341921006,0
0.010592410453061188,0
0.5259796399214384,1
0.7489399708795597,1
0.34750146059032067,0
0.37148742185419564,0
0.1907731087604526,0
0.10643382159465387,0
0.029188448840865463,0
0.10198411143695185,0
0.1116252934069676,0
0.14127213194655322,0
0.05657884122773754,0
0.7432772571905442,1
0.7905182418150988,1
0.7479685927007547,1
0.036760307095836504,0
0.05562913808515955,0
0.17675585264248792,0
0.24129278131467743,0
0.000484584157326661,0
0.8706497078182122,1
0.8250988192937292,1
0.10394390000193716,0
0.056355007376751406,0
0.044225845944710886,0
0.0750424029762507,0
0.4660262753068588,0
0.3647909312627011,0
0.0012215087126318809,0
0.008947898191412826,0
0.04264509185341577,0
0.008015658897214688,0
0.025151785902133614,0
0.20121377495759354,0
0.012883260668901253,0
0.7635220426876911,0
0.06296634135204111,0
0.9430939198567547,1
0.031935974965213415,0
0.002871127688042529,0
0.07480545901299852,0
0.7800388685361994,0
0.6847325214280543,0
0.0856004979744069,0
0.07249305543042628,0
0.21551281523572013,1
0.15106238372796396,0
0.7925165894276944,1
0.008460815714950432,0
0.006934608139093722,0
0.037915620720055596,0
0.014450034604407318,0
0.14729507246406734,0
0.0036312834985730495,0
0.6482708959723674,0
0.16265252597179714,0
0.21157617319533636,0
0.04604494959890708,0
0.016366768241232305,0
0.1603571028681208,0
0.6804207882305754,0
0.0653724005326719,0
0.158346967779701,0
0.009745457961072962,0
0.1247035130927241,0
0.5240939458796569,0
0.20830406164102902,0
0.6133828036305562,0
0.2632681811953446,0
0.1176301107684721,0
0.030064131486779617,0
0.03456679252591412,0
0.01567294694720279,0
0.07190395767605802,0
0.8386724755602847,0
0.12110357974634807,0
0.07390897380905968,0
0.03218211416381716,0
0.004492436028079241,0
0.04715339437699372,0
0.4493247683245368,0
0.7259916023497927,0
0.004835860886272783,0
0.14608053866891274,0
0.8423804605884654,1
0.1339503390074122,0
0.05174211716656191,0
0.08924731430692677,0
0.4136180636899733,1
0.01907644344771621,0
0.17633852752674176,0
0.13283242034850906,0
0.06772886220644239,0
0.0424530000778254,0
0.7177136661744173,1
0.3610317595672829,0
0.16662194320421636,0
0.01797430554077637,0
0.05067787296087054,0
0.11252176491779523,0
0.37593361684477855,0
0.5590008867220054,0
0.13810814163002832,0
0.6738169162092477,1
0.37169910902674924,0
0.05479421572880612,0
0.1921835568873174,0
0.8336298545337741,1
0.025100059013447577,0
0.6368420622087466,0
0.19075883749054298,0
0.00031941429046205774,0
0.43668956104363243,1
0.03874961045841337,0
0.3400213543783105,0
0.194275048397634,0
0.3519497121121478,0
0.002366870296101735,0
0.006923434922493121,0
0.16664669508661126,0
0.41892520021806173,0
0.19475337574015714,0
0.6449249421481587,0
0.6341104187318032,1
0.16690565147724332,0
0.09220706131432244,0
0.033817662911523286,0
0.04893504486172506,0
0.7053695965280327,1
0.6150414917361371,0
0.6015849498009496,1
0.051939457243283534,0
0.03744151782171563,0
0.19110959804654118,0
0.17166420341121794,0
0.1475192187705986,0
0.07206263702504721,0
0.3303337552312244,0
0.11669168885048194,1
0.5831099612598628,0
0.0018201445721785822,0
0.08658864297407179,0
0.40742328089095303,0
0.021391128677547562,0
0.09525842452313699,0
0.03201494686853418,0
0.04802575494108575,0
0.4500761617629132,0
0.4980810058379275,0
0.860855727216109,0
0.5127358927488611,0
0.10033173344675604,0
0.01755086304781923,0
0.1857478086245138,0
0.2373307633638684,0
0.8015378699114394,1
0.0979986819500659,0
0.14863243667566667,0
0.7382077357353809,0
0.485922691524861,0
0.08909198695330761,0
0.1942592441197932,0
0.35644222914913104,0
0.00330386694535132,0
0.022383742184184072,0
0.40820658268327326,0
0.33048659026412064,0
0.4168822392299979,0
0.33651480594719574,0
0.10180943699708964,0
0.22639382782595432,0
0.07820692955948258,0
0.024471875284699275,0
0.4775773909642915,0
0.2184594837088646,0
0.2740409025955938,0
0.019913179075645104,0
0.03919981688983039,0
0.0586049660029402,0
0.5837010966333871,0
0.10478520640395952,0
0.021455467898480615,0
0.37330010114272943,0
0.004928188870126414,0
0.005844353030869139,0
0.22221591415445285,0
0.008553791752422608,0
0.12511788677940625,0
0.026023539405263918,0
0.6699115808863754,1
0.09334200550028954,0
0.01060296732536556,0
0.6215891520719857,1
0.01134893130182406,0
0.4499280908530168,1
0.34966889012807223,0
0.05093089318721997,0
0.01554273103829569,0
0.4326987620678805,0
0.3626327417562929,0
0.003968162502585361,0
0.17936212167627297,0
0.03468368951571229,0
0.23886561525533384,0
0.02483446922846848,0
0.0009499997848623246,0
0.01887926293005985,0
0.14644539658607314,0
0.10613697583066614,0
0.03490414268801726,0
0.6808865346987137,0
0.019497140392340122,0
0.1708002445264615,0
0.022168399947468,0
0.2984913091514848,0
0.013929037721928796,0
0.02120128249825795,0
0.012009787996393696,0
0.40883497879364294,0
0.010824352531402799,0
0.2803602471890086,0
0.3064315519986957,0
0.05660775286857559,0
0.18528858543821095,0
0.033625453146053544,0
0.04534156029941416,0
0.007774891904399661,0
0.13529376533776558,0
0.039711427745411004,0
0.022349910005638653,0
0.09864547285374578,0
0.9365275877657532,0
0.0068686490642153285,0
0.17441352295675386,0
0.9707198293066197,1
0.2900297348903705,0
0.25126992326594055,0
0.7158474709035035,1
0.03661947556117394,0
0.2373336474531898,0
0.022102144965099692,0
0.10726586572417074,0
0.14393374679313878,0
0.6694375646648677,0
0.030716474054580636,0
0.04422176209921064,0
0.03287480671270747,0
0.09474480409595622,0
0.7720655974999061,0
0.7703315091480312,1
0.28876228697157674,0
0.03622072726076168,0
0.006927465701984444,0
0.13099706651343246,0
0.04043414487698657,0
0.001123048503607038,0
0.08433679564969275,0
0.19045700284012917,0
0.7901667094132471,0
0.1273556448433927,0
0.02580217577854458,0
0.00030598758782868256,0
0.011246680456901796,0
0.26010085838639446,0
0.1546143966361275,0
0.06114048530019821,0
0.00886701231385453,0
0.6313479318562325,0
0.015846269170617377,0
0.29903134845013774,0
0.07775503012449383,0
0.23819348607236415,0
0.21716233223799614,0
0.07421804989891868,0
0.027341185697803323,0
0.010392639733718192,0
0.0345081491349711,0
0.10444743897777638,0
0.04486105854383102,0
0.4880397281649547,0
0.20292606750622807,1
0.0018304426819463228,0
0.20521206019130353,0
0.06037763603367644,0
0.4167252087199297,0
0.14738807823445474,0
0.6652432270745893,0
0.2770685994320979,0
0.5499902862549534,0
0.09520842097117496,0
0.5143856472371442,0
0.4361036218327586,0
0.002167427032800637,0
0.29470013054854616,0
0.263899161173718,0
0.01105546502953163,0
0.032911844915356106,0
0.1281208524934808,0
0.06935794923882381,0
0.2081635481991934,0
0.04926090402022811,0
0.7948127041223512,0
0.8384841607191891,0
0.02011028830724118,0
0.42241373483313294,0
0.35229188822042795,0
0.6112107663345269,0
0.010583685102624892,0
0.1869613362399602,0
0.8182916814048724,0
0.016854536377697227,0
0.14518577554514242,0
0.19052045925141056,0
0.03833801071685575,0
0.03036203792425573,0
0.051544806322611,0
0.2821687658550052,0
0.019614472944186986,0
0.4219003512774213,0
0.15888778769343026,0
0.15559699185726542,0
0.3940184607762042,0
0.07382784603874391,0
0.6931825895761602,0
0.04009732494222214,0
0.07724981397096879,0
0.004013816734875805,0
0.12941603393733317,0
0.11366385047901768,0
0.06578922856171265,0
0.11364819215885537,0
0.16792180349007482,0
0.08630207095248837,0
0.1533283663927803,0
0.0024676826603463467,0
0.30092629924187275,0
0.04884100671370769,0
0.07760691796928702,0
0.0088798328548699,0
0.05304020492040886,0
0.2181363253552004,0
0.18482123946709986,0
0.00522815223919282,0
0.1690823443214913,0
0.16977733294345074,0
0.393307881012188,0
0.0691842388975053,0
0.012626436558993303,0
0.7644922755732644,1
0.04702286301842734,0
0.1386793708450627,0
0.13430900587746689,0
0.02779312648116764,0
0.5773267627519995,0
0.6412611405085724,0
0.08610988678631586,0
0.07021444452958997,0
0.7066134616774048,1
0.9113199466411275,1
0.005945313930585621,0
0.025115209122817714,0
0.18541724229534343,0
0.42092864793159607,0
0.3613036065741191,0
0.002238246839561273,0
0.037302652195129404,0
0.902617708709824,1
0.51703604678659,0
0.2601070641899372,0
0.018247151265431867,0
0.0004952994288538233,0
0.05042976628882654,0
0.3863971479770878,0
0.0004872390153761712,0
0.21044858214112538,0
0.05378393612066009,0
0.013788245074893232,0
0.03405294779500599,0
0.011523348385958723,0
0.00047720917751804755,0
0.023229879238861627,0
0.09657961500182388,0
0.0830247205066994,0
0.014084401911479812,0
0.02064979030448192,0
0.0007969734366970778,0
0.11639391226003117,0
0.4420148940392155,0
0.03719628009643971,0
0.030750297246344777,0
0.05683437561797425,0
0.04000070809380837,0
0.004762859275261711,0
0.21653388536602192,0
0.1526871278553839,0
0.12621615805897468,0
0.08590696317748478,0
0.2874135750219754,0
0.02142073297952939,0
0.09626815826047162,0
0.7712093427780042,1
0.386479157917055,0
0.05038761116806882,0
0.021451423150710136,0
0.14376372184746078,0
0.019473738891665898,0
0.1381875493924492,0
0.025521952722904914,0
0.06848694662611997,0
0.010315099787103595,0
0.04003960251249309,0
0.052813197260763875,0
0.04306559985587841,0
0.0023559444834358465,0
0.044196582086686836,0
0.026806201245908472,0
0.24962401371188134,0
0.04799921983976357,0
0.12371863140463286,0
0.05612376928896534,0
0.04912322366451426,0
0.22122151360701686,0
0.003203108143127343,0
0.14268220911211307,0
0.10880836663264519,0
0.41985934747972886,1
0.01630100832910237,0
0.029607646870944578,0
0.23563287139862776,0
0.029433703051037503,0
0.05267321908957723,0
0.49961928763782476,1
0.4547460606758923,0
0.04860327047014361,0
0.272711654771815,0
0.10370392920824849,0
0.0057709062359329755,0
0.02039660596865729,0
0.8353201559314853,0
0.049353519365069466,0
0.003990088857575349,0
0.1777903455616264,0
0.08763607555597228,0
0.05700036723646037,0
0.10410240071966484,0
0.25445838728848774,0
0.138354659460523,0
0.04296482638054935,0
0.03369460410694509,0
0.6314960398231787,1
0.1291440191226801,0
0.2080252780624412,0
0.10968125753989369,0
0.024316634712091858,0
0.21421210821994255,0
0.13271783571807869,0
0.3498667453834526,0
0.145707161900889,0
0.7464596909265782,0
0.696040150844685,0
0.32477688093228335,0
0.581985481842437,0
0.15920559028944867,0
0.045082096296494956,0
0.783027087668229,0
0.04673837171457403,0
0.3671912913419432,0
0.449664165940639,0
0.0012892531819537546,0
0.18458437429167587,0
0.020795376655421357,0
0.6593828948467982,1
0.3245273631347608,0
0.07279495506658723,0
0.26307461464824194,0
0.0019233392768984042,0
0.002229235929385734,0
0.02274572105484025,0
0.2864437693444692,0
0.009108130983397087,0
0.011644476507973206,0
0.0036458556814695053,0
0.4092819810576771,0
0.11998236733318172,0
0.06466258947749004,0
0.5761058076702437,1
0.6541167153788744,0
0.023732683186832505,0
0.14084730617692529,0
0.08758137124817271,0
0.00754484076281257,0
0.1444599315938005,0
0.009830634684313437,0
0.2938570500945835,0
0.6221017141043567,1
0.0478594539658245,0
0.008488075640230694,0
0.03916215554072086,0
0.0359348452519538,0
0.012922374502405602,0
0.2202099209310179,0
0.015397844041869833,0
0.07497339594170307,0
0.01280049089381603,0
0.014151678500532656,0
0.03199519226251301,0
0.0335848069166033,0
0.06332240574345566,0
0.6263692825659599,0
0.02119044562171282,0
0.09532985125621372,0
0.32547334272355294,0
0.46804010113318767,0
0.16830761041370915,0
0.1175761505830556,0
0.0604730326513622,0
0.3811514851259769,0
0.010249627627370396,0
0.027184518240464306,0
0.04975528351419631,0
0.07856599339087246,0
0.012295518174726102,0
0.46354852780416167,0
0.009192290708187823,0
0.18765133784485294,0
0.7320399417340557,1
0.049710476654773864,0
0.16724353048773433,0
0.04592611791672095,0
0.0039706159427603735,0
0.28853447197127047,0
0.8365107581978183,0
0.0743046697338136,0
0.25605733363534156,0
0.011635697522955197,0
0.7259148571858226,1
0.02599549046359016,0
0.2635105847536861,0
0.7832099549963264,0
0.33600258029235175,0
0.24207022778578927,0
0.013270313125782588,0
0.013257556997061479,0
0.02877705939339697,0
0.008234547255484757,0
0.5163708168642905,0
0.29030591454650556,0
0.0016456521964430264,0
0.027924287683115313,0
0.11616956919159979,0
0.0031776060434480923,0
0.6898157041813597,0
0.00993241472020331,0
0.39532680970710093,0
0.7026782917938359,1
0.058310734949115615,0
0.19269918429820726,0
0.019505661117934194,0
0.14141912186238675,0
0.218342118957312,0
0.0060849684409348005,0
0.04156473906397432,0
0.5056409092440839,0
0.0002938502041343688,0
0.04183778830713316,0
0.008360167502933063,0
0.4081742722998896,0
0.017420808559453414,0
0.03399227410035353,0
0.9169991168030094,1
0.020532892732320986,0
0.17098093767052608,0
0.002219997294448515,0
0.04702427324542162,0
0.7162184734124981,0
0.00779073263762013,0
0.6013734204827395,0
0.00024053634853451428,0
0.10760729925323406,0
0.24648071396709015,0
0.008104347101028808,0
0.06887421621757693,0
0.5038264911386762,1
0.07410857915496795,0
0.42093234715120825,1
0.0038290624683401803,0
0.792721338119472,0
0.11637275777615073,0
0.02954269315199228,0
0.2450022651222777,0
0.46244150187470046,1
0.15820370805756415,0
0.06071413663910737,0
0.26340203597451683,0
0.3123524939062283,0
0.017336946530466652,0
0.006888017585236361,0
0.07713961747164799,0
0.09841667112455621,0
0.3328177294582141,0
0.012144358391602265,0
0.3726829339570365,0
0.04904762929548936,0
0.16386781390679175,0
0.19612131156208956,0
0.0419693135118199,0
0.08646490922460202,0
0.02404141232520909,0
0.00903586860281308,0
0.004741778773542372,0
0.017662362086793882,0
0.6329111174412646,0
0.030512261448963615,0
0.0359287381293511,0
0.1221403494026681,0
0.05000481342498759,0
0.540617832655077,0
0.5200206151426024,0
0.09268161786824596,0
0.043824001160834375,0
0.007713054994813577,0
0.006590557567258074,0
0.9822498665556744,1
0.37017775059961733,0
0.6630981463772114,1
0.046144427928244365,0
0.0066717784724751265,0
0.07297956494862502,0
0.1545275693286798,0
0.022304377283030776,0
0.3034344204148009,0
0.7965612866842305,1
0.2971564773109352,0
0.11996412251044875,0
0.0045188480490308755,0
0.7751942744638232,1
0.023732671185224385,0
0.15443630404076714,0
0.001371689519742512,0
0.0369885947760975,0
0.06656037852532383,0
0.009680490393177688,0
0.21074050501320613,0
0.09484241242995745,0
0.00916694441005642,0
0.01255784664763098,0
0.011515830071549939,0
0.09338616328116929,0
0.9410244497564936,1
0.34667642331912035,0
0.22352793144645172,0
0.019853556591323134,0
0.6427043978472584,0
0.7158310609109003,0
0.05725849129992728,0
0.08622598073900264,0
0.673638812698833,0
0.0820627774652228,0
0.2142219444148298,0
0.11592270478144617,0
0.04717817568463888,0
0.006368680882370234,0
0.5942737770236768,0
0.0350656714145621,0
0.7279072120080257,0
0.09478091817657647,0
0.10548587564958964,0
0.013828198280788583,0
0.753782944171101,1
0.6377849550883711,0
0.06320374119073666,0
0.046282772459488725,0
0.8070061020135916,0
0.21230902447594516,0
0.22546519541595605,0
0.0007508563020977789,0
0.12575977980240888,0
0.011568063009831297,0
0.18910021799103519,0
0.2807612719605907,0
0.0642994288083147,0
0.0003667969923637003,0
0.5826340843617558,1
0.8761263315706995,0
0.24352906381032222,0
0.21003951043441074,1
0.40651403301884403,0
0.599223496774745,0
0.22189775158386235,0
0.026766272110086562,0
0.6115654777814535,0
0.018750646380780247,0
0.17748497751780085,0
0.03426817816867238,0
0.2076080083922037,0
0.22815035492091526,0
0.022376316944022416,0
0.49394582586031105,0
0.005750861458139531,0
0.7398745464408885,0
0.008775301680046858,0
0.3776318717452624,0
0.16484811123235432,0
0.09374606437874111,0
0.038218359484460625,0
0.04009295523107029,0
0.0013429953603574117,0
0.08705267662498774,0
0.04267435949111789,0
0.7095865227174392,1
0.1619030106625001,0
0.07463650673537575,0
0.15182229539416914,1
0.5571188158222602,0
0.2893107549435679,0
0.17292567716268128,0
0.10154105055001156,0
0.03140245496496062,0
0.21177863632624852,0
0.20407000510586168,0
0.3439872430038222,0
0.0017456673723398105,0
0.011769462594915599,0
0.05101107845975949,0
0.4840772124438051,0
0.0014803373995125968,0
0.01565209820869307,0
0.12071210684818395,0
0.02662211943297061,0
0.04557458946633637,0
0.054358722086106884,0
0.023180538916847827,0
0.7279483071792682,1
0.7979412398821388,1
0.1593807649713812,0
0.3924744923072817,0
0.05193351531630842,0
0.4939106850585072,0
0.633279822450528,1
0.012830575232520612,0
0.09801953944706403,0
0.013523664971058114,0
0.009176830054476002,0
0.46327192292703157,0
0.2906720121037161,0
0.11449140025100872,0
0.4257766979280864,0
0.5638324963665632,0
0.01626811905914487,0
0.12187519992917413,0
0.26353977171177795,0
0.12008109144314637,0
0.04716793336473497,0
0.128706052695,0
0.34113068123160617,0
0.7668803573411043,1
0.4192449247885349,0
0.0041036225939010155,0
0.03852588100543816,0
0.08670684884209869,0
0.7136888083129079,0
0.06173766739203663,0
0.06586534599162536,0
0.703049649214681,1
0.06536797632733307,0
0.04370172080046269,0
0.06718738538441116,0
0.07145647800015711,0
0.014351289560331526,0
0.01100994086973471,0
0.24511445612126673,0
0.07001859682072277,1
0.045258229877187084,0
0.22775971899037334,0
0.0002536121265014601,0
0.017718253509142315,0
0.005767036823340448,0
0.7355967472637273,0
0.09671638872244467,0
0.14716462742071207,0
0.05877990247688809,0
0.4061405211627531,0
0.018670605347338064,0
0.43117983981582725,0
0.048504365891462994,0
0.00923356968315943,0
0.16875001614944315,0
0.9281762694055375,0
0.6069318035222483,0
0.16332920862718348,0
0.058701084812156225,0
0.13393909503870582,0
0.7793157068803546,0
0.07621250690539719,0
0.6715030383552048,0
0.008215282518696628,0
0.11101881961187826,0
0.8923210730957053,1
0.4588382428360499,0
0.07515583222786743,0
0.052150404263003027,0
0.08957567867042314,0
0.41992834143931934,0
0.1482464337183645,0
0.0019646692035771057,0
0.06784852443619488,0
0.1088865192738386,0
0.040682793557237945,0
0.0610099957344294,0
0.10488954232475717,0
0.024924605979299224,0
0.2749144007441362,0
0.07464353165644076,0
0.312708574069982,0
0.007875236007003024,0
0.028338607146762576,0
0.06632432060760393,0
0.026316511333722526,0
0.7523389364978303,1
0.046930431480534295,0
0.5340560052089829,1
0.09597784757645435,0
0.012051964812058495,0
0.00792874006507725,0
0.209513205049758,0
0.001337041988677273,0
0.017543305666033994,0
0.134276398086691,1
0.009172553646603184,0
0.4548825139475238,0
0.23487020063210653,0
0.7997410546027691,1
0.06973948498298621,0
0.6807080766785502,1
0.09480375037838336,0
0.9050896281572827,1
0.051748204823477355,0
0.883378977239647,1
0.024278806161265043,0
0.000436944586113114,0
0.4561758711091491,0
0.02604227722224109,0
0.16398911466850252,0
0.4806022546423267,0
0.7300445416875933,0
0.06483253477644395,0
0.15805147236034756,0
0.731716229173788,1
0.1903326146238473,0
0.1321288135228372,0
0.17741442340416919,0
0.005939743820124069,0
0.0034269848116990874,0
0.019602163362975936,0
0.16026264011779784,0
0.3522840806696206,0
0.8551813937561323,1
0.5278315047432482,0
0.04512028938122687,0
0.02342713102301273,0
0.03447007167539741,0
0.0381689317979762,0
0.7120277414508754,0
0.07154706184110746,0
0.672175597143597,0
0.3439286027962789,0
0.05541496307419179,0
0.2876176187447941,0
0.433935781951241,0
0.1015407070931895,0
0.15510552238225575,0
0.1784610928434756,0
0.02488855163037401,0
0.3977999811279939,0
0.3515966222209492,0
0.03286919654994201,0
0.024467642282355293,0
0.925273668093374,1
0.08981472167793822,0
0.20482181410431954,0
0.7053044444956216,0
0.011989410923021382,0
0.00758485428097376,0
0.07873556436588613,0
0.22445236691257806,0
0.7087153937742763,0
0.039801045968530555,0
0.14164304738711012,0
0.026802051637379875,0
0.0037471259123696564,0
0.27561452457562763,0
0.03972657768701317,0
0.043912744015260366,0
0.04009518294443593,0
0.03148693816169307,0
0.22802924283047307,0
0.052993031290015806,0
0.20891541014977236,0
0.595687481465008,0
0.07301774848133763,0
0.09484889992672672,0
0.12961112086226262,0
0.2680937200389554,0
0.04660430248383321,0
0.0396041456354255,0
0.23968244716834478,0
0.07294089421976366,0
0.011565879873547954,0
0.3432980070489919,0
0.31059747897493556,0
0.01920017022989715,0
0.09499428093457404,0
0.09862552273617979,0
0.11732545864427477,0
0.18864623398790328,0
0.13228038291894142,0
0.09785788119643024,0
0.04401212515484561,0
0.02523155091822254,0
0.13207070118324893,0
0.7438261423007844,0
0.07448500166554446,0
0.44449363415992027,0
0.004470020258531239,0
0.45639686496192133,0
0.47915259613972994,0
0.0039205399027875945,0
0.027409789720571814,0
0.010504203649546328,0
0.5100754536273462,0
0.04280120403915569,0
0.309598943320672,1
0.07861223968248957,0
0.4458863497051716,0
0.3768157659856297,0
0.617026855984618,0
0.6065418216842315,0
0.15130783464782824,0
0.3930378369114188,0
0.030077022633155648,0
0.4730418636037247,0
0.15601296970454775,0
0.1535992891382656,0
0.311198452891037,0
0.12090857625559077,0
0.08665071907562183,0
0.004501788202631083,0
0.8536402554628348,0
0.08088828593655431,0
0.08817514674171102,0
0.10970008782130228,0
0.055878655967664635,0
0.08475262236385665,0
0.022977078619656408,0
0.44405819625386944,0
0.21867204980520372,0
0.18894989041996924,0
0.06995868333191407,0
0.02647710972127875,0
0.005300910248923256,0
0.04546200524509064,0
0.0661441283751937,0
0.3579205040469096,1
0.07181217900074997,0
0.0489471497827055,0
0.5538418249532869,0
0.10181619647466926,0
0.6326553620123336,0
0.1351291566536286,0
0.018330586833414375,0
0.18737013275413064,0
0.10686888252855103,0
0.007382722904296358,0
0.9406206039774707,1
0.0002622965675831687,0
0.0034205684778181177,0
0.3337383102260178,0
0.0013773636873759322,0
0.07223416465857166,0
0.7585788221270908,0
0.17465505485212346,0
0.1305124874244271,0
0.5265603004267095,0
0.7150004839505498,1
0.2021606135210311,1
0.22600053784006965,0
0.004542879079392711,0
0.6384776957037889,0
0.2945174857809925,0
0.5613132608826266,0
0.05594145148856277,0
0.13282933547126813,0
0.002089406610259425,0
0.008954968328478351,0
0.05005538169246161,0
0.1753805921490419,0
0.014881399055936651,0
0.6459044535536513,0
0.4694734333749087,0
0.44751268937590966,0
0.3053118581167325,0
0.34884612848279545,0
0.009837281823314902,0
0.6623153944406192,0
0.10155837965975097,0
0.07095976223123347,0
0.16597452239376798,0
0.09882806078099775,0
0.245143085905678,0
0.6685086970435585,0
0.03844597258411847,0
0.01635266421659247,0
0.09298621425460446,0
0.004396758868085676,0
0.01763930406498993,0
0.04394880005545194,0
0.3726735092194805,0
0.0008898925192722164,0
0.4915202027550519,0
0.15285483142413134,0
0.03634009864722878,0
0.08386537292017984,0
0.0003572888312633906,0
0.014564583465905221,0
0.6333823244193293,0
0.005080531722858677,0
0.06589387299158997,0
0.3568621600808993,0
0.2577471315731007,0
0.39185250632618435,0
0.03275481861308289,0
0.13085045991935745,0
0.9022830788952726,1
0.2404220186163541,0
0.35405976319522353,0
0.43035896124230405,0
0.17288934665995917,0
0.12920448872114002,0
0.2566592652236592,0
0.27564334470376733,1
0.27574213430114897,0
0.2218472378325224,0
0.34240423307235507,0
0.016849300349603497,0
0.015113857559675316,0
0.06568929864359337,0
0.31329727922648765,0
0.17290071740464028,0
0.05816033409897831,0
0.5667933903281838,0
0.055790543258125116,0
0.32339536172908495,0
0.5898285277581335,1
0.3122087632579862,0
0.04885629333895981,0
0.2578268181090063,0
0.10129248676889803,0
0.5223580595246045,0
0.9367890249113775,0
0.5475348462938405,0
0.30197369473958446,0
0.01591073599653046,0
0.6937800823184329,0
0.24087673911006177,0
0.2263646069865187,0
0.06459611414096787,0
0.011666488597520772,0
0.10180272550690218,0
0.0446015166414424,0
0.06454786031860961,0
0.053587580781556045,0
0.018047447491926882,0
0.2981579109077165,1
0.4186201018337833,0
0.1267108706098147,0
0.050234506744341184,0
0.4824297028148275,0
0.055453612204511296,0
0.0019525525746369328,0
0.014974162135786515,0
0.07537132430318451,0
0.1948568689585306,0
0.2114504035781541,1
0.051546556620461675,0
0.6064262355295611,0
0.03908231547115755,0
0.12319285474507317,0
0.24174518626656072,0
0.621698816013948,0
0.09468206209484373,0
0.47749078527670025,0
0.026001902566864292,0
0.09051904443938093,0
0.4897021182470101,0
0.08671167380502413,0
0.0997576664255679,0
0.23658856762524288,1
0.4709851172133149,0
0.09053886314445221,0
0.016729033299789545,0
0.09355844189655631,0
0.2482277299464759,0
0.49897638511320236,0
0.09769726021128103,0
0.02348509278370152,0
0.11500476746766425,0
0.016775909966662866,0
0.49887689088807446,1
0.19624936321604738,0
0.15154981369245876,0
0.5957737806360449,1
0.18121130542974698,0
0.06443916675016152,0
0.19004619232291842,0
0.01904867863193941,0
0.0024818745732108935,0
0.6683682615117829,0
0.006919359222976177,0
0.44450025117284175,0
0.6133391417140438,0
0.12871638633080879,0
0.050988858654484735,0
0.9963800971599245,1
0.2843549321794083,0
0.0017143815227628704,0
0.037110802853199426,0
0.01830889029197986,0
0.03624314740533601,0
0.05284838498528826,0
0.18420757593708104,0
0.3672575921625151,0
0.012964294172953052,0
0.004996976400763162,0
0.03275122365745498,0
0.6198154260893113,0
0.48875777811769777,0
0.1626702880195437,0
0.002478115865517982,0
0.042675168310132024,0
0.03834298336995538,0
0.024532346262590963,0
0.08638292313002348,0
0.11596463355104498,0
0.0897338424013838,0
0.13136279339099927,0
0.08362621683450237,0
0.41544151286204556,0
0.048477713558786696,0
0.9047323343515006,1
0.014492001196277837,0
0.013765505389556228,0
0.25539539031801134,0
0.06955356871434976,0
0.2500904693445492,0
0.3912627544166277,0
0.12910037415416756,0
0.48226558193368607,0
0.09800843012570125,0
0.06456839375768314,0
0.03631701961721944,0
0.3956643332840175,0
0.010258589185338278,0
0.0009675888775528304,0
0.7982719204718814,0
0.2031506992219167,0
0.42574298821295975,0
0.034528782213240426,0
0.02298962914250817,0
0.13176038813940028,0
0.034831257903634734,0
0.23426049599611598,0
0.7852786475292699,1
0.09724719816715188,0
0.06468449273974998,0
0.0857753184721215,0
0.026956884311658238,0
0.05333168997698878,0
0.07850262677510557,0
0.0005126140212460373,0
0.11176104449425239,0
0.6574707271220215,1
0.07706442859587838,0
0.0049087257281401515,0
0.05181806322121068,0
0.034190047924499596,0
0.5009769390753468,0
0.03820892555591414,0
0.0011299341610869216,0
0.05886989882658127,0
0.42081232181495276,0
0.05707901032793026,0
0.0033541046232959102,0
0.06217166552692663,0
0.14029337747190107,0
0.31603211807014864,0
0.15879700893733764,0
0.8109073002890875,1
0.023315324974939353,0
0.020649692409216217,0
0.23758119980483708,0
0.012099838566951331,0
0.00905735437432659,0
0.005281618661715271,0
0.05692093653639872,0
0.4134588134861444,0
0.19143249299297166,0
0.018486493232772485,0
0.0014363567952463067,0
0.2814190245482637,0
0.17487944271383096,0
0.12753846259960175,0
0.023475482861181864,0
0.18299454675791813,0
0.0013695773751293192,0
0.056902825126303784,0
0.06241388954251244,0
0.025897351465643877,0
0.00885399569682933,0
0.03524092699753543,0
0.001487961453637793,0
0.29312500995776114,0
0.020669800248536502,0
0.02088479386969345,0
0.0031978846766624104,0
0.1084956191579311,0
0.9571073011503468,1
0.4813761814353049,0
0.11953192826598456,0
0.6237406487214392,0
0.06431963377732955,0
0.02680739057664646,0
0.5757897295775602,0
0.554246779624284,1
0.6248103492561793,0
0.524087466311124,1
0.9107563127372669,1
0.06689579429381041,0
0.15319465629278198,0
0.007801876818102938,0
0.02793564985341116,0
0.7722284923361534,0
0.0068826237720515104,0
0.03002162419420249,0
0.0012218799931988582,0
0.017033668865009278,0
0.18883565593611398,0
0.2986095487857344,0
0.4885842864355213,0
0.13019934978239614,0
0.5844724347149516,1
0.039153317100461896,0
0.05815811306341831,0
0.007405700437860269,0
0.019748768355511922,0
0.5768703653193622,1
0.004306273035160438,0
0.028149267267271516,0
0.3883331110902103,0
0.003016822283247273,0
0.015806494029087268,0
0.6089279210212859,0
0.3589465677508196,1
0.10455268623013886,0
0.7120726483535308,1
0.21948610331063184,0
0.05435648455289184,0
0.05312548654501355,0
0.029495222798251643,0
0.6325964058028496,0
0.09513171354211987,0
0.05852696754569122,1
0.41253372925426873,0
0.30983487400381227,0
0.12254334384996989,0
0.03145402844977599,0
0.09350908231667673,0
0.013839968270382719,0
0.39605099105388575,0
0.5000419446395018,0
0.25138208690630104,0
0.14033058074155325,0
0.0014478018144340585,0
0.7504964702649947,1
0.03372926539846402,0
0.20021324083469327,0
0.28506787688065205,0
0.10503630519888718,0
0.00381105513343312,0
0.9136172008319239,1
0.07415054950399123,0
0.4470999817786216,0
0.5515973606081502,0
0.061905235526719615,0
0.021389432656182397,0
0.03195059576683176,0
0.1142088048360356,0
0.0716691089994357,0
0.017597867254417587,0
0.049545695904554564,0
0.10328213169274918,0
0.532727828249181,0
0.39417107056476175,0
0.3138075982970988,0
0.07279945757757592,0
0.09813576281858014,0
0.01722430525239078,0
0.7691286672865388,1
0.06678044101691809,0
0.11034587453162899,0
0.11997240560013774,0
0.20814118832682957,0
0.5237798264680209,0
0.0036167913215658046,0
0.186508150453057,0
0.5365921031056091,1
0.009020518622237341,0
0.808561191330566,1
0.3292172120186302,0
0.021092428933114686,0
0.3349458194735525,0
0.18317666731812413,0
0.0348142522934686,0
0.1356287107108094,0
0.5492743254825928,0
0.01726347835218788,0
0.193389316909019,0
0.2124995436954404,0
0.012303926688444091,0
0.5260033918946031,1
0.08276861654059155,0
0.026967376327021564,1
0.04458982103875376,0
0.004660496303195033,0
0.009799522085751406,0
0.7189321721389779,1
0.5718417129793031,0
0.1644501718858709,1
0.06479594372369064,0
0.01008768803824563,0
0.12491752998408384,0
0.04798454976027688,0
0.10985740412988268,0
0.5410024567456786,0
0.9067822947151098,1
0.0035060097879545406,0
0.18037957555285025,0
0.2215019861338485,0
0.6137716872734821,0
0.5474319577532882,0
0.10338812546129779,0
0.025765302198726806,0
0.14362640357818424,0
0.002503293825395366,0
0.16035812942921168,0
0.6121258925924016,0
0.026043383079811876,0
0.0013422364707519844,0
0.8694477074021002,1
0.13287373259945218,0
0.35607265621441125,0
0.009501372744045073,0
0.35241480616761045,0
0.42271686082522403,0
0.023366765476284593,0
0.38742672266023465,0
0.3190012453402159,0
0.24336357332784733,0
0.5214292230091444,0
0.0485750494455993,0
0.014933867092214604,0
0.0499082459043121,0
0.22008486983269507,0
0.20224399640971627,0
0.3186622446772013,0
0.04122240447565569,0
0.16452003570182006,0
0.6655932212494748,0
0.4791498396651175,0
0.14870923830449656,0
0.35626984584681554,1
0.3177502474467669,0
0.8584228944936172,1
0.7903131556892252,1
0.12091352110689875,0
0.023726861154853097,0
0.10651050400184807,0
0.04986290862482072,0
0.5575547501091799,1
0.08743721557136877,0
0.8779151852885528,1
0.11432669800818279,0
0.011936706016814643,0
0.04777891292022892,0
0.02195901485373726,0
0.46612400039483143,0
0.35455868257905854,0
0.4160625321214612,0
0.8558303583538818,0
0.11063508041621063,0
0.6502372306030489,0
0.049952994272510744,0
0.05683565356802565,0
0.46048124424057607,1
0.34185861391808,0
0.1218194693706401,0
0.11796930459736985,0
0.12587291406637605,0
0.040100445924269694,0
0.0004485089937294857,0
0.0718653038674062,0
0.700212542267823,0
0.641510371462143,0
0.05744550704127883,0
0.06754520606517384,0
0.49554847264839946,1
0.22708814712523262,0
0.08211085254797769,0
0.4652558527133689,0
0.02366775160889861,0
0.021238224486614776,0
0.08367036764356492,0
0.1865093150702159,0
0.021778634842278793,0
0.2986052900141245,0
0.18039191393810458,0
0.04527263411699989,0
0.063277381428882,0
0.02775924325812873,0
0.7643339119757856,1
0.15246859017275222,0
0.2353083763879082,0
0.25048112939891176,0
0.8804360282470649,1
0.01620450358973329,0
0.0666075797145016,0
0.0077087990147292375,0
0.007435393793089024,0
0.3010431554845739,0
0.0028936062426903396,0
0.16686890470749338,0
0.00024831634984370446,0
0.023363787268269518,0
0.02185329616460249,0
0.12078744025183699,0
0.2772131829905357,0
0.11768425794450867,0
0.8998149562905337,1
0.0001701806071586074,0
0.1547868746514146,0
0.6943033973831609,0
0.025385288370540743,0
0.6161340419652099,0
0.45703886763166235,0
0.5165785275935787,0
0.03429060296547482,0
0.6094680331198125,0
0.1523966118828997,0
0.4711814138075981,0
0.1486557122065561,0
0.0010857909592850556,0
0.012670181669592271,0
0.03439083082244603,0
0.9558452239707002,1
0.004101591328762594,0
0.023446985007399827,0
0.09419081010107344,0
0.08384647765038353,0
0.3910441507195854,0
0.030701049515329776,0
0.14260592535991015,0
0.04745564436258888,0
0.015154703090020753,0
0.732042655785528,1
0.029096402490999564,0
0.17283960698761294,0
0.022479086362852358,0
0.07000251933997119,0
0.08437800382659977,0
0.01672352466571231,0
0.8884467443186908,1
0.09122361799212551,0
0.26504866587101256,0
0.11017110622877424,0
0.04309375626397478,0
0.12281565393475727,0
0.0628243572700518,0
0.07602928939060334,0
0.027762302395637765,0
0.14847871968247095,0
0.007607475236555266,0
0.4935443373470539,0
0.039687049397149114,0
0.12676219766351726,0
0.003960216695894041,0
0.04291101745407919,0
0.32658320365319304,0
0.0014103899195344412,0
0.02644387499539363,0
0.17746279293037331,0
0.8470117876563565,0
0.22488091851456232,0
0.04330081424612905,0
0.2247860973070722,0
0.1346960865950542,0
0.30166187021496127,0
0.13614727076232258,0
0.7764087351264438,1
0.11053136192498288,0
0.03610413963816305,0
0.02287498996342513,0
0.13247137567704736,0
0.0005294957252839355,0
0.038753810430340076,0
0.41289020991391134,0
0.027837894132137067,0
0.15260488809321104,0
0.39662188541138177,0
0.26213730112010636,0
0.495076702784002,0
0.0830004165446374,0
0.04419347697721288,0
0.6989261305484862,0
0.8249566297782172,0
0.3013517347100702,0
0.0281696132872298,0
0.04943389430188167,0
0.00585794161118283,0
0.2412791183631043,0
0.15245504205280253,0
0.04801027690353342,0
0.5790978060549512,1
0.05034826742482365,0
0.1984768722768362,0
0.021641092321348775,0
0.3027060377061559,0
0.09555966551091469,0
0.18533892574373664,0
0.38139345917344036,0
0.022566884083881977,0
0.06079629913978944,0
0.009577502757814686,0
0.11460744589474471,0
0.26774436256049083,0
0.18270774586844357,0
0.8777072949478573,1
0.10773287956790754,0
0.04251774009725303,0
0.8811803292821325,1
0.32129129500468945,0
0.002463490802589351,0
0.4998608459231786,1
0.038866344825220195,0
0.00926056402446321,0
0.022627121342036646,0
0.005023918075649695,0
0.06814816245156269,0
0.27162915246942837,0
0.09050139315167394,0
0.010631460158205968,0
0.11777471138484125,0
0.9133903334704581,1
0.5701211726514356,0
0.023199652841355348,0
0.8247000714445709,0
0.04193492740286486,0
0.849892123780437,1
0.12952921517645827,0
0.030096207354032914,0
0.11992323850171545,0
0.12530712328061067,0
0.07539628202338103,0
0.01275495586929537,0
0.010812949560909389,0
0.12774931131622133,0
0.17812922375347048,0
0.5564330061349815,1
0.07064833044946173,0
0.02005188047178201,0
0.05658703029449475,0
0.04743623300011205,1
0.30066796632671683,0
0.05146074949278016,0
0.0029007350795167415,0
0.03633127643738971,0
0.8791462202239394,1
0.2269437113564443,0
0.1654725828076019,0
0.06733209055033734,0
0.032810330619065756,0
0.0683546045180792,0
0.03503361845212466,0
0.6526362837172416,0
0.058390481621793076,0
0.2040735815135495,0
0.41553009454646456,0
0.08362632296512114,0
0.06033571859290264,0
0.43497833378746464,0
0.1437927871773301,0
0.3210436016809959,0
0.20407886668042302,0
0.5796743086399588,0
0.8662059886523924,1
0.004120188396811007,0
0.12999071764047393,0
0.5689434389647622,0
0.0688842918864803,0
0.06571952477853522,0
0.0661967368378459,0
0.020887538181844058,0
0.013534145933312449,0
0.4526546062142015,0
0.021121847087901692,0
0.05590919134044249,0
0.15093177517302664,0
0.629810553666235,0
0.4577126737938457,0
0.08493446301652097,0
0.026528856821758713,0
0.2788676034677496,0
0.03427878239946798,0
0.13544416407367973,0
0.11652955345088867,0
0.15494283692109376,0
0.009871282892314398,0
0.8770661207287325,0
0.5075866456004718,0
0.5093728531222339,0
0.39263738907514606,0
0.10854112336788645,0
0.4022338831026787,0
0.006368025263663136,0
0.2768572777582999,0
0.026097822455181385,0
0.04927241281224033,0
0.0935988833254649,0
0.03578437641818637,0
0.040357768888415066,0
0.9510948608759593,1
0.04308233173232559,0
0.009778601447507026,0
0.5261066009746829,0
0.8622288584684088,0
0.47657015918964213,0
0.12682956126127337,0
0.02073897153341487,0
0.8698706484581906,1
0.06587278306218193,0
0.7912589692714029,0
0.001737717285707158,0
0.6597352032697379,1
0.06973125131741567,0
0.8415836775696318,0
0.06355431515874664,0
0.3115665480874789,0
0.28753751576823955,0
0.0184532573066799,0
0.08147572307796207,0
0.009213196734154565,0
0.6103950282696883,0
0.8609004297288092,0
0.20176242296495456,0
0.02256315639488624,0
0.03480658960314125,0
0.024632652593624304,0
0.2707233582796976,0
0.049294666127142096,0
0.0005396085063931378,0
0.16898258308296477,0
0.010026117379364697,0
0.9492639805506412,1
0.6080086470427526,0
0.1407660541540284,0
0.38229840334646653,0
0.7036103290749764,0
0.058450880162422794,0
0.018762651311204852,0
0.1736436228643402,0
0.012191455794915571,0
0.4774047625621115,0
0.13402511004861964,0
0.5153351775292686,0
0.06209905307094275,0
0.2287598250410485,0
0.04270025237322865,0
0.021894884940640066,0
0.016498771003164863,0
0.16016352889735422,0
0.07162461092381729,0
0.26005522550221083,0
0.08896225046815222,0
0.0008147450571718103,0
0.10012189276117103,0
0.10440500291659621,0
0.13800938624828918,0
0.058085594145135096,0
0.02514199595385112,0
0.21867733958020794,0
0.0024094333519315654,0
0.8958716729610986,0
0.029027691764381663,0
0.3057387125575709,0
0.8747253260752093,1
0.06944050513813685,0
0.07147002404091335,0
0.3630353882801517,0
0.5995411682979306,1
0.6268168406550938,1
0.07994939765916771,0
0.008659206859428075,0
0.039263362570046735,0
0.8831221665788048,1
0.6771678627140525,0
0.025463229895808615,0
0.021584451815243058,0
0.10207495580956273,0
0.2627758663830351,0
0.024780400032939135,0
0.008121853958189915,0
0.007382817976767272,0
0.025776718180224336,0
0.022577327381409298,0
0.019679059196026995,0
0.041747161819526424,0
0.5039040250314067,0
0.017569816852757998,0
0.9730170091347107,1
0.14269267028861815,0
0.05485674931386258,0
0.09786107660345882,0
0.18950474855151045,0
0.12488855477553527,0
0.05805656505434633,0
0.14412209059689166,0
0.046012985133257064,0
0.038203317115432636,0
0.009513545792535532,0
0.17844872991237043,0
0.03729033337195612,0
0.11515966708015837,0
0.40837025019290807,0
0.4777196132774369,0
0.004525325850059245,0
0.13563640904572985,0
0.0755174644814105,0
0.18740819169233203,0
0.032409260254116744,0
0.1995874659948995,0
0.13969966811165715,0
0.030322967073577504,0
0.07350766664282787,0
0.23131816412863557,0
0.23479721748507154,0
0.07759706021915898,0
0.029116952210183775,0
0.023330137217926136,0
0.08689691059702213,0
0.8665956997160719,1
0.016624145617209336,0
0.00836203980716035,0
0.8274316931259019,0
0.3625514082150127,0
0.41477433750961823,0
0.20090927531818936,0
0.6200683323460461,1
0.05300615219123491,0
0.8397212816652331,0
0.2918668245044393,0
0.15820298792950724,0
0.0780798691613356,0
0.9000092199984318,1
0.5922793776101252,0
0.07120205541607648,0
0.7928213679507377,1
0.3561344807671846,0
0.06509661656519956,0
0.12234131334913212,0
0.25473899819090584,0
0.08298139581713346,0
0.1895472346923177,0
0.1179664187401875,0
0.1437784860551755,0
0.3178416575682619,0
0.0016299798267112918,0
0.281391535247159,0
0.24269212392965603,0
0.23219896293483783,0
0.07698943186215294,0
0.20526463421869998,0
0.9830110321191314,1
0.14886123716934263,0
0.01798843606943493,0
0.13296043685370995,0
0.10997614853355117,0
0.21522083529436953,0
0.35749253628741123,0
0.05546937948279809,0
0.10136085880606659,0
0.30721338495979444,0
0.04073971406375573,0
0.023080288103690928,0
0.17052970851743093,0
0.37523077560360324,0
0.08657178112512245,0
0.008810923067289806,0
0.004952313400752108,0
0.23871726120309597,0
0.9739832448636982,1
0.2167261659334526,0
0.02195672312852171,0
0.42221009939202775,0
0.027686996623352986,0
0.0010513813690869774,0
0.028212561090367586,0
0.21864679267960185,0
0.2924080895326446,0
0.06325278276775288,0
0.5496149216871701,0
0.04536265250626489,0
0.533397624038096,0
0.03307736917869407,0
0.6752898975507311,1
0.06000555636796677,0
0.7516083128964731,0
0.18778021893066982,0
0.009580386388994975,0
0.5025196921817194,0
0.465589372354578,1
0.11839013241705168,0
0.015267948916247527,0
0.022018031324059318,0
0.03103140907735021,0
0.16667573609342837,0
0.027209091255754114,0
0.9271372543215279,1
0.012069256590891456,0
0.01038739323812944,0
0.4328009784810618,0
0.25301464120589995,0
0.0203811618026341,0
0.09154223824268853,0
0.12627058892319504,0
0.062361170806454015,0
0.0003177860238470468,0
0.024791148929548985,0
0.004748351260060069,0
0.024790117366071143,0
0.10120494663636502,0
0.1647881748943846,0
0.03891020757727968,0
0.8138616018392332,1
0.03264444979926101,0
0.004879058269423263,0
0.18656037706748196,0
0.24098966682537198,0
0.3961186692628101,0
0.0007156851117211788,0
0.025448270569233208,0
0.19043935512330823,0
0.06658660789519592,0
0.07801374934530779,0
0.20517076027487416,0
0.0628305792014464,0
0.023632751984651215,0
0.03969182146748558,0
0.020587421898502514,0
0.013068618939738565,0
0.006918305687590623,0
0.0636967038504508,0
0.8513667516316559,1
0.029720074742972575,0
0.4701166398455316,0
0.5550906615018741,0
0.3089537935329874,0
0.9364023925858965,1
0.21085944876214194,0
0.016243613223902265,0
0.01228860358701147,0
0.04752947910560222,0
0.7335287783672727,1
0.2612422510027196,0
0.09830519669895123,0
0.243279840089304,0
0.0035113682229735363,0
0.06931218689713797,0
0.11899260073707611,0
0.8274038736609072,1
0.18229527168643925,0
0.08808483209259081,0
0.00099478559787146,0
0.006005311902959102,0
0.06343559758814646,0
0.6385868754800043,1
0.012217123327399769,0
0.18214430782909344,0
0.5128449808552551,0
0.0214590176174805,0
0.025101883968188462,0
0.06218422965080827,0
0.0043746531921356226,0
0.5680777573674567,1
0.055956271704682335,0
0.005112218875280241,0
0.057640271509807106,0
0.21980501441184616,0
0.27029359783130924,0
0.1262224565951985,0
0.03847078722464883,0
0.130234540935893,0
0.2530080389612405,0
0.6130092534832797,0
0.2820347637471788,0
0.08135978242700302,0
0.5874213865117459,0
0.015319817233325364,0
0.00647344387851895,0
0.15440011134277465,0
0.09149334348036725,0
0.09049649039116144,0
0.2853634410061396,0
0.014999860955546791,0
0.04069492055886787,0
0.8470744758965806,1
0.4991222250544849,0
0.01898329110564056,0
0.8979149376922837,0
0.08136915185690584,0
0.06317409044794275,0
0.6613314273971765,1
0.027779135730473442,0
0.8301879495132469,1
0.38295011925411776,0
0.11826758200097848,0
0.024849574193306353,0
0.8245769873749724,1
0.10239573209540288,0
0.26255396194520714,0
0.11955506586915687,0
0.1294830067766688,0
0.005820045344919888,0
0.45915321975354195,0
0.3020581348604605,0
0.044741023265278956,0
0.54108853128122,0
0.015830872710224753,0
0.5109462917968386,0
0.05333587825557695,0
0.0029553565307948015,0
0.3624352885061681,0
0.0822057836833182,0
0.0027989383909416106,0
0.04077034401565788,0
0.4855894550226855,0
0.22989010316974096,0
0.03793261970363849,0
0.011198648867055527,0
0.0781398647155703,0
0.8862218564825609,1
0.00267058821521262,0
0.012227264645112135,0
0.0035663890181432145,0
0.004273622380871495,0
0.058506920204928384,0
0.9669612458781165,1
0.04985306570088046,0
0.3140496590775363,0
0.5707064209688395,0
0.05656644417952435,0
0.2854900736340098,0
0.07215687148272519,0
0.010241224691599892,0
0.05518220877748093,0
0.034327735454085566,0
0.3893860853188392,0
0.07632813161090707,0
0.02162488618322408,0
0.28893370024410175,0
0.001449457498508449,0
0.008368808711579242,0
0.9176976107034343,1
0.4397665792085806,0
0.6541532721385628,0
0.03718924598173336,0
0.27508104130198957,0
0.22694221647781102,0
0.03511958224244297,0
0.07964316996775979,0
0.0027366015785993663,0
0.014882286137932096,0
0.12529673976389905,0
0.006386647386867202,0
0.11005999063729051,0
0.057193788388523854,0
0.7998803536008793,1
0.14214028269605442,0
0.2574006699997448,0
0.5340951264038091,0
0.27530120207440895,0
0.002693132715110127,0
0.38108010996740044,0
0.03159807957655193,0
0.02479796967434963,0
0.275452433314758,0
0.02664424447036362,0
0.0013955239302977339,0
0.004487634977122099,0
0.6404243950605906,0
0.41930653285618963,0
0.013639970212617132,0
0.927504500518618,1
0.41623853989178644,0
0.6865660523519325,1
0.036991592604106394,0
0.0042230328278522475,0
0.07333794688556963,0
0.9285544134475427,1
0.3651514321904974,0
0.022220850317824507,0
0.03241246120635135,0
0.0633591992808737,0
0.156360498598862,0
0.5918760115391735,1
0.4892970134298856,0
0.06798983965843232,0
0.06338229099762926,0
0.37358389860203023,0
0.8830128373936498,0
0.46839119723579103,0
0.0040835675602176056,0
0.5483665438644799,0
0.0006397828645556835,0
0.40717668645102034,0
0.006622904776785177,0
0.13063308772656876,0
0.03240087713844693,0
0.5827838440086024,1
0.3644051725544151,0
0.023368573821383198,0
0.4364966433341302,0
0.16550804603643696,0
0.4912658649529293,1
0.593405779728125,0
0.03440505949422711,0
0.09946609459800541,0
0.013758545135093088,0
0.0515233009044123,0
0.0330224113982986,0
0.028653981660557708,0
0.6716403790234117,0
0.16625678652729933,0
0.06259584724446389,0
0.41115129665295735,0
0.06598587094869408,0
0.025193415574512188,0
0.0016148468512473433,0
0.8319329006146432,0
0.0054597324967069,0
0.4219523655687967,0
0.020513958590950784,0
0.18015475243118712,0
0.025081090850941568,0
0.3389397293527384,0
0.4278317714325484,0
0.01127781862124569,0
0.020889387886239553,0
0.5186702447558154,0
0.5734796298656503,0
0.03234090476006539,0
0.028740597543699047,0
0.1278225623534852,0
0.11691155309667431,0
0.7784712804539623,0
0.010350627391071916,0
0.3805733594426119,0
0.005403902561056811,0
0.003607996502311839,0
0.1558633254658238,0
0.004282995681865944,0
0.04324429521572026,0
0.07141177362766346,0
0.0049865153620055475,0
0.08520756063525929,0
0.4079570412853173,0
0.0687190338289322,0
0.27110743651607266,0
0.34264009249799215,0
0.20822818677637842,0
0.03303280376350256,0
0.00811507646897628,0
0.035553338091101845,0
0.5597475997358309,1
0.8430143734489711,0
0.13079993482611438,0
0.02115035852850695,0
0.00830949383487587,0
0.13447928527652245,0
0.05126198577075092,0
0.2914190895565261,1
0.0016553044055039772,0
0.02801477538909639,0
0.0015683046465083583,0
0.1789126005355183,0
0.08027839948624386,0
0.14814077755469304,0
0.4629249348290861,0
0.09503861794030699,0
0.02560445569680543,0
0.13633348697494815,0
0.1652819914224616,0
0.32567588375164314,0
0.07828194266669362,0
0.0005905699442661702,0
0.026495077393818137,0
0.2146657351728101,0
0.10503911388890078,0
0.13790709297745077,0
0.11941122920538869,0
0.12951784808244032,0
0.06939602908700102,0
0.4355777964836235,0
0.022513905753125663,0
0.8584853288127773,1
0.04509925823733412,0
0.0072930056249948085,0
0.009929061952217122,0
0.7791216720015667,0
0.6039524189171508,1
0.5745241690047823,1
0.047998072941770796,0
0.34640625477259923,0
0.12520505736512905,0
0.05703340288906588,0
0.019693332959883736,0
0.41514529617620805,0
0.00981276137692461,0
0.02215129773476348,0
0.1717458910808433,0
0.025667150274838228,0
0.8764544070724607,0
0.05079589801826055,0
0.0034980863066435297,0
0.8408102008202591,1
0.07086495294738217,0
0.01823417431178937,0
0.050797346678579845,0
0.1788374570258814,0
0.0003933859590013938,0
0.028532766317092305,0
0.5331351110756674,0
0.5707983836094213,0
0.07660925749155806,0
0.1500148930445852,0
0.22582997546585237,0
0.8759995984329426,0
0.5533204391848828,1
0.27240574323453876,0
0.0005322074021496961,0
0.12222301972575021,0
0.10001992018457825,0
0.15948756388995333,0
0.41493019817765864,0
0.17702893819094082,0
0.13270168364520205,0
0.0754335688041218,0
0.07883274146668422,0
0.1987508070757817,0
0.3418912118673348,0
0.004600037631981673,0
0.0452825759147332,0
0.3714415561611161,0
0.00520257203688903,0
0.41692850266315157,0
0.21760402107392215,0
0.012475356477631084,0
0.03364472623080175,0
0.1663650043610644,0
0.449969677664945,0
0.00023609941029911912,0
0.040917902619752256,0
0.3851323992204515,0
0.06906463880098263,0
0.060518115967689676,0
0.6314830495218103,0
0.1890069767403306,0
0.043530524730661484,0
0.020202162629847156,0
0.007379276763694442,0
0.007237880928144499,0
0.013083616109755707,0
0.005641396996834043,0
0.29852341522836684,1
0.03555165896770751,0
0.24374519515498175,0
0.008879967620432657,0
0.1846244592429911,0
0.13594993811400796,0
0.009804008181067666,0
0.9600802019819651,0
0.7631598956929231,1
0.4032585510774689,0
0.43453458815583096,0
0.01429472784984932,0
0.27040580934269365,0
0.0912432034260847,0
0.00288478858988236,0
0.005468035580816265,0
0.3886165717301249,1
0.07990562015373363,0
0.003675344133068179,0
0.4838725245529156,0
0.015703331228515326,0
0.29108381039830966,0
0.12041460640352088,0
0.0007508813517490448,0
0.0016280954962559471,0
0.22962654779580594,0
0.030767237961669188,0
0.08204137293323598,0
0.31971051948418105,0
0.3576054034830612,0
0.43737809978390485,0
0.08860829661313877,0
0.2981303535907936,0
0.22257230114483328,0
0.12021448915807535,0
0.15196909112718104,0
0.0012043091266901048,0
0.7416053071367098,0
0.010197180804814463,0
0.7696168697120959,1
0.16644728230513756,0
0.01761018326957236,0
0.050572775774921294,0
0.024340481665587325,0
0.3076918388555566,0
0.0044365964149539186,0
0.6491519638479757,1
0.31284590697522535,0
0.11712298670585573,0
0.020473936185482357,0
0.22459904371696066,0
0.4995736126497187,1
0.033861541659505806,0
0.09259737006639751,0
0.05762988077623596,0
0.5743465164552845,0
0.7265394816783836,0
0.08644150970623146,0
0.07506641558968681,0
0.00642391592054476,0
0.2015212283480888,0
0.02910816434099222,0
0.00039806300614482563,0
0.26430391293081257,0
0.029414863836080784,0
0.046982866392147035,0
0.006253567394083388,0
0.3221400034098058,0
0.013659430534501653,0
0.17716428809014836,0
0.1338631023793483,0
0.1835746797998775,0
0.2266890622805311,0
0.12306621791666816,0
0.10587975470111166,0
0.08606081961431239,0
0.5469906250151274,0
0.0009632544311843208,0
0.039608844201095506,0
0.08825927653305321,0
0.2330961563818994,0
0.019708114061500803,0
0.004520843569699675,0
0.6449795443839695,0
0.03433259056705086,0
0.11184773530731144,0
0.015801748588814196,0
0.8183491129917505,1
0.04985281079244857,0
0.26057922935597194,0
0.08613083541456362,0
0.0075573283039440066,0
0.037034895743938444,0
0.2718542188484039,0
0.10198139117176976,0
0.13002481673392005,0
0.7891619297044649,0
0.05313254895485528,0
0.21824324766507916,0
0.06835183354921733,0
0.03678592802588928,0
0.05446929247261952,0
0.003306144994358024,0
0.5044710819663513,0
0.050715305235488464,0
0.020912990110436326,0
0.7039542748375205,0
0.07358659379963044,0
0.0763216985020861,0
0.004510429129124652,0
0.02884498224318081,0
0.16198684260287824,0
0.5519792023184784,1
0.4267092765173099,0
0.2541037519518268,0
0.18907947757866989,0
0.22159057626513237,0
0.026416072700786403,0
0.07238122280128366,0
0.012854870026729555,0
0.03174501267823102,0
0.5602656290165456,0
0.28217881998244976,0
0.5407565424588328,1
0.2070131785709063,0
0.02823046922692859,0
0.07629952084844471,0
0.2527643374653621,1
0.005256734201037559,0
0.441334804001647,0
0.014665691322151361,0
0.0165623609838704,0
0.8298234948070295,0
0.31224050076286336,0
0.04653378307380025,0
0.02931809256547354,0
0.30568191797109906,0
0.015938815867662007,0
0.06621635577562517,0
0.20386969656896606,0
0.15789471596997717,0
0.05802342496222213,0
0.12482939567813656,0
0.11438838237501527,0
0.048618131894936134,0
0.373527429587477,0
0.39602658479831526,1
0.004558924899998543,0
0.1711435518758647,0
0.6098700295259538,0
0.0025218248461849314,0
0.6886855944311583,0
0.09729755963047927,0
0.005124643736045378,0
0.49134670779489553,0
0.16497673173391686,0
0.17790131317994273,0
0.1421760085428761,0
0.06203694386162187,0
0.24339018787985103,0
0.06258257163615111,0
0.022512394611879625,0
0.04221718934839891,0
0.04681878407727605,0
0.12640999900925984,0
0.7098366217616776,0
0.4292404983396815,1
0.014512979149552517,0
0.13082027978946775,0
0.29373525190450334,0
0.06242928384336411,0
0.26151389598825125,0
0.003343694799456633,0
0.6192835160767325,0
0.06962337437541935,0
0.6626432144036716,0
0.12420920420071195,0
0.01648153838737807,0
0.01152056788636653,0
0.011219779717358196,0
0.02542443096964148,0
0.027158124714949446,0
0.1824274712047323,0
0.7102398998250883,0
0.02200293444779325,0
0.014480830497883854,0
0.045148789072383434,0
0.43642504533670645,0
0.25572996158000944,0
0.1523018504451085,0
0.13920671857834122,0
0.14960866448414764,0
0.11292326597590657,0
0.243647337213448,0
0.8255526613015227,0
0.011859764240181004,0
0.023135067796707327,0
0.031594594406770975,0
0.8856788589160605,1
0.005814430499735193,0
0.05019501664438965,1
0.015166802374046046,0
0.1526489890297348,0
0.8884234105789764,1
0.027986055500641205,0
0.09313353249251848,0
0.08400525541514864,0
0.003065406171593178,0
0.08664828878414813,0
0.029252780788203536,0
0.22963342465309391,0
0.9128019822406401,1
0.000573297197705118,0
0.24777317277420363,0
0.10226285718699585,0
0.19445211918963182,0
0.020726355914474276,0
0.027147546119850836,0
0.7316306978026024,0
0.0445652707356162,0
0.020356940563582473,0
0.011774036476663318,0
0.008670173453974427,0
0.053378728243864096,0
0.03295982678743488,0
0.0017344185365105729,0
0.8945189107655721,0
0.025477618930779457,0
0.006566360086907126,0
0.24209514693756468,0
0.12169770042035835,0
0.5653030221836005,0
0.2344140812583305,0
0.00425885709536338,0
0.011561622782986959,0
0.07708494146904558,0
0.7063347434578465,0
0.033575290997198096,0
0.9627245768498836,1
0.035105382096377896,0
0.43830094185293983,0
0.07220542089046728,0
0.8880669717462363,1
0.018252052923128773,0
0.41095024348799264,0
0.04890600560442778,0
0.2968358181225937,0
0.03467346677157317,0
0.5328615179028319,0
0.4669831597964881,0
0.03917089134053976,0
0.2925108947714482,0
0.06690766320913245,0
0.053242131428115624,0
0.7440105877395191,0
0.7887684295726317,0
0.05511244223257849,0
0.04650045494285236,0
0.41451647085078047,0
0.0063070748609788405,0
0.5379937910260397,0
0.04454890598993512,0
0.2630844623497896,0
0.6016707584671361,0
0.3050281993220652,0
0.8779370437644209,1
0.039448904298575435,0
0.31385934919247654,0
0.7467139939118997,1
0.005963550465068071,0
0.4030475675703231,0
0.5501673313619937,0
0.04525109780549927,0
0.08328752481432618,0
0.32312411753704035,0
0.024885920738763022,0
0.804390002435914,0
0.004625696993399176,0
0.07927045199356855,0
0.38742554514570937,0
0.45287340370921714,0
0.011172829922544624,0
0.01582547130486011,0
0.376458614565079,0
0.029996817134432478,0
0.043280218577234124,0
0.21713136278560424,0
0.10911758941632975,0
0.2915636974366464,0
0.029942337194718633,0
0.3168157363482152,0
0.28205680586236787,0
0.0431330285873909,0
0.19256454782842805,0
0.043993227716022786,0
0.13408795625227793,0
0.05201277877721583,0
0.3683404015808546,0
0.02571919132275191,0
0.22921940004169747,0
0.7500425905499511,0
0.028592257129546918,0
0.400737863095962,0
0.8626141696346261,0
0.21088632755003206,0
0.016805891319084096,0
0.09020824278671986,0
0.41067956899588653,0
0.025888426835924776,0
0.18923749701140383,0
0.013923493221753574,0
0.2934939627099582,0
0.6869118512636128,0
0.1136519796929902,0
0.24326941473478172,0
0.04985040653578766,0
0.009361915494700125,0
0.38293991185302745,0
0.8961157290196794,0
0.46942590332533446,0
0.0014442269490264387,0
0.08807690731871036,0
0.020634999217488764,0
0.09854065584772861,0
0.026459235628522038,0
0.08064072585110756,0
0.005580511895737688,0
0.11617003349304965,0
0.16337601450035807,0
0.34789886456010144,0
0.02736354581815754,0
0.23238919742438469,0
0.24149460628353475,0
0.6631867782042378,0
0.08934265150944475,0
0.6245238027399465,0
0.016782340333916217,0
0.003632887791118439,0
0.18902515075403264,0
0.673630729850154,1
0.1901934015355569,0
0.0023321464553228747,0
0.06975384321460078,0
0.08891076679867418,0
0.3279582075467626,0
0.22695849143629676,0
0.2379400856662668,0
0.22447412324455393,0
0.06960548793645296,0
0.6120146057249252,0
0.030662555763744413,0
0.023952518309059284,0
0.8164529500302178,0
0.0017607578431252122,0
0.012596501628436466,0
0.0033255661195219157,0
0.8395388855029462,0
0.2836383494327027,1
0.6122898387500427,0
0.1044142492386482,0
0.4210365940756881,0
0.017431753209103326,0
0.015686070012173252,0
0.30147270816489397,0
0.10141139150634938,0
0.7735593919333229,1
0.4950265492874783,1
0.11487454850499805,0
0.8119393572354328,1
0.6500982522513212,0
0.11579630565471863,0
0.14405497875621168,0
0.028510515187738835,0
0.21166908401650228,0
0.3618573873173946,0
0.061059830327243936,0
0.7520873875684817,1
0.5426362648797122,0
0.2627487133412596,0
0.07313939367816916,0
0.00041488941317954753,0
0.1999286612475998,0
0.0014156348894231014,0
0.7789698657426207,1
0.1240600005111504,0
0.5311159757463821,0
0.011072838487485576,0
0.07612484300571938,0
0.12604200839600055,0
0.5747137185650393,0
0.023101769387109238,0
0.11824735136220221,0
0.36837204457683415,0
0.3591114437461437,0
0.19523720884603635,0
0.0376620708113173,0
0.09091494862797724,1
0.015373176774252947,0
0.10062423247033113,0
0.15272069584265754,0
0.006581127371941787,0
0.0027184732352943815,0
0.20351440329779474,0
0.4543907961839949,1
0.48865143708820385,0
0.18350453678125198,0
0.18486532540719022,0
0.2607426318810731,0
0.1336990037378418,0
0.04367022281782224,0
0.6475985132986302,0
0.021773128465026822,0
0.08425599543480146,0
0.1466778290700859,0
0.434209654893276,0
0.005001579193972622,0
0.20040450811336444,0
0.025377493789975506,0
0.05371945712070786,0
0.165901020189837,0
0.026461830571064472,0
0.08286788431013213,0
0.1332088645138889,0
0.1882058363374324,0
0.4784803193697767,0
0.011225114907108253,0
0.20839801356672571,0
0.07584182503627385,0
0.03722147691440467,0
0.10184951245503086,0
0.7275679826076161,1
0.08570533559620165,1
0.006422284071708859,0
0.035352120058693266,0
0.07815029724430267,0
0.026493520299099335,0
0.20537112710551172,0
0.025132668331557646,0
0.28214779936474665,0
0.025543371752148162,0
0.073640930910247,0
0.13710674391395278,0
0.18351185204576115,0
0.5729024713646383,1
0.0016426670000169333,0
0.12269370492162988,0
0.11378050797449744,0
0.09210129990150155,0
0.041233948184189864,0
0.07538004362861844,0
0.06661359394361432,0
0.00672714852545357,0
0.22240600292784046,0
0.2115123147935588,0
0.1578861504988186,0
0.5325102252442425,0
0.6018455465132293,1
0.029634565206185844,0
0.1577308460119525,0
0.3075658646917881,0
0.7544047575965618,0
0.11080672563587486,0
0.780340364669648,0
0.7037685487389485,0
0.31967843098472193,0
0.06788498634288717,0
0.23391647880349406,0
0.049601027001693894,0
0.07593405832669176,0
0.13851374849127898,0
0.018359885602649062,0
0.013988096768118782,0
0.18723167767111382,0
0.4777083864370958,1
0.08381319458218657,0
0.4338776995012921,0
0.008163212990260819,0
0.011051303914552972,0
0.08647009732504879,0
0.47124191089343376,1
0.0078704119587411,0
0.8325902566042823,1
0.020084220897368308,0
0.03532933753550296,0
0.010812347669829402,0
0.006597103837584643,0
0.0011454743695376583,0
0.10164824864629977,0
0.6041460147938609,0
0.07289485705878346,0
0.1221105948539818,0
0.06754509977776557,0
0.5425002082268939,1
0.4884501504867946,0
0.122423520809474,0
0.16522645933286778,0
0.402075222759508,0
0.19445703672631545,0
0.23574431969241405,0
0.715148290975668,0
0.11000326453366674,0
0.04245789997246878,0
0.10930774357125607,0
0.008588536674213904,0
0.2646044128151589,0
0.0499962058654705,0
0.09519141042320249,0
0.16590136625715227,0
0.11235096521301707,0
0.1830952587429287,0
0.18343769724304804,0
0.008120896883706768,0
0.04134953747993989,0
0.014376078640654308,0
0.23295178325735413,0
0.005757033071705716,0
0.011164172263196622,0
0.00614497373037119,0
0.05466751212266267,0
0.02660213898083568,0
0.4286301232068097,0
0.2593622973135676,0
0.6749607048544677,0
0.4697489142440362,0
0.030204156045934367,0
0.04288708047108894,0
0.02406929902895527,0
0.011044218599788583,0
0.8405133533971679,1
0.31118003086777474,1
0.6236751394208649,1
0.0186176998530084,0
0.16891075988283688,1
0.8154614497020527,1
0.8645089685225608,1
0.09019959850957911,0
0.7440225000015973,1
0.2975488065753314,0
0.1533540002989497,0
0.05585542244329308,0
0.5471169992649759,0
0.31872261024520315,0
0.0074558760161285076,0
0.016658341478980165,0
0.7901569773503343,1
0.33744008117676555,0
0.6916373904060686,0
0.009532841157537907,0
0.3775536371712735,0
0.005552080190406846,0
0.02617740597339115,0
0.08974215325940009,0
0.14698994355616854,0
0.047890695697137275,0
0.06905885085047805,0
0.3429681419504963,0
0.3452986583266161,0
0.16438844532363192,0
0.011664027343898483,0
0.010464492369357864,0
0.19885217443600356,0
0.950555463474831,0
0.6379022318144771,0
0.4936846641808389,1
0.07049046694151674,0
0.9082634997460428,1
0.40139482278748334,0
0.0064141928810613254,0
0.11550207983491836,0
0.03633208647249939,0
0.01387303906386951,0
0.2411415550510537,0
0.03945310838437313,0
0.5716214795178601,0
0.39649229886616577,0
0.0024946961712541743,0
0.10150797254816439,0
0.05401765410688739,0
0.4004036912910963,0
0.04992452101550279,0
0.8534118546312035,0
0.001801205914136558,0
0.20069785508697494,0
0.06015581398977078,0
0.053888902658940536,0
0.08302921303029928,0
0.29290696782884573,0
0.13726156293633276,0
0.4435931828815039,0
0.11765123084944705,0
0.08961710851153934,0
0.015544041266051583,0
0.2541662744830321,0
0.16787310542517964,0
0.03281862693045104,0
0.5819215564893668,0
0.02745222597964849,0
0.003505140098298975,0
0.3033589331707018,0
0.09431458176265119,0
0.009603951289865052,0
0.1834162914170878,0
0.14699325594462018,0
0.06629602897187609,0
0.5823018036727484,1
0.007707028854549014,0
0.3197790523829527,0
0.16502873436995757,0
0.058129547500748925,0
0.026363590509785064,0
0.26925737193323485,0
0.026583766606023667,0
0.32879441083917993,0
0.3684365061897359,0
0.042402868214701704,0
0.08206040734140245,0
0.34463311398676083,0
0.21579955124338723,0
0.02567623831299001,0
0.892315961883155,1
0.6859545618093253,0
0.01681795566848349,0
0.4110468621577458,1
0.0635061472267557,0
0.05477820360072515,0
0.2763983990096981,0
0.010888379874718588,0
0.015247595801346655,0
0.022648143712152752,0
0.0013684818460521805,0
0.09011429853728485,0
0.08052390266119927,0
0.13315170656993552,0
0.08993278517130208,0
0.13313760827833535,0
0.3066374068855757,0
0.02064262903711662,0
0.12124040832584931,0
0.02417890898272278,0
0.15359313519405662,0
0.033848620552598976,0
0.20007947995338057,0
0.001397252533126641,0
0.35623253253314613,0
0.14480556235020958,0
0.7897906986656009,0
0.6713324179207111,1
0.027133842670876887,0
0.24740547844715166,0
0.006860704797760967,0
0.027522155745266865,0
0.5388707926262714,0
0.16900546263145716,0
0.5312061843761807,0
0.0162957750426987,0
0.10924010687384597,0
0.0019113983766909511,0
0.6012585662845723,0
0.05022747390279638,0
0.1949420982325323,0
0.0770589371843378,0
0.02360296328941475,0
0.2938242250852437,0
0.00562888531444955,0
0.055136877575202824,0
0.09203285424405658,0
0.09649896103986846,0
0.06131315569987366,0
0.23697446571221395,0
0.15006680400025338,0
0.052756440332394725,0
0.8513792048642498,1
0.21208640049118815,0
0.0026641845626471073,0
0.23759543052570936,0
0.9361850840220849,1
0.12449777671357248,0
0.0643205125833087,0
0.7542984004902904,0
0.06129089646923536,0
0.903147200802915,1
0.1219801202969723,0
0.09644940962630308,0
0.040744417333896096,0
0.007991487008842967,0
0.030619030151147152,0
0.17053551563482056,0
0.027276726170252355,0
0.3515035734495095,0
0.29233488092440546,0
0.030497007796919415,0
0.07441446549787248,0
0.2635131010657491,0
0.01868521399791579,0
0.2127752316424777,0
0.6066667178303883,0
0.04516011763789557,0
0.04397769121323205,0
0.05290389802796248,0
0.01234235208823542,0
0.8978805700833422,1
0.9143889605677069,1
0.27731425686887373,0
0.08007714897849552,0
0.13675624847546014,0
0.9207277747206387,1
0.009850508437060174,0
0.9006263163542756,1
0.011149982824425272,0
0.1206962865508651,1
0.444919116241845,0
0.023980996859484443,0
0.4883164049619679,0
0.4250641515934771,1
0.01809600074909974,0
0.6339096611222315,0
0.12945663887897493,0
0.004856575952595685,0
0.1279128259576749,0
0.07798835939586761,0
0.03309146092809512,0
0.20440832871286246,0
0.01177463701167926,0
0.30888478479559406,0
0.0457985224058781,0
0.13473060691770142,0
0.012711661647112663,0
0.41551084723818615,1
0.004640992953808039,0
0.5840317476609368,0
0.1239963483407967,0
0.03903604309085012,0
0.8839349893087741,1
0.5749213473095393,0
0.007607027447250002,0
0.04030944316268201,0
0.04370548806284145,0
0.34534719947923453,0
0.4090475092912658,0
0.030554101485243765,0
0.026466498945579016,0
0.08127635188118326,0
0.050897438100217525,0
0.026776569454965485,0
0.09655475481687768,1
0.00907231019634983,0
0.0021663250921504654,0
0.0012930741907026498,0
0.9081398575211267,1
0.11313185871067188,0
0.42713448015240746,0
0.3926492657977498,0
0.9435244326752886,1
0.22218211896462176,0
0.015521280984187029,0
0.11017678896866488,0
0.13890912289891894,0
0.004941623796272946,0
0.7737971922628119,0
0.013127689515060314,0
0.5380951235012001,1
0.03640927026729306,0
0.019647729615947965,0
0.015207352286351436,0
0.14486527819945275,0
0.009011157345948782,0
0.09893609049676251,0
0.014578456127072184,0
0.08695973376514707,0
0.008721984312027852,0
0.38487445669439246,0
0.16681955416476196,0
0.05349658963722701,0
0.31361422141146145,0
0.5659686786933609,0
0.015517833387428188,0
0.5547178661264639,0
0.008870030511441666,0
0.08289212522912259,0
0.08332034245511526,0
0.29259946585861674,0
0.0011202142197608385,0
0.001958003861837128,0
0.01297382431916421,0
0.25322565096860555,0
0.07495206064237545,0
0.029893544102014842,0
0.44376860322035705,1
0.07370382587106605,0
0.9089780121384268,1
0.07217292263943988,0
0.6473942590395537,1
0.46673101614446383,0
0.21132420697943136,0
0.634567879430251,1
0.4157044004441951,0
0.07262344581359935,0
0.008663829740656374,0
0.8404303235882012,0
0.8461171597745976,1
0.367430490752329,0
0.088222727827461,0
0.04281475667371335,0
0.1212255921665083,0
0.100657801373382,0
0.005059273281233815,0
0.00481933034286432,0
0.8448924817428899,1
0.24899029333909575,0
0.02583627978036123,0
0.5773814293590912,0
0.05845503860070455,0
0.01822535676938071,0
0.003894855535187989,0
0.5017963809768262,1
0.024691585933926233,0
0.009600830659178706,0
0.8211066160414603,0
0.518896834044429,1
0.1251603111136621,0
0.6416798542432156,0
0.5985045761076786,0
0.0035332410663880412,0
0.8712809637601097,1
0.1385041894631887,0
0.10481395439074902,0
0.03319347464804389,0
0.1649525904445673,0
0.0013397476414459073,0
0.04724710290384922,0
0.10123262382947558,0
0.2756853429259063,0
0.08706519474597907,0
0.8224869801130932,1
0.054126645893747695,0
0.9062727972661789,1
0.8639700109772737,1
0.05575853169278321,0
0.008562062387524,0
0.3072437974778456,0
0.003773408376181247,0
0.023755194169601066,0
0.4839620580577924,0
0.09347518862385297,0
0.0005449976784003504,0
0.06715896410121036,0
0.12492198547363169,0
0.3394360517524538,0
0.45175386443161397,0
0.01745603268045345,0
0.7655716068188241,1
0.03804304575763769,0
0.39641620975785014,0
0.0072955343464844585,0
0.009604945193348147,0
0.12915818114950833,0
0.656657701316322,0
0.9175920724636415,0
0.011648920066521127,0
0.07562873721904587,0
0.06527682393044033,0
0.008861615857175181,0
0.06636874053825778,0
0.004154954618659487,0
0.12795229748429834,0
0.06184787651308368,0
0.6282202258898469,0
0.7712808952111718,0
0.09525726506427348,0
0.4136001105398869,0
0.008885362790935701,0
0.553150258788069,0
0.18652063529460244,0
0.0704711301498988,0
0.07766671423950941,0
0.05352635210643692,0
0.4834888528898665,0
0.019054421698842368,0
0.14082420134353157,0
0.032238557788702896,0
0.003571656030591882,0
0.7422514443440497,0
0.6353997164237931,0
0.03443565410442334,0
0.02437872342014057,0
0.1504706131505237,0
0.06850524446100414,0
0.07446393750078874,0
0.006696659015068251,0
0.22368451420646762,0
0.007452661708674141,0
0.05265309693278723,0
0.0020263333831135977,0
0.008550667990272319,0
0.16038317934480303,0
0.0734387991859076,0
0.05913977790185435,0
0.036028898560767644,0
0.17056963235472264,0
0.03000375544401294,0
0.09030837725025218,0
0.09774843505409522,0
0.1819612007732684,0
0.010730976793922173,0
0.5226038981104819,0
0.5383954560171823,0
0.4695030285838018,0
0.5248515335704957,0
0.011046258076408367,0
0.009076591555110978,0
0.23781544496130186,0
0.11536966612389532,0
0.3736241324551961,0
0.6724103600290163,0
0.003857187036531371,0
0.06937039644500186,0
0.07634730227470825,1
0.4508129824567864,0
0.022590517054737292,0
0.2773851267925567,1
0.8358899334158507,0
0.010308385296104608,0
0.36128215882218384,0
0.21514587707630287,0
0.1572300033774897,0
0.20149772761994192,0
0.22653446945406305,0
0.08205314972608888,0
0.24038381418779964,0
0.1821885245265186,0
0.40016500457100224,0
0.19873985432404687,0
0.17248864555007679,0
0.12143987253663474,0
0.2411991709094522,0
0.03213521066242921,0
0.19205731665974374,0
0.19513131388538946,0
0.47641542410935955,0
0.2476131418041874,0
0.11935944708694532,0
0.1703147103674006,0
0.29486365551170135,0
0.033427781992812794,0
0.24863287193226075,0
0.33351907655123453,0
0.6590187826217156,1
0.004822764818990669,0
0.06029565230093228,0
0.013365993027773197,0
0.00048810015996378456,0
0.25994858014602207,0
0.0035644531962252335,0
0.053566985810874705,0
0.013981205553633053,0
0.36712206196886044,0
0.029794194016814535,0
0.1997706550835504,0
0.27066540123510924,0
0.003362111275303485,0
0.4369606518676131,0
0.024990323309335198,0
0.48278817004860203,0
0.6042999302584819,0
0.044486197335847195,0
0.41240238532725304,0
0.2882445229103878,0
0.11190475672006372,0
0.21557524205223522,0
0.1549587492342975,0
0.000744888066256776,0
0.0013287433927430489,0
0.07319761848073593,0
0.09381423438619049,0
0.08143292483866364,0
0.8505648241011644,1
0.01726503971996742,0
0.12026587146016178,0
0.004522291314138534,0
0.397701347731459,0
0.26419982275873133,0
0.15809001904051692,0
0.13862073793812743,0
0.26020248224632664,0
0.7617116451386576,0
0.0841217535538443,0
0.013324531251572591,0
0.8196295001312637,1
0.01477113683221227,0
0.23951846031611312,0
0.5867733084395879,0
0.01173494868175021,0
0.4746285046584234,0
0.35492762931879024,0
0.0009319426813302235,0
0.025931846565481982,0
0.08577067350653744,0
0.25395738569260967,0
0.08104670186294421,0
0.3394474566716773,0
0.05694798560455808,0
0.2042597832901407,0
0.14393821468103585,0
0.21808448202966177,0
0.1933873147554125,0
0.11785127817457083,0
0.23853562583342927,0
0.8049650124364327,0
0.12599015006864955,0
0.757416844861809,1
0.18961145533818785,0
0.24228174216901618,0
0.41292862645063766,1
0.09244004467470207,0
0.5034935857652577,1
0.12099127876833278,0
0.6635301935915779,0
0.003966463970324144,0
0.19372710399378604,0
0.21580743466054111,0
0.0016700091074367937,0
0.17353127673460605,0
0.9002932537477413,1
0.4349141120106749,0
0.22128739953749582,0
0.0011617279542267905,0
0.8402600675098656,1
0.5081178898252156,0
0.5978283464062358,1
0.1911867333946841,0
0.1488179856583299,0
0.010974642253930623,0
0.061003061432881006,0
0.18004253951583674,0
0.03323144579366638,0
0.2758797648743696,0
0.855493505295858,1
0.24093149457865418,1
0.002103854869161572,0
0.36664033669332374,0
0.03207528770382278,0
0.7932989335928798,0
0.4737522350629205,1
0.001941675954823688,0
0.10170375992418915,0
0.10155122145597778,0
0.26632464503591685,0
0.018678108508822705,0
0.032958408290377085,0
0.12058330773880846,0
0.840138426198746,1
0.4370696241182413,0
0.0007038716207291394,0
0.6044298987258708,0
0.8221898861236735,1
0.04468219037377294,0
0.0013037084250924916,0
0.0820672263044801,0
0.40737525241687506,0
0.08339900589095474,0
0.04687838550938343,0
0.06542162495606868,0
0.278687351180239,0
0.0028372149972021453,0
0.13433232225899783,0
0.015144871869147468,0
0.23296174753930157,0
0.5243218951401067,0
0.11350590868361139,0
0.028123916653760933,0
0.36074580655134886,0
0.4336442531267636,0
0.22516533220960186,0
0.009716823867541548,0
0.908257766548823,1
0.042147237363476545,0
0.45253217916060995,0
0.3064633730286156,1
0.05436850443454498,0
0.29855235572337846,0
0.029749135229181153,0
0.9336441886104414,1
0.9593818925556769,1
0.10474255477580556,0
0.4246667404733303,1
0.10806370821311201,0
0.0040755188259544006,0
0.056802506659189726,0
0.501059573672577,0
0.6707888714825879,0
0.67396029663294,0
0.023917629319158713,0
0.024537181685381448,0
0.11836104385382898,0
0.07868069304116894,0
0.05196371307771173,0
0.5000149098175417,0
0.02146261036659641,0
0.07012254930512299,0
0.047862854517176694,0
0.05033905017997591,0
0.026375656036677776,0
0.1585783237573812,0
0.09243564072210324,0
0.8048797193530518,0
0.5169463994811494,1
0.007349935144246156,0
0.1025363382768179,0
0.5376843146624433,1
0.0006674185689230869,0
0.8520440641916126,1
0.08777134401205337,0
0.015301494787524995,0
0.4128943560662862,0
0.7857598447904062,0
0.21968614368922684,0
0.2894614019630709,1
0.016267736375680332,0
0.12992681817817803,0
0.15193334444411521,0
0.4149130623361695,0
0.1560734543392438,0
0.09279109682762247,0
0.16297911492905365,0
0.0881765290779057,0
0.08220936414181329,0
0.05526629159120401,0
0.18750504711845492,0
0.00011617461991119492,0
0.1267871329928563,0
0.06460626244648149,0
0.5346785347489974,0
0.019771253160749302,0
0.19832649954025416,0
0.15467713906948125,0
0.001497527204119908,0
0.30945539862580845,0
0.08031565626114846,0
0.30936058224245494,0
0.003817029454684283,0
0.6495220265086182,1
0.42155014631308707,0
0.2028288444362799,0
0.19321428692496553,0
0.2562355344094705,0
0.12319150726820151,0
0.17244078440523916,0
0.006082476116718004,0
0.1418321255857199,0
0.12432199271643564,0
0.010333494412889962,0
0.5866812021349838,1
0.2526546630700868,0
0.46130785564043364,0
0.0005885694617617575,0
0.23331261742854079,0
0.1383549975721296,0
0.0433215145587984,0
0.6208716989489054,0
0.313576385535013,0
0.09966976865763891,0
0.050725153692283136,0
0.3417451215738361,0
0.190932426318083,0
0.005081163909021236,0
0.7018663727435257,1
0.6919548407066173,0
0.001827272472336835,0
0.014566505775551615,0
0.08507461310036896,0
0.029566179499002178,0
0.07322238888223423,0
0.24749482376741735,0
0.038702194992700716,0
0.340187057186436,0
0.02361152041851091,0
0.029386694460690418,0
0.07719079139657573,0
0.09073918301755451,0
0.4172580741969487,1
0.46405958352335697,0
0.0165150332010227,0
0.08202876921370175,0
0.0272292847556247,0
0.07964626544870224,0
0.037375466876244046,0
6.217820266033682e-05,0
0.11948322283744145,0
0.2691975966851451,0
0.026626250113513127,0
0.04653184441446098,0
0.26729790927477903,0
0.10471715353289429,0
0.39394499967729996,0
0.4865773057179108,0
0.45960479192719866,0
0.6415348961192234,0
0.6402134166345949,0
0.014616325007545629,0
0.016356759775594414,0
0.36753459507965275,0
0.03288159652807117,0
0.471202997418519,0
0.8451745901279473,1
0.04726567251102684,0
0.6467320866404045,0
0.4915702794096204,0
0.19056473526617979,0
0.2164662371019497,0
0.002814725625411762,0
0.22799397037158442,0
0.5513695313032303,0
0.19360843756226176,0
0.06985859305061407,0
0.15910098360841268,0
0.9341724338719735,1
0.023538180547989496,0
0.021126019676738446,0
0.02512956624512818,0
0.03276942930133998,0
0.6173170915600376,0
0.5928822929177274,1
0.5924619298543002,0
0.8764820466241579,0
0.24146502576793272,0
0.2148685432684043,0
0.3854516678307707,0
0.38357864234208855,0
0.04705584564662024,0
0.06787443620467226,0
0.28321918377032684,0
0.03349368437295089,0
0.017503721286771457,0
0.09962959936041615,0
0.30547084709949107,0
0.016272751042282183,0
0.002772865840902399,0
0.08616543949140501,0
0.29083676491403093,0
0.003628210422074697,0
0.7157564802165152,1
0.6401025575897354,0
0.11448328179072771,0
0.07878333126937268,0
0.20017577510834367,0
0.0011689878409591272,0
0.03390181446595959,0
0.28400656459648155,0
0.5319052240179403,0
0.25628665895489294,0
0.526570470004481,1
0.01089416615395347,0
0.25882949500155256,0
0.6740541469319365,0
0.012327781636813757,0
0.031195571405551462,0
0.008075138928363573,0
0.009099430808875219,0
0.01130469788909133,0
0.2410444544177681,0
0.13419888456536372,0
0.006134845044413125,0
0.08504698911624127,0
0.16481832490214118,0
0.00656418189105069,0
0.0011645840650381034,0
0.21136304584521876,0
0.1809887648612508,0
0.3380394150337992,0
0.4845862141736171,0
0.008169784676681257,0
0.8249498003148259,1
0.008305359243182188,0
0.4023887864061031,0
0.5362705525440855,0
0.03686348587887174,0
0.17674751872318567,0
0.0019689849403655784,0
0.8791987323708336,0
0.610522132315249,0
0.04666770825843009,0
0.9478857676597775,1
0.0636418204837022,0
0.005654617413217671,0
0.04396170507491876,0
0.046879824177559745,0
0.30080161744011585,0
0.005746144957709773,0
0.21848345647829656,0
0.350460281114915,0
0.18441444386354597,0
0.11349088558182739,0
0.035228306721265354,0
0.9481011532924997,1
0.08269671781173954,0
0.010748950152247657,0
0.1731371821396878,1
0.007141026307853261,0
0.016029576458592414,0
0.428288386853317,0
0.3511079762657612,0
0.08202760825872432,0
0.0334796777971735,0
0.3691939004891594,0
0.003461534914858374,0
0.1674463516970722,0
0.12042260638785786,0
0.02201308199941642,0
0.6941724203204205,0
0.07292250560735504,0
0.3999893857974343,0
0.0011806871040178685,0
0.052437201241625514,0
0.061818206468856114,0
0.0028486826350918406,0
0.1486334196061273,0
0.14192529856833597,0
0.21375024791530656,0
0.0040959344771214655,0
0.1859484883027338,0
0.32113732906344955,0
0.020171168954344953,0
0.06443220137380044,0
0.2488767555985818,0
0.055860635664340866,0
0.6531992349778198,0
0.252599437351368,0
0.01751279504840257,0
0.40377154027396106,0
0.2044411582110943,0
0.22750977145702952,1
0.0036719310918842687,0
0.0002881867307689049,0
0.03863506627860151,0
0.11492110170239912,0
0.0737225286790231,0
0.240973700992066,0
0.40161548292835425,0
0.006697479038336678,0
0.6200514222893718,0
0.2633364133445537,1
0.68108135787988,0
0.005002236625200185,0
0.041477401127307946,0
0.020105679650140096,0
0.08643720900880189,0
0.15468853197168375,0
0.25653896033398405,0
0.849116015224956,0
0.007624656023873837,0
0.3296299932501541,0
0.01470099438292426,0
0.7004417922196527,0
0.004664405465851401,0
0.1061181264416136,0
0.41698249401617854,0
0.8319084238628236,1
0.7761747102873183,0
0.037635349621341053,0
0.040858941989069836,0
0.15768878325767843,0
0.00570324561493088,0
0.19854246679015716,0
0.15203406751135573,0
0.06024708243409603,0
0.6061357609160202,0
0.8538122875953804,0
0.0033630658923816917,0
0.1003510969394143,0
0.05371459518878765,0
0.32521364377738116,0
0.10001312128192243,0
0.6477549273502808,0
0.3743688829632704,0
0.03659675351439166,0
0.30117443365070135,0
0.11428730353551406,0
0.1306130318793538,0
0.07962708410318545,0
0.7464692288455403,0
0.06066812781071534,0
0.17941445389296348,0
0.014630238970063622,0
0.871788373599886,1
0.09174572345600081,0
0.265177035937891,0
0.8028256423264527,0
0.09222135609479393,0
0.32015600623523355,0
0.24722266349892855,0
0.01578600347108447,0
0.1464106229758573,0
0.2318426484323146,0
0.42053734712197455,0
0.014008976124722924,0
0.3382890367503869,0
0.0776913022038123,0
0.16025056795188736,0
0.5640115275003723,0
0.09211781630286645,0
0.08674045040722198,0
0.08579252420009202,0
0.21393240051641643,0
0.10535018932637445,0
0.36781669720135574,0
0.04950482229323824,0
0.4744070929589703,0
0.06466907752129394,0
0.008331297166297207,0
0.2566446863767922,0
5.438088743536089e-05,0
0.2245428440135166,0
0.06669503786699514,0
0.7252060004367084,0
0.007874537282889787,0
0.07664012229662084,0
0.008344183909072388,0
0.08217452162103753,0
0.7373302467544601,0
0.05326352010052751,0
0.8232543296329863,1
0.0902808166960052,0
0.006737662133676481,0
0.10814894202862825,0
0.414528483311753,0
0.935453986995983,1
0.005742015677421296,0
0.004132411213211836,0
0.14745754803520772,0
0.13596357002814077,0
0.02276396785709724,0
0.21244473873717254,0
0.5241565493911978,0
0.18559979401993495,0
0.44687894066238687,1
0.010931444915623775,0
0.16564311285731007,0
0.044357283050964744,0
0.3372474789225715,0
0.021711635792254675,0
0.05431348897196576,0
0.25622702502541167,0
0.0422289304824441,0
0.4335061426145469,0
0.010318937103316819,0
0.01735736409938956,0
0.18956609036427524,0
0.10738440554222534,0
0.3710432707505485,0
0.2404586298164074,0
0.046235731738000205,0
0.05107086205784051,0
0.19938310135441817,0
0.0013522831257839238,0
0.029886673996477087,0
0.0652621995668157,0
0.057600809720624944,0
0.35728666530371195,1
0.16217309865568635,0
0.5982023767672845,0
0.0026527714552465375,0
0.042359159486646265,0
0.16873480544150943,0
0.011446591425085022,0
0.11723459462176714,0
0.28322203982184835,0
0.13191943919897864,0
0.007478892379164958,0
0.01628733931482066,0
0.154254452357807,0
0.4418547268865377,0
0.9091124271945207,1
0.14114565980485902,0
0.19252512774032687,0
0.9207316642527862,1
0.06985610259127172,0
0.9199074848384844,1
0.1463552115185138,0
0.20795592038339877,0
0.24770819998485283,0
0.0019521761450211044,0
0.005628424512153093,0
0.05827327114168112,0
0.18191911172170475,0
0.039799879646915344,0
0.013258198098715314,0
0.038378703667592905,0
0.0061066278423171725,0
0.11235776204319799,0
0.14474804949868325,0
0.012719198460782823,0
0.4679541396305655,0
0.03518407283514843,0
0.3949006942342274,0
0.0003021220274179234,0
0.1467991225889224,0
0.03891619183447059,0
0.038410060856935956,0
0.7727905816952738,1
0.04101729737933909,0
0.08592561394758501,0
0.023039172646661735,0
0.01905413163976309,0
0.015843124874001545,0
0.17754859750883162,0
0.31613884731527103,0
0.03795078884201258,0
0.026472608848291734,0
0.155175518445607,0
0.03488137529764457,0
0.19507824559286385,0
0.051934990259508367,0
0.4075323050641162,0
0.6130515001039841,1
0.06640091357871755,0
0.017402991629504903,0
0.010230724168726292,0
0.7515360444073087,0
0.040636926220677896,0
0.019656520866068027,0
0.014339768929015381,0
0.014261421240481974,0
0.20923079814340056,0
0.09419636313112893,0
0.22133773035098836,0
0.053780753358935264,0
0.002336883412034891,0
0.0482594357803585,0
0.09932266865398713,0
0.021323742042852308,0
0.0835682177925554,0
0.6459498067879522,1
0.22814841571533406,0
0.008137883937670178,0
0.06564936877556157,0
0.7147615898489634,0
0.6645208785818895,1
0.023276167723894042,0
0.04709858656201095,0
0.04946389312336649,0
0.02603180630221644,0
0.025884458960595214,0
0.21648514588146545,0
0.11571380629035095,1
0.05267443230725286,0
0.009770005415650602,0
0.03459429276046786,0
0.08519693694876615,0
0.012068824977118687,0
0.2899558346945795,0
0.3406957138614772,0
0.005589230490145309,0
0.0010941301343724479,0
0.6854642748765644,1
0.048709805453313215,0
0.052807787256187066,0
0.4879433199405463,0
0.007253615908972838,0
0.02946390202600767,0
0.09246054435620932,0
0.8891075953272576,0
0.0831033633979226,0
0.002740827639434479,0
0.07105011703696408,0
0.011486745660727035,0
0.021102201598052886,0
0.5027358992117302,0
0.214223988063561,0
0.19907764156456317,0
0.06490668208035633,0
0.6021453204635154,0
0.15975732256356176,0
0.1560765337658238,0
0.5427924498493308,0
0.2783354946130486,0
0.13579163749966838,0
0.06964402358268013,0
0.5433938385446827,0
0.002565763008260269,0
0.42504172877742913,0
0.2335710022127058,0
0.0097317491660848,0
0.1627548350931913,0
0.022233445500957353,0
0.37511746040069005,0
0.8552239113547295,1
0.03680917420047223,0
0.39722795233217983,1
0.10646408741431679,0
0.5424618271899938,0
0.19834829753247168,0
0.6946367077807006,0
0.568489579288542,1
0.020892710545167673,0
0.1131495549714304,0
0.039811975950460377,0
0.05610924339510112,0
0.0008122538568810544,0
0.02331374051465105,0
0.28352443117760096,0
0.3980950374435324,0
0.006182739712285147,0
0.16178624257554067,0
0.4713722765281504,0
0.4239924624738989,1
0.10435034115763113,0
0.14127997097778588,0
0.3151780252368751,0
0.005431745835559646,0
0.0837100114410658,0
0.43285645951475965,0
0.002870157197553985,0
0.0005142767050467866,0
0.0057753197867753715,0
0.9150619938353096,0
0.3067044417361505,0
0.0005246097861331431,0
0.43480737564950284,0
0.2681497608570148,0
0.05922512100601384,0
0.023646241549935526,0
0.9008211662275291,1
0.08253234746855027,0
0.02928897094669625,0
0.41530985572253054,0
0.0025441927103726472,0
0.005971168843547418,0
0.3519927305011825,0
0.1691549532280335,0
0.27000843867619745,0
0.9582604539607736,1
0.3389551119607371,0
0.002913569161949786,0
0.09459099797672722,0
0.2288656598364676,0
0.4834724839984013,0
0.8083451158744875,0
0.6622516402936206,0
0.18736873356220926,0
0.004585588325757158,0
0.06205536390530436,0
0.19620682518254237,0
0.019683798575962044,0
0.0003294565104441995,0
0.06809076898633404,0
0.03249853925066991,0
0.0678100990550137,0
0.26705607732247244,0
0.09673159019589553,0
0.3701679061223645,0
0.01567286847045894,0
0.28191786724363227,1
0.1931264707439038,1
0.4561162615226179,1
0.03367749890248303,0
0.9419395949569812,1
0.45078261884161885,1
0.6221435064087407,0
0.06674749363126627,0
0.6212006984701194,0
0.8485425949765247,0
0.2439088048182307,0
0.7522147282821104,0
0.2882246116689754,0
0.4916772369803221,0
0.03340460358466233,0
0.1043000074877641,0
0.33374827044714117,0
0.3995565693221725,0
0.012753562394254816,0
0.7872013423002077,0
0.9711457917939806,1
0.013405954778995421,0
0.015110665358675232,0
0.12122108768515141,0
0.1232029461739032,0
0.6194443575033493,0
0.055901067884708486,0
0.2233444754108807,0
0.32423984613967277,0
0.6293226032957526,0
0.5405356675424463,1
0.0761539733291727,0
0.001288313124306566,0
0.47580322843930833,0
0.3187088347635385,0
0.31255604613022403,0
0.5540755109310399,0
0.09517375411435308,0
0.20720317267957303,0
0.037729770753505226,0
0.10857913323671912,0
0.0009413276253924768,0
0.9293095903501537,0
0.0003784901152656637,0
0.21491436177370618,0
0.043097388817410855,0
0.011436749867019539,0
0.3232818680815646,0
0.6818303091833127,1
0.082993046977396,0
0.1727703987316487,0
0.011685998405369387,0
0.8733487470963981,1
0.12660911782112114,0
0.011345678423945177,0
0.047056465281128106,0
0.4321766614622135,1
0.7900095535707379,1
0.4595013927151102,1
0.4541127961104597,1
0.8023419389582991,0
0.28819668067517745,0
0.3809969236153578,0
0.33830701775670624,0
0.26342497324063896,0
0.02821606974918045,0
0.7109205032443915,0
0.1376034978665442,0
0.40432720181240206,1
0.11560383353409998,0
0.4839847155277826,0
0.0041378319833067344,0
0.01793876812813221,0
0.6266777659133421,0
0.29551411357582535,1
0.2150189387292193,0
0.2580065215102191,0
0.38166695029863945,0
0.01181428162003697,0
0.04311996354614177,0
0.0020277997824488417,0
0.7326684112793114,1
0.303100358116428,0
0.1281191901815576,0
0.5720167650495879,0
0.0506779944526129,0
0.021053595743163338,0
0.5063883325459189,0
0.0012383971870725012,0
0.48044238203820444,0
0.31195088110223673,0
0.0012253922330783416,0
0.31121423088419126,0
0.07246278177935059,0
0.02031517262227124,0
0.10203587127427814,0
0.5085933845478425,0
0.025384119966992334,0
0.16963210975611462,0
0.11389063341425741,0
0.04588101758237143,0
0.04308275682487182,0
0.0005465828323901336,0
0.7989612927300255,0
0.6932254092940697,1
0.8140348033804431,1
0.32351543003617345,0
0.6367594015432856,0
0.15603252327466863,0
0.45088544314376616,0
0.16444084702604705,0
0.5953143834399107,1
0.02376256504410958,0
0.0025700552650039323,0
0.11295685628882159,0
0.23302267477629143,0
0.19496306124534954,0
0.01654801924174629,0
0.03499799145714547,0
0.6111676012634659,0
0.19301447075315925,0
0.15813420890010635,0
0.0004188221838066094,0
0.02524719379688921,0
0.16166120692266903,0
0.22938606048430613,0
0.19400410475935048,0
0.39765836690138173,0
0.36308337278244934,0
0.2193484792148145,0
0.045056884625126005,0
0.04625932240173068,0
0.005990522388185407,0
0.2974040195126527,0
0.029381202065519467,0
0.390460134848164,0
0.04787311097801817,0
0.05201911166733046,0
0.9064890251642039,1
0.9077002365796282,1
0.5277795602821157,0
0.09308330297735405,0
0.08331250222335686,0
0.006773515775201152,0
0.0013975512708690493,0
0.22746507628557977,0
0.00362854813387597,0
0.8490816898851112,0
0.05325448542412707,0
0.0018297564589190409,0
0.025920086402305094,0
0.01770825383406179,0
0.046253156945225804,0
0.003918681800307754,0
0.25852839514312503,0
0.2298569531795951,0
0.07411967481552482,0
0.050492006756430466,0
0.007388143493907324,0
0.3899953827911667,0
0.21742841437434976,0
0.035845938328239714,0
0.45673501984117065,0
0.0825311903503637,0
0.09828451695532993,0
0.11257775501228845,0
0.044817494474726154,0
0.3675893151718121,0
0.014244942826761088,0
0.6689480538654801,0
0.06964890767688198,0
0.0022165677380642894,0
0.008303397482110033,0
0.02537899136694001,0
0.0433992528622663,0
0.25402868380218874,0
0.07112720642921228,0
0.023040369756190913,0
0.03461910051276767,0
0.02099051938585123,0
0.35116071483383243,0
0.9172396441251032,1
0.023478565090079742,0
0.43439847090975237,0
0.49290190417291,0
0.8631309351519355,1
0.3388314007001942,0
0.03023298406088292,0
0.005188979102585101,0
0.05391931632423675,0
0.024862747182747856,0
0.058665869766440476,0
0.3063879817399111,0
0.8130453795946683,1
0.9089943181406589,1
0.01705546853935366,0
0.04688816934945834,0
0.13606688739407669,0
0.0024400405270259156,0
0.046545935435423756,0
0.27835433449238206,0
0.04442212359380036,0
0.41513872474878144,0
0.02205843236019161,0
0.15326660306115214,0
0.05616203383613801,0
0.7724862957121243,0
0.000279345231073378,0
0.05951582166583447,0
0.6914367600610919,0
0.03544770311101079,0
0.017892090036472727,0
0.2765241034188043,0
0.09125464855017204,0
0.8394391962369165,1
0.04333126278281711,0
0.2955220639120176,1
0.08019896078701176,0
0.43244017897159637,0
0.08438753469826403,0
0.16442378874327648,0
0.06624299935611203,0
0.00632958777128395,0
0.05726485643453928,0
0.5123429802910177,0
0.04095092251893668,0
0.4945512615342728,0
0.8705089073016073,0
0.374695692644473,0
0.378456055518713,0
0.001174227640980577,0
0.028465015636194746,0
0.23436967976197898,0
0.0008628612808396948,0
0.017012990041282722,0
0.15982656408044393,0
0.013347191818449853,0
0.3615829854718206,0
0.14739257483935486,0
0.25133496753474943,0
0.0083408723350062,0
0.015505249815089687,0
0.8226241570161148,0
0.4889142163132241,0
0.2555682384746296,0
0.15968598938316675,0
0.01978847598723849,0
0.6312553894295426,0
0.9226658690326716,1
0.0007279375110633848,0
0.13465971689774542,0
0.07241577157067342,0
0.05451419574737939,0
0.7767657073619545,0
0.7638007465913602,1
0.02636415900736494,0
0.013943919404014507,0
0.2656350278615459,0
0.1554986565892066,0
0.5567610360983778,0
0.24373282804772733,0
0.008756500533568497,0
0.7802757378897295,0
0.054981765305403885,0
0.6130393181508744,0
0.8914736362433984,1
0.8958887204103257,1
0.37376267737301766,0
0.093399030826136,0
0.07181496693477996,0
0.2766280755474659,0
0.011922800161408354,0
0.24164734094630955,0
0.17103133411574167,0
0.009603509958374746,0
0.04937782836532722,0
0.059887241926861116,0
0.3882764034743165,0
0.682041308379307,1
0.03250436901543142,0
0.034352927994052165,0
0.5853416011373509,1
0.07727802609431657,0
0.008716881850722655,0
0.5438085026977604,0
0.013612682572623295,0
0.11174709428786538,0
0.0017691547066492359,0
0.0035520360577820883,0
0.016188061322934995,0
0.13387904674728432,0
0.007057629879442565,0
0.7445870475599649,1
0.07616280914272555,0
0.5094246472075947,0
0.11441241421944288,0
0.370685392269832,0
0.13461403238177533,0
0.12521571593353906,0
0.15321495582522887,0
0.2507961703200889,1
0.0008057694655462871,0
0.004233755353335967,0
0.8939257020170674,1
0.41992499154831553,0
0.11271585895025099,0
0.02552533315527356,0
0.5084656554563227,0
0.010897410136169856,0
0.255020080160248,0
0.1616585534912622,0
0.050269457122693824,0
0.04582092882290828,0
0.005562232698496963,0
0.34481066959421575,0
0.004634290961798589,0
0.08227686210276389,0
0.6577531897792167,0
0.22134660377480458,0
0.0016861909342440065,0
0.10093674924306566,0
0.01963723763668103,0
0.5321911378317515,0
0.014848225221410825,0
0.04637100699789824,0
0.19279455178104687,0
0.7930697914090002,1
0.16033522019179366,0
0.2716837008962578,0
0.07784018794488395,0
0.5800190696167504,0
0.010233071057496018,0
0.5430649608934075,0
0.024225400829246353,0
0.0855350842777078,0
0.8735071330707622,1
0.026539888841268816,0
0.7212100184200506,0
0.05517860053965051,0
0.052241560143888,0
0.06641462256633371,0
0.061566646078193656,0
0.11634693521848939,0
0.010727361936932947,0
0.5586401435588499,0
0.011005951599327983,0
0.7179130534277782,0
0.013828977788202284,0
0.569103568660498,0
0.0021003256371043824,0
0.06812265962290032,0
0.7150241828735396,0
0.22947303893365148,0
0.003681822062024164,0
0.06205348876532623,0
0.18246640240437564,0
0.022716822229070302,0
0.059266366691943656,0
0.09441687344205145,0
0.40052124516304227,0
0.11168134236240426,0
0.09363294664896521,0
0.08902380383286716,0
0.27551220496209117,0
0.21673214634103138,0
0.2679194348704361,0
0.07880997431763508,0
0.45877272925256507,0
0.01377114898543428,0
0.7230284113170566,0
0.07992206636716022,0
0.6257015567941381,0
0.059785153280164614,0
0.015717299313834445,0
0.013506862551415796,0
0.02694042634074219,0
0.03134603086870201,0
0.2574178249974577,0
0.1310765142454254,0
0.06957652584965006,0
0.47460946356648903,0
0.26763368433408147,0
0.0005554392079977828,0
0.1602329239198056,0
0.007524300008329999,0
0.880820432926599,0
0.27179461552983125,0
0.015311687533982243,0
0.13913830254061296,0
0.23734022807759367,1
0.08404875366201472,0
0.0425392368244244,0
0.11313242335663516,0
0.06716561333069722,0
0.011022667335884879,0
0.1633635771339997,0
0.8395121199265341,0
0.16479820260860198,0
0.07513625372398126,0
0.004387101180436808,0
0.13513177486532182,0
0.0016983232870242037,0
0.0435845526747729,0
0.12084380399244474,0
0.4613747843277433,1
0.45145182068498935,1
0.36774316731369067,0
0.05345660853329482,0
0.6186834605088964,1
0.48488852410834243,0
0.11916019969649849,0
0.02216616067919188,0
0.02465027253894493,0
0.0208378554900548,0
0.7272762790717832,1
0.17609259681209433,0
0.8845548649224074,1
0.00033403110312990136,0
0.05487433412441792,0
0.4397012634562133,0
0.003251254734704716,0
0.15671555538989068,0
0.07733452990995031,0
0.18864644322996835,0
0.009239444231327257,0
0.05645456191237449,0
0.015643410377158426,0
0.0049683756435854,0
0.8756591250170386,1
0.48753561763031034,1
0.002250377047315596,0
0.011011762754662974,0
0.040468881880487126,0
0.20585158570239107,1
0.3389662865897036,0
0.010821820186122027,0
0.14099890063085277,0
0.15805762965437556,0
0.24736485384928417,0
0.5791681456906401,1
0.09755323326401336,0
0.13901309865994235,0
0.6302184375237603,0
0.11660094609048542,0
0.0042172998158987035,0
0.5460300643398354,1
0.15465091492619795,0
0.03129364170088475,0
0.01336173021817891,0
0.06416673932284366,0
0.009291329629483595,0
0.5193523143865224,0
0.21176784194345852,0
0.520812982985792,1
0.6435923611239038,1
0.13787925489471156,0
0.034277389833360046,0
0.3929176502564473,0
0.7063674583552236,1
0.08544581856638958,0
0.23809442540469708,0
0.08600530595594509,0
0.6801021986283863,0
0.0032995827503112985,0
0.2816629780686801,0
0.2685769660099772,0
0.7048041331462843,1
0.49812848766827683,0
0.01104243662902353,0
0.060416691756876494,0
0.6776760848831882,1
0.5850812272176468,0
0.30333225289792554,0
0.018474647353431305,0
0.3572363026594079,0
0.022660826017834954,0
0.14514886898559629,0
0.10424443893584742,0
0.27214990763441144,0
0.5956763050766622,0
0.6474561606754209,0
0.2166630408719354,0
0.8143267686732678,0
0.07391654958246364,0
0.09450823523269311,0
0.03857678698017575,0
0.012366883357884488,0
0.7483096586305079,1
0.7853003832726431,1
0.0031931759383120747,0
0.034421908041467594,0
0.2336206052757799,0
0.01620820281816793,0
0.7351515047747306,0
0.15880279859552915,0
0.6380606261114389,0
0.48590770866794764,0
0.0673209972968582,0
0.011678849533038762,0
0.0030566135706181154,0
0.09503580725156653,0
0.0006053199256394185,0
0.11373887146003617,0
0.01588425210196024,0
0.6072033021571168,0
0.08049394678074148,0
0.027006640573988428,0
0.025633741371430988,0
0.015645782026912528,0
0.03398688096485965,0
0.058500386866810375,0
0.043092326344942575,0
0.009115207574226717,0
0.08958070928454967,0
0.02622735040950205,0
0.003252481416615722,0
0.07440366465809295,0
0.007377118601743129,0
0.4047365100182306,0
0.1826006981932138,0
0.046334632095340215,0
0.004240076251229858,0
0.03421714846333146,0
0.04722910919474116,1
0.14153318230804499,0
0.045431094253394616,0
0.04312889482001329,0
0.008476442291560863,0
0.6370340131608021,1
0.38972786135322524,0
0.06210569145574623,0
0.02326851827181734,0
0.34797656013073824,1
0.0026402216356593484,0
0.5261259632701182,1
0.010759138577707496,0
0.030170729798424254,0
0.26073454476747915,0
0.002146075221599576,0
0.18946061437663295,0
0.3814181659246115,0
0.15031607026949687,0
0.018594065246519614,0
0.8577309152334756,1
0.10734897344901988,0
0.6978714459557389,1
0.32589303981362083,0
0.05610221840113389,0
0.7256970711951191,1
0.693234987169092,0
0.03216440946170411,0
0.24615777312517773,0
0.7912227137822769,0
0.017104853690890928,0
0.2217806117785643,0
0.47287830678327225,0
0.041316057439669526,0
0.053986037315468034,0
0.08500726304812241,0
0.8167278621984472,1
0.14606234541334479,0
0.07937117310885261,0
0.6581205908542138,0
0.4461501833559333,0
0.23433865242999957,0
0.30441215250317855,0
0.2988220047474371,0
0.9041553633611996,1
0.05577727864889337,0
0.16693588673894386,0
0.13388552780884982,0
0.014857194667725825,0
0.1095360552070568,0
0.16418851952615388,0
0.019207922973562056,0
0.03305767254567494,0
0.9133804175852178,1
0.006275837190273533,0
0.07697920381641052,0
0.041880342927145216,0
0.9403175189613017,1
0.05505114399551783,0
0.34991559700034075,0
0.0009641778719994582,0
0.29722357191999643,0
0.2519760908166304,0
0.09226127543907393,0
0.00513846830969171,0
0.4092697318044641,0
0.006895108350995949,0
0.8364736353809665,1
0.47215640064572806,0
0.05756265304173468,0
0.003972811202669194,0
0.04181661158399025,0
0.7671176745753912,1
0.053153353288316774,0
0.032036827653331344,0
0.44497029951551637,0
0.018815170150033502,0
0.4005954388157239,0
0.2950915746881315,0
0.002892038100477775,0
0.6209077566798408,0
0.02106307089054185,0
0.1997336541400725,1
0.3500912246408191,0
0.46809342629388995,0
0.28206762058109563,0
0.035192989188802905,0
0.005574860173681884,0
0.016837932048343347,0
0.11810311255482757,0
0.048846793896846756,0
0.2113961541749818,0
0.7515762137537032,0
0.6509162783225854,0
0.8723011126613439,1
0.032005337493619355,0
0.2677077724456826,0
0.11997081744652079,0
0.013406232064629852,0
0.01861880433605389,0
0.39400749488077674,0
0.02732572805149203,0
0.031070784797294314,0
0.004387325014739023,0
0.04011070479890084,0
0.07793414310640448,0
0.013042304668918614,0
0.1232441409899998,0
0.8363542604734201,0
0.03868680503382398,0
0.03202720221079158,0
0.32891775905207543,0
0.41184837971534966,0
0.8271122945479623,1
0.001998248513068061,0
0.010343668744324614,0
0.014599272016278999,0
0.5408327276433219,0
0.053834119235040834,0
0.07726197563376228,0
0.14532408828575677,0
0.01713789908643541,0
0.3035792743257161,0
0.061610708449368966,0
0.012360078817140156,0
0.0037604381233217283,0
0.9079488385112637,0
0.05006218061889478,0
0.41975244133270395,0
0.6928554671867679,0
0.08920834327400722,0
0.02061475041355458,0
0.21546386163165643,0
0.3320374384409982,0
0.4763208135471541,1
0.01812666052242549,0
0.004807352754256677,0
0.08176548739971735,0
0.5401885424863221,0
0.5370801662912499,0
0.12379086696247328,0
0.31556468095770185,0
0.3809102118244909,0
0.32603293737595535,0
0.12205474057267539,0
0.41369610303589016,0
0.0413126336146775,0
0.8071949833355041,1
0.029190548407454144,0
0.004329817650970119,0
0.14866212100405596,0
0.0694837991040208,0
0.21355925511648208,0
0.10980549637950987,0
0.09397259957252756,0
0.05114397086569756,0
0.0015316913045721548,0
0.09597070849807299,0
0.1446067676838304,0
0.13545971738662993,0
0.3905700472708078,0
0.005139820751076065,0
0.8615713574456028,0
0.006652817514025215,0
0.1131366354242033,0
0.00448646827844866,0
0.5339357296622599,0
0.06082780173591757,0
0.05359532837091073,0
0.01914755947501347,0
0.11557553019018939,0
0.023278470903898715,0
0.027870681819249676,0
0.03606143228645323,0
0.07354431406802553,0
0.12858656007267097,0
0.009801674486957073,0
0.11521562753325486,0
0.411709882329034,0
0.007990815719543102,0
0.1587034800956775,0
0.013458944610105104,0
0.15115097611264403,0
0.007693482156584853,0
0.642055397807781,0
0.38057294554078946,0
0.6155486814633513,0
0.3565465714720082,0
0.028229068078547314,0
0.0436020875335412,0
0.013866412815764945,0
0.027869287492869117,0
0.04135809069171833,0
0.05978251927348056,0
0.4953531574317405,0
0.0008313575095597902,0
0.006202760226766782,0
0.030100611288609816,0
0.05837700882611721,0
0.038246142195032,0
0.16916789913918923,0
0.010670589562632745,0
0.435728204114302,0
0.07765148277272434,0
0.04354305962505845,0
0.003797081467342967,0
0.048867024838450866,0
0.051730630905744465,0
0.05205209446397871,0
0.17423033389860218,0
0.286683994032807,0
0.21924225717395515,0
0.24402193281570395,0
0.03730371521556042,0
0.696899191207351,0
0.9394932187447981,1
0.7982492913252264,1
0.2472721032705497,0
0.9512493262177799,1
0.4059862266714647,0
0.20384178614341894,0
0.02391072130505723,0
0.021604604763184494,0
0.02694333414524352,0
0.002560765216158147,0
0.03307232849754284,0
0.0586847750108593,0
0.09689313181177509,0
0.08213879080092805,0
0.011817724394562938,0
0.16788674651975985,0
0.5379830757156473,0
0.39971261534222535,0
0.5502667053985758,0
0.0004809299691854801,0
0.07857174457093198,0
0.04180416192517209,0
0.015179520699957615,0
0.12253841933781712,0
0.28090658471535,0
0.7080405600447253,0
0.7677476356825776,1
0.46682982118696154,0
0.03350629606355125,0
0.026338926920182824,0
0.017147755896836932,0
0.02111552082942398,0
0.026408996469160242,0
0.28529079006711267,0
0.02735479547343858,0
0.7622260703238568,0
0.22229219276408177,0
0.06550164438512444,0
0.36846723692586575,0
0.20521346409448574,0
0.02211414633612375,0
0.000657783155460964,0
0.09237582289947512,0
0.9800044535583968,1
0.3636868461329251,0
0.133316598995891,0
0.4616345601729226,1
0.0018053756072304798,0
0.2090085000995631,1
0.0349606665369594,0
0.031019536278465532,0
0.044101314396986065,0
0.0268671631456034,0
0.07725450207182458,0
0.19886392120162638,0
0.0006229646979643982,0
0.003548400745158211,0
0.14537522089248503,0
0.046532425378374244,0
0.5856737059445769,0
0.04130748641159827,0
0.05730212259333934,0
0.09126986655605791,0
0.10310921144682594,0
0.008101269246232168,0
0.06560238000477393,0
0.10928671821655588,0
0.010096691463596898,0
0.2853040073288949,0
0.43071742681884023,0
0.3093598833001307,0
0.7106985454317782,1
0.002952111310098775,0
0.038421123723460855,0
0.011539423082446688,0
0.26448826654746393,0
0.053827109586044995,0
0.0017457540509635797,0
0.0027677278559055532,0
0.00717921586877363,0
0.22189166391374593,0
0.03355771789988365,0
0.040500695668511534,0
0.043056761538927624,0
0.01279311436703056,0
0.023590462206777536,0
0.30733403859540775,0
0.05382432719909259,0
0.8428799169976258,1
0.043332477533222065,0
0.19239530727133478,0
0.11920935262756188,0
0.020523279436897975,0
0.6789179463083167,1
0.2755503276158895,0
0.055071322538186446,0
0.6806904616152485,0
0.062190496316963606,0
0.0029546715818058334,0
0.7396693211936132,0
0.028715188740605094,0
0.033139001217836986,0
0.05251242450088827,0
0.0033069221878483613,0
0.4462414491833581,0
0.1988454061027888,0
0.05338123053806333,0
0.22708737933483977,0
0.17512826732482803,0
0.035586560939527084,0
0.5791674474775459,0
0.23613105081352126,0
0.09854397789325885,0
0.0037008145758066725,0
0.4865268334451642,0
0.5301617274689944,0
0.0003529534430546677,0
0.6246336231363826,0
0.07318960003910424,0
0.5884964983313012,0
0.010003817998377618,0
0.34224486523722597,0
0.0032426019297004988,0
0.18230261874265669,0
0.24550296112028097,0
0.17180912593536143,0
0.1760610850643231,0
0.5520007351511169,0
0.0046699453491868175,0
0.2658341815025881,0
0.6258335831483658,0
0.019566692615324274,0
0.747097880839308,0
0.04845707941664777,0
0.8400788678084038,1
0.6106213387011405,0
0.29748348647468453,0
0.1189152037775377,0
0.09446228424465303,0
0.3552023966755018,0
0.21586111719451684,0
0.18482993216265264,0
0.5865793473453136,0
0.07065099785424417,0
0.11684895029174593,0
0.3532792998156433,0
0.4572220470528325,0
0.08403297442368715,0
0.31867167510322286,0
0.33738045114526716,0
0.48943385072154866,0
0.022994973316989943,0
0.08048939233335192,0
0.31969483363042694,0
0.5811859645670701,0
0.7274938932358124,1
0.37071494355139795,0
0.9609985635062023,1
0.09482748749690256,0
0.75871828042104,0
0.037522770188976505,0
0.1558188758870124,0
0.40173715143433764,0
0.003129936467512402,0
0.03339150712785118,0
0.03860661159138236,0
0.29008241998286577,0
0.11558351725977324,0
0.11444834074894307,0
0.017254967054269724,0
0.0511073551933023,0
0.08027521663526595,0
0.8873709384885762,0
0.09137606309159174,0
0.037034184450625576,0
0.01477253982108241,0
0.014194308917433127,0
0.058428391907256495,0
0.01900902791570776,0
0.16625607514482602,0
0.09155093754577898,0
0.029269312156732476,0
0.20239537382376954,0
0.0024115968156778428,0
0.03798917365640045,0
0.1716060926067285,0
0.024555749317135063,0
0.1853513297768587,0
0.011935860514512762,0
0.13408929261257785,0
0.4027276103137005,0
0.4669660652239459,0
0.03602496202171709,0
0.04829067101863752,0
0.03454374113383933,0
0.0034390319744933306,0
0.44252667967556847,0
0.11634089167434829,0
0.3054126954718376,0
0.23193318737833712,0
0.010637546305790389,0
0.17427635151181745,0
0.0019775232368311017,0
0.0673959667093399,0
0.8429201654880226,1
0.010945347009951688,0
0.0248739114950853,0
0.0250803817137215,0
0.667603044940474,0
0.012516923803681761,0
0.16311890044498822,0
0.044684554445404825,0
0.012657994893938082,0
0.01492650585816308,1
0.6537607206749113,1
0.2948017743044658,0
0.2707661786274444,1
0.2998831289660089,0
0.13684797624483738,0
0.1556650647873639,0
0.14124381276920886,0
0.19130610132523443,0
0.03403085258219427,0
0.11399751884787397,0
0.13219542229262352,0
0.5142075126781134,0
0.01815529979792614,0
0.015191414373050945,0
0.5473097263003236,0
0.5700083069535329,0
0.11905319542711303,0
0.4050457598325073,0
0.6823995408813204,0
0.022949647099293674,0
0.3759279582050651,0
0.08948484235866906,0
0.03136517323135735,0
0.002709840739885934,0
0.11338981296767477,0
0.8662522316611931,1
0.00432873291043328,0
0.02787568407799392,0
0.1087400541964506,0
0.07160689791701444,0
0.011893098436829144,0
0.48707850903504607,0
0.4374150966885336,0
0.6502326454428443,1
0.27536395856413715,1
0.21515006038978052,0
0.035637761792083174,0
0.24473504964773365,0
0.1122682304535097,0
0.06371269584888685,0
0.019736696739710846,0
0.2975028522873218,0
0.03572445008261534,0
0.04573914214705959,0
0.14969832862303684,0
0.37716792719003034,0
0.036624317116439126,0
0.10479198907828509,0
0.17770437763791064,0
0.027730001362175082,0
0.061688057957498814,0
0.04120550528490696,0
0.13281088351758122,0
0.16147298269840485,0
0.05320625923856099,0
0.12637263792687922,0
0.26154569087412577,0
0.40511814614652836,0
0.48880186641679246,1
0.3262830825743678,0
0.20829816390200112,0
0.021762186285846502,0
0.021953004843073505,0
0.11293699380755397,0
0.3415688021560472,0
0.2201722361898195,0
0.00709867998104904,0
0.02873186054154704,0
0.097404687018897,0
0.08235138717972502,0
0.4756263952078027,0
0.17500209228942828,0
0.23293086571249733,0
0.41278286635580747,0
0.2880430677225519,0
0.9097625844578514,0
0.5708361676661189,0
0.016045627536161657,0
0.0636435262823559,0
0.40420685656588956,0
0.1485301616427885,0
0.38264998651997234,0
0.004369489595048545,0
0.004001849524850714,0
0.2848885756776604,0
0.03447145976724286,0
0.15146925819809945,0
0.8530548042020129,0
0.03028943778360785,0
0.020031889129661484,0
0.07839831710816146,0
0.0003172831264472042,0
0.7257554954650212,0
0.08206733135149157,0
0.02055911921866169,0
0.6257485113755261,1
0.10479405765947652,0
0.8826106036214844,1
0.0008776678730202423,0
0.07659610448801688,0
0.12930222899793337,0
0.3355763489298858,0
0.1217073282669497,0
0.7037588663814389,1
0.21289969119251662,0
0.24017643371596464,0
0.8273968333898462,0
0.3761798795973978,0
0.3487569649328795,0
0.021661371649807547,0
0.02521112011988133,0
0.19176029582143814,0
0.0024288621655219247,0
0.23124174514585855,0
0.24753051842915177,1
0.14333876981968954,0
0.10263117952670567,0
0.04466537398917311,0
0.15165012133254677,0
0.054051791637147864,0
0.06511266332060879,0
0.0018008755777686267,0
0.009454534451620821,0
0.0054136124414045405,0
0.03062234005888464,0
0.05443899882371393,0
0.07614442753169286,0
0.0009304175415167864,0
0.3775270123459557,1
0.07465699436029338,0
0.002431694339849307,0
0.6814192938925986,1
0.02490677013660819,0
0.0028602266890026765,0
0.10750471738841137,0
0.08371911160380748,0
0.0033063157251203446,0
0.004090422448759256,0
0.8970317357210583,1
0.07516140892027869,0
0.24527337236589156,1
0.3839006205329544,0
0.011401212607394856,0
0.0809599895900587,0
0.17524040410546968,0
0.24983999082884034,0
0.0208343581175325,0
0.6889514419337142,0
0.7744835820347766,1
0.007353105718051553,0
0.0032318152657162917,0
0.2548249610576945,0
0.06048479947943876,0
0.3527223247767208,0
0.017522493147406084,0
0.05253254222427955,0
0.6069203229797908,0
0.0510389232835367,0
0.006078781688551852,0
0.3537812757586108,0
0.7879598212532667,1
0.8163114684770216,0
0.3662846086119499,0
0.0536480621729912,0
0.022963899291317265,0
0.4662369189685377,0
0.10961598184252318,0
0.008791465315559261,0
0.008286429524002496,0
0.2166317669852857,0
0.007212006064998992,0
0.20101199560245553,0
0.3264348721642765,0
0.4059548719038976,1
0.14137405746579132,0
0.041342334163427724,0
0.289986491151657,1
0.004894843111646495,0
0.00257989636160286,0
0.007461518931341321,0
0.07861612826743815,0
0.02001517075694737,0
0.04737563892609256,0
0.00415337838519325,0
0.4486726346462565,0
0.06290136606411864,0
0.028424603803663018,0
0.14871309057573612,0
0.05427985437959381,0
0.21463045384089954,1
0.08002198833519798,0
0.3301231079024265,0
0.02957919863383431,0
0.30742985349455454,0
0.15719955069894004,0
0.05168813881019395,0
0.11537376038033544,0
0.06831887447448012,0
0.01975836843864035,0
0.057211866865894294,0
0.7193717603026395,0
0.2621435719553123,0
0.030594105011227495,0
0.6226114307911664,0
0.22178419972641147,0
0.37466254070113625,0
0.14620501555782492,0
0.48381065296579656,1
0.027057501420925025,0
0.6050705203364772,0
0.002091432587707643,0
0.01872120627302041,0
0.1480320029428366,0
0.15668475429323053,0
0.10919502204745878,0
0.48108493367734695,0
0.8553001831472371,0
0.765979121461666,0
0.2707497146248971,0
0.003746938019761556,0
0.05588218432682831,0
0.045274958848301225,0
0.12320578024072867,0
0.08440317209715127,1
0.5546494186365875,0
0.2647782481305133,0
0.022000029847495908,0
0.004709930619653301,0
0.07243646770175091,0
0.10218862158166875,0
0.052072714223214966,0
0.09442788998621757,0
0.7333129140475412,1
0.0669787392969602,0
0.85676850703581,0
0.034628921862404946,0
0.027271226947953732,0
0.11560843395053012,0
0.11535832407448687,0
0.3834508863894664,0
0.7062632635578262,0
0.20787886502605585,0
0.03566423559506076,0
0.4524485111451528,0
0.005821214059354899,0
0.006392844270606892,0
0.1565019935064099,0
0.603331679263087,0
0.47056555359693575,0
0.018216237355851362,0
0.005746088387585531,0
0.06606307160838204,0
0.08191063794991349,0
0.1450906995573056,0
0.14267602648689512,0
0.18508333851579886,1
0.1271374513931099,0
0.1187284138328574,0
0.1680048446285197,1
0.11012103201642469,0
0.0550463889222568,0
0.0002197756633644731,0
0.4838005293230266,0
0.12171082345528608,0
0.010156113604021242,0
0.6173097171202686,0
0.9022705384285638,1
0.20809316265761232,0
0.04044061217114696,0
0.02012045425493996,0
0.07179208202893514,0
0.03374393244392624,0
0.13063566688239595,0
0.057317028447077055,0
0.728275269923898,1
0.8365561952014097,1
0.31905093364595155,0
0.02508292118439014,0
0.4581970183900922,0
0.058722655760352044,0
0.08818332929943459,0
0.22894924747240228,0
0.12173802119118352,0
0.733504465799777,1
0.007762642812826347,0
0.34657202770711426,0
0.0035158847634062214,0
0.07949719243866345,0
0.030501166874958085,0
0.013332357342826517,0
0.04848793418617953,0
0.5094402606810015,0
0.02084240256023345,0
0.021120030763883416,0
0.0013695666633999296,0
0.5186043940270969,0
0.026755786943090346,0
0.008838280042926335,0
0.7168604048303545,1
0.6079077855362416,0
0.7483526468005548,1
0.23515668314680946,0
0.06889988081376296,0
0.2770428268607047,0
0.10080572645434492,0
0.005060319682650246,0
0.013109136798159123,0
0.8265412802257482,1
0.07242319951149966,0
0.13192872947145756,0
0.00402377383205788,0
0.32802172512266503,0
0.0020406760384495157,0
0.04949285966921405,0
0.4713018785891135,0
0.05000776455901579,0
0.16278495802000914,0
0.0633735935670915,0
0.05026009393956571,0
0.16504757927713826,0
0.010003547528905699,0
0.0708856171339087,0
0.1162709707903477,0
0.003147266579844507,0
0.21496469266522772,0
0.24062983456604242,0
0.040988725902598465,0
0.04689774879139856,0
0.1133805910294964,0
0.05466320604627562,0
0.0630253440464983,0
0.18587675962846453,0
0.1116520157955261,0
0.0393509174058506,0
0.06542675955785515,0
0.11087797676284185,0
0.07457513054529787,0
0.005302311211100083,0
0.8711928426446756,0
0.14788257943620386,0
0.7743122292446054,0
0.8676395632014237,1
0.09393593199289388,0
0.7863480926803634,0
0.07403567525311804,0
0.023980666925657788,0
0.7678201789392627,0
0.09707383635690857,0
0.4691089933488824,0
0.015479328188224804,0
0.2800676493759119,0
0.04559355506806266,0
0.017452703079773643,0
0.6006452899058402,0
0.13411005333999765,0
0.26222152831991474,0
0.0037276154701232135,0
0.015323823980284052,0
0.12916251939875772,0
0.12207946921266209,0
0.08969792756626359,0
0.10012943268751584,0
0.09399884504398216,0
0.0031836996807784682,0
0.013991711643128756,0
0.007498847126737925,0
0.4431004972523053,0
0.010807255254624932,0
0.036227739653407906,0
0.15347267402722825,0
0.014562286281179875,0
0.9163766513367159,1
0.2498626285062023,0
0.8724058181345401,1
0.0020924883339305564,0
0.10910359148615024,0
0.04986342006264421,0
0.005483660029275117,0
0.8483124925704985,1
0.30994908129428617,0
0.4155197511891232,0
0.04590501188387713,0
0.10568452714203061,0
0.10194515671379525,0
0.8937485204758641,1
0.30687745617627493,0
0.12148107279856385,0
0.05718400538042548,0
0.2872943081352429,0
0.016622372871164526,0
0.14297303099305783,0
0.9407918531804415,1
0.39860896620224434,0
0.06943282800527405,0
0.3949810784363245,0
0.007102200397256145,0
0.8328776089132842,1
0.3979377681793521,0
0.8497512262690194,1
0.01571215246090514,0
0.2026068233073232,0
0.016233036297878287,0
0.007378698684733411,0
0.40109379838027454,0
0.02191014803162654,0
0.010878763161562416,0
0.0953669620753602,0
0.20199123624197313,0
0.19831546716600143,0
0.1679624873548515,1
0.30580347979015526,1
0.11750751053696039,0
0.004054397367131539,0
0.22165204756630083,0
0.03063535640689805,0
0.12343251933724679,0
0.004487882439468774,0
0.5636125341772699,0
0.34491967841752486,0
0.532681501676761,0
0.016285322952227437,0
0.574557088844061,0
0.003396331135847173,0
0.00969084669197852,0
0.49013588120776447,0
0.0498062333470532,0
0.020925921015374268,0
0.07241539765679247,0
0.15986728895370797,1
0.5230972115300684,0
0.11558359140794876,0
0.19277435139486335,0
0.12276100761130511,0
0.17638963504147848,0
0.3255141624381848,0
0.31722240917429906,0
0.1730129725204113,0
0.07715167300211298,0
0.2971135163014699,0
0.21238530579528195,0
0.8723211063848004,1
0.15139537733563863,0
0.12831797561189462,0
0.07148971902968232,0
0.19288123625030415,0
0.0656526333704115,0
0.007150010568712899,0
0.47166709237326193,1
0.20458100845355603,1
0.3320266891242043,0
0.14484565409888828,0
0.01569733000933068,0
0.05628331998900829,0
0.6613449748957617,1
0.0076202154248633846,0
0.003786128593982668,0
0.005071919202484044,0
0.3634540300874568,0
0.031313714487358,0
0.206318798180506,0
0.05285754764344315,0
0.04429360493338112,0
0.6039301846782158,1
0.011412595132175718,0
0.11277141126884681,0
0.24735993050962146,0
0.004774582705775267,0
0.16706102808835535,0
0.1887846879138047,0
0.054703816806896816,0
0.021773579934146067,0
0.8401285174990286,1
0.07445748518439071,0
0.27317353071180284,0
0.08427780749531108,0
0.5156795786933563,0
0.20727255857663926,0
0.006904629820601563,0
0.8452977864505459,1
0.24909725553068154,0
0.004358017202645516,0
0.2033728199766289,0
0.06957968945358453,0
0.09480503644159338,0
0.06503678457897384,0
0.04170653837480643,0
0.26566006056865693,0
0.10537307285629906,0
0.06246754437639331,0
0.09623975672404166,0
0.012201334192331126,0
0.0002509360185251348,0
0.03072818353105975,0
0.089645052366901,0
0.34991964611563836,0
0.3305942093065799,1
0.7081212251656619,0
0.042817817343332926,0
0.07664115701258344,0
0.0004913545802979826,0
0.7497702713975318,0
0.01946320494835075,0
0.03639269296898698,0
0.11516363005015287,0
0.06132192806626635,0
0.03251532945722516,0
0.0495168712680677,0
0.6325766778788025,0
0.12218477384916031,0
0.23148289909270806,0
0.10719937817901687,0
0.17194783365686322,0
0.10009835026176848,0
0.08330573659610173,0
0.14179514439112018,0
0.11140940496076794,0
0.04934693213921015,0
0.16280945124526777,1
0.5781281572461623,0
0.6508809315308068,1
0.03393305721486697,0
0.18057405014872455,0
0.047578471286672634,0
0.0035113492152608204,0
0.4320021693265522,0
0.035862193106821004,0
0.24617245102641594,0
0.05632038128547147,0
0.048301727155519655,0
0.7986920640319429,1
0.04018584953125944,0
0.5385196652644918,0
0.02544090740402811,0
0.12249433462532619,0
0.24103245665603645,0
0.021576251051700246,0
0.00418069266465616,0
0.05312874807215313,0
0.17860652078319178,0
0.12233182484608107,1
0.5043670255331252,0
0.25283447145275556,0
0.13474970982658452,0
0.6705066029052237,0
0.001057414915877494,0
0.043866143302253656,0
0.4839684236965949,1
0.07857467472693826,0
0.15075650727544085,0
0.040242913468209664,0
0.06277641137229953,0
0.043067279777670914,0
0.03235638597369328,0
0.047375055762237765,0
0.6757236437750445,0
0.20835138665510153,0
0.06315222176582781,0
0.05554891065150555,0
0.14395386969709853,0
0.19740422277996525,0
0.40498817194591985,0
0.10401537006653884,0
0.004624067004423948,0
0.0058241070594515,0
0.40441601884456563,0
0.21336844576201344,0
0.0013226645639544431,0
0.02739082130790631,0
0.13879178913230805,0
0.2046488901714496,0
0.00023294689597980707,0
0.1949808437385952,0
0.019100520267308973,0
0.3346869602954978,0
0.0020973328353911373,0
0.06576876478885338,0
0.2989400311199543,0
0.04110620429770315,0
0.8096327258641657,1
0.1786840962602823,0
0.8196676180909626,1
0.1588202145565362,0
0.27340126081265614,0
0.3637285444419657,0
0.14408323550071198,0
0.3035965205218774,0
0.14005162398243637,0
0.005628110408888114,0
0.2178643323338968,1
0.002522506032824667,0
0.016285793435006385,0
0.0014122481665726635,0
0.0463371543284904,0
0.173291607316775,0
0.11283352756322879,0
0.0452609183455407,0
0.014476335938519564,0
0.014667997926946981,0
0.17577083285597858,0
0.07713425873342518,0
0.13955699823798484,0
0.2503729888295778,0
0.741120304278503,1
0.0750080379857424,0
0.3541169086497933,0
0.34635587521531863,0
0.007076095233199182,0
0.04788373482822385,0
0.04798007475728204,0
0.5432183707498117,0
0.025159534393530525,0
0.01966085537492234,0
0.026912857290226293,0
0.058467914578012724,0
0.05885892141174797,0
0.03932653148027366,0
0.31288606014462367,1
0.4520509445284814,1
0.2544740099545203,0
0.02828123339794929,0
0.03757963946150766,0
0.022257174099787537,0
0.0045751868049407445,0
0.022883352432325563,0
0.6870670099235787,0
0.14514232339255928,0
0.0024183638410576096,0
0.2469344732136735,0
0.0673735760624228,0
0.3983969544912068,0
0.09669462774151025,0
0.03907991999590937,0
0.522407752779076,1
0.18637914882427034,0
0.07276263391484705,0
0.01393208587158555,0
0.07903803655531239,0
0.298063740802305,0
0.007401851889942764,0
0.5695373285752279,0
0.18570604000240454,0
0.008239011087830343,0
0.10571275733675302,0
0.14273141366866487,0
0.480370763101099,0
0.16985188415908944,0
0.14106296337891247,0
0.03887365617496992,0
0.2550169365958587,0
0.010699520076058424,0
0.09142921472494686,0
0.4252962025308182,0
0.01858753383021487,0
0.36467721260409125,0
0.03288630361727691,0
0.25493122164399384,0
0.10348546507760485,0
0.03396365381854088,0
0.5382939919119796,0
0.029884175375607353,0
0.19304301439491336,0
0.1527323007307057,0
0.03274510568712021,0
0.08405359628771428,0
0.5869229582233398,0
0.4177549345667476,0
0.10364477044747533,0
0.5403920252262701,0
0.5397183775785533,1
0.014493819459029032,0
0.9135887465323866,0
0.004037170822769385,0
0.039446957389007685,0
0.02569058769652241,0
0.4128617777316311,0
0.047782156369728324,0
0.38165758530057403,0
0.03803559813103094,0
0.004719340334214333,0
0.039996932680865085,0
0.001224274885895975,0
0.10720875845036465,0
0.029923700111842415,0
0.04717672978700714,0
0.01103284660773462,0
0.8254709493325656,0
0.2360432582140603,0
0.09087535163732939,0
0.15135405087335346,0
0.08656994125314542,0
0.2901610893145621,0
0.26802083637959356,0
0.19350221499187845,0
0.24677005838513494,0
0.18643257060559038,0
0.5605603725378806,0
0.005417401618287932,0
0.14895956552634312,0
0.18093000541831952,0
0.24475911158324512,0
0.03698154476304791,0
0.010479422778129929,0
0.021200384098930377,0
0.042970886550033886,0
0.11540132925988715,0
0.09718133421003448,0
0.32044970391440897,0
0.03756843441921804,0
0.8420080423731493,0
0.7636553552498145,1
0.00017073539436354088,0
0.8092569543931949,0
0.1072857889156712,0
0.7163691406373766,0
0.0035863224108135545,0
0.2259570000817924,0
0.24798493688376969,0
0.39004690019030336,0
0.23444178005619684,0
0.3835813042953844,0
0.7707014056649566,1
0.03160610210235391,0
0.037564463866852936,0
0.33197340331699243,0
0.04446125029481562,0
0.4959309674919948,0
0.11907340265128966,0
0.330741701101737,0
0.0793831538440947,0
0.22359694831460403,0
0.7065935063408789,0
0.007156385525527839,0
0.007364162223816994,0
0.025374469792860652,0
0.30149445413822223,0
0.2006203262990808,0
0.00805209833583278,0
0.0254668524426859,0
0.004829952431206935,0
0.44281849332604617,0
0.07073069475939278,0
0.156617649005797,0
0.007791890774690291,0
0.11514384649013748,0
0.17240183473753198,0
0.008736163084797953,0
0.19071676263665424,0
0.888847549455439,1
0.4585535265290702,1
0.33382006343418175,0
0.0755332685622535,0
0.1873363750665843,0
0.04018885070389587,0
0.08074924368979267,0
0.3938292029838305,0
0.03678697610647218,0
0.08241022800349117,0
0.022651381317486896,0
0.12540825684601423,0
0.01652120698718465,0
0.05138492396384085,0
0.6542485917306528,0
0.8148461259536277,1
0.0986558854654859,0
0.016580035737845097,0
0.521726798672257,0
0.0012689459082428612,0
0.0012629511649334573,0
0.07135000960537241,0
0.7699689414878089,1
0.025548437420570298,0
0.1924908827229434,0
0.13086164787594162,0
0.0006173053517996219,0
0.6950649824579292,1
0.0843885910110132,0
0.8048627859546121,1
0.03327091152860971,0
0.0806149400841505,0
0.0342211754617918,0
0.028408535928989044,0
0.3223438562302998,0
0.0567570625471209,0
0.017071836480837023,0
0.18355854601811344,0
0.0029622118805280677,0
0.023186443880139292,0
0.01569564485819455,0
0.0011174542056853567,0
0.5238830439988943,0
0.3148045258085038,0
0.0007950058686805238,0
0.136521799672444,0
0.23125290442309984,0
0.02663875101228818,0
0.4385777362659592,0
0.006464032489261322,0
0.14887569666012798,0
0.23935808458223112,0
0.007629247545089664,0
0.001461365108078899,0
0.01699257139904,0
0.0257025797329103,0
0.09381328067061315,0
0.02216772443063895,0
0.16016744851799244,0
0.016904098652479743,0
0.16684440878961238,0
0.4453362527939945,0
0.17802797090921935,0
0.002753606163002891,0
0.31095375006301373,0
0.8897361535934531,0
0.010186044464439452,0
0.09885348072906022,0
0.7158395684539447,1
0.05865824854408099,0
0.0021874336378032324,0
0.07554470118922751,0
0.11716262158572925,0
0.06569149024827597,0
0.5890408035745475,0
0.8889163225176233,0
0.4185795146028347,0
0.5619610292393491,1
0.09481637748920951,0
0.037835604692229366,0
0.32781858857896023,0
0.010839830662150503,0
0.10864710821176288,0
0.6660044353799383,1
0.5070494168369049,1
0.15647098092797568,0
0.451298356405418,0
0.8529458289448254,1
0.8455035653679756,1
0.0061923746507217,0
0.11787513786270618,0
0.0012038899958558436,0
0.10391064165978028,0
0.3363661844441661,0
0.36270705442470724,0
0.30912785978197,1
0.40846043098797047,1
0.00963612376796622,0
0.013952650089276611,0
0.024845501253216305,0
0.08191422408349597,0
0.45397609148031437,1
0.04931087284276908,0
0.25578408030832445,0
0.18267428095200408,0
0.0007486537036481925,0
0.00728621874236688,0
0.12643828461966775,0
0.20160303794186443,0
0.19883890557155232,0
0.0030382454859550928,0
0.20761275646177588,0
0.0011425779860763023,0
0.0010501196488806792,0
0.08468902223255208,0
0.15839621889424604,0
0.04221351771182219,0
0.009831432428175458,0
0.030527162534712965,0
0.0785644873355531,0
0.0037549576507768406,0
0.0017917816999403087,0
0.0025652557004868302,0
0.0023642330462807213,0
0.09168708781242925,1
0.004048891196600627,0
0.14543016284838292,0
0.0017220046744199533,0
0.15952717747998865,0
0.015421858730600903,0
0.02970833541542916,0
0.05649461981299934,0
0.38689500821589445,0
0.20329187026053494,0
0.801776709236908,1
0.0032389262890465628,0
0.05816547178117872,0
0.003537574428431496,0
0.3575630445235149,0
0.9124830691167045,1
0.06552210951841306,0
0.003127528479644842,0
0.5423391344188511,0
0.13325087054992082,0
0.04040572845877104,0
0.1599806288009999,0
0.36668492298166994,0
0.9093949536398113,1
0.14327187548317322,0
0.014495662842946516,0
0.30466068667093876,1
0.019026521549980878,0
0.16321701463953137,0
0.009511176934931085,0
0.44972340393487126,0
0.13632447369952386,0
0.22585720634349535,0
0.1308993804051081,0
0.2829464895374558,0
0.011520678344777822,0
0.7616266488562827,1
0.009788288813339135,0
0.19740663177599574,0
0.10779532886628829,0
0.014192839002569745,0
0.10311859889679548,0
0.6896659020569459,0
0.03671651132505679,0
0.31836210179538516,0
0.010700924248017683,0
0.008660287269006079,0
0.006551221106497511,0
0.007493709262348028,0
0.005127199071257866,0
0.11261193576082759,0
0.010926971393664327,0
0.28556739588945285,0
0.28098523231414235,0
0.2576252693068929,0
0.039925484663284494,0
0.3320903464295795,1
0.22321997453831152,0
0.06841258981878257,0
0.0532684318782445,0
0.05059507306016961,0
0.18710497233623874,0
0.45592699521055824,0
0.07123767874632171,0
0.19198656968312316,0
0.058850284251136156,0
0.13695371507509138,0
0.7400712235404714,0
0.3889513539779925,1
0.2927393485602593,0
0.28340257577759276,0
0.03965023948243025,0
0.8944432256572038,0
0.004669496054799274,0
0.5259197837463385,1
0.15498519950209347,0
0.06543249929173774,0
0.07459100141964292,0
0.006870399236689073,0
0.04062207995506075,0
0.05113152312884511,0
0.07492642781508066,0
0.04050468201108197,0
0.5887264125132686,0
0.0008047573916599782,0
0.024102618366207737,0
0.583041884202851,0
0.008359415121686252,0
0.0003766556625286633,0
0.021444277391026705,0
0.30702208349169535,0
0.06774406716629015,0
0.009057086687944008,0
0.04666191919122392,0
0.19142034999646562,0
0.007118659545321824,0
0.02397162754078817,0
0.14624565764858313,0
0.25316210434180497,0
0.7248366310848702,0
0.3825130442325844,0
0.028007590954129614,0
0.3900808492011618,0
0.795708084205696,0
0.7843404248272119,0
0.8741133900946153,1
0.35367922038833743,0
0.07245957236205336,0
0.6258225417817025,0
0.17597196995765027,0
0.918092843314238,1
0.017950286749043993,0
0.00530243940949844,0
0.009329124700299164,0
0.7323113969492504,0
0.1534023101170736,0
0.04382565314103857,0
0.008188238268011062,0
0.22867790747489225,0
0.6942191948083156,1
0.4470062627348538,0
0.7426540386015243,1
0.05454748848582411,0
0.651525413004942,0
0.16992915600874542,0
0.1472768266921134,0
0.2820770182978125,0
0.03942707588256841,0
0.01021600649040046,0
0.006381538974261484,0
0.07815962148622807,0
0.2926597667212823,0
0.009100934937601814,0
0.46738843779250056,0
0.021530017117414424,0
0.13255279670080153,0
0.06828344806446633,0
0.028291033062814913,1
0.10400689405265537,0
0.021068172931502295,0
0.22236760634414837,0
0.28496573389575686,0
0.026231671845297497,0
0.4387124326511072,0
0.46225275122146503,0
0.19086818990804738,1
0.010169647404061826,0
0.013072035276727755,0
0.006088159935557225,0
0.06060792682435852,0
0.4290330281962794,0
0.8355195956638283,1
0.47616441364519857,0
0.5088268497450794,0
0.06804067007149389,0
0.2380460050024324,0
0.35592977624855715,0
0.022333655846596686,0
0.2683409438861481,0
0.007152979421028864,0
0.054151266362992084,0
0.1523774813753309,0
0.001993558301456839,0
0.15490708963113023,0
0.27161140489829,0
0.24313967699651942,0
0.26549338563863906,0
0.047568813358240224,0
0.19076063490147513,1
0.3714656088530546,0
0.285880910624554,0
0.5195719222942123,1
0.00904067702472571,0
0.1169617359460065,0
0.24698710331197618,0
0.04085903716570193,0
0.3572569386352654,0
0.10350707284207893,0
0.03394357261948013,0
0.044342263459722246,0
0.008544787192630462,0
0.12428722649130658,0
0.016528243260760342,0
0.24051671534561767,0
0.010959298264314162,0
0.5048155649887555,1
0.046122024281419406,0
0.46883018592872994,0
0.0017149900139558495,0
0.020144292662867994,0
0.16961997491830477,0
0.07943981975008578,0
0.0036423116159568685,0
0.7393528487946694,0
0.07349612981440289,0
0.1731552811244972,0
0.15125838617170737,0
0.428383059360722,0
0.013455142315121304,0
0.00825912625396192,0
0.4973309378069235,0
0.28855054544716624,0
0.09192162494541264,0
0.6541362058974497,0
0.9108348875259996,0
0.01903472296087848,0
0.288157412343537,0
0.024040651852680624,0
0.20805017209073942,0
0.3424767535849003,0
0.23705613395946584,0
0.012498257040238278,0
0.06525172211951731,0
0.00127653883004593,0
0.05894282065735754,0
0.13844196447895682,0
0.009194510948191823,0
0.1951323506289107,0
0.019517956972410433,0
0.006396780428124178,0
0.05442266851125268,0
0.0007403792239121866,0
0.2599097810845814,0
0.6591495321155542,0
0.6459292106611757,0
0.0024921659518284595,0
0.09639855485806703,0
0.021052792474883102,0
0.19228999071471828,0
0.1550294643980607,0
0.5470200226729357,0
0.5320165812454835,0
0.007052915936288548,0
0.8699554649200589,1
0.09225137591365681,0
0.02775924091577624,0
0.05615553666764847,0
0.08003477325722692,0
0.4761520147306296,0
0.0285683264859174,0
0.34573453242635815,0
0.020154349944526768,0
0.5658791927226741,0
0.27189787844861335,0
0.020286469929822915,0
0.22896554602510166,0
0.7337703497202588,0
0.35901229759403946,1
0.17344072362677632,0
0.21278669366370556,0
0.03294796743929795,0
0.284206943296255,0
0.6636534675672588,0
0.042450725150671414,0
0.10015668671840987,0
0.019355857427755096,0
0.3488480312733989,0
0.27154764796421654,0
0.8833286120351919,1
0.042780972658079154,0
0.1311041463062303,0
0.1514441614262563,0
0.9273745252200629,1
0.1143946221551633,0
0.06788190232976972,0
0.007906190695010116,0
0.01634165156772508,0
0.019203846732769085,0
0.005911234787831392,0
0.0027025958682965496,0
0.9188647743605453,1
0.6775598631732882,0
0.1888230603696599,0
0.01189975819869513,0
0.02475830579664703,0
0.036433513054489546,0
0.7120960668441155,1
0.20211151406053027,0
0.05748440912393509,1
0.061541172514430434,0
0.010153493246204558,0
0.004741513861335399,0
0.221243016372946,0
0.21916678638478426,0
0.5214643296878835,0
0.8750306549096046,1
0.1821227020478601,0
0.8964513074366651,1
0.129696587067278,0
0.8134833001122211,1
0.006111503338483584,0
0.001314812653849055,0
0.11568256512724515,0
0.4723297423499902,1
0.03204671587340627,0
0.13873902623530512,0
0.518043683352895,0
0.060862175818802614,0
0.14063776301805597,0
0.04210245828224749,0
0.20290777036441401,0
0.04407065074113088,0
0.008521395569956538,0
0.0334357939360918,0
0.010370702035950924,0
0.013740855522902315,0
0.01939260832056133,0
0.7047108693517152,1
0.040311192119741365,0
0.3031374545118493,0
0.4761251263338657,0
0.5942440746801619,1
0.19189447433168738,0
0.22910347420233979,0
0.065055277529531,0
0.5724776404913086,1
0.12281032796060856,0
0.02578624873711227,0
0.3202581000853526,0
0.02789192432014154,0
0.19668162668059525,0
0.04492114524423956,0
0.4008424422021551,0
0.4220425259142283,0
0.016908907274294806,0
0.028366714280999152,0
0.06735352631515198,0
0.014559438498833998,0
0.19422915203854801,0
0.09466131022085565,0
0.45908427485642295,0
0.03791113588518269,0
0.10558032056211053,0
0.6300139345040352,0
0.34638824791972267,0
0.013815436068610106,0
0.3458296909441442,0
0.4125216578231724,0
0.00710537160432345,0
0.14749160635383463,0
0.9389852418259009,1
0.4265825251311414,1
0.007882742066485439,0
0.016919741118322573,0
0.13212138230392478,0
0.450163557659588,0
0.24444377573016488,0
0.0019036109004831802,0
0.23189714212140053,0
0.3166422218930626,0
0.22971527999870037,0
0.028446778465464808,0
0.07282826683013875,0
0.5587492220669306,0
0.7958114625295669,1
0.00793600440551303,0
0.1330388571259825,0
0.37204177686370277,0
0.04204921844930644,0
0.5216360335861371,0
0.025840920208414806,0
0.7663059704542642,1
0.06584288953297054,0
0.6450099000732961,0
0.014991792760827825,0
0.026846639216103974,0
0.15109971909321568,0
0.7592457840119967,0
0.11231056046216407,0
0.12471470521422114,0
0.12137567786951872,0
0.049159980627878117,0
0.1999028879999629,0
0.0005786842798733686,0
0.07611066666392549,0
0.9617888148872166,0
0.21035805510987132,0
0.05620457850439035,0
0.06181659464562879,0
0.31031709413489816,0
0.808134941784906,1
0.143126945564241,0
0.28183094610752274,0
0.8852324474125418,1
0.046447747418444214,0
0.0009304234390619499,0
0.0415473569282177,0
0.30175499114892673,0
0.8682058903639068,1
0.06686293626171681,0
0.6305591486363409,1
0.0034049528343100613,0
0.48724847424369006,0
0.04340343252285097,0
0.09675780321752174,0
0.03969549645547636,0
0.019789260798531452,0
0.41843062329586816,0
0.025076992200840347,0
0.932086592221255,0
0.4367256435834777,0
0.02467371823204794,0
0.03718251047948467,0
0.02653211891686844,0
0.7182740085826245,0
0.025432984339651046,0
0.03224551391606421,0
0.4233775372864416,0
0.2621009018216344,0
0.009762552445667906,0
0.07901742466908651,0
0.655425488509531,1
0.6659586667753408,1
0.6046896469086964,0
0.04780449076466,0
0.14648760250714293,0
0.16080040162879633,0
0.005611214949763832,0
0.14871447155778808,0
0.21816849104645836,0
0.034694087787208644,0
0.03262206185851457,0
0.3202256823661799,0
0.05879709792316709,0
0.010478077167418519,0
0.08851785347648719,0
0.06366507917250824,0
0.05028098266674919,0
0.05613776603966948,0
0.0029406145602453816,0
0.22691789922252195,0
0.11494620533203927,0
0.44431844304293955,0
0.0042574648888279,0
0.09019362269783768,0
0.14287820637513918,0
0.006277042447278211,0
0.06154403706372244,0
0.1162438722735287,0
0.018853785690157363,0
0.3542181277971649,0
0.13882626042995738,0
0.06671114176844727,0
0.004455309477240749,0
0.09316240766295598,0
0.10390821068726001,0
0.05051308302673589,0
0.06139842632390989,0
0.04607326856034234,0
0.20857703283437318,0
0.018330210980513195,0
0.08433346528906535,0
0.16151704068485673,0
0.10792653636596253,0
0.03017853016642251,0
0.0031808606622078144,0
0.04740965140065949,0
0.6091294769031627,0
0.19005029151689426,0
0.0589632645242912,0
0.16819678265000296,0
0.9493918171098105,0
0.008887586345910019,0
0.0009675078601953814,0
0.10085783572982818,0
0.07246161322301492,0
0.03718240033409029,0
0.012116917588035875,0
0.09307467206372715,0
0.03171523958682124,0
0.0578374859279594,0
0.10612469808061196,0
0.029905441044091916,0
0.17737863945009835,0
0.3404273059843518,0
0.2359465922555926,1
0.6583619408297986,0
0.01980667033988203,0
0.1434755282057359,0
0.7320302741825199,0
0.13971377827387216,0
0.14672926297464373,0
0.5047790529267318,1
0.5331329260614054,0
0.028359945317834378,0
0.6506426181138312,1
0.007339633904480393,0
0.6645029568734936,0
0.12219517116111177,0
0.5228807011540346,0
0.006323189832275691,0
0.0330668545489003,0
0.010104689658180673,0
0.3420433260235915,0
0.15836954909923157,0
0.4323998083533815,0
0.048191385869763965,0
0.4576046585337333,0
0.0849513976779001,0
0.026172282977863934,0
0.13081922548838595,0
0.01677485913670969,0
0.007912169341895535,0
0.09231075515013891,0
0.36550532698972615,0
0.37958760246545664,0
0.2711455502173712,0
0.1120154980000289,0
0.7801669213049683,1
0.513285952937509,0
0.01544392740514062,0
0.008804878590122685,0
0.2840559866985678,0
0.06574385458262194,0
0.8042660132100137,0
0.0028982305466181382,0
0.0073741664800543215,0
0.44394706078923174,0
0.02569692891727449,0
0.028692688233139196,0
0.5090314678611485,0
0.2201485411880384,0
0.1320732512266461,0
0.07167069631562423,0
0.00013942952990578998,0
0.18520298139318067,0
0.07557178235597863,0
0.015898238163986094,0
0.0283788831142928,0
0.13706131396740487,0
0.08173970923855946,0
0.9036028663554755,1
0.00980342810412814,0
0.04797353696374292,0
0.9441416858774239,0
0.47271486409024777,0
0.041348728927685166,0
0.8664690738339162,0
0.017085453222011777,0
0.058201820508932196,0
0.13259303159386643,0
0.006469021047951414,0
0.016021571073178545,0
0.07763235762196102,0
0.045731026440482034,0
0.252013805868002,0
0.0049457805694303305,0
0.5643114064112856,0
0.9183526735944127,1
0.04214260616703058,0
0.04578204660751583,0
0.00250569558374278,0
0.01784074083670704,0
0.014513924085760101,0
0.16027613545457278,0
0.1613961253779462,0
0.19269854732797878,0
0.8534019709948564,1
0.3743616287567551,0
0.06504316640440366,0
0.11591219411799622,0
0.14679603798218424,0
0.023575951962270202,0
0.07345998895885839,0
0.09376168727929113,0
0.021645335713275076,0
0.06415128752055767,0
0.3140829628919705,0
0.015568199014857394,0
0.3330118077152222,0
0.13351246847870563,0
0.14760340726657525,0
0.1627613869655986,0
0.18167563667971412,0
0.006626431447117868,0
0.4570204897368029,0
0.09494394287238483,0
0.28229436602506364,0
0.13973079232129665,0
0.011632407836657763,0
0.03176007151185964,0
0.0765431498197051,0
0.001644749692809171,0
0.14428193794989547,0
0.033593506425879986,0
0.0010979109350520255,0
0.6217035227621981,0
0.2043560966499923,0
0.046308282098899554,0
0.010597719537351696,0
0.17867701927576626,0
0.9589820021227441,1
0.12861533482061902,0
0.6265686064605295,0
0.10333601691682609,0
0.17376317016656517,0
0.11485244150663539,0
0.14656543225642948,0
0.9032404244322653,1
0.004793326551469093,0
0.13336706407093005,0
0.37328341731432735,0
0.09479518775178741,0
0.6935568892084651,1
0.08831794742599593,0
0.11210520034082419,0
0.13562629668258488,0
0.04200086066861831,0
0.18494557637035972,0
0.11026214060265463,0
0.03599006452802892,0
0.0189532865547439,0
0.15430803033052606,0
0.1382889722041943,0
0.05156045234741715,0
0.0544603399140802,0
0.03831073003792109,0
0.06346426987228794,0
0.09017291009060993,0
0.00044844654190531204,0
0.14990989731519797,0
0.13473835040542909,0
0.4341655656513785,0
0.013569829968221085,0
0.9414503131354908,1
0.012193938998948283,0
0.11557673282190391,0
0.025481109567710266,0
0.17859913175687367,0
0.15181300342432485,0
0.1762591740897762,0
0.08294563551490036,0
0.3165522468887796,0
0.7414995616098711,0
0.06680325306132046,0
0.039000024441803664,0
0.1054550796449411,0
0.11992447678691065,0
0.19086666186548706,0
0.008705860749997298,0
0.20986021647878794,0
0.0036062068649899454,0
0.41063270298580573,0
0.4776165096148415,0
0.3671509912537439,0
0.21622132560568982,0
0.28539067661916656,0
0.03611568404533191,0
0.4157244120364965,0
0.42547516132104424,0
0.008405076367618804,0
0.023472146613385564,0
0.4618913201418571,0
0.2704505526501037,0
0.14176317703213673,0
0.06633401192967664,0
0.07173841320287327,0
0.27391244820315974,0
0.0057438023338088565,0
0.31113704527872627,0
0.00237185472026226,0
0.026897208095487964,0
0.20212567128970646,0
0.001161904991709321,0
0.3741105918540352,0
0.2547124866264881,0
0.265444870343589,0
0.7026731006596222,1
0.0010510679477511967,0
0.002218364817206503,0
0.7689545168408287,1
0.011840232751816098,0
0.04116819557673287,0
0.8667838055149469,0
0.8332879701869685,0
0.08928966342681327,0
0.1587547099375782,0
0.012654354128655575,0
0.027137529914595934,0
0.001297034598019308,0
0.02150283303042037,0
0.26839857840569803,0
0.8983715865130492,1
0.39772737068154473,0
0.20032018809981988,0
0.3350500564960887,0
0.7992425019701264,0
0.4513903216213905,0
0.05205360579171001,0
0.6505456401723988,0
0.0005991618429615519,0
0.22464041077363858,0
0.007851951842584139,0
0.1333423006362971,0
0.1557159600459775,0
0.3525578165581253,0
0.3231905811892682,1
0.0028584849632382198,0
0.2596117693305124,0
0.1886091521536493,0
0.0992209009833166,0
0.029373792235739573,0
0.39840231733074827,0
0.01225748268813324,0
0.10474749999717502,0
0.04415172377564417,0
0.23157124135391513,0
0.0971423451957552,0
0.22380094568525596,0
0.17486589366680166,0
0.5018180677567307,0
0.9087775199356587,0
0.027484958371314663,0
0.18598878090213525,0
0.08983127320100169,0
0.002175861737285639,0
0.05624068517244541,0
0.9370038490016404,1
0.05912227074626266,0
0.5820245510673168,0
0.0016153514162755064,0
0.48104467093985753,0
0.18919986106436393,0
0.039189911022289144,0
0.08443475562128944,0
0.8200202077529666,1
0.27266507445636345,0
0.11740272363489984,0
0.021809413418124805,0
0.07934097013916241,0
0.06333375629492705,0
0.006305997249795827,0
0.5867277629863038,0
0.17859865243522957,0
0.012454897698979894,0
0.03132567679409075,0
0.7210175083992866,0
0.007891567936349833,0
0.6784851166520227,1
0.4484769310644411,0
0.2616752577695687,0
0.38019468248840793,0
0.00644559324076401,0
0.3367375283465357,0
0.7745988363384193,1
0.4558753412151363,0
0.06716553238931439,0
0.7973251104893947,1
0.32157834510838534,0
0.6895582315323278,1
0.0394892633434931,0
0.28380965938066266,0
0.07125451814463665,0
0.000547273712702623,0
0.07498750892509778,0
0.5027710199398719,0
0.3399772508079051,0
0.27421552106835556,0
0.05123305337686431,0
0.4214529332607337,0
0.021547286655778517,0
0.1789020502128405,0
0.06860067599677688,0
0.005427246996639033,0
0.2631647494396863,0
0.008440408315864385,0
0.22606713321833793,0
0.07872503003654666,0
0.021084767729104763,0
0.053350329877138676,0
0.005639823030463027,0
0.04062375174716942,0
0.34584853636102975,0
0.011279152193621625,0
0.10239113671939325,0
0.5949659198024979,0
0.10638691675335532,0
0.2175115677397366,0
0.08517054640224903,0
0.8450164512189159,1
0.37396899783792614,1
0.06075175506721001,0
0.11612823152904495,0
0.01959348864580314,0
0.008327162934337887,0
0.10741629041721314,0
0.42440601145477974,0
0.014874466296192395,0
0.10948720862055233,0
0.05193340259487027,0
0.0487228005893895,0
0.09202927241204997,0
0.7790937313269307,0
0.5405487290408079,0
0.020167001335210107,0
0.0025376832368235788,0
0.23638435778406627,0
0.3327998496261019,0
0.2515017649582258,0
0.0786014053612538,0
0.26820774389726887,0
0.7514628354322078,1
0.6808068202624004,1
0.08168527357440888,0
0.300438169287594,0
0.07500657776330132,0
0.028548105982145654,0
0.8479026777519063,0
0.3387269431822952,0
0.007889982562638098,0
0.04176707173254405,0
0.0163505545566226,0
0.2415625574352984,0
0.25772845829515834,0
0.010736795785412737,0
0.7813761416372507,0
0.0728785871596532,0
0.330516463443578,0
0.3254100629510739,0
0.04280877798531199,0
0.49815401438303303,0
0.7215455958160596,1
0.9665500874072286,1
0.08332155469608923,0
0.9511762865802992,1
0.004048990278201926,0
0.3795236340635668,0
0.025170994945262797,0
0.3709835373472032,0
0.008159092134296029,0
0.6772156980108673,0
0.24535173335693844,0
0.11750218766945142,1
0.03200683707892466,0
0.17200272907227765,0
0.00869573214512676,0
0.03821938849013646,0
0.025539764897813958,0
0.007159450236605247,0
0.15589816030521889,0
0.0688630377017618,0
0.08000150160888715,0
0.07305799294644955,0
0.054948512966743086,0
0.05226024078043522,0
0.29696377375966465,0
0.258230191021251,0
0.10542783331749293,0
0.9060359378987951,1
0.16772384523677436,0
0.47490399593522536,1
0.010766872893102514,0
0.2683834207373865,0
0.06021520522494233,0
0.1861353041284556,0
0.0011624766859558932,0
0.041191185755516835,0
0.698696287541529,0
0.04847425056955772,0
0.02754862760477616,0
0.16093910702999992,0
0.0005374935026841219,0
0.04187452247555992,0
0.08429991116259149,0
0.7020201625105854,0
0.06892503797792968,0
0.07398408289571043,0
0.02985570994718992,0
0.19265460120673117,0
0.8291205108480239,0
0.021208689581967817,1
0.28828470627153197,0
0.6456787606249612,0
0.029026799772309674,0
0.0036735687756516092,0
0.48164885391412054,0
0.7385536898169515,0
0.4504021207691392,0
0.11473535595383316,0
0.24688614157603458,0
0.39693691452147584,0
0.5216190582672746,0
0.0074518708246160345,0
0.2085727893360477,0
0.08968352295861812,0
0.6249093628403428,0
0.5327993605577551,0
0.01640530618031666,0
0.15522239127745116,1
0.026721942250601562,0
0.019624737374950758,0
0.38713177425771456,0
0.11425749138018162,0
0.022509374396559843,0
0.32999529066822914,0
0.048661306809704485,0
0.36021831826216605,1
0.03220261580964519,0
0.023702716011575524,0
0.01997678607519175,0
0.36620035558551933,0
0.4380975155769287,0
0.004609549778035924,0
0.43398643414805144,0
0.0022613088801344745,0
0.0457072342052396,0
0.01252346871317206,0
0.16099991039586078,0
0.010822763060489031,0
0.13528006596241143,0
0.3436374234310908,0
0.02703720190113443,0
0.02162442874593654,0
0.4331062369483986,0
0.15583819935984758,0
0.25207744135266036,0
0.20290031826583269,0
0.11528643787624648,0
0.12161774750543605,0
0.037775162535848776,0
0.01838407626513793,0
0.1692977219589433,0
0.020476555260900826,0
0.5277890520396998,0
0.5641302418324954,0
0.008771685664588367,0
0.09199313254076139,0
0.9210952295905799,1
0.05823597497820196,0
0.18772614980685054,0
0.41002506959454493,0
0.4048738581438953,0
0.010391866641289396,0
0.4224386408582019,0
0.0008604998218868395,0
0.7540640395964774,1
0.09642493479390707,0
0.007787393537885991,0
0.04260422429726379,0
0.04247388665738896,0
0.053335097461285515,0
0.004817836889455937,0
0.07704389417838553,0
0.14766481700509343,0
0.04038716542815558,0
0.11407017560214384,0
0.00021280920936987612,0
0.600310123925675,0
0.06451089830433784,0
0.008161406439851051,0
0.039880132730985396,0
0.25237373677851166,0
0.8720056398274635,1
0.4267608207595369,0
0.8201264303992263,1
0.33174757529799676,0
0.1883233191946516,0
0.09981089784601621,0
0.8063827925412314,1
0.07405098641262461,0
0.14489469190903878,0
0.3775815401200824,0
0.21543728263697923,0
0.5154912391328119,0
0.25355695138193846,0
0.006619940999837505,0
0.24575777380545788,0
0.5565132445224366,0
0.0363909092262207,0
0.08670162988098874,0
0.9083632541148191,0
0.5822581554582488,0
0.054339514987609985,0
0.909354602525756,1
0.0777743915295018,0
0.2574120318265939,0
0.3805415891286168,0
0.05544844006599472,0
0.014016220058339217,0
0.029894965726849666,0
0.3166196897308265,0
0.00497213543577095,0
0.002871604432436916,0
0.04684457079820585,0
0.03712029475934581,0
0.30239064418005657,0
0.4130372035607182,0
0.012283159144691446,0
0.06834401034099279,0
0.13357415552659316,0
0.16363536344493773,0
0.0013675452732307023,0
0.5852345215161986,0
0.12457789674953641,0
0.34018066057316,0
0.06837982082733325,0
0.42334971640710445,0
0.025891277440786127,0
0.058960529843618624,0
0.05638917370364159,0
0.6329332745886403,0
0.8061081907913462,1
0.20275665532192255,0
0.23334810965955075,1
0.01500961959331393,0
0.010803267524528285,0
0.050676981792464326,0
0.058969680829756226,0
0.2951117465226424,0
0.07372663778692358,0
0.3872876188969785,0
0.013402102008572527,0
0.0045567448693760665,0
0.01037830168920324,0
0.05280442240775367,0
0.2826779606365049,0
0.17523381895032072,0
0.015744562570776825,0
0.019082268696476036,0
0.007088967949712257,0
0.40604164236430845,0
0.021476421479334908,0
0.31378271552815906,0
0.3948226640458657,0
0.004125228199710329,0
0.0023998349592307703,0
0.16693981033342428,0
0.2652732692570522,0
0.9050982464621299,1
0.045202540260012074,0
0.2661570878546797,0
0.04166463129596561,0
0.2736309636900891,0
0.1732863201304686,0
0.15160644411838584,0
0.41233075182024725,1
0.1363894431419829,0
0.0013218405624533561,0
0.02354785512918401,0
0.03730275321421923,0
0.09694883013956626,0
0.07236485254110728,0
0.07875617040169756,0
0.16029715664816616,0
0.13044227449390003,0
0.024927982389484845,0
0.2349260310376247,0
0.18536328877476985,0
0.04257463132570764,0
0.025728159393308254,0
0.048493698305191776,0
0.006072148312593833,0
0.0008520302236458268,0
0.22170191624432609,0
0.10576332182470834,0
0.010179766384997365,0
0.7399783818640491,1
0.08766535467176936,1
0.015195153741160476,0
0.00047523512027257777,0
0.5164893881615558,0
0.334027384142103,0
0.32124038250448755,0
0.0552475291318368,0
0.9123693519851016,1
0.016642686246572287,0
0.5246520416700491,0
0.004191637445826093,0
0.47121391980380267,0
0.6006152080043473,0
0.02668270728125371,0
0.12021200677633208,0
0.054004379168813774,0
0.42008239420054144,1
0.007851082941150741,0
0.02140383370828926,0
0.11925134757947274,0
0.25690260751092114,0
0.5419872224051457,1
0.21227911012831502,0
0.47410511446941245,0
0.8139485143952968,1
0.08791155242547528,0
0.5399086858361936,0
0.13758634500621178,0
0.029767884494769584,0
0.1986441626267051,0
0.11642289753260457,0
0.01417776269886937,0
0.08750227696635089,0
0.006846455389348766,0
0.00019451383746941898,0
0.019390739711515583,0
0.109734462282416,0
0.302536394566991,0
0.22202036526225588,0
0.12497606221796748,0
0.2333369145962857,0
0.08302787424140247,0
0.0816400908649038,0
0.10607795570290332,0
0.008790779662329168,0
0.05283546835650003,0
0.03041347805639055,0
0.035471755751036685,0
0.05345209237500912,0
0.01246017173516828,0
0.44983883454495305,0
0.04170003817420962,0
0.17765859391824496,0
0.2125358831883765,0
0.02104844702775566,0
0.04230695125698168,0
0.104443314001738,0
0.04359225381950125,0
0.06660341982242893,0
0.6490043147332883,0
0.060411949223598056,0
0.029243910701138808,0
0.6835291941398652,0
0.15545573365535814,0
0.07452084465876477,0
0.459286101861952,0
0.019460413797238407,0
0.14518731709177554,0
0.26348399309712256,0
0.6408435898753713,1
0.14487626726832598,0
0.028200013088474373,0
0.08040116948211458,0
0.6628325359991628,0
0.9271762152249303,0
0.4019097142018151,0
0.7000356948168976,0
0.12359592917156648,0
0.37102985480584,0
0.629252114064661,1
0.8104191147480935,0
0.016382445058179786,0
0.8244331729498945,0
0.09092090525308552,0
0.46465419873134667,0
0.06717064563509546,0
0.016687378577899908,0
0.34732892860955855,0
0.016209869984956958,0
0.11366958717259427,0
0.0916292540358473,0
0.6497058562825392,0
0.10249948626181643,0
0.16451142921696976,0
0.6988176272007423,0
0.7832591435719013,1
0.7899037866101234,1
0.06882803022013048,0
0.1235264234689873,0
0.6286721138925495,1
0.30282028294467533,0
0.08944786046785455,0
0.09824280123063282,0
0.004662399358943412,0
0.0007066194288154857,0
0.18658495055336372,0
0.1571001170525339,0
0.2417280838261519,0
0.12112163891924543,0
0.03902110039214085,0
0.10793724038506043,0
0.19072481273670466,0
0.002366787351752391,0
0.043496048988998594,0
0.0020012203490627784,0
0.007785273126445272,0
0.7967213351998851,1
0.0006254003469351861,0
0.07743717723459577,0
0.069830413169282,0
0.6346913129290966,0
0.09997850699472884,0
0.11178851763329865,0
0.0036280983483694827,0
0.614414058984974,0
0.2805497671962826,0
0.1101360189732174,0
0.07146471071228798,0
0.0030474462526664825,0
0.012723152079295287,0
0.6465912480502405,1
0.039576812165918296,0
0.31503753129949574,0
0.02089299271095146,0
0.024754245464574654,0
0.11380176178045587,0
0.6620165862588616,0
0.03872266864750761,0
0.41650943631061527,0
0.009417156755971939,0
0.042545286731104075,0
0.3058422106734368,0
0.0004479686010187866,0
0.04743384908881393,0
0.04890296925201595,0
0.31738376335036395,0
0.8645712226061394,1
0.6122992121365365,0
0.25718732718782317,0
0.47800210498437407,0
0.008151073498476387,0
0.00804035509897016,0
0.6255194909448927,1
0.808532344334436,1
0.08947397638177702,0
0.041855585396359286,0
0.1402440473874906,0
0.26501618520850695,0
0.9342061949636323,1
0.15343033906933423,1
0.07157267037003595,0
0.5048345255507123,0
0.07064006930390973,0
0.19857143245110806,0
0.9114782505979924,0
0.3894941486105972,0
0.7363260869623517,0
0.10132144195196816,0
0.2674564840539987,0
0.0033115361600082925,0
0.00436291785006236,0
0.09001765207685142,0
0.05809963044965184,0
0.6537870055230254,1
0.014470120018254496,0
0.04235747049409056,0
0.4440252763178552,0
0.4701751557213188,0
0.11720352341380648,0
0.7848940150478979,1
0.2040900762773933,0
0.008061319639738041,0
0.027829772431693222,0
0.2045762639140167,0
0.6308112670002571,1
0.02383332575270906,0
0.20276853426237704,0
0.02644027106527761,0
0.00918768433250495,0
0.015333934194150833,0
0.7187533336104016,0
0.8177873099438635,1
0.0033738496725716897,0
0.03507568500753645,0
0.06737536099630283,0
0.37399684783345977,0
0.5191274651725619,0
0.008979208109784151,0
0.08015096496794745,0
0.5474923337594456,1
0.06241207933456784,0
0.8533911457320973,1
0.33450065684021346,0
0.030888560390583842,0
0.062213412630288775,0
0.017623455950097715,0
0.1348224785911929,0
0.006356886911354304,0
0.024563640915213292,0
0.004855508109583356,0
0.8523304800751865,0
0.13442057870768667,0
0.12336442827083534,0
0.001366999658722988,0
0.2447660783711317,0
0.19367485564078168,1
0.020808062689954256,0
0.06251155048240624,0
0.017695209452954018,0
0.012509268227486249,0
0.041651648996679384,0
0.10188797442734539,0
0.06807344394595866,0
0.28419045341188487,0
0.4994593974504037,0
0.6502040531112042,0
0.24480891414513986,0
0.3598989301890492,0
0.0376441588362537,0
0.023115201899508258,0
0.798683950430764,1
0.12357809490009837,0
0.07892820098489084,0
0.28624668485801286,0
0.4498215383895211,0
0.14680953983354125,0
0.00040582645212458796,0
0.8885470873174234,1
0.0606570328279666,0
0.1302209815738605,0
0.04000322456969727,0
0.3520770237669574,0
0.4432886704527022,0
0.005816793519395871,0
0.3671061264995255,0
0.5713264425092642,1
0.4708321202050865,0
0.833511677911527,1
0.02334315437927582,0
0.05613479339409237,0
0.005312085184831173,0
0.8351421922477416,0
0.016368259508845847,0
0.0584466677900883,0
0.2730733347433801,0
0.007188829799541945,0
0.4129108879999165,1
0.11259969643136473,0
0.7495294602079337,1
0.7900207259715554,0
0.45704153938542713,0
0.42988879457000034,0
0.07722054966793557,0
0.014959635384703726,0
0.38790872708409324,0
0.10692446071618027,0
0.10450093490122586,0
0.45304818122765617,0
0.22143926954436585,1
0.10024043663017566,0
0.06254635309288671,0
0.07046193041766055,0
0.21774492063615333,0
0.5692850214044298,0
0.340495644290284,0
0.12257707643777557,0
0.009015162889058697,0
0.002567752919351351,0
0.6007462397321706,0
0.08888690625778481,0
0.014557483050065823,0
0.045189902221858404,0
0.2476043771596403,0
0.19551121199672786,0
0.039190403282862954,0
0.047890674061725626,0
0.04768170822581633,0
0.8180349825439561,1
0.002513926218533407,0
0.3906732692944653,0
0.3184698484564002,0
0.015592723859465902,0
0.46529082094582924,0
0.08150706287507731,0
0.3959225791147895,0
0.11318623890573352,0
0.23410076300765417,0
0.060607057696784025,0
0.8633518610221442,1
0.00904496296085772,0
0.3546923043934165,0
0.03492684923320869,0
0.1654581334965464,0
0.24140196835634878,0
0.058723978529343156,0
0.7045674813822506,0
0.024977343954397224,0
0.28597537521581984,0
0.004508680267773183,0
0.06385342686168372,0
0.32582312441696115,0
0.9414245620986947,0
0.005261013634779367,0
0.6834510440626207,0
0.29466377330298277,0
0.1322947737146748,0
0.0443554081907226,0
0.7663247237980914,1
0.03408846516334098,0
0.21336067734986577,0
0.6118212791222278,1
0.015161481207928497,0
0.7740578555829114,0
0.5189960430767576,0
0.4461960518793491,0
0.14799543311535973,0
0.36487977512769115,0
0.0051998518623901915,0
0.10612316152522214,0
0.28378383536985013,0
0.6292716906374478,0
0.7346977736525486,1
0.12883620160353543,0
0.8589202095970551,0
0.7644838306480984,1
0.10027002836336657,0
0.004476117789128351,0
0.12848485148210465,0
0.011582706680521472,0
0.1425297961243739,0
0.3764679898270728,0
0.11772001276715735,0
0.056099160687654026,0
0.2566837684743102,0
0.06328793863312258,0
0.17808226737565247,0
0.07930557321465892,0
0.5573982562113288,0
0.35749956644075903,0
0.024409694461748684,0
0.17771161204004962,0
0.044828705958644965,0
0.0460163600295406,0
0.0017332986386606223,0
0.12947878931516696,1
0.015018640256455761,0
0.009699859837478704,0
0.17742087223846068,0
0.713081327628051,0
0.9218091800676644,1
0.24480820197784814,0
0.3260161452932863,0
0.048716193979035094,0
0.14578805469346587,0
0.1723131625190406,0
0.1636172560771132,0
0.027921559930963125,0
0.003291577512773985,0
0.07684297877759973,0
0.011893612712879312,0
0.07752915744528316,0
0.6917981053716373,1
0.6885102890259468,1
0.3392057860709967,1
0.04662608673852619,0
0.5877103218710091,1
0.13725758708555522,0
0.062070343778047016,0
0.0850522939860488,0
0.15159838475577672,0
0.19911957451094972,0
0.10108959266719714,0
0.5614555720838212,1
0.3253038088503469,0
0.10385720985585692,0
0.08606074595012962,0
0.7186068199086538,0
0.2782119588095185,0
0.11077182958760882,0
0.006735835798901591,0
0.010526619889344458,0
0.037561628273330684,0
0.051417717501549734,0
0.16173162843725178,0
0.6980611405508,0
0.5572440023483588,0
0.015140745219775237,0
0.032827903205289936,0
0.7329776952800561,0
0.7514677504573695,0
0.01945013359712458,0
0.02410355168651544,0
0.06627868720232745,0
0.44429277313260473,0
0.7244300041697579,1
0.06138981093030922,0
0.0669009555485869,0
0.009111408601439322,0
0.0011260957441258494,0
0.03824939687547147,0
0.18268152817118805,0
0.3399043742533447,0
0.12621025809302758,0
0.23817035247889257,0
0.02075034772875298,0
0.2437232472714864,0
0.47175728595810373,0
0.06620714712116436,0
0.009098690982203233,0
0.04717561192265102,0
0.3695600684115962,0
0.40380233497171103,0
0.0361633476429225,0
0.4603943538121063,0
0.048884081152634165,0
0.09753098997762243,0
0.006012034125080127,0
0.01814415679291002,0
0.5426576576157305,1
0.18850722265330974,0
0.09449442937914862,0
0.0030796552236376914,0
0.001466895843138068,0
0.007697379297454247,0
0.013541644432849316,0
0.2520463171197267,0
0.14791741431066888,0
0.07756225109908145,0
0.11159185878632784,0
0.17900858075783158,0
0.010502278753422672,0
0.0011698431292894362,0
0.9591176839447447,1
0.3559373346113499,0
0.7457236671827678,0
0.14652516287829184,0
0.3784060305696985,0
0.9291813535718418,1
0.11248765776164829,0
0.023714276279396762,0
0.10456676790825958,0
0.08641955000297641,0
0.3762350977280041,1
0.05497362915420374,0
0.6431841184373274,0
0.25234575346407917,0
0.07318154960151133,0
0.018843735002685134,0
0.6175879732713514,0
0.11468757900539502,0
0.00222371548390283,0
0.0004993195609054458,0
0.14001511943190934,0
0.4067269480949375,0
0.0031072498774016703,0
0.5546490603901372,0
0.8442021136443667,1
0.31738643334626515,0
0.27600977478082456,0
0.029615640277945506,0
0.34771457106191117,0
0.37911902906902667,1
0.028539739193884153,0
0.10069790629147528,0
0.37370157109470376,1
0.028841968189459503,0
0.008902516914839216,0
0.4186527834537161,1
0.25089390855801497,0
0.022302844146722418,0
0.04370115667782838,0
0.6306963672903706,1
0.019433103135051973,0
0.1419555848476403,0
0.47949963090142783,0
0.610878483133393,0
0.269155138623349,0
0.03995187530093194,0
0.6603903776209922,0
0.8245508728468465,0
0.08070425178203229,0
0.0805890871579662,0
0.001995588585887124,0
0.006637710489343519,0
0.12289035470497141,0
0.01430655233600958,0
0.016730017585295954,0
0.06229614441493851,0
0.24990560794107244,0
0.021178682265545055,0
0.7324813150773688,1
0.007941329741052263,0
0.49894792007281374,0
0.11697981628941424,0
0.028919289213921045,0
0.022349691267930488,0
0.15828323299754238,0
0.773705198384821,0
0.08611618921265746,0
0.013319718279675393,0
0.03845858122457629,0
0.399592982917436,0
0.007542871540873477,0
0.3041360704522573,0
0.7020715796518688,0
0.024396363314076647,0
0.15081958801356105,0
0.7784404501920531,0
0.044908788230071335,0
0.6340583319512004,0
0.17317387322840672,0
0.7436691491959727,0
0.44053789706432755,0
0.860339028419374,0
0.030344951395710435,0
0.8365405823388298,1
0.14167103727776229,0
0.05216569730007805,0
0.05146245500867761,0
0.45039453945030267,0
0.6658032862824054,0
0.004388469329242753,0
0.7456816131568704,0
0.0011914039557473384,0
0.04943088598442273,0
0.04674028977351572,0
0.065120830040677,0
0.12157758874341903,0
0.43069314766338196,0
0.02698245562946513,0
0.6390048478311514,0
0.49591088730892674,0
0.16621140294126535,0
0.2573355114545016,0
0.00041061307752772187,0
0.07386347252466219,0
0.5103609883378936,0
0.2175193628849959,0
0.12271460014267332,0
0.07049441803462714,0
0.028325030340782886,0
0.07166908946492724,0
0.003969839745294992,0
0.7716392502439555,1
0.04241808785170353,0
0.032258678983790555,0
0.1642193145488814,0
0.9096334370581365,1
0.2554499301608866,0
0.03786393230406043,0
0.005832154780018302,0
0.04627385403290435,0
0.200251775935915,0
0.39131051314976845,0
0.6777622911207549,1
0.22739637519481365,1
0.010864044851640315,0
0.019836935019993847,0
0.5635991870839485,0
0.45073007312088986,0
0.5547135489886056,0
0.7860733713728537,0
0.01297473308779213,0
0.10975682496492566,0
0.40484351564886273,0
0.4659462322779597,0
0.04945988175463117,0
0.09074773473984239,0
0.058899715115888276,0
0.03291589423620405,0
0.05013893930981778,0
0.24362117199523253,0
0.3367817837546252,0
0.20919895900620797,0
0.8933238002890479,1
0.06328608655436224,0
0.008879259478496753,0
0.011528364435775275,0
0.8863323753619786,1
0.8875571471765696,1
0.07147827951711526,0
0.13123060260441125,0
0.053053271302223,0
0.0682414916232047,0
0.023085191591829965,0
0.14883808338533305,0
0.7803192288498761,0
0.15667819450682852,0
0.0038180500198895643,0
0.08049746845003661,0
0.1755091615063669,0
0.14422161982094242,0
0.7945158418705334,1
0.19016811390161134,0
0.184023277780971,0
0.2535870649670834,0
0.2843451901635122,0
0.14232218029577845,0
0.008531650616548543,0
0.04915397694605862,0
0.0023762297576524318,0
0.20035042150020255,0
0.018586804565907857,0
0.4699138714735852,0
0.00563618097789162,0
0.34784110091485426,0
0.03157047036055688,0
0.07439311688848423,0
0.45673621486824917,0
0.3982831407076806,0
0.07664733939802297,0
0.12725808585109635,0
0.05030035428176593,0
0.017149622627165597,0
0.007920280069438653,0
0.021386002092906843,0
0.1350032892151377,0
0.028564919470819013,0
0.62509133668041,0
0.04623033113130034,0
0.0019216068003018395,0
0.2793097591640318,0
0.17861204560134808,1
0.01592663813417586,0
0.06639662394068112,0
0.023901030322598407,0
0.000837322597967165,0
0.011832727633761772,0
0.2732620249195299,0
0.2079901313583074,0
0.038383389515855924,0
0.002457785457483716,0
0.04443310787593729,0
0.7376521184344677,1
0.3400384161966398,0
0.007409040674270485,0
0.08958677196933697,0
0.010100814600289198,0
0.0008071924777969803,0
0.6999866506886099,0
0.18245565059711627,0
0.15337100747291008,0
0.09069715633225002,0
0.03283664746131352,0
0.023451250290081403,0
0.46766738701567095,0
0.05946144128628626,0
0.15659232984773724,0
0.26254119117478314,0
0.14603876607962976,0
0.3690257729639771,0
0.05491734618315887,0
0.3379672526911793,0
0.044311446298194584,0
0.007862949613854626,0
0.032977582675232674,0
0.03718110653907391,0
0.21300630311263088,0
0.29211851720892995,0
0.039879753035429996,0
0.017449586322912183,0
0.30876766873146017,0
0.8665804528180302,1
0.05285464243070578,0
0.16597048265778808,0
0.584529962766663,0
0.31357753688130213,0
0.7648875078262815,0
0.028875865045100278,0
0.8645839450353392,1
0.08427134825957604,0
0.41469446409388117,0
0.1788254153291743,0
0.08643083767917742,0
0.11112382932557319,0
0.15452855604930513,0
0.00683373634091413,0
0.07169675103885771,0
0.22950184093582418,0
0.04034642216492804,0
0.7607673670968566,0
0.08470063441189896,0
0.02937243718280132,0
0.15019953922009194,0
0.13702958353370073,0
0.12238462525897814,0
0.05448145306225004,0
0.0026046027081124234,0
0.11110259229074687,0
0.03393582112954769,0
0.23149160516674883,1
0.3895353958813865,0
0.09232234668527838,0
0.205011328542829,0
0.008448270521943822,0
0.008075087807952347,0
0.07983952615714957,0
0.03565837879478295,0
0.16403871293325237,0
0.24822018554106007,0
0.07546425223347318,0
0.29312725719954585,0
0.0478253457908347,0
0.05484668406641765,0
0.16245733329732945,0
0.017905548036618445,0
0.2256423093600818,0
0.2834321780647076,0
0.014825729821681828,0
0.10519620975693926,0
0.041506115832923476,0
0.017136571488775818,0
0.8738991643426416,0
0.48645299656462127,0
0.048245596530290924,0
0.5747909861574259,1
0.03885878782843788,0
0.016306863427981915,0
0.02099736152990102,0
0.06242655243023713,0
0.17327945954352428,0
0.01699821146875197,0
0.6875533143467163,0
0.6285277008934128,0
0.031161138343452428,0
0.12414077781873337,0
0.10484997974869181,0
0.34617451595883736,0
0.005227352296204856,0
0.6930500249859545,0
0.8255447940619633,1
0.0704219257107386,0
0.5300489451981526,0
0.2600720999525484,0
0.001127558825937667,0
0.19070179480829574,0
0.08185626073116072,0
0.399505538605932,0
0.05388723604570865,0
0.006246903671928606,0
0.009099291763561949,0
0.00026037396851784014,0
0.03669235594180634,0
0.4062370258719475,1
0.08682003230806479,0
0.0585595042406687,0
0.11749864759442319,0
0.1431057614082776,0
0.8793698614113197,0
0.7656748113042892,0
0.21504329680590095,0
0.18096593711465409,0
0.7511934399416675,1
0.4547698070558013,1
0.0033147727276852217,0
0.024421497273529803,0
0.04949271153040196,0
0.17484351248270877,0
0.028846845322767187,0
0.010292147959638743,0
0.023001617963634098,0
0.012344561935943904,0
0.07478263395161422,0
0.011267942741888042,0
0.009105714575233338,0
0.30789961234328317,0
0.19547182252825698,0
0.023722808677566674,0
0.025021366470440006,0
0.14174042301751075,0
0.00887781527807001,0
0.07975962542369822,0
0.09126001511228105,0
0.017981213775917024,0
0.031524515781743805,0
0.21112966219961457,0
0.19011204302153614,0
0.26158063001913306,0
0.11738240269504531,0
0.47396282691686614,0
0.5770679018984466,0
0.036283430274795116,0
0.28877530579189303,0
0.6423544950188809,1
0.22261474766372913,0
0.3535961062812013,0
0.2690680765732248,0
0.15619699175201543,0
0.04915041241236921,0
0.4040783512277127,0
0.044005526867737524,0
0.322151435672158,0
0.0011744097816673352,0
0.19086875434959782,0
0.03228895037376926,0
0.013247968386713199,0
0.8788720160461404,0
0.04097372338347409,0
0.2721949838338895,0
0.02202618523613991,0
0.008351272846447466,0
0.45853159147416817,0
0.8708596644604791,0
0.8005698644312905,1
0.0032475119285436216,0
0.07642738389988883,0
0.04835294225013441,0
0.0562209253396312,0
0.06450717534762472,0
0.007290842352579755,0
0.6775992956079041,0
0.00646243159785579,0
0.20767510490910288,1
0.16092982601125438,0
0.32969697606616283,0
0.009217374967358125,0
0.19465268934321073,0
0.16668226456364915,0
0.07118053498124938,0
0.41071624330653467,0
0.04055957404060378,0
0.583289662738257,1
0.6268715863913726,0
0.392223502727074,0
0.054863822037712465,0
0.037432950944633954,0
0.03849577860951432,0
0.013725893621561708,0
0.6992733731627907,1
0.2503329266639291,0
0.030081876957593068,0
0.007115175621680795,0
0.005238823121376771,0
0.053632616337415395,0
0.17502976226333639,0
0.3808098971829468,0
0.02044446239225214,0
0.0006346031833318267,0
0.6087197362231405,0
0.06339649062320571,0
0.8407590744799874,0
0.07460418550046599,0
0.1069878739757536,0
7.231185577646573e-05,0
0.05765205046235363,0
0.1876973075668192,0
0.035409405197164234,0
0.015583528411023213,0
0.03265190712121139,0
0.11064827289135205,0
0.013259594090994632,0
0.5392090366262122,0
0.05342714621116954,0
0.026310775401417016,0
0.31908105698689776,0
0.11976744238833832,0
0.10241232614507913,0
0.788525925103259,0
0.6987795780029931,0
0.04987269068746093,0
0.8881957699373239,1
0.7838929563213695,1
0.019332269995782816,0
0.8781366881106268,1
0.08311631534851151,0
0.008924359585420752,0
0.20919901697257134,0
0.8241433111616286,1
0.29814013709838755,0
0.02208687279656999,0
0.8312555538462264,0
0.003947952074849575,0
0.3696858251630026,0
0.3732835064655606,0
0.017052886118883386,0
0.12263917359578295,0
0.2557993094654186,0
0.1706816344173182,0
0.23040553557891028,1
0.49641760889311326,0
0.7676172951472519,0
0.10857537202793334,0
0.4257305286375968,0
0.510762541141615,0
0.15783423036245317,0
0.6590864878727164,0
0.34419977748339287,0
0.0029253599513095934,0
0.7241356009401535,1
0.44664022449947166,0
0.19610995569170253,0
0.15653211301910666,0
0.3840156190660287,0
0.023406917675889,0
0.5698137002321867,0
0.489691585070554,0
0.04659932204746381,0
0.15899572930641664,0
0.9764068182347471,1
0.17289461183608862,0
0.7635986148225226,0
0.051771496674821685,0
0.18606497179947387,0
0.038880848693479235,0
0.0053811184157329705,0
0.09978408726380697,0
0.18531204093783893,0
0.038378327360662295,0
0.020125132159230206,0
0.42083219954038914,1
0.3687400233476882,0
0.05680406655815366,0
0.029295823331812472,0
0.07189380919404072,0
0.7706552234153324,0
0.002113391387414227,0
0.022690414896524968,0
0.009543021471659693,0
0.35333155142611694,0
0.25302073116088064,0
0.27102707186370356,1
0.2837932381970249,0
0.07773363077577065,1
0.17058547597749277,0
0.9397882884156308,1
0.0047406987547964794,0
0.4645754912562031,1
0.22243759975506172,0
0.014680937702495275,0
0.020087770868839182,0
0.004297851917261793,0
0.05035592400121695,0
0.44421104431783603,0
0.06377398903125142,0
0.06625334211542264,0
0.09184212393342944,0
0.5237052275074964,0
0.6303126895787555,0
0.5835737732689801,0
0.06450664744439123,0
0.33704471740194675,1
0.1647846767118879,0
0.025706115055475175,0
0.015226053343169626,0
0.3455814224176044,0
0.22415062156560125,0
0.18661248903781663,0
0.1555237313703369,0
0.011814859635363667,0
0.0526730574111423,0
0.00010899700375173297,0
0.3965780725707706,0
0.7477847853513395,1
0.008083533861052254,0
0.011302278803708671,0
0.029091829685670763,0
0.009804124681925593,0
0.10268639160252646,0
0.2871400026341938,0
0.08826445278670647,0
0.13086495758178943,0
0.29188386682560497,0
0.15169447660122173,1
0.00833618142660093,0
0.6862206016985283,0
0.04031527944209652,0
0.0061387423251693775,0
0.2635912448649839,0
0.060596745986467006,0
0.05146310668343398,0
0.023955652985959055,0
0.12020577008340233,0
0.02444768089516102,0
0.07130028063780965,0
0.0033297831402537745,0
0.05882287849263975,0
0.08222747201734805,0
0.45188631653378536,0
0.43488351424929994,0
0.7507350847030715,0
0.0779391166490006,0
0.23126846670737866,0
0.021302380567108595,0
0.1518108374733849,0
0.6708770168940412,0
0.6706846517030922,1
0.12541367900964895,0
0.09445980062146297,0
0.16229794482729323,0
0.05755355253467164,0
0.0432721292706881,0
0.9198292223655868,1
0.7820525767605673,1
0.12098654487719064,0
0.525165312416485,0
0.845325661718263,0
0.00042853293059319725,0
0.005315391734211649,0
0.02514410513775854,0
0.2824683202494795,0
0.012676913498169202,0
0.0019909313031516987,0
0.30354271779463315,0
0.41162543247639466,1
0.01573176831596333,0
0.9688637299275243,1
0.6386871012061244,0
0.05555628520908003,0
0.21201382592846296,0
0.20810383035131122,0
0.000667725846557758,0
0.28834952043542544,0
0.9468798189992674,1
0.029152956953306438,0
0.20183523784175716,0
0.027468889388471817,0
0.11429748029105137,0
0.202027294759938,0
0.18462690700921341,0
0.6799115271624159,1
0.6648272182445178,1
0.10099389760682766,0
0.08417267011969876,0
0.09426669078896271,0
0.042269877251563524,0
0.030694533910071365,0
0.0034245684579631984,0
0.21686709388097392,0
0.04744287055334752,0
0.07112985069119347,0
0.46900291766861574,0
0.01807901463968792,0
0.07762208831515978,0
0.12260386928519346,0
0.11339629817404102,0
0.14934981051676455,1
0.008875073463937672,0
0.052199188608578875,0
0.6719016497225305,0
0.1427747893847316,0
0.0045613765526579895,0
0.06662866748778724,0
0.2509063576166999,0
0.3802612931446842,1
0.6131044986833496,0
0.6566608252868937,0
0.11031130581580907,0
0.08947255084706451,0
0.8020479489805367,0
0.09174796067648465,0
0.19766608019467155,0
0.007077891923337873,0
0.009800422866332089,0
0.5153436956698034,0
0.49745539987184506,1
0.005729589360277375,0
0.010428962095344833,0
0.003922556527712969,0
0.17479472390832174,0
0.02637966154475063,0
0.006135229098933701,0
0.1381948350877045,0
0.008866560268333438,0
0.006333130973989648,0
0.005258844633147184,0
0.9020909714569688,1
0.08948981948297353,0
0.11468713918354774,0
0.004932982655342102,0
0.0409848336650781,0
0.2866155331315856,0
0.17622954711974062,0
0.0005203781216961612,0
0.037184500895002914,0
0.049822479835313516,0
0.2913818385396511,0
0.0010046199923565246,0
0.12960123334844922,0
0.09542172661692991,0
0.0026786735540508776,0
0.02334625727814956,0
0.1209095956214252,0
0.11160320143380932,0
0.18959736513537928,0
0.3036677783053578,0
0.005911490990796734,0
0.13975829618741586,0
0.21372797287740378,0
0.10286374193433381,0
0.06346208537495697,0
0.04599438891865933,0
0.03616492216006428,0
0.20584529712457827,0
0.12640696805676904,0
0.872206040419883,1
0.0020569393243921544,0
0.021146222464467176,0
0.08212520898095203,0
0.08149186644710571,0
0.042684548380829974,0
0.004350188677514842,0
0.06809814684930417,0
0.18755443493165852,0
0.07065307528677409,0
0.09080447560027957,0
0.39549609160777477,0
0.5937837827500919,0
0.11284159208849054,0
0.7066193019759427,1
0.0988413441076016,0
0.24927948563915006,0
0.6199120473250658,0
0.010860826828271063,0
0.838005500470321,1
0.4778251562878019,0
0.03255904159898497,0
0.0655021333592362,0
0.07612730569241462,0
0.07077790351127412,0
0.7458343382590841,0
0.03326139391043096,0
0.007761162364387763,0
0.004143097298675968,0
0.05820105196150964,0
0.00197719461685851,0
0.08390951023123285,0
0.80833739763566,0
0.3178192808751391,0
0.05464101678609842,0
0.8978525797503741,1
0.07986483958494507,0
0.003822874535207551,0
0.6925292254070219,1
0.17226133493680199,0
0.07661431498504148,0
0.10470216697316322,0
0.5752758316980341,0
0.0013137772261138418,0
0.6001740879295594,0
0.2991833643865361,0
0.03486586717424953,0
0.026011122444977608,0
0.27532948638130905,0
0.3298806221811865,0
0.07050439609185884,0
0.227313195471952,0
0.3653406159568495,0
0.012898797241263287,0
0.3942793446144597,1
0.02726121884994558,0
0.000960954239700343,0
0.00013462725642607177,0
0.028704275135416124,0
0.016406916020082533,0
0.08653812548143207,0
0.09274090375603497,0
0.3271068805705923,0
0.48273417199658514,0
0.11926659142304656,0
0.17407857542859853,0
0.7032277831421015,0
0.4179185139283447,0
0.8211849185693516,0
0.8474047414251019,0
0.033390250399703045,0
0.04558349178988065,0
0.29970358049533263,0
0.8296353201495456,1
0.014209972147412884,0
0.011720018771403851,0
0.14472144362052433,0
0.002278542050876039,0
0.42941968610733156,0
0.7114040080287494,1
0.5662563916052857,0
0.07135753593425903,0
0.0829060369495765,0
0.26238121202293885,0
0.31408157341041004,0
0.16181875835445733,0
0.2073615965352585,0
0.4031449172377322,0
0.006846600392889235,0
0.021347875986924312,0
0.24604578719822282,0
0.07956616801325433,0
0.061370546877470684,0
0.04221519462206823,0
0.03829250184965637,0
0.4781139781994104,1
0.0012692059798070341,0
0.8353934093476086,1
0.023998246657110308,0
0.03735194058078169,0
0.0537983823973796,0
0.09809482347807238,0
0.001591406875880602,0
0.0007481358173172183,0
0.09524874278816733,0
0.4791603689888833,0
0.10232302901649028,0
0.03143775361186227,0
0.07363929762918338,0
0.37018539783053084,0
0.05415232776930616,0
0.11004246725768595,0
0.06086009600323878,0
0.6472131849855569,1
0.5292689163325592,0
0.23631713146409813,0
0.9841848676105244,1
0.05469700262047932,0
0.2627970791316639,0
0.09827317460484403,0
0.11854780591794876,0
0.02557984269167271,0
0.7408560700317082,1
0.0020392033422024424,0
0.43529426525236414,0
0.059321731747356464,0
0.01661774041420289,0
0.03475720261766271,0
0.023108914806003418,0
0.025697332341273773,0
0.11576312671142591,0
0.23861114518568152,0
0.05307642847491335,0
0.008377102095338438,0
0.005650696379315826,0
0.178743425962262,0
0.053815864235506224,0
0.6750018838154279,0
0.020675161018678778,0
0.025783936433387333,0
0.015576607362706081,0
0.19131994261781526,0
0.5223283074532393,0
0.027815480642504612,0
0.8228960317576334,0
0.013133830755499551,0
0.03827868803332353,0
0.021076323430829387,0
0.032854369851892704,0
0.0021854319403385126,0
0.21415461522788184,0
0.12954500186601509,0
0.767525426555999,1
0.1361775612873294,0
0.02339844519562158,0
0.1155388513948257,0
0.03537020265860275,0
0.24462936610029315,0
0.01519041637603426,0
0.7709372554878176,1
0.19786634635239964,0
0.010782420422024533,0
0.025043557395444668,0
0.597820537274301,0
0.3451198030443042,0
0.07711266554786088,0
0.7615475444920984,0
0.23132402698085952,0
0.6136296535018497,1
0.15141300158271542,0
0.44219585226934405,0
0.050246601654402534,0
0.12037857321713093,0
0.21913573765673963,0
0.23951834719019144,0
0.027243280020391378,0
0.09150004606966972,0
0.0284493612113259,0
0.6933617253424487,0
0.08520264024333273,0
0.130075773407106,0
0.028030994320095842,0
0.040588241796076084,0
0.7755190877120968,1
0.11372344042950637,0
0.5140556664389981,0
0.44942976737236756,0
0.15666890708595793,0
0.07959820354374597,0
0.09681818716005162,0
0.015389052244210536,0
0.06742949866851014,0
0.019337097599099195,0
0.3322063483900572,1
0.3323324913314748,0
0.040025575598401024,0
0.042628252979068026,0
0.06359830888631927,0
0.05930534621188581,0
0.607611011463168,1
0.04266558060532885,0
0.24582092293701965,0
0.21006338324264137,0
0.025454454674047233,0
0.1002608837119091,0
0.006468512397572144,0
0.3778732143366377,0
0.005347499097029836,0
0.1296048923251088,0
0.13683882589916174,0
0.4442900128327417,0
0.07837226959389243,0
0.0713287650574584,0
0.057621294207440756,0
0.015072317407075339,0
0.11782961224070335,0
0.061966837823135605,0
0.043336283120423626,0
0.13302623712286102,0
0.006055908217970815,0
0.3642263244083603,0
0.10147421320162896,0
0.2757507762416383,0
0.17695493659432462,0
0.0030025271767383363,0
0.08063045289527042,0
0.036610027444779536,0
0.10858635481777734,0
0.23551392880198915,0
0.08242830444329727,0
0.3748923224442403,0
0.05016508658304288,0
0.8165702350358679,0
0.04805351471824219,0
0.9529046152238949,1
0.0022265920661947726,0
0.0947171891467257,0
0.02456435406322209,0
0.3580841976310561,0
0.7503289020006464,0
0.5271904485349249,0
0.7323493151057722,0
0.023137765183151197,0
0.020906108034489015,0
0.904496258350289,0
0.005212219513470588,0
0.4844664086198556,1
0.15806516030654938,0
0.04190978594077848,0
0.13083156195900625,0
0.034921143606461154,0
0.6984788955918906,1
0.07497450785160725,0
0.004360569364888458,0
0.0816728025797094,0
0.05689186013940563,0
0.003587799652118308,0
0.04958158288029385,0
0.0630375863408046,0
0.6100736163948545,1
0.012807562428359528,0
0.45122817872096127,0
0.15098270689421953,0
0.14346422166364994,0
0.022502635311356777,0
0.0929441982979411,0
0.10220395917494668,0
0.12652366873149726,0
0.13185269954424736,0
0.19812581824568887,0
0.27036466025748096,1
0.4186050605253403,0
0.00322332685728169,0
0.12079019835168014,0
0.0027810859102737305,0
0.24907324576974327,1
0.008841799585616294,0
0.12914038857909618,0
0.1981135221502291,0
0.008593807199804017,0
0.21903987732963948,0
0.58579965468855,0
0.48141501639599654,0
0.6817263439484588,1
0.06323422957258612,0
0.22807188081261218,0
0.28394954909974784,0
0.0460815307232405,0
0.02001316791544699,0
0.7295981108411077,1
0.060880042930430506,0
0.030769811632558007,0
0.0785974995447463,0
0.16736815312751893,0
0.05385946212691765,0
0.4754071195641662,0
0.2935517331162854,0
0.2305121646758654,0
0.016130044810862484,0
0.006863684034067938,0
0.01330446583817677,0
0.19252815874709758,0
0.07545130303151436,0
0.14131873610764698,0
0.016802188238744593,0
0.008141928018044885,0
0.055038433450794934,0
0.03207670330613586,0
0.07296728961445495,0
0.6628521566361941,0
0.02905300362848367,0
0.15735685842938918,0
0.09167483086489542,0
0.09813446477385955,0
0.022917139743623038,0
0.8583134586201967,1
0.0699890454441071,0
0.2569198120539411,0
0.10635073760636159,0
0.5556705462685811,0
0.6282560389829024,0
0.053957118995858075,0
0.018563533827428223,0
0.37541857294461717,0
0.17522280997952758,0
0.015190088115956844,0
0.5928008996956775,0
0.2451072222724992,0
0.25558868949646746,0
0.0013391788968993925,0
0.24770304535292198,0
0.0468455578302683,0
0.24319214985953438,0
0.042920938717521555,0
0.5669002370518587,0
0.00278072395446063,0
0.22631617727083078,0
0.7898572586303706,0
0.34188584603265226,0
0.06755771011048002,0
0.540515722971856,0
0.006104204800307194,0
0.1824562768349922,0
0.027999912800640254,0
0.010546950670609427,0
0.4556651875259222,0
0.254560542789251,0
0.35077953022076686,1
0.8655723820245378,1
0.1148492392403193,0
0.01349776976085905,0
0.0025640687841980096,0
0.14784038592637846,0
0.3996705363279388,0
0.0024011691097738674,0
0.04072924493925606,0
0.11547905624413922,0
0.17813556013452367,0
0.07395031284498896,0
0.08052406809027768,0
0.008596991258091527,0
0.11831352689605537,0
0.029561716869782543,0
0.028123268865851543,0
0.10723388434604832,0
0.01734067132495761,0
0.1620132311192352,0
0.2986458447651747,1
0.17983254399917886,0
0.5085436869997515,0
0.15330310681829953,0
0.20193101522549942,0
0.053427306593109826,0
0.030083624675324116,0
0.7511525231769117,1
0.11158576894637179,0
0.1581239464524423,0
0.8746095273000479,0
0.8714079142561028,0
0.19768123991105174,0
0.06517661192760381,0
0.007799696229899103,0
0.10559845069687657,0
0.18642754714391047,0
0.043803925421308836,0
0.01347574292153276,0
0.006574492768456259,0
0.0007443354128696281,0
0.0026703441049606294,0
0.11681341544174555,0
0.009768380433302155,0
0.01743385427976851,0
0.030490121052592876,0
0.17258321420124906,0
0.31523722411732424,0
0.04340293479093988,0
0.14038992439703601,0
0.12814968084428013,0
0.0018757005851981793,0
0.0018467896808289604,0
0.26763665322657343,0
0.06995240724808512,0
0.0008645709282134053,0
0.07950832936967467,0
0.6091119454506193,1
0.09155738423392362,0
0.2013462618138291,0
0.015893610174078362,0
0.1218660748952372,0
0.8546706882801131,1
0.18153753724255825,0
0.32633479911265595,0
0.6438378865984927,1
0.11056573742822935,1
0.3548897018123709,0
0.9109014439694355,0
0.8631213251012765,1
0.3042958808061571,0
0.1711046200526044,0
0.2682846716398351,0
0.0047518634188108335,0
0.9661605862461824,1
0.33095897348855896,0
0.18787189254554337,0
0.17084780293820895,0
0.050441606550204604,0
0.4118841757672354,0
0.14400290596137486,0
0.7792373472396134,0
0.8006161214171955,0
0.001843555929688855,0
0.7684110500375569,1
0.7958293865631553,0
0.6276238987215109,0
0.03695154628522617,0
0.15936694156172054,0
0.1324198893088054,0
0.02796715126681436,0
0.08514049554933016,0
0.03098444258784042,0
0.0473142867854947,0
0.005159689226345592,0
0.6728172224464146,0
0.37477011774386493,0
0.11772395868374154,0
0.08333641069897293,0
0.033380875151185874,0
0.03071391540063611,0
0.8823652223793549,1
0.5265894245581649,0
0.27841965863470863,0
0.6848604875574362,0
0.007164741420819392,0
0.1285717985580861,0
0.033527121114114294,0
0.30192551683614527,0
0.10214086408311665,0
0.8536563439816043,0
0.0060539071058897265,0
0.03021633000142273,0
0.8168401976245756,1
0.11777253747876258,0
0.005440390433141801,0
0.5272995272293272,0
0.24240058556606825,0
0.006999321223424287,0
0.4915369540629738,0
0.06430364283973275,0
0.32444720768056956,0
0.6585445253856881,0
0.061338332840811194,0
0.34166556822338306,0
0.9546685040587662,1
0.0027440688305991052,0
0.06926748561244013,0
0.9589352965452311,1
0.06781792129200961,0
0.3536142111537213,0
0.024219998301200352,0
0.06925459498062131,0
0.2511917249574894,0
0.10937994420508751,0
0.6143561278917885,0
0.013903218446992577,0
0.03870175657315636,0
0.7155679866647284,1
0.003301454807693791,0
0.0036123106894261235,0
0.06893029340111702,0
0.14674314353772736,0
0.04315658097047263,0
0.25506603872244915,0
0.11234613761059228,0
0.020735736490607806,0
0.12805552780158974,0
0.03865328623694854,0
0.00465932439945751,0
0.042839134127232684,0
0.08295596349166535,0
0.08000947966335181,0
0.2842620523533245,0
0.013689504756744077,0
0.04976253722535719,0
0.27692949496468255,0
0.01342729458092267,0
0.03338551880618437,0
0.11017983192602954,0
0.2664609882945742,0
0.7946615084045672,1
0.01632195924373425,0
0.09874806372331124,0
0.017014593353465595,0
0.022956449236660032,0
0.3378055668741577,1
0.905585981172174,1
0.0005802748487775941,0
0.40465546885576276,0
0.28214974714501273,0
0.012423250091449123,0
0.5908789008248061,0
0.027819871290355284,0
0.030882010345708737,0
0.3206989256708775,0
0.0193689902953577,0
0.034873580265450135,0
0.3490322473152972,0
0.08329627801075494,0
0.3065477574791632,0
0.04423440479323396,0
0.654418569061747,0
0.005132841809411632,0
0.12732918411845132,0
0.5397332552847343,0
0.16329968303778253,0
0.3430042588407678,0
0.04832312611939926,0
0.2690856634059587,0
0.09887230083143025,0
0.025035887618748604,0
0.27064715562675906,0
0.3547169610292354,0
0.04039405122768382,0
0.24529986538573736,0
0.002786457911709476,0
0.13852486897451916,0
0.023978682674357165,0
0.054498234778642955,0
0.08389941523186287,0
0.3418216088280823,0
0.1726262972119047,0
0.5488233930891152,0
0.02301678830181964,0
0.006245189887758367,0
0.0105373299060812,0
0.11245385968780186,0
0.11853386907742673,0
0.06268463914440948,0
0.2695992516545471,0
0.09545820606297749,0
0.9367571276532164,1
0.7043854588229593,0
0.2813700996659012,0
0.8315688644187353,0
0.10402324301558583,0
0.8309202077972393,1
0.04016096879915882,0
0.20358222836289566,0
0.23462107742879898,0
0.049371456316592496,0
0.03999392895298268,0
0.006259524784550538,0
0.5618503955746141,1
0.04967447505591103,0
0.0685902028675266,0
0.42419409331528746,0
0.035457701775081556,0
0.2368339507575327,0
0.08563549792113827,0
0.013359103455409459,0
0.24983955808486685,0
0.11405492300585329,0
0.3596287864490402,0
0.02237206975718909,0
0.004266775780220751,0
0.09937380527444498,0
0.048225609630747075,0
0.027062420508201693,0
0.09844176995034513,0
0.4917821803653118,0
0.07085701873450762,0
0.06875066136600586,0
0.13934539680015215,0
0.0009516536384216362,0
0.002360582037782705,0
0.5069409915712099,0
0.05802667724095799,0
0.21530507377810254,0
0.01402112419612929,0
0.014847993920398234,0
0.10650558226801396,0
0.12887125516543363,0
0.21052697995962946,0
0.22026283420187545,0
0.5818055812818906,1
0.016129107102220628,0
0.11418064987675916,0
0.27244886158747006,0
0.21480378054965854,0
0.34583325165764334,0
0.0364968261187803,0
0.07621857278200839,0
0.08808351838234255,0
0.6097042988331164,0
0.049709962236448794,0
0.08286175548276994,0
0.5130449772885194,0
0.45224282724209824,0
0.11195143056769875,0
0.22394297220526369,0
0.09264003254340122,0
0.06756218473765666,0
0.0759693952274866,0
0.22821606757705293,0
0.017523169305968724,0
0.040635987537940815,0
0.1748115891816067,0
0.8756335615507891,0
0.010802709216138162,0
0.004982845340945454,0
0.19954796613692288,0
0.09323394367254537,0
0.00292681319896731,0
0.2675705939505989,0
0.04769979091698486,0
0.00826618447849891,0
0.026424587287628132,0
0.36417277354005334,0
0.013511895795662237,0
0.5552945916770539,0
0.4292691212038261,1
0.10165343859547397,0
0.09182900839813635,0
0.045368149005180484,0
0.8050638066241753,0
0.29307834026129054,0
0.11802389365304117,0
0.7863011183697552,0
0.6664330949067421,0
0.013491626760434108,0
0.02113047744834174,0
0.02216149301047866,0
0.13490444503964918,0
0.008631712581157745,0
0.11614460902858417,0
0.05786408189512457,0
0.4978187099508039,1
0.04574407247071207,0
0.10399344357874213,0
0.21590212184035176,0
0.04000673823017975,0
0.11921615329869283,0
0.12554728952300245,0
0.03297921464428072,0
0.015520364900008736,0
0.043126035072236536,0
0.7926927546828518,1
0.0029691940570748523,0
0.04509813157582459,0
0.08280429758551865,0
0.0903760184955729,0
0.6434159381089387,0
0.041761346531114005,0
0.05414341750616801,0
0.12321727314119885,0
0.06005642501778299,0
0.0057166525073234775,0
0.03633381356188517,0
0.644418265055544,0
0.00114248032807713,0
0.22575052092116038,0
0.09983702025596414,0
0.3334598133687741,0
0.03322212989067839,0
0.8472126855044295,0
0.006143322647276056,0
0.038149105981145556,0
0.36162759631669805,0
0.2234841231581939,0
0.027509297429357177,0
0.2123366633494695,0
0.15991404169017753,0
0.005610461207658792,0
0.004487670749784279,0
0.0040945093298974345,0
0.04514929361296667,0
0.0003972693071957374,0
0.08347526324884195,0
0.06816308505467432,0
0.007511536964900245,0
0.4691065346277081,0
0.15717076901764548,0
0.2241639373749122,1
0.3722826575951688,0
0.03728488995220485,0
0.31273249481696197,0
0.00164233424810939,0
0.005912560395241507,0
0.3274502011300907,0
0.12886573230974224,0
0.16671777948011637,0
0.010824944736030254,0
0.02965803804633996,0
0.007972833951983869,0
0.529519235295094,1
0.19831901474092803,0
0.11905568582053208,0
0.6282266963437094,0
0.18991266557796668,0
0.5850123249274405,0
0.430296421391605,0
0.12883772509909758,0
0.00033083435951416823,0
0.014907438222038287,0
0.3640177544451375,1
0.919133821263955,1
0.02445545540807237,0
0.28083525444574264,0
0.009086729593761451,0
0.008904917619694615,0
0.07073420016977391,0
0.19376728758834091,0
0.7866259992974373,0
0.8663639523768725,1
0.7164380902743861,1
0.1508877848950893,0
0.016023713657047477,0
0.8068092435570475,1
0.014192630872461337,0
0.0016249957276039911,0
0.2505112096556279,0
0.012847205587268654,0
0.47017995564025383,0
0.12145777589541189,0
0.8428429512391235,1
0.12574440458279432,0
0.038210979849306326,0
0.2779489235636356,0
0.2262841701024678,0
0.39960725704141037,0
0.009993581211642271,0
0.05225904803282044,0
0.024732345947271642,0
0.049773482679421964,0
0.21524120754652937,0
0.043998124241032645,0
0.008846630852607116,0
0.42147507415075747,1
0.03004415063917493,0
0.016568841768077703,0
0.35668786687943604,0
0.5519486075146256,0
0.2686338914704911,0
0.34439110991463057,0
0.9449654416667708,1
0.0001630525109722792,0
0.1067754134564079,0
0.1286326567730901,0
0.03668448981057657,0
0.535222274908227,0
0.1451914359092028,0
0.6141909551498468,0
0.32621890330597886,0
0.35057440212244917,0
0.1317019772077549,0
0.1364661558503194,0
0.07175747286995607,0
0.4683296295237684,0
0.042121369183621304,0
0.006222946900334266,0
0.2047283796776713,0
0.12175673864589645,0
0.034201561939536135,0
0.012096876278322385,0
0.029721854973246996,0
0.6072409389223343,0
0.01937518294271733,0
0.07194480566453944,0
0.10195325187606225,0
0.29493437080963647,0
0.047406715832034395,0
0.019750944040945472,0
0.3252969628847147,0
0.08163267675777404,0
0.1965946529108251,0
0.01197789430052211,0
0.11305714980673895,0
0.8762818552599209,0
0.396723028239524,0
0.348738835774611,0
0.011561054303472838,0
0.4424353596608347,1
0.0014075366578456415,0
0.016887441279966775,0
0.5484687463058188,0
0.6837370521247744,0
0.12654837715043493,0
0.005622962204292103,0
0.08679802506699938,0
0.4197637477243862,0
0.09439664759418238,0
0.6095618057404004,0
0.1597954052729311,0
0.020918664695242402,0
0.007396208555322035,0
0.034332829826657627,0
0.06200988511023854,0
0.5027439837945279,0
0.09098849560334007,0
0.010188631144989486,0
0.5476519310473955,0
0.6611004537597442,0
0.12078805935418703,0
0.01862138647376356,0
0.04621877767192548,0
0.4587741054255591,0
0.010740490522907192,0
0.0040811707261249365,0
0.09508699077657629,0
0.17340705865590664,0
0.7077733504121494,0
0.03725411993112064,0
0.04927269956737266,0
0.027748708306790118,0
0.6892818915803425,0
0.04385761518917031,0
0.005844844399691125,0
0.010469616442513438,0
0.026625671434016097,0
0.2634182504867323,0
0.7080557077012964,0
0.017653029512107885,0
0.03273831413638064,0
0.022200138648329835,0
0.14112323691287035,0
0.2034212113019475,0
0.28403941452428916,0
0.7631576683882552,1
0.07444876014863652,0
0.035009147757639573,0
0.5446294890816056,1
0.24853540144023242,0
0.02350485566659571,0
0.1414336021026631,0
0.20583176885479898,0
0.27584512641739545,0
0.5015158197018196,0
0.04938927077752773,0
0.7579758388201838,1
0.10117139193656201,0
0.17948292536149038,0
0.022756167940478463,0
0.10828160307611856,0
0.18127359311916483,0
0.03672288923324905,0
0.36164815044783966,0
0.04030621674864566,0
0.07677903372236909,0
0.264990223924451,0
0.0028257473197766817,0
0.6971992634841532,0
0.26415798797039347,0
0.6209464579846254,0
0.26568362324166483,0
0.010350007761101234,0
0.22333440494701037,0
0.07136686641713087,0
0.3500353405286773,0
0.008843263837476488,0
0.07985715767329744,0
0.4515567785869432,0
0.3893255726841885,0
0.11755745192128304,0
0.12251820835256147,0
0.47547404293565276,0
0.00044503980225649327,0
0.2914804613090178,0
0.5170243475900268,0
0.029801633176347375,0
0.23550153502789528,0
0.09172852825235793,0
0.27563183898051324,0
0.028675359893523912,0
0.02469808481242944,0
0.13125846944528904,0
0.4812845897851217,0
0.7561448068515618,0
0.27213024506876426,0
0.0003789875689879519,0
0.06888149780281802,0
0.030788978020418252,0
0.008664550315058693,0
0.2799775854119686,0
0.02201468424062593,0
0.5565669006116449,0
0.03628820408163576,0
0.0748307817072702,0
0.4486110098311837,0
0.0007192615514387028,0
0.06709379566315625,0
0.08141371879637933,0
0.0051766218433174,0
0.036576420833729965,0
0.22162807954724154,0
0.04845983187817507,0
0.06577917367222473,0
0.08794329943157186,0
0.16494925867399507,0
0.10344976502150376,0
0.18408117630632662,0
0.24630780477206313,1
0.03391928818441883,0
0.24153279269533656,0
0.11627575060480416,0
0.014232990786805162,0
0.13440058411344025,0
0.04567744821998079,0
0.5223089107121328,0
0.3348873104750829,0
0.0306028246082092,0
0.10958450194851656,0
0.03542610179429679,0
0.22942158001278312,0
0.12591497998868237,0
0.22441247338771092,0
0.10218166331193204,0
0.04927261474624509,0
0.7089265128861488,0
0.05237806081158712,0
0.8615891409928447,1
0.013800763263779244,0
0.1544152700319866,0
0.12407798575795807,0
0.14977192576364853,0
0.07175257721667475,0
0.008139403839480265,0
0.19395238067144807,0
0.02740538328872771,0
0.5935716397710048,0
0.051384635994556734,0
0.05044854785705486,0
0.9413071411761491,1
0.5440146934809966,0
0.0717768744919532,0
0.23616235182631576,0
0.5268750315624979,0
0.19115934895248188,0
0.6629229879417431,0
0.3282282078851185,0
0.43291543768492236,0
0.3878223130228685,0
0.06048962760943662,0
0.038347075864241194,0
0.016761675437738592,0
0.036142290409059426,0
0.07876132781204297,0
0.17013404281881328,0
0.007611038976767498,0
0.21693588486240953,1
0.021154994476673787,0
0.006166147500018375,0
0.9063640718319457,0
0.10608546917636526,0
0.02099211491826305,0
0.7726906087695394,1
0.6396168624350674,0
0.029857297819451598,0
0.6553186335700097,1
0.8931470475792299,0
0.1939637244889996,0
0.020830985689004183,0
0.05120257404549518,0
0.7238878152382244,0
0.06961980690917936,0
0.3849285116010071,0
0.05223147026160557,0
0.00026219404136290647,0
0.06278578588789854,0
0.25416651467049756,0
0.3931300710948733,0
0.1210046983593115,0
0.14951185808919343,0
0.29508282851574863,0
0.0488849211138089,0
0.049737552814976355,0
0.04823471645982359,0
0.5427207977482148,0
0.015425560000269635,0
0.03891985621111578,0
0.708479246329176,0
0.06692176710242187,0
0.0027973675396012897,0
0.11617002640983119,0
0.507324423977454,0
0.007533492189820303,0
0.38570408360574043,0
0.0036049253205726896,0
0.10865990328361731,0
0.02014336008604952,0
0.08921911071065787,0
0.028798267552054498,0
0.10549546576692567,0
0.1163487692923291,0
0.022155055883954836,0
0.31484593940991557,0
0.14110114649660618,0
0.0011929052710438481,0
0.011871869613743855,0
0.3925190171811337,0
0.06488090623295084,0
0.8582953160705673,1
0.5298071218441757,1
0.660804176838487,0
0.6638181411507744,0
0.27051441735748294,0
0.02741950807160889,0
0.017149994137941164,0
0.05083734986984587,0
0.17892145001079662,0
0.24704974760104664,0
0.2091298312698739,0
0.00929457482275518,0
0.03478384638220069,0
0.02328900820651772,0
0.027734743813550043,0
0.11648716029069678,0
0.08109287478698954,0
0.2077481624029445,0
0.43831745214877943,0
0.03205971192063085,0
0.6973883354249709,1
0.033110013355006476,0
0.12335699596244197,0
0.026533226772789218,0
0.21333991698132185,0
0.17366340445187414,0
0.21316815320075616,0
0.002042796095275519,0
0.17661847307963502,0
0.14428629370344917,0
0.12676371435633302,0
0.019216996128526957,0
0.006056559213251904,0
0.16769382523297266,0
0.41304181527588396,1
0.02003255948030499,0
0.027502808920007994,0
0.02331083700791017,0
0.7608314093696817,1
0.23825729420674505,0
0.794334323853222,0
0.019718122214344103,0
0.016147750359478255,0
0.6794680347409829,0
0.0023497755760709836,0
0.07952648904631025,0
0.5581656004852634,0
0.8056675400202803,0
0.29608680421911104,0
0.7273844997655328,1
0.07156617321620048,0
0.04576060166090555,0
0.010596448483918821,0
0.015588144629529406,0
0.9631996581342781,1
0.6351417831083825,0
0.19202753766409558,0
0.10761901137393691,0
0.025567321631982342,0
0.005847921319364063,0
0.024429305789700432,0
0.02283702308357561,0
0.18565196275653326,0
0.8929071708628429,1
0.4045769986354395,0
0.19030666073539082,0
0.057449280497858315,0
0.008254765151377902,0
0.1517149471511243,0
0.09375627944458997,0
0.01906823422889906,0
0.04845695795673096,0
0.0003338373752530116,0
0.003511181976032781,0
0.06651510138782099,0
0.002864808619687884,0
0.0280136421150767,0
0.1756919800865036,0
0.6680222652870949,1
0.14855164358693806,0
0.6524908936900552,0
0.6407671837491477,1
0.20854624991471496,0
0.5310451269315867,0
0.006693553534404757,0
0.175255505619445,0
0.0684022870883751,0
0.06955913239710264,0
0.009838374247388787,0
0.026676168558971876,0
0.09256532995426107,0
0.019073398403920878,0
0.045147650468947996,0
0.019860714346835423,0
0.050756567727097086,0
0.1207976420235441,0
0.28020941709445424,0
0.34259562632199125,0
0.3963262091407141,0
0.009892186741034984,0
0.012916338454065404,0
0.008306793452902644,0
0.0029854850311201065,0
0.24473197636033286,0
0.8734661882790017,0
0.40536517109093784,0
0.9415692519011738,1
0.3154521460442576,0
0.04943542982569847,0
0.008545100492184873,0
0.013440893194444756,0
0.7302751931146829,1
0.6412949163253813,0
0.016675451191719853,0
0.03314218296350341,0
0.12046742833954213,0
0.0015667263699641431,0
0.2660942492583094,0
0.04426944578268801,0
0.13458720586054448,0
0.0027464424906086258,0
0.07727273389306968,0
0.015846141806100705,0
0.022557096440861072,0
0.5955683020606077,1
0.017632150765630072,0
0.021274921265193196,0
0.02880330635121135,0
0.05184017752942899,0
0.014030859958306418,0
0.08356076500735027,0
0.23757955258458902,0
0.7778152595151383,0
0.011626962495332882,0
0.07151087346687514,0
0.3931190412508829,1
0.04071274508777332,0
0.08192414599649205,0
0.045708791264823065,0
0.05178595085085981,0
0.09444449203228987,0
0.040011963840183996,0
0.13876667374116494,0
0.5801619104884712,0
0.03224607086798422,0
0.39941422889738626,0
0.0036519515545420794,0
0.593281125010055,1
0.49724943354744616,0
0.04643095316920297,0
0.5555185572690753,1
0.9279791860686057,1
0.5168895762027103,1
0.16895967604488027,0
0.0508608905789485,0
0.029268625787613675,0
0.1827140241054609,0
0.35478392344163845,0
0.2476964459325405,1
0.04468096810119559,0
0.02083334989543614,0
0.5187183299738216,0
0.3062771330690185,0
0.0776475015105084,0
0.09552370224572188,0
0.13024632322420593,0
0.1658047183247176,0
0.00010571436754282659,0
0.0062157717609800135,0
0.07136984269927397,0
0.01399444142261711,0
0.13168485292434837,0
0.0007740054597788714,0
0.34020031721253546,1
0.21058867031260875,0
0.31630916014124,0
0.8697742754028437,0
0.30638815986999834,0
0.26224094109605145,1
0.009326455184113028,0
0.7268059716135826,1
0.4625395679096887,0
0.005736612512280347,0
0.11327698924961944,0
0.013682322008070147,0
0.43738285877835015,0
0.05738731377396036,0
0.5288807532814072,0
0.859455462357258,1
0.9564307263201177,1
0.012678715234020248,0
0.0879138927351449,0
0.020355117804676724,0
0.8220612885958566,1
0.7476807500990742,1
0.015644246710412847,0
0.06716810974786859,0
0.43967923886194715,0
0.14441457856028364,0
0.1507666730139875,0
0.8209463146410421,0
0.22762505088900278,0
0.6521198459081305,0
0.06144125920142191,0
0.03117252194665218,0
0.6600353887644466,0
0.010372174399248186,0
0.2620690381988445,0
0.6812826990879949,0
0.6319509095406953,0
0.09697605166098475,0
0.9486506834287349,1
0.8887371980425809,1
0.20667186515232788,0
0.05562861910289622,0
0.0004853408634401816,0
0.031346198896062334,0
0.04266260612450499,0
0.4893661909532055,1
0.02437537248680433,0
0.08140884478309252,0
0.012249608805069354,0
0.4460896939587529,0
0.44372996243427065,0
0.23549901705229723,0
0.014582247873436418,0
0.037053271517418405,0
0.43573332649541463,0
0.009227392761012011,0
0.011053263448547401,0
0.00942001767888798,0
0.001435404661523332,0
0.539350619457627,0
0.11906288768911918,0
0.06761210025027038,0
0.09221464530266846,0
0.021955562761289127,0
0.4711479079918944,0
0.4271195014716912,0
0.46361474173185296,0
0.03472115002111533,0
0.008162173492858405,0
0.010550159969648382,0
0.0007065246677450922,0
0.8245077619970668,1
0.06311505437389549,0
0.013727946389287426,0
0.8275428499707205,0
0.7280614272078428,0
0.031007113948184555,0
0.1344485210160856,0
0.057216844949952904,0
0.05347419515282375,0
0.07633418217360957,0
0.040605883932617895,0
0.15239424511558877,0
0.8530177982676306,0
0.09345400514345795,0
0.2169082869481851,0
0.16343451403482864,0
0.0003057384152535707,0
0.059318057128023724,0
0.0031121182826192506,0
0.00030446961171800977,0
0.16303988662702795,0
0.008061235089909472,0
0.028320689736090494,0
0.04048541244942743,0
0.7754627564221677,1
0.19095731099810667,0
0.0010490590440353168,0
0.12933364861392313,1
0.9537776640727605,1
0.19648532135733648,0
0.5817803613935825,0
0.5834392426797698,0
0.1887137759473435,0
0.011758057149339161,0
0.02149731024098252,0
0.2689850939238936,0
0.4121431784945421,0
0.4111132766586026,0
0.23731072562638003,0
0.18552294633587277,0
0.22201135548750386,0
0.04234874885395671,0
0.4296585487012097,1
0.06793002266459826,0
0.05134182586432107,0
0.029135015144256173,0
0.2667418024015986,0
0.00020440949787864292,0
0.12505019867947675,0
0.0002581830308496901,0
0.25787505629403223,0
0.015188576593590427,0
0.1683192254387452,0
0.3758274340996433,0
0.7039433504138011,0
0.12978029972013105,0
0.4372691941891135,0
0.27775245027796086,0
0.047902062177783526,0
0.010394519014777594,0
0.37057583520995613,0
0.04399974731798815,0
0.3618437807811111,0
0.01615874473208404,0
0.030786390275857674,0
0.018030562433296617,0
0.7383718491756094,1
0.047719578897174625,0
0.04428397694782716,0
0.05932557906860434,0
0.6288231723521165,0
0.0005229101926248487,0
0.0978720724310857,0
0.3751306461527606,0
0.5397449396954754,0
0.31905863277238383,1
0.047840173118772505,0
0.018735438381985464,0
0.7073267638769725,1
0.25582015053817914,0
0.024392399248799778,0
0.05312466449680221,0
0.33779302480472756,0
0.05522491762005287,0
0.060833646126512764,0
0.11612886109907421,0
0.5695349528445403,0
0.24949452602548802,0
0.0514377949732592,0
0.02575901968018508,0
0.8991540267257871,1
0.022602213193722662,0
0.07724560463484084,0
0.05942006929986536,0
0.045125397643296546,0
0.0035778476022583798,0
0.011891464869973988,0
0.05453746250151214,0
0.3751055861111342,0
0.37386372946138186,0
0.022268816650917476,0
0.3715126159328444,0
0.40869999667405477,0
0.2422342078682552,0
0.013643672252194275,0
0.04426674882621607,0
0.10101129567569701,0
0.03366410434389101,0
0.6158858191306624,1
0.0132836158577039,0
0.013300864478184897,0
0.10214018727250365,0
0.010001397289004675,0
0.23628412926445416,0
0.01902642818256175,0
0.4774462697981925,0
0.13655430223743412,0
0.25293505471752326,0
0.008333369402144785,0
0.2304646851480256,0
0.0005038450195588108,0
0.3630968806687337,0
0.025484827050226477,0
0.7950773092678499,0
0.18321890951029018,0
0.007323799089701752,0
0.31852910425419667,0
0.2246885079317019,1
0.052422880443139044,0
0.42789955545346336,1
0.013456501751206742,0
0.040074055014974554,0
0.37699731451156526,0
0.8668625682065266,0
0.2248245293178599,0
0.7263526842681578,0
0.35135983937968224,0
0.34493385998189957,0
0.050556873208610686,0
0.19047307398671204,0
0.14361121758312406,0
0.034503108867318846,0
0.2578627078002393,0
0.9153507721002998,1
0.724619693980299,0
0.002043367077925113,0
0.19904538074030037,0
0.49754278901373056,0
0.022463447378583874,0
0.40949814210902263,0
0.8825516801996541,1
0.08853444129862141,0
0.09973916282916272,0
0.7745203031402401,0
0.012737882378405707,0
0.1317925018717322,0
0.2374905034205408,0
0.03699990598759965,0
0.05794118464677804,0
0.01913750028678573,0
0.03337409554091464,0
0.1208377871755922,0
0.055416464775616334,0
0.04269917140701663,0
0.029557630076344085,0
0.07868305171905128,0
0.08656197360412966,0
0.15991905643511362,0
0.017405608544637192,0
0.6232493244608716,0
0.008154055124382215,0
0.023436269557472425,0
0.029151669717627813,0
0.01110301115523061,0
0.035164311074595146,0
0.4932686277990008,0
0.48924944543962356,0
0.8694867261370034,1
0.0309840233513845,0
0.47660369137497294,0
0.04339221972677953,0
0.17816641306852826,0
0.36935351264971267,1
0.026291152118643923,0
0.03683288986751393,0
0.4892614156596154,0
0.1871638167698021,0
0.7776707178965473,1
0.17337560733481278,0
0.04392930562292059,0
0.01644189946401113,0
0.25179655897259856,0
0.044389078592551215,0
0.04669570438018997,0
0.8436036399846937,1
0.06382508710384922,0
0.266646406763257,0
0.08837587065690891,0
0.07048118992120415,0
0.01163666715232706,0
0.01517180103028132,0
0.08407577048859056,0
0.19013017282252637,0
0.04295605444118765,0
0.027373272646647028,0
0.08477720586927871,0
0.13793488771939472,0
0.036207026792414096,0
0.016253292766634637,0
0.236220210379129,0
0.0015304049926992197,0
0.7467621554276539,0
0.8911502001048571,0
0.044108158692022836,0
0.3971141473313977,0
0.5701553545993673,0
0.014029884483032553,0
0.01837123827013316,0
0.05229907849157874,0
0.002357766143636665,0
0.10220184261060834,0
0.016251145631577223,0
0.02146047304018787,0
0.0006247513559312809,0
0.8612746352354166,1
0.22127686861878187,0
0.27350784361769015,0
0.09134237719403106,0
0.00834564325598244,0
0.04615844231283797,0
0.09378643943885429,0
0.03884079629101918,0
0.018584868483278182,0
0.07505118059108634,0
0.08811002965803985,0
0.9063258805645925,1
0.3956317056717558,0
0.036648053112609734,0
0.5817951731828829,0
0.8200691096309574,1
0.4004181403459305,0
0.8689761911833908,0
0.654198948298883,1
0.17026755781148495,0
0.23067032713566374,0
0.06985924343893848,0
0.20711673723329885,0
0.08917034165458658,0
0.5934920512733091,0
0.08167050369215073,0
0.020468978701428085,0
0.0042388988186523695,0
0.5495350038913572,0
0.06752907957998337,0
0.0027587822073476256,0
0.4072075659864705,0
0.33343514598239576,0
0.0011405685445193892,0
0.04023424635173813,0
0.0555394944426813,0
0.563774194917445,0
0.011182277010135149,0
0.9441121699049719,1
0.04048533633202997,0
0.003634607522293146,0
0.07547512536007452,0
0.021644451825385866,0
0.39090686162998384,0
0.5471047058077216,0
0.001181307609854427,0
0.007506391223658456,0
0.80842661239586,0
0.797661727013719,1
0.4378800611063784,0
0.37287117862606,0
0.06157132285428904,0
0.09258392132706264,0
0.5889072905235989,0
0.2113229132924709,0
0.194827434548249,0
0.17480665638851134,0
0.10738004171074943,0
0.21394968580237542,0
0.007930722182853588,0
0.005422723406933105,0
0.004586648947726143,0
0.557200691213687,1
0.004843794757965522,0
0.044803577894215046,0
0.7445829013435558,0
0.006809976978651746,0
0.13401872121742353,0
0.36933041010082657,0
0.004145924788053726,0
0.12434847355020989,0
0.34596315210689726,0
0.11336909407412232,0
0.020867749773855224,0
0.06801693295158914,0
0.5480362984717873,0
0.6349932383713512,0
0.030842734125421774,0
0.026122364940107074,0
0.04453411150114727,0
0.18565225447738404,0
0.21640741638533115,0
0.008147416549779057,0
0.019386176060235304,0
0.5976219852854565,0
0.060060185085932374,0
0.30047277814611384,0
0.5502133276437088,0
0.36284915789280386,0
0.3819165659258931,0
0.08446042424488973,0
0.016842182673325493,0
0.1542343597135129,0
0.4933960451474902,1
0.114667448376473,0
0.11888524825085221,0
0.9299981701191034,1
0.1576072832271993,0
0.021335568816919455,0
0.44701827735577254,0
0.5092894658235608,0
0.031155921983672334,0
0.00026752528509601446,0
0.24343449602658906,0
0.021674851092975185,0
0.8686100495098906,0
0.32839506282567194,0
0.008330745152170875,0
0.8468182995939343,1
0.08929222791258679,0
0.5226736498956314,0
0.36902886388784817,0
0.025667576046380466,0
0.6246408947819866,1
0.3439796924925786,0
0.07626518646815049,0
0.04128497660272357,0
0.633813176331338,1
0.38311709920984266,0
0.6663966696348543,1
0.013894826059034193,0
0.004322720529605793,0
0.10706232876513852,0
0.09726743318208378,0
0.005967364837771031,0
0.1405002451099645,0
0.34651463656670145,0
0.003673259608836067,0
0.9264520651947171,1
0.0866555452758619,0
0.004727051796681017,0
0.10211698769661748,0
0.7184127786224409,1
0.04537748884890202,0
0.02799361250230831,0
0.046406763111744236,0
0.7973403740988106,1
0.793329999739028,1
0.01034524675529366,0
0.006537357791287399,0
0.03188344442753176,0
0.00357189773803618,0
0.18047188228545274,0
0.14341260939567835,0
0.0044108948170788675,0
0.462765838440329,0
0.2778055784755169,0
0.081402199202076,0
0.12585048120930165,0
0.043271404902052266,0
0.026187663111804912,0
0.6844847419445954,1
0.040426362385405055,0
0.2620463246100799,0
0.9591385394542092,1
0.03300561560482612,0
0.03724092741979843,0
0.07140709431535086,0
0.09985877064944237,0
0.006475744705388982,0
0.01793024608539431,0
0.15259343570288753,0
0.2587089218456002,0
0.8544535651587658,0
0.8585825569899719,0
0.025855766744543863,0
0.06123407867292123,0
0.025887540911483712,0
0.019814625437792086,0
0.0628034466964478,0
0.005020934306541701,0
0.06414779536774051,0
0.028218961561628623,0
0.3262859957728477,0
0.11291274689900978,0
0.7637963591345827,0
0.18450945515165545,0
0.0004750876696830866,0
0.7817365526091521,1
0.7169553482609368,0
0.01469708000288251,0
0.02376316024766136,0
0.051610213912266716,0
0.045838392968884714,0
0.013221854479124244,0
0.03412343177011368,0
0.03879518311305174,0
0.09741023802396792,0
0.6699266187957602,0
0.7141702743320387,0
0.6021111190735275,0
0.5861583914334528,0
0.33973613226861954,0
0.02112519044150376,0
0.06320802630615091,0
0.0010657447821915528,0
0.6806422918695744,1
0.5550755141907184,1
0.007427929922789123,0
0.18584420458201723,0
0.19940048371831537,0
0.03888431283305714,0
0.20473541398011588,0
0.01916802704868492,0
0.062477609052503706,0
0.10247337287583107,0
0.369057686773825,0
0.3383540550045491,0
0.003495690366669993,0
0.2710279619984639,0
0.04983344666059755,0
0.014476448942130148,0
0.005410191290510581,0
0.33576116242516674,0
0.04669367359745739,0
0.28885946208480395,0
0.39548668911923823,0
0.20670856458388906,0
0.004509244089375125,0
0.059694562365658684,0
0.2750656353766337,0
0.22018058253994013,0
0.3559420916896149,0
0.01399748109129376,0
0.009853509892534239,0
0.008045780938136694,0
0.0703687746746966,0
0.1392753074985188,0
0.13248740356415278,0
0.39329692721984033,0
0.27753461582511724,0
0.003722575076296594,0
0.0029082174633616713,0
0.276426319697193,0
0.16030871678304365,0
0.23971193460970733,0
0.10932491338403084,0
0.006402765710793321,0
0.03938369517094301,0
0.18738188102612977,0
0.361188819465351,0
0.5379809279528176,0
0.09952605143887065,0
0.03366535335038172,0
0.09742123535451451,0
0.16051212683408939,0
0.012864802335332519,0
0.10349896168332143,1
0.029916560353389385,0
0.08575902765321668,0
0.22839413526300367,0
0.061555484462947264,0
0.35084609278504486,0
0.1721185910214338,0
0.2734540030964604,0
0.12201728288223596,0
0.00520167838167673,0
0.6958991381031958,0
0.13781744482619826,0
0.0928410896448401,0
0.43911008742512064,0
0.43841791569772226,1
0.013574514942819022,0
0.47343654108785554,1
0.4669051970415815,0
0.7928164871326783,0
0.01988943417881468,0
0.0848262671572801,0
0.029442681867167222,0
0.015914539904796875,0
0.20207128950861503,0
0.12271429080018509,0
0.30355490156565407,0
0.4527069562465274,0
0.02530049458002926,0
0.17688203443868225,0
0.6278393015645038,0
0.006258242214671829,0
0.7508238293125765,1
0.5887101507440792,0
0.019619957898813226,0
0.9005235091877917,0
0.2998827784451257,0
0.17249698270701766,0
0.9588802218316842,1
0.027937693546915915,0
0.018485921885980756,0
0.08483585830428576,0
0.07434304784152453,0
0.0457692777966848,0
0.002550839123409779,0
0.20679957532340526,0
0.15451954599541293,0
0.15884471829836547,1
0.033953773027815395,0
0.024452106638988832,0
0.6895204365409044,1
0.2217694865091722,0
0.9668686101484218,1
0.2530673480501082,0
0.4197741261563465,1
0.19046891259707524,0
0.04537471057109721,0
0.8670796214223996,1
0.21047348038067684,0
0.003079196686005737,0
0.6730773015127745,0
0.07651660789118099,0
0.20417359315065053,0
0.16750777030239875,0
0.16887870655065015,0
0.36549568347449796,1
0.28399622532918534,0
0.14122078149205577,0
0.10814381182451999,0
0.127373147160887,0
0.03784978782813282,0
0.004462370773648662,0
0.03753619699368971,0
0.056882073214248055,0
0.13064300490977054,0
0.16181570400410605,0
0.3565475947823039,0
0.0048256128637321925,0
0.220306403743046,0
0.6284012820169395,0
0.12325731567646042,0
0.009023704107635784,0
0.03223473937199166,0
0.6477860115842051,0
0.04441740738206418,0
0.03355227960193116,0
0.009666990729981435,0
0.030242529102647197,0
0.009697365497796826,0
0.015573571283758848,0
0.00041764636878383976,0
0.08021951837453303,0
0.7310685106864919,0
0.03407951518177573,0
0.7691252770380325,0
0.027620573984158566,0
0.813845080098252,1
0.06447757036759225,0
0.025305500597095403,0
0.0052268564513576286,0
0.6976979888889642,1
0.005227348303088156,0
0.947744022720569,0
0.10174696564957243,0
0.9081726592106235,1
0.8295027159099349,0
0.08672340151866927,0
0.6650110374495326,0
0.5277922340273351,0
0.013166369578371254,0
0.013688424578076815,0
0.009353281525476263,0
0.016526489931212956,0
0.2948650516212863,0
0.516347857309427,0
0.045793717066490894,0
0.16454759061396568,0
0.02614702732509166,0
0.7507433838678281,0
0.05584526049505011,0
0.1335868133417809,0
0.9305494928214374,1
0.14802546347376325,0
0.01973703249447743,0
0.08320298352022253,0
0.26810939908311227,0
0.5840070178176752,0
0.5073251983908987,0
0.3651546041562561,0
0.3365261992206853,0
0.9056810964741571,1
0.2907260493827822,0
0.4832543664306467,0
0.36735210537815033,0
0.042841759255629754,0
0.13457755363380264,0
0.2630796236940794,0
0.013306960571843473,0
0.06549085218348316,0
0.33265033495637797,1
0.006366893510555165,0
0.11360582314096908,0
0.12388748382972509,0
0.04981286506430029,0
0.2112986424005739,0
0.0204423498296767,0
0.26864270815304986,0
0.35869084869951967,0
0.7140700902020978,0
0.2160668271444658,0
0.009358592984974885,0
0.23320369729287296,0
0.08221333573914634,0
0.08744991907441907,0
0.031287051296393135,0
0.21889513300253122,0
0.2544396809337019,0
0.8538370722977534,1
0.002714618077739404,0
0.47427494963643635,0
0.0695703284511758,0
0.0683226664501189,0
0.06516106701988861,0
0.03605063314544503,0
0.31188097685829574,0
0.34275597167838046,0
0.07624209290705371,0
0.24124159297322426,0
0.24233904227971192,0
0.2542245414181923,0
0.4790674921153286,0
0.524515228928129,0
0.14296932250027894,0
0.02126022586777486,0
0.9431127787621022,1
0.07115358257155087,0
0.21368581521628077,0
0.03258395750928478,0
0.024837857081231304,0
0.09770811382559168,0
0.25334118021121144,0
0.031673058077251084,0
0.17991508531044637,0
0.23464534268899045,0
0.33194252916368067,0
0.26794721744511346,0
0.0020956978198585744,0
0.022227336701391872,0
0.003096714929288886,0
0.462484233464128,0
0.7311634182668822,1
0.18319923951438075,0
0.06028061906512989,0
0.01684017021434321,0
0.024626773170168075,0
0.4051069444038438,0
0.7867455877914364,0
0.004073769389464831,0
0.3046732165696014,0
0.09446572381122938,0
0.013569123461554195,0
0.011069675575690262,0
0.4611473810243641,0
0.05565954173034943,0
0.2473361203553429,0
0.49328797558448917,0
0.3481866030605534,0
0.05716673906438501,0
0.002351517960820892,0
0.21978509733584858,0
0.025871880651237616,0
0.005874012407243559,0
0.7043197404929591,0
0.7176116837896949,1
0.6350080518002205,0
0.4372974302570091,0
0.002340769241040562,0
0.02936126295673446,0
0.21435025640005786,0
0.3956430401758213,0
0.04065816840952646,0
0.7714453460722249,0
0.31894627706756284,0
0.34915495282679326,0
0.006294850185255104,0
0.362103671958548,0
0.43340143124057745,0
0.04503281954562332,0
0.16526871739084587,0
0.00034627026226610806,0
0.020965907897899306,0
0.07294839831112046,0
0.0023515530724539492,0
0.0018231978732443084,0
0.0646325416829217,0
0.24572469467309843,0
0.10814804102921206,0
0.060833176233486,0
0.4121364903739988,0
0.02303937520972146,0
0.06291128075921928,0
0.2831021245665127,0
0.6650323633565223,0
0.00895967713316962,0
0.3228276892725436,0
0.09809816082650646,0
0.0012705202645692875,0
0.6514660222278439,1
0.02682056950946025,0
0.07649478558344396,0
0.590471929581607,0
0.13313637467982137,0
0.03920173633636815,0
0.01393650298791866,0
0.033882670733154444,0
0.006853420937202958,0
0.012936826015266046,0
0.012009276925483632,0
0.9160458836343507,0
0.022046325050499804,0
0.6569782653108023,0
0.04329838715418406,0
0.6863576627436387,1
0.16523606834177215,0
0.22580267655645106,0
0.13595513414738017,0
0.34311390477676096,0
0.11472690983708342,0
0.009437834643090602,0
0.11354630480588077,0
0.03662450296300478,0
0.01883398444674771,0
0.4677065752652485,0
0.1478358542382862,0
0.025580194768247452,0
0.10241011277356868,0
0.0732796519477323,0
0.007421428162618944,0
0.009515442370485284,0
0.011577909638548224,0
0.00038818184108197027,0
0.46620846116639447,0
0.4094709374983481,0
0.19356194104857857,0
0.025050005443078057,0
0.34209377931223106,0
0.2814264913867124,0
0.00761329720714861,0
0.02354706618555889,0
0.5851869496846772,0
0.3858349261614931,0
0.021088538267918254,0
0.014482559976977937,0
0.19304495329031568,0
0.6983269234429066,1
0.8399418787995122,0
0.10487130604040037,0
0.11029602882337187,0
0.8857251777773563,0
0.0017345675775676658,0
0.06203204362855683,0
0.007127841218060912,0
0.07711017736406396,0
0.031454595234506104,0
0.30409528817675935,0
0.0250795750201312,0
0.03748812069399921,0
0.3494838148253854,0
0.8553052548229573,1
0.014626748349598713,0
0.24991272828941566,0
0.3563329509333611,0
0.024902877100460217,0
0.001951333245580436,0
0.025723008589252267,0
0.06358142748342709,0
0.41168311806476127,0
0.07341285336674645,0
0.11551499758124485,0
0.2769746140390222,0
0.07152692868095814,0
0.06731747302928451,0
0.09726889904359126,0
0.018520879947466182,0
0.05224577329570129,0
0.10939745542735448,0
0.751169864491749,0
0.23119465796949107,0
0.07582549272438148,0
0.29108200754682967,0
0.00718785690843258,0
0.039238529668739176,0
0.7472581285042632,0
0.06316387410511864,0
0.04756124524718871,0
0.07382479965550702,0
0.0010896764705762292,0
0.2286775236857229,0
0.8465313967389632,1
0.08581320974066557,0
0.8089444184588224,0
0.025423195872234138,0
0.4367171252603789,0
0.0541499965331604,0
0.018110373985835475,0
0.21915217842849835,0
0.5503513323769705,0
0.1569618888761655,0
0.7401102876436261,0
0.019128058033694852,0
0.07982931575324886,0
0.025428307721072723,0
0.006431868566229529,0
0.02589865940121906,0
0.14798646641455196,0
0.024696257847714308,0
0.6920764239533738,1
0.033431139894465334,0
0.021350670947241943,0
0.0030736490115832247,0
0.4943047751934738,0
0.005344264047678144,0
0.6422844304669579,0
0.716825996016229,0
0.0580924682636025,0
0.8240189041844826,0
0.1123665102915223,0
0.07014839256005172,0
0.04777566580555321,0
0.49254667227526144,1
0.8987946029031821,1
0.053504487718881166,0
0.9646841064119263,1
0.00043268125800598856,0
0.013083042726559389,0
0.0280605206615192,0
0.006010563584605762,0
0.009231275431943617,0
0.1720296496826069,0
0.8292678047621136,1
0.10091318477970844,0
0.621054840241821,0
0.0628869916991646,0
0.09781068505599352,0
0.2648545768399071,0
0.003916947346300686,0
0.8917586062891245,1
0.6200643876794372,0
0.7621867587656768,1
0.014406508054350701,0
0.23677805855216955,1
0.13877352170649468,1
0.10352639811135601,0
0.5158852719026352,0
0.09332329971185606,0
0.007661666216523807,0
0.1470356742946213,0
0.006436637303317217,0
0.14684036157238364,0
0.14229747751095637,0
0.08774790498276057,0
0.12261361440764015,0
0.22046234740295445,0
0.015313710589002775,0
0.7623635802020846,0
0.7805996994911222,0
0.4252813954259782,1
0.00465228863286887,0
0.026296210227109686,0
0.39989738331126223,0
0.16125843712033625,0
0.24710949994804385,0
0.0777407293904422,0
0.2958962033631467,0
0.17632918915184656,0
0.01746218625744983,0
0.17024987428271252,1
0.012389243976244496,0
0.7244370515970977,0
0.09917770461724387,0
0.04819572530610968,0
0.045537390103400445,0
0.2772995538921469,0
0.010581010095695072,0
0.004278746938187643,0
0.7584588617258358,0
0.3100082507183294,0
0.24314257219526697,0
0.02286796995258757,0
0.5380885915845147,0
0.1305875123770222,0
0.410522603890335,0
0.05021618666507673,0
0.911794964811126,1
0.03660272810977543,0
0.7332108221970932,1
0.2610000484242052,1
0.025337447519530026,0
0.019567490649581444,0
0.03267267647748642,0
0.10021067830439707,0
0.8412256833717536,0
0.3858641383206098,1
0.9570289139898086,1
0.012692200305773324,0
0.012821988143334542,0
0.04749045522402088,0
0.0048661213535179555,0
0.011098783575674136,0
0.1146439293652785,0
0.5635837007125455,0
0.08881112688753456,0
0.03531888963457539,0
0.021574627717631183,0
0.7555187061161203,0
0.14692560429926904,0
0.443781567023085,0
0.019179270307064237,0
0.6126350750920011,1
0.26108265260521035,0
0.0618807205715651,1
0.013009883401661947,0
0.2736646505196449,0
0.24568419973090963,0
0.8809212530365108,1
0.16675244939382583,0
0.13137572031331501,0
0.23902049724022212,0
0.34934776415692964,0
0.35206936965960833,0
0.33279107755773035,0
0.11074364900029447,0
0.1361797213829205,0
0.1694420844714258,0
0.1070631118920105,0
0.011295773990506387,0
0.7096848400542747,0
0.47720316220450487,1
0.13764689891923282,0
0.35538737403419146,0
0.003275995946074909,0
0.014435890913735362,0
0.2088361562590641,0
0.5150349326163746,0
0.4032498259767513,0
0.017340556612924458,0
0.035075323284282714,0
0.2216119099750826,0
0.0030689437445658397,0
0.16166666485848757,0
0.00499620461480463,0
0.5706893706604705,0
0.11463251074842876,0
0.031890992376131355,0
0.03738139231142839,0
0.0007474078645934719,0
0.4497131483799639,0
0.21924428805341709,0
0.0003687199922426959,0
0.09928578114841399,0
0.3052522086463579,0
0.5925166551401962,1
0.006110726644945823,0
0.371514576450782,0
0.004737138075746394,0
0.5142331115267867,0
0.03266645512915716,0
0.07194556724785929,0
0.005922515934636172,0
0.04753787835670296,0
0.42626226399702843,0
0.0008228308506425979,0
0.39251985018377766,0
0.78222620798558,0
0.15451393838254096,0
0.3335106419431488,0
0.17879729614935722,0
0.02201738568229395,0
0.20199161300548382,0
0.032448744743769284,0
0.008833285145553106,0
0.058443531216071,0
0.03899581496952067,0
0.3002470052087196,0
0.06131674108164533,0
0.11763671093231315,0
0.44711978090012294,0
0.2185421415957957,0
0.7925663374289735,0
0.0023537034636127415,0
0.8090686656447638,0
0.0956467395552269,0
0.060069526967688594,0
0.08930125565786083,0
0.024789849923746127,0
0.10017534757441596,0
0.049524253549065346,0
0.23441356882045214,0
0.04963710838967098,0
0.3838498292815947,0
0.9371084840127063,0
0.03318918173484306,0
0.0906414296732236,0
0.042452477628733616,0
0.8050424534372296,1
0.0022072732794634615,0
0.09376570009852732,0
0.20721301465710487,0
0.04803586939390615,0
0.02047491165399695,0
0.02765906459564671,0
0.0163394298286346,0
0.04227065707373101,0
0.7751822055037986,1
0.49090016824778276,0
0.05799357759204898,0
0.18627007386733127,0
0.21593704002755895,0
0.13413084710591341,0
0.2139587770196262,0
0.07947924917926401,0
0.17274892066370623,0
0.0811350375460735,0
0.009623080111624448,0
0.7273302934777944,1
0.03300661314310089,0
0.057506619171189995,0
0.172100353522279,0
0.5514524635055281,1
0.21339585447677595,0
0.18660287332725362,0
0.1447574030709919,0
0.37041306098613525,0
0.012609412854862759,0
0.03955891477089027,0
0.003094860649118964,0
0.005687871060220352,0
0.024484927914302953,0
0.40067942063448064,0
0.06312433967726502,0
0.007278396824405776,0
0.0029700148436537623,0
0.7229018764295951,1
0.06303176150608313,0
0.177905208957113,0
0.013051735544831758,0
0.8677245681155863,1
0.6048352382738121,0
0.15808450465181265,0
0.0028860900368260123,0
0.07569658289121885,0
0.8902415279301671,1
0.036260270034037846,0
0.17954841067253763,0
0.09235132944070469,0
0.21662020840723878,0
0.04162108202143096,0
0.4290411672499989,0
0.8714357852768843,1
0.01933300884916691,0
0.025008751270309507,0
0.01273466183302901,0
0.011166146218764413,0
0.01420727884545603,0
0.10912652900406421,0
0.008503636414006059,0
0.07118865786195165,0
0.023003825283373427,0
0.037416464109022406,0
0.2990402825012066,0
0.4703355347498558,0
0.7253242791899244,0
0.05083664741278236,0
0.10261765834275972,0
0.665760644614987,0
0.03021201325498173,0
0.32701661103875385,0
0.040464335008024446,0
0.008948969658515887,0
0.005706816590230493,0
0.3731114691802758,1
0.28082684013374204,0
0.02207765477023785,0
0.305194850867047,0
0.046230394173685886,0
0.019725880125197374,0
0.062411544047529785,0
0.6329235780033402,0
0.4182535412480885,0
0.005093779983241784,0
0.4329254527890215,0
0.04754177839240077,0
0.006567412288307717,0
0.6815436291361551,1
0.0005189583050420875,0
0.046283779053852635,0
0.19350879277379554,0
0.024062981663243967,0
0.3748879763971778,0
0.28851646197806385,0
0.02185530395398077,0
0.15596477506154696,0
0.04725827997969001,0
0.4600381458350111,0
0.0901012169571968,0
0.28432677070742735,0
0.02062925243482937,0
0.4392391947873121,1
0.006949683111190868,0
0.2143508881954261,0
0.27737592890165325,0
0.9244972870772119,1
0.3207467682976278,1
0.1351133859211829,0
0.7986138210867564,0
0.029259979611847373,0
0.07782311998823152,0
0.12415935309439426,0
0.06776794561760101,0
0.1982253318418911,0
0.8896908773603922,1
0.3481528412368179,0
0.31180551369179077,0
0.15110586186358385,0
0.038539802177785513,0
0.020310652459098494,0
0.04711120626468601,0
0.33805972789035293,0
0.1603639505699377,0
0.02527432703439022,0
0.05131498470232973,0
0.8856683738010526,0
0.48803815041232407,0
0.14549848586208397,0
0.014659914430600322,0
0.42468072398100853,0
0.019638914008114076,0
0.11626880457844177,0
0.015278043738574257,0
0.0020110088785267825,0
0.010065363739251716,0
0.05876989424607256,0
0.038738022546999255,0
0.051715139746427136,0
0.0017442240984754899,0
0.2294216937658107,0
0.05182919757781889,0
0.6078084521650865,0
0.35017868168354915,0
0.00714371628590389,0
0.0858025380623364,0
0.014514510716602043,0
0.25516236176236157,0
0.38343362335568154,0
0.4088885258468144,0
0.07905386050930988,0
0.20543483640316934,0
0.7144999542971257,1
0.37080421875714464,0
0.19341167617936925,0
0.29950769948975353,0
0.5009253891689149,0
0.03932167092842562,0
0.31665412902997814,0
0.2741021705127322,0
0.719791220167352,1
0.7139338369860906,1
0.28040160928724583,0
0.0037683528689539006,0
0.022602421870177393,0
0.7495445663595399,1
0.011407546232108426,0
0.003320908283872454,0
0.6748947945794298,0
0.06063529908178792,0
0.002103963781496617,0
0.5414464036315232,0
0.07904224340226361,0
0.1590379057722182,0
0.02000604208696945,1
0.050319835811450254,0
0.047113013012108115,0
0.25362035586842885,0
0.21993229442091092,0
0.006110507578767412,0
0.21001554880922657,0
0.012022374763540941,0
0.4390849792241908,1
0.029476154922882736,0
0.8280834895161181,1
0.1733185859069923,0
0.004937566363108965,0
0.14438357560001847,0
0.7146937219937867,0
0.095318455582373,0
0.05522737143233785,0
0.3609191139636998,0
0.0026755000236807426,0
0.7531798222690604,0
0.46797996107831846,0
0.2039339386203174,0
0.0064386226329724945,0
0.14099379824136968,0
0.18963475583327766,0
0.0002038992991223064,0
0.022863187000325465,0
0.011368198730609128,0
0.02154036763668507,0
0.0011902895807301378,0
0.6059179703050815,0
0.5389926981678,1
0.04350121502943638,0
0.008140492448420371,0
0.27462790251284275,0
0.14771824372044062,0
0.00410170861905114,0
0.0960990361863142,0
0.028548670909861254,0
0.03451693874797372,0
0.031289577737898346,0
0.009881836960608827,0
0.10087347430396326,0
0.10582144399010204,0
0.12722056104553994,0
0.014742997961213726,0
0.3769762174201433,0
0.1555563438592154,0
0.005436860152338258,0
0.013723331585538689,0
0.011823438653614281,0
0.30958520269108697,0
0.06296133084617571,0
0.08236869126276154,0
0.416064156860793,0
0.4651640772588353,1
0.09531306130163823,0
0.03154862926658472,0
0.1728312692783294,0
0.011438418254642124,0
0.013051987303547934,0
0.42990389078250785,0
0.028948689639682505,0
0.009712853634185881,0
0.026164454985702443,0
0.6365399517420787,0
0.0573668846275275,0
0.19941527362430522,0
0.24682921375440137,0
0.869020301497772,1
0.04755923395354189,0
0.01844291105005602,0
0.21568407818601557,0
0.4804764696372119,1
0.05311999760049093,0
0.012024115677791238,0
0.035279196983015904,0
0.049333932570779594,0
0.10957750254426274,0
0.004870109502376811,0
0.34173087342598796,0
0.006768808702442261,0
0.41795510999960217,0
0.8222877811853009,1
0.07645663213269921,0
0.189155260408557,0
0.3399000771381698,0
0.03918777783442881,0
0.19004050022922195,0
0.06428833407400589,0
0.5586782939787707,1
0.4040154728338491,0
0.04383273270062381,0
0.00857441028991655,0
0.011582242833130725,0
0.1313236970769815,0
0.09431178279375742,0
0.8567294788667178,1
0.6669927096758479,1
0.05708782497291903,0
0.6352321718625366,1
0.002358834084920856,0
0.013132827445525031,0
0.0026937497134278715,0
0.2591727142217292,0
0.029377952611310817,0
0.018383859966799684,0
0.743308838832446,0
0.11213811770267053,0
0.13487481128061427,0
0.2659167142822836,0
0.07252688284521946,0
0.3606121579618974,0
0.010034189283662506,0
0.16490604770893716,0
0.019376596486473198,0
0.23766638578838106,0
0.3989201840905456,0
0.01795400670007578,0
0.1699024104083542,0
0.0007304307969271807,0
0.13862453296552246,0
0.36877460147418745,0
0.1678744766528492,0
0.004371793868287291,0
0.13526389403923145,0
0.03791616791156434,0
0.13428898749480625,0
0.07018549677751823,0
0.6105767637169821,1
0.22409279534821622,0
0.2067145128525809,0
0.03896897312190441,0
0.018213641933652523,0
0.5703966514227388,0
0.2551828158254477,0
0.45311693412949144,0
0.7085715586949699,0
0.12011497007582408,0
0.029674633077827504,0
0.10505889809188093,0
0.6748720023499671,0
0.001730343573503322,0
0.0019744199683296884,0
0.27564026023669114,0
0.019853699125142316,0
0.008266324505053753,0
0.7070576671839102,0
0.2300336470588308,0
0.09261343548378459,0
0.22887741908567957,0
0.5338540989204199,0
0.39878241400948744,1
0.06968495923918011,0
0.6468861949347421,0
0.009654004764580419,0
0.08217911724612031,0
0.012491953313307982,0
0.0855145153682531,0
0.2392914609912291,0
0.02767078231154945,0
0.011821396258849759,0
0.9067681009127819,0
0.006426996692057734,0
0.06134366799239413,0
0.22462573322221374,0
0.6048109437653288,0
0.7948423444010451,0
0.027166606770185075,0
0.10141348062297767,0
0.023793417280468198,0
0.34193644446559684,0
0.4881518227195502,0
0.4063852176208829,0
0.2757825718891744,0
0.05408728860029851,0
0.8611946924001889,1
0.7613551963046952,0
0.07094222947591666,0
0.08588709320395449,0
0.02549005093131811,0
0.03901401139169261,0
0.6406224078245366,0
0.7220491126136976,0
0.8404006677378629,1
0.48151458378314477,0
0.30581257670255135,0
0.005670098521388988,0
0.5385046688747972,0
0.2753984286878599,0
0.0033453811719432844,0
0.2837304804128426,0
0.0991352301230054,0
0.01703690835385295,0
0.4358954808444567,0
0.15763515192814423,0
0.8372964435912923,0
0.03604354968344334,0
0.637129867528256,0
0.4088205172742421,0
0.04468311070587143,0
0.15308823352689271,0
0.0722355864065303,0
0.12175037173926066,0
0.020206775525641218,0
0.10350010264792192,0
0.5377636539345648,0
0.1362203315778881,0
0.013846383505906876,0
0.3224030925356565,0
0.3010964452951469,0
0.8068332745567249,1
0.0481036895129383,0
0.002126486176619185,0
0.2359706271746978,0
0.011811293149190936,0
0.016289587620162558,0
0.03669477156113421,0
0.007249503037071904,0
0.07262802300309724,0
0.9352393221140417,1
0.006216398257353501,0
0.38692387192523425,0
0.06523555319573009,0
0.9632601622067811,1
0.05225323070107106,0
0.1790414570986309,0
0.1971819201651254,0
0.05628972392001416,0
0.007713691856555327,0
0.8062228593801621,0
0.05665147894286596,0
0.00180986171212819,0
0.4029732178624877,0
0.010714271980791612,0
0.042026266710461786,0
0.7837085250749795,0
0.051499103258694154,0
0.011694038865684469,0
0.15296488073492778,0
0.014805183038695689,0
0.9365665140078872,1
0.09896802385865135,0
0.01582260962264459,0
0.769848276310963,0
0.002012768637433848,0
0.3762597601273998,0
0.012925872001181397,0
0.04757335074896165,0
0.11041144686075487,0
0.028706048459862087,0
0.17376868390367659,0
0.09132332759742325,0
0.0033628805986227446,0
0.37900154239859746,0
0.026581643320535007,0
0.29713131064092485,0
0.05509674302300734,0
0.5654037757057219,1
0.044276857536884026,0
0.306352456509489,0
0.021211792474215445,0
0.04134780727093591,0
0.1490638805543492,0
0.08095508019754404,0
0.017338715519032495,0
0.10075758589967995,0
0.03539934354375958,0
0.2146484082276722,0
0.15831526963957193,0
0.219344138400213,0
0.036222866307764466,0
0.552018643144222,0
0.02680751805054206,0
0.014311639503691555,0
0.8017435042738189,1
0.005682016810255927,0
0.48827054603723535,0
0.23363943439423604,0
0.005900438939713944,0
0.12751943541377272,0
0.04810715862636782,0
0.6322525294423564,0
0.2475043977374392,0
0.20700918940535695,0
0.0344753667775364,0
0.7912295189717509,0
0.021798465824600693,0
0.7504519445538366,0
0.01848964236617796,0
0.0002358271384350508,0
0.9047959633375994,1
0.10658370070674049,0
0.2830401013772997,0
0.001446765380072167,0
0.18568289383730813,0
0.4650889845931545,0
0.37994895467239126,1
0.022769923168701273,0
0.655936244923695,0
0.025084694177041927,0
0.023029806520734802,0
0.022321430601127363,0
0.0005358362541120398,0
0.0966514675548598,0
0.014509849383059789,0
0.00024982147807057565,0
0.004354885069084389,0
0.006673224145910284,0
0.9141676800684982,1
0.47518587915350874,0
0.5882302398252821,0
0.5309327930115116,0
0.001303515560567541,0
0.00666895089215,0
0.2661332926206221,0
0.011365367817950505,0
0.08262576194292043,1
0.21548790338160853,0
0.025372165112106906,0
0.027636451451005937,0
0.1306486352276361,0
0.14581626991658944,0
0.4054373626946485,0
0.21009343885510698,0
0.5670589339517496,0
0.03729569863781886,0
0.021211196740270014,0
0.004587792411134287,0
0.8816972697458203,0
0.09945457270980491,0
0.005684966536262807,0
0.101348753580752,0
0.19603557955745904,0
0.1595375894307348,0
0.6968678377925304,0
0.06321635733924777,0
0.26098918861132336,0
0.004971995600955415,0
0.02020337668160731,0
0.44833388415343156,1
0.019859916472539135,0
0.049303890033518795,0
0.002712209810206537,0
0.8079924013113956,0
0.02639249866699312,0
0.054865711089416354,0
0.5643574276036919,1
0.35375728716948607,0
0.573419851099893,1
0.013617742955531278,0
0.3418826247376492,0
0.6670202319621396,0
0.26372412685913205,0
0.28403631874396873,0
0.8538034190577859,1
0.15641725544224583,0
0.22360902115196818,0
0.10280790304315446,0
0.032463890544646025,0
0.6636494573434698,0
0.05001858485924787,0
0.016476276497607436,0
0.02127904644195532,0
0.2573271389641895,0
0.5705497321015145,0
0.010840475167877686,0
0.015661369451656627,0
0.02078826273574759,0
0.045384827962341966,0
0.39259572053836894,0
0.04370515956825772,0
0.09384860646779879,0
0.001388324808539836,0
0.024797985773696626,0
0.2013933390001,0
0.13133823300205597,0
0.17743841570848234,0
0.00743106841704635,0
0.18181540715328645,0
0.004838014704242346,0
0.25114874846329244,0
0.020705514080464865,0
0.8827199497841195,1
0.8258977733863146,0
0.23023652329435834,0
0.06806562300977338,0
0.15906609997379426,0
0.007165418855375263,0
0.15623949094612913,0
0.13078001299688768,0
0.70774290225928,0
0.1503453064229246,0
0.016231166013272545,0
0.3289156761137563,0
0.33646496186593244,0
0.9179855753300212,1
0.02070264314533971,0
0.0042653764794378605,0
0.486249517686456,0
0.1928763719542719,0
0.8680422764940893,0
0.578758568105059,0
0.13910988367837487,0
0.23973657309250937,0
0.23096704774271662,0
0.01559346472543188,0
0.03669242659403122,0
0.007579433370637901,0
0.208413388231534,0
0.14339625590835306,0
0.5968821837446621,0
0.017163138134531467,0
0.12984627257602094,0
0.8970740415417906,1
0.0493269074258253,0
0.3427016122899603,0
0.25010646856322966,0
0.08248052413320599,0
0.09072465617352748,0
0.06607723465614947,0
0.14401299735585707,0
0.026124906057381398,0
0.029382443641321993,0
0.32788104596055273,0
0.23307345323615594,0
0.05473484533772642,0
0.11955936331953795,0
0.0012307444599466988,0
0.03176892343627752,0
0.40124996064262636,1
0.018525191541770517,0
0.6164922925817685,0
0.8577253120096948,1
0.14212294853266705,0
0.020514497394357182,0
0.13579766149330702,0
0.4088946892224045,0
0.13752830513880906,0
0.22778536348732734,0
0.4337624865124905,0
0.3666054594454653,0
0.13693571668195,0
0.16320910863584878,0
0.34055067579298476,0
0.21956602670199118,0
0.015531941756321164,0
0.16918786188175247,0
0.14059541140415666,0
0.06965730022130526,0
0.14888949857619493,0
0.19986774147115707,0
0.5281875604584255,0
0.06630939677981794,0
0.4488529208533222,0
0.034779782142657645,0
0.005936118473729325,0
0.07799178848038808,0
0.005070858360476781,0
0.004318223954583033,0
0.10154135143390768,0
0.004925929074558316,0
0.027757649769541468,0
0.039891894536668096,0
0.0014204380518507756,0
0.01294518986698138,0
0.19388136657568164,0
0.07516344521745992,0
0.34947654712295734,1
0.4999528059152834,0
0.8988715441804179,0
0.39400152722285015,0
0.8439919925754339,1
0.194760047231563,0
0.05061416276672575,0
0.002269247705918488,0
0.042096856361091124,0
0.17417603268817555,0
0.04386070236710315,0
0.3131803409738403,0
0.018856475370948353,0
0.06776097382974164,0
0.028121004834910097,0
0.6532987117207474,0
0.12806363469279605,0
0.19217216640862947,0
0.05234966101729733,0
0.8249577078954836,0
0.07359582683657648,0
0.050184026502670405,0
0.5459590305563774,0
0.017414807539085083,0
0.004446860020701397,0
0.2600845853318638,0
0.5741366515715921,0
0.12577965050263298,0
0.03633142347943908,0
0.5563483499947913,0
0.1582393275770644,0
0.5121761478227306,0
0.0013247809555802313,0
0.2214327804846043,0
0.17855472716140275,0
0.03148284074208179,0
0.3793133704602791,0
0.20411764842925983,0
0.023410365799462516,0
0.019259703596094913,0
0.4591237893796898,0
0.03515310164831971,0
0.8070915296360144,1
0.45366562315087644,0
0.07704342113121324,0
0.011450421897193582,0
0.188741244470441,0
0.044215922882588486,0
0.5767887022969959,1
0.9188161900268307,1
0.7941905114647135,0
0.8027693884261423,1
0.035958200506382924,0
0.44719964381302074,0
0.17714412484757597,0
0.00045462462042876743,0
0.08636953218951544,0
0.5755067297352113,0
0.8153554523544045,0
0.753636414457127,0
0.06711814026029342,0
0.002433605026320655,0
0.8196655749535562,1
0.03418825467557235,0
0.17914825013300248,0
0.17871497140873727,0
0.23636413215995827,0
0.6610843575567882,1
0.8880252954563578,1
0.03012796711099748,0
0.09371555791064724,0
0.010213287094639591,0
0.11511321999700619,0
0.0040203750282823796,0
0.15832443151943423,0
0.14625471873285675,0
0.4163135167786606,0
0.04832741972509873,0
0.0010865150601502762,0
0.13442703589445523,0
0.010898149295466503,0
0.11725128451271882,0
0.02433873327821259,0
0.3274774431745968,0
0.03421021418184637,0
0.021251020602583097,0
0.04985910494523923,0
0.5302272128607723,0
0.0006842847001244809,0
0.056446803537288134,0
0.19278053693686942,0
0.09648148623212392,0
0.0033589418066496063,0
0.08695311858646393,0
0.8036457107638384,0
0.10313522425341097,0
0.029863603478612225,0
0.06154093489728779,0
0.09464407274004802,0
0.07905734833677407,0
0.0859929124301999,0
0.007332593863195869,0
0.46216162052394716,0
0.5622626559274463,0
0.010457923224698157,0
0.03737546215879785,0
0.3564239831358644,0
0.041338484669871285,0
0.01218698500521438,0
0.0063960061404651596,0
0.10456025723266024,0
0.0072988712516087765,0
0.6071109808705322,1
0.01578179547794236,0
0.0011426246875003271,0
0.23805731577173725,0
0.02699366337346727,0
0.005764270023373567,0
0.10606155946252765,0
0.12737136941040889,0
0.005579498158836817,0
0.16181093361928703,0
0.07010290479604357,0
0.08929366292842851,0
0.4932110438410975,0
0.3525731213664622,0
0.17365100634405212,0
0.9245063905222796,1
0.04043547074547104,0
0.050187901928099306,0
0.08080305508085787,0
0.014936391873401712,0
0.8239097245703105,0
0.03636898939140322,0
0.11197495836016864,0
0.0634056365202207,0
0.11230612157228785,0
0.1289752038930512,0
0.3352596195788404,0
0.7661259675916107,0
0.007325439048613539,0
0.0021671435783048878,0
0.004800927526988311,0
0.6139838477687733,0
0.017097634106892058,0
0.01937872315872135,0
0.7859209597689996,0
0.17830478366729619,0
0.4471727835786144,1
0.047299972795130214,0
0.09478763198780182,0
0.11688695235055274,0
0.8004963571883843,0
0.13762394694011867,0
0.12334714503170693,0
0.15389297227768226,0
0.18904157924758017,0
0.5785746063048953,1
0.08480241085858051,0
0.0767390396791646,0
0.08650655909879623,0
0.7472324074938843,0
0.8710767963806314,1
0.14629181771949373,0
0.11835163421487364,0
0.6537286935974128,0
0.02322227951827752,0
0.006084301337613693,0
0.20206201932316623,0
0.0029488003116601735,0
0.6139878118245659,0
0.008261779993526138,0
0.326575283111991,0
0.015588432803878807,0
0.0011123829658433889,0
0.03652770857375851,0
0.2650059774151301,0
0.17285930866589083,0
0.048376118665309394,0
0.027311079177713225,0
0.026461491136182024,0
0.9107827730278405,1
0.03809090483829567,0
0.0023505240940163725,0
0.01806594508282932,0
0.08064413321446962,0
0.1469027456676568,0
0.03814375599776067,0
0.25824931189269873,1
0.039953842951591226,0
0.11915852002871274,0
0.035144184101117554,0
0.315242303189452,0
0.037050244371665736,0
0.018123704042590377,0
0.5177129826799897,1
0.012565877223943638,0
0.08728176368100807,0
0.5808360837536226,0
0.029705763234918695,0
0.08477024633407557,0
0.4012892137507256,0
0.06345199183246991,0
0.2471537977384594,0
0.4372209925302996,0
0.03217099123380251,0
0.49446095177584237,0
0.7835177918501334,1
0.04119313781989652,0
0.04936819093395253,0
0.22646796334403904,0
0.13339876842392637,0
0.4526732981261549,1
0.008081397121546856,0
0.009605838988644302,0
0.08308184960872195,0
0.05801690998357515,0
0.06452506191358001,0
0.18350918258068968,0
0.01656737706402047,0
0.7286777038004377,0
0.018640964006434807,0
0.2557553470835477,0
0.26767655791494877,0
0.029737297401755704,0
0.020075102919149636,0
0.1712190762766354,0
0.010660506035610027,0
0.0784162182345164,0
0.8292398545843346,1
0.0003924056244941297,0
0.12060563022256597,0
0.10692492560467792,0
0.19957666338507557,0
0.6361181366566272,1
0.0388827079189493,0
0.029405590237743435,0
0.5171838506240557,0
0.3808703938096358,0
0.2067214093511074,0
0.07584085939638233,0
0.8057056151484115,0
0.2631736525652917,0
0.08566454271925712,0
0.031063590411673107,0
0.10641256065244548,0
0.09409738867732145,0
0.01705800712234602,0
0.18913571106930352,0
0.02207446213395397,0
0.24723228556905297,0
0.02419575111475803,0
0.005732281170167901,0
0.4184706916234661,0
0.4183785592386602,0
0.09429647973196434,0
0.04501937311984727,0
0.25093049250279637,0
0.7065480513619741,1
0.06185010766444259,0
0.1028849302774214,0
0.01528661800190981,0
0.3242903655425161,0
0.7639982825187193,1
0.050665887890852836,0
0.7465209478421864,0
0.04160627757001438,0
0.9443060127034955,0
0.2901197961612154,0
0.29264092320255874,0
0.08084009573754881,0
0.09302742149749393,0
0.11437841304149846,0
0.06785045090035742,0
0.12848676061587716,0
0.16737364524865994,0
0.24591431464560734,0
0.032459375728772576,0
0.2197388209839914,0
0.46761811838067424,0
0.08855808293686072,0
0.03074982052540553,0
0.3160875458379851,0
0.07245808196268819,0
0.3272851875415042,0
0.7226317281395286,1
0.33369157949301054,0
0.20669576353353902,0
0.17546167319424968,0
0.0910459749158301,0
0.9488008435496788,1
0.14865759251577157,0
0.11473793194794371,0
0.036338443304614144,0
0.1700778301764969,0
0.041625183254181894,0
0.031014973286332185,0
0.007140015503251142,0
0.8007908265062582,0
0.45476432647159254,1
0.042292069988350285,0
0.19564261008228132,0
0.636934286426695,1
0.0763636278071594,0
0.016059163809342872,0
0.15825897383235896,0
0.08092949677468914,0
0.18257216186935712,0
0.041231248498796405,0
0.07197669806872734,0
0.3796665282145633,1
0.02141150359254875,0
0.24597639013274178,0
0.014486528386374563,0
0.22069589648715535,0
0.5613660733763012,0
0.14465976951395645,0
0.693923727166956,0
0.066703067133078,0
0.05796943476331772,0
0.28431183112513053,1
0.00045844315185933533,0
0.6680922124047926,1
0.14826797977234515,0
0.21422270444373967,0
0.004796197650204767,0
0.012339394676222118,0
0.0293505960023489,0
0.08374792450554733,0
0.0010948770283848285,0
0.6284013691364676,0
0.0025589843921218977,0
0.8455075337601575,1
0.7125468845131869,0
0.052800133329421746,0
0.022393449282030794,0
0.06422297078005919,0
0.6567138654524732,1
0.12570267769118235,0
0.11688233833589488,0
0.5739325789583747,0
0.048786079048196485,0
0.041085239480742504,0
0.4693833050658929,0
0.08563288622771638,0
0.9435839428364693,0
0.4232684739477177,1
0.023945885141165503,0
0.06105824038445737,0
0.0571826259491265,0
0.046386525958139274,0
0.017529692231245945,0
0.2793129720463295,0
0.019750858638902254,0
0.6684990285389278,1
0.1388563017203053,0
0.0022315550942832336,0
0.6264327096252666,1
0.09582429953040446,0
0.14778193489631541,0
0.006553308846450026,0
0.299014426482304,0
0.007382171384748595,0
0.14173007274638344,0
0.0011823178276679771,0
0.3574555537638437,0
0.05408185333515742,0
0.012042384239743237,0
0.03856240147940886,0
0.05185744394587103,0
0.05768508649860884,0
0.02676843476819571,0
0.1721915761487237,0
0.04634710451980328,0
0.0044076381024762586,0
0.027065758310522273,0
0.2895339615735605,0
0.019262116381312783,0
0.2737270172984148,0
0.02855094970162766,0
0.12639148245851495,1
0.000835152560660052,0
0.00814182429541982,0
0.04571609066298898,0
0.022287886521107445,0
0.35203628713362045,0
0.3756126162306819,0
0.12399978285369938,0
0.9159694065020623,1
0.2085784758640916,0
0.7183089445786941,0
0.01853640513465741,0
0.32232694087377667,0
0.003785627942744237,0
0.5737189453743673,1
0.0256738342509434,0
0.03345338075144421,0
0.1051568686368266,0
0.02329484980990184,0
0.283353548648585,0
0.0853277444782237,0
0.2610233376932505,0
0.10393721459754783,0
0.02495149040726966,0
0.2587167621267353,1
0.5887736683376396,0
0.008417459113813036,0
0.006001861464600552,0
0.4159909323139385,0
0.04931113719636401,0
0.4112363176155707,0
0.8082898088489194,1
0.2879839087372307,0
0.09428103994674673,0
0.014857653252276268,0
0.1709224797585149,0
0.4422069718386043,1
0.2325742826467904,0
0.23310632334549106,0
0.15406044518591855,0
0.021321854072947975,0
0.028790598692467913,0
0.017725837597509658,0
0.4658849348240361,0
0.029994085521002217,0
0.028838127123243584,0
0.010915976843006804,0
0.05716690178947325,0
0.0003207579608600099,0
0.25129156012394066,0
0.04254453375794257,0
0.712658618736088,1
0.40161623117538825,0
0.32305122508997397,0
0.6599347935530211,0
0.32093438441035194,0
0.6852798417017675,1
0.009380291208367328,0
0.051908905256313184,0
0.10884059965638145,0
0.03508679030883462,0
0.2821335524995058,0
0.07450536284635804,0
0.00025020610690728456,0
0.4419181963433767,0
0.2248794590708608,0
0.030544915104818656,0
0.0013481962051866542,0
0.1614597951712709,0
0.046670582494507014,0
0.4934178866568025,0
0.009373725854691263,0
0.021193462312099374,0
0.009558739758831043,0
0.6928052972172369,1
0.013239337356470354,0
0.15395360888760182,0
0.21395584887861693,0
0.11080219911006142,0
0.031491770448832904,0
0.03911696271811972,0
0.35040443872356214,0
4.768357505058597e-05,0
0.054344058888190716,0
0.6156995693810146,1
0.06778883793614728,0
0.06916287786838256,0
0.18501666489610544,0
0.3996068848082366,0
0.1339802172243384,0
0.01674940761908572,0
0.39697161187520225,0
0.5658846590371066,0
0.19767813961608938,0
0.3915527315679882,1
0.2398297931245879,0
0.0048465115208805335,0
0.6319476927338131,1
0.1468014848234435,0
0.13594243007476686,0
0.00523252558090507,0
0.4527843301625718,1
0.35472275417950916,0
0.004192811429595469,0
0.20748817136913245,0
0.39407721033178195,0
0.6525285488161197,0
0.2956476329707249,0
0.013473183792837653,0
0.20100652281714304,0
0.029644140340706084,0
0.04284922947467907,0
0.6470491768227564,0
0.07915040988607723,0
0.041763389268653535,0
0.11208756044205792,0
0.23652916588363668,0
0.28480011462507804,0
0.5780579866893522,0
0.033575696460498676,0
0.002670447623063927,0
0.011042554532023277,0
0.41944909549923937,0
0.13934818342347552,0
0.32644269263849274,0
0.819278708027229,0
0.09940779317074427,0
0.1518624474363162,0
0.04299903630269313,0
0.7480988266700795,1
0.018916786657429924,0
0.010455918730411993,0
0.06327192450064975,0
0.0003866089079721359,0
0.3336768628857405,0
0.11381428844095293,0
0.03717974047705555,0
0.10840696653408935,0
0.019370027524285537,0
0.025284430853873822,0
0.07102607982728384,0
0.5007122868342071,0
0.0660315148900691,0
0.026562299500615456,0
0.17268511111701315,0
0.07397616838751134,0
0.34606364443485016,0
0.12416586151689193,0
0.0812651295883068,0
0.011305867366822773,0
0.043727976262767615,0
0.117753803113112,0
0.2404962397861428,0
0.9519000095137367,1
0.007173528242600673,0
0.2361574162650168,0
0.024442999892991247,0
0.3487398393520634,0
0.65707805785608,0
0.028572984336277772,0
0.019468403484802523,0
0.16430150149788236,0
0.6979943207150029,1
0.02297625615626267,0
0.04730528046052365,0
0.003509574940139368,0
0.16751117387325204,0
0.253687338921898,0
0.01600533354616111,0
0.02586179310602377,0
0.007356228617552778,0
0.001425672347066494,0
0.6700298850761618,0
0.020656802806973174,0
0.00559651422498576,0
0.004550174918744088,0
0.09993191489460802,0
0.15356611414530796,0
0.0025888828038703664,0
0.27908324044354094,0
0.44634414261175465,1
0.5926710364849019,0
0.2164173121305551,0
0.08158698751867093,0
0.005107351103618621,0
0.00683648994698267,0
0.10725760716189182,0
0.060740507640850885,0
0.026543743291507577,0
0.6344708859159093,0
0.04593699727954648,0
0.03664683264626492,0
0.13524526994155897,0
0.021838453589163594,0
0.046230264740058875,0
0.0472275423218369,0
0.4196278464313174,1
0.02315669618894301,0
0.10106878732431773,0
0.020984174058998287,0
0.03035657038234838,0
0.09176296740154138,0
0.21980435981694568,0
0.8758134894328445,1
0.02677947286345949,0
0.6412674911091826,0
0.04130071156311214,0
0.01909841053779025,0
0.330671629513853,0
0.7762505983742006,1
0.0009842052323958995,0
0.3562384499284235,0
0.6246130729554199,0
0.001870162912962943,0
0.3830544932991245,0
0.16385617228593896,0
0.6084295343039714,0
0.34468809393598965,0
0.09100216334808495,0
0.769836320243007,1
0.11269330862376983,0
0.16192972154933435,0
0.3863107808322155,0
0.6179677140573785,0
0.016783728016880557,0
0.004203334018619537,0
0.11581072488597915,0
0.5650992983953504,0
0.044861484569037095,0
0.009698012585999984,0
0.769223521937741,0
0.01890577447838013,0
0.3807632520404929,0
0.021300746176362975,0
0.0012052043119290907,0
0.016605723585262838,0
0.03964278380618072,0
0.026803726345974326,0
0.9528158693051052,1
0.11354145635625237,1
0.0018726726402235108,0
0.9511323843482211,1
0.09515648462643177,0
0.24873481906297024,0
0.04549351984298901,0
0.009975772890936777,0
0.7257134425839525,0
0.9566616877785213,1
0.138531623626843,0
0.06526444695519852,0
0.4905110612919409,0
0.8639952765302633,0
0.015621088379583254,0
0.1172702532275134,0
0.19325308876342764,0
0.41061815079541975,0
0.10140460699003295,0
0.014197512428113276,0
0.6957835324224184,0
0.7371208332666145,1
0.015694400068081805,0
0.30673434246249104,0
0.012594705483091068,0
0.11298226185671366,0
0.11733916360553141,0
0.09471028896899039,0
0.12834618276121074,0
0.07582023432512526,0
0.0040631845690032,0
0.09433609576364389,0
0.11306371750267251,0
0.8068181549726606,1
0.14511180214711375,0
0.03358632983486811,0
0.44929268054543003,1
0.05360084059163475,0
0.06379640869733423,0
0.11782259006031927,0
0.011767481664143445,0
0.5071472687625662,0
0.5007477923953007,0
0.01343668074885764,0
0.08953482671255224,0
0.8186421031955051,1
0.1826838221863418,0
0.8300485327505008,0
0.09887036125136293,0
0.13394943091547354,1
0.3664029379032219,0
0.24460797881956645,0
0.018570181953455923,0
0.051241399963750184,0
0.5799375445012606,1
0.3086146947134786,0
0.012918911268775547,0
0.1436950208760537,0
0.8020984848512452,0
0.7285468366335348,0
0.7164206650667807,1
0.45814620997068933,0
0.3071174589184634,0
0.00010561206872969455,0
0.40271181758252067,0
0.05321444848997121,0
0.7527940228958083,1
0.2835807664273509,0
0.3989875527907743,0
0.2500567087920665,0
0.3145214259380442,0
0.34878711830284503,0
0.14238852127489188,0
0.5718728030331468,0
0.009313130859318142,0
0.09070770858091763,0
0.8609659684056596,0
0.03984535636802479,0
0.0074010106865572646,0
0.42176229180942343,0
0.30098658023696656,0
0.24494449234217858,0
0.07184124692942583,0
0.21878360332103047,1
0.2824179892873563,0
0.1346226787361405,0
0.015342825067763598,0
0.11461760740896881,0
0.02055274512587793,0
0.10566725923236088,0
0.5713060204644234,0
0.07964764113558938,0
0.8206610339274055,1
0.04321192111963374,0
0.9036289655509263,1
0.015165366801910371,0
0.11206994984876988,0
0.005477028943722288,0
0.3018869279772024,0
0.16091546640109183,0
0.3527364943295151,0
0.046142021706781645,0
0.10864165859221912,0
0.0014144234078770942,0
0.13252270998087212,0
0.520203480065501,0
0.5625026441503963,0
0.9288501467037599,0
0.42986370872638874,1
0.09525083697800057,0
0.025762773580280816,0
0.03109704254966323,0
0.05190246617824694,0
0.2690069018291685,0
0.8840401380510386,1
0.6785508020336471,1
0.60262515448211,0
0.09276171122351921,0
0.020656572462606354,0
0.1303735617429573,0
0.5480258346806548,1
0.00468576542081192,0
0.4442889493792974,0
0.03833278436395934,0
0.0009215176239655117,0
0.12085649370725614,0
0.055403440989102846,0
0.4256081762878063,0
0.14560921809418634,0
0.13400769495966067,0
0.11159150967752367,0
0.25989915857929496,0
0.027473584699354885,0
0.4305288691965229,0
0.18202156309465317,0
0.932303240691036,1
0.37472070515602285,0
0.10860590985088237,0
0.024426796709512182,0
0.018810291380659764,0
0.021142129500128545,0
0.07053052910489609,0
0.04497161922552582,0
0.6878126782299058,0
0.02962741355574668,0
0.1626182190486125,0
0.0005105881456608055,0
0.24093445904241964,0
0.24782678876667535,0
0.005470096743975508,0
0.046626682447467725,0
0.4971082658883359,0
0.059907144734335296,0
0.8591398029781161,0
0.2868993649792559,0
0.11238024034303763,0
0.0010009973215392382,0
0.001095669934213641,0
0.911458294976452,1
0.847963123327305,0
0.0314951958483603,0
0.09319960969443337,0
0.8840771443647752,1
0.14763692609866844,0
0.004067542937974025,0
0.2460945552487492,0
0.015467203578520801,0
0.009049988647644036,0
0.014344497806529438,0
0.4708971786961026,0
0.652828311336316,1
0.3187155065158919,0
0.5542766419363666,0
0.03549577499695287,0
0.8162969670596689,0
0.22470801590644796,0
0.12130282721533192,0
0.017502368493070086,0
0.4079888687479907,0
0.24787542025295398,0
0.6711020970085645,0
0.12287031684454401,0
0.0063893898716560335,0
0.5722131205074619,0
0.05054191599218738,0
0.03824189763313308,0
0.1867137882254855,0
0.22802262490272815,0
0.8926859509716273,1
0.599412777234107,0
0.04498499058043782,0
0.39863304000455324,0
0.6256015124187828,0
0.21558307697703435,0
0.00775217060741894,0
0.20463496987247737,0
0.028932479432201032,0
0.07510967084207366,0
0.3564447014354072,0
0.007964231675523788,0
0.009320680544071869,0
0.2622634292822429,0
0.12328034470028962,0
0.002786839598403929,0
0.22897229134670263,0
0.207455993389765,0
0.039159213891768296,0
0.1462036758654575,0
0.03817639474152625,0
0.00950258220480998,0
0.2960764816634013,0
0.05495376341431286,0
0.5933090899005162,0
0.8973579719634507,0
0.04215740197297343,0
0.1053249172071316,0
0.00038244912505799595,0
0.7459603210270654,0
0.6889296675541907,0
0.49658900158368646,1
0.10622366666670573,0
0.053687508878565736,0
0.02115124448923769,0
0.04769897383779666,0
0.019087170408430068,0
0.3145243156932627,0
0.09069185078100672,0
0.024554808301954372,0
0.09671986551516719,0
0.27436227184074574,0
0.04189580594193502,0
0.024304735346412303,0
0.035699182269693014,0
0.07846407921205735,0
0.07897987020432279,0
0.00022299253351311564,0
0.15773871740298387,0
0.05652313950082571,0
0.2083621836125573,1
0.009689954414123018,0
0.7858757752954652,1
0.0374385640809733,0
0.26447492899130237,0
0.40539521584512217,0
0.14377623864605688,0
0.29497800840377986,0
0.021357337302739605,0
0.08601202432575013,0
0.22260139407369894,0
0.7515636425021006,0
0.06947706991766395,0
0.006118149258680055,0
0.00431612628150511,0
0.1981210769933807,0
0.005847122204367012,0
0.2624357628073818,0
0.008098923092755493,0
0.40091616306625466,0
0.9377958280602349,1
0.007050914352755465,0
0.03257383542888277,0
0.15829611508049268,0
0.0009643893874831628,0
0.12046390445756787,0
0.6686759622756369,0
0.017616363019979923,0
0.1041792855735947,0
0.20048238853151798,0
0.8116017587158172,1
0.15848413819808857,0
0.09250820249451731,0
0.1564165635416775,0
0.037784184791647434,0
0.015849322028970207,0
0.01859603089079789,0
0.10489049823871945,0
0.35100539247788415,0
0.1342853972520617,0
0.10900654484046579,0
0.040649737418170254,0
0.06732247692842,0
0.3115850794003443,0
0.12881511304105392,0
0.5607377763962819,0
0.18528624899148766,0
0.10687436595767896,0
0.2404005429012347,0
0.5902356399845193,0
0.4637509711383207,0
0.21885267050259397,0
0.7433093323946203,1
0.5935099150874839,0
0.02342106993605849,0
0.11843452655481876,0
0.5702241316610229,0
0.07254512606680764,0
0.018400438397559928,0
0.005454125761361618,0
0.14205331572287017,0
0.0007527084053166522,0
0.39907595168327886,0
0.004648261646053318,0
0.026606648724777464,0
0.04616195801137565,0
0.7043289257003035,1
0.2457016809241152,0
0.41759924238619406,0
0.1373772088046383,0
0.674916723902627,0
0.5115763351949483,0
0.18338102468741418,0
0.36615903968808344,0
0.7270658304758921,0
0.0021656612233198046,0
0.04035072570311732,0
0.1306829422788644,0
0.10227500901751659,0
0.014680363068723331,0
0.0008969773022591434,0
0.04311358461884928,0
0.21410241260062998,0
0.12582550173323107,0
0.1876637721499941,0
0.41262377367167585,0
0.017777908030848374,0
0.0668539316532107,0
0.09799007875672193,0
0.06242595665651802,0
0.8737045883558919,1
0.03889623245392378,0
0.11908269320132502,0
0.05976237846962753,0
0.1310629322178733,0
0.3999273587679854,0
0.0014252502263692748,0
0.04121535828512906,0
0.008857798032027785,0
0.02105720906687025,0
0.6039019904721311,1
0.003754418240859042,0
0.3467038157850623,0
0.11089200690101207,0
0.23897737569300007,0
0.6678116076097057,0
0.11727382136044913,0
0.10046743343503746,0
0.5609237012878153,0
0.07584551203689037,0
0.18880361936714987,0
0.22919847209722977,0
0.00354159347806541,0
0.015305454188992804,0
0.29662804461781733,0
0.5890544526579473,0
0.0844400627289958,0
0.018952263017834932,0
0.1308732702018137,0
0.005151748256786436,0
0.004684289497903965,0
0.008589956740936171,0
0.2015519580160824,0
0.0704785192551384,0
0.05522578024877606,0
0.5095466441131244,0
0.567204235935287,0
0.18360128183058624,0
0.016900374915103086,0
0.7043072269473594,1
0.20257320032277032,0
0.5902910952770365,1
0.4706527053431687,0
0.004329619922476855,0
0.11646515774437631,0
0.05746304571466172,0
0.32559820973149556,1
0.16993033021656348,0
0.005697994211344284,0
0.5217342686266839,0
0.07977228636328933,0
0.5588037045096375,1
0.35542564796597104,0
0.03091690439970722,0
0.18323395189782005,1
0.31736306461546265,0
0.34706799382461234,0
0.3430050458483999,0
0.2558488297837671,0
0.018545492389290708,0
0.8966830658378171,1
0.13955742869094911,0
0.26807443051918745,0
0.16068430499138453,0
0.8503059252523568,1
0.03006953747253949,0
0.3880650655405471,0
0.3770313006610091,0
0.3456430625838985,0
0.007305661112422152,0
0.10498701716811386,0
0.026712572484391763,0
0.07577256655142897,0
0.037437600667426706,0
0.025549337201372764,0
0.05582290083540607,0
0.044704544719737276,0
0.8629663028742545,0
0.0772516252230267,0
0.01723752414724773,0
0.018627401454168236,0
0.16188052551343765,0
0.009095495948716587,0
0.1643576675115155,0
0.22567729397516878,0
0.17225881826974676,0
0.14071368962156314,0
0.49929048332635656,1
0.8155349431585509,0
0.03930313614624486,0
0.03192948736046602,0
0.2418654102787818,0
0.8185014410180868,1
0.0015029878129866796,0
0.03319251436075748,0
0.6019410237488496,0
0.05841312823661916,0
0.00938658934004282,0
0.025135235667733784,0
0.7343111989320906,1
0.014836252434195231,0
0.005065024442453504,0
0.16780737361268813,0
0.4084991674265891,0
0.2296446896530653,0
0.5367687851271286,0
0.26814719171647833,0
0.0015608169238529846,0
0.07619083518487511,0
0.06412046935933575,0
0.007228817526919598,0
0.02897990209817554,0
0.3654200601522897,0
0.36113478475923005,0
0.12284309221992043,0
0.02302608432209768,0
0.2649423876503287,1
0.4550605680389508,0
0.0501530113605695,0
0.6436898594774756,1
0.0017633273366847216,0
0.5101276863396688,0
0.06020472027613197,0
0.02944768547115546,0
0.36233769345049793,0
0.041056546921118,0
0.05258126571217149,0
0.020020512524538594,0
0.6125476645661406,1
0.11608326794316576,0
0.05022387276922335,0
0.07327905531086638,0
0.8544998121509425,1
0.008759870031065873,0
0.2793505077613924,0
0.046314883890672315,0
0.175641558485337,0
0.16145797104772674,0
0.1065466148681575,0
0.5862209747889486,1
0.3276079123659112,0
0.11014088096813765,0
0.45645133779667496,0
0.3146401068280789,1
0.07766621643047546,0
0.011777165521388251,0
0.11085682823439325,0
0.03922325414523716,0
0.1641578873455621,0
0.5228189300495767,0
0.3086896155865409,1
0.0826961849142206,0
0.005135126337278894,0
0.3118642009363728,0
0.021209115123824535,0
0.19561660222798927,0
0.2752501674558789,0
0.1256288565594956,0
0.6445155801228515,1
0.00262613625387571,0
0.4180108610281284,0
0.36605163412321906,1
0.3224096721528385,0
0.06365744467670877,0
0.9534468452188798,1
0.004728216521132568,0
0.00013074912633065773,0
0.15144143270668256,0
0.284784968600336,0
0.029852404504515578,0
0.22027262463409214,0
0.15296606330885731,0
0.010199800115681064,0
0.34317053469371733,0
0.17299833276168053,0
0.01637953202006437,0
0.07470657070812955,1
0.5127495358363958,0
0.964653316852983,1
0.0005126098227256449,0
0.7873235061935367,0
0.0399400412541206,0
0.43277640627468145,0
0.8169613869533813,0
0.24597963922682792,0
0.3594693280610578,0
0.2816459006094187,0
0.0035053834195450406,0
0.06760360069010285,0
0.607810418264856,0
0.10768330138543623,0
0.08908729245499777,0
0.1226153171118771,0
0.4695007137422091,0
0.01238889841296724,0
0.08930325490177961,0
0.8251101524558445,1
0.05614116156148956,0
0.037669063483104274,0
0.209979200221835,0
0.4132882586270441,0
0.0007018086755087819,0
0.014616095075572658,0
0.6432386781744399,0
0.2297777270718057,0
0.03979451229716659,0
0.07463593672045167,0
0.4179392567780023,0
0.858987693485921,1
0.01543247020816898,0
0.7391266002939704,0
0.0005916735617091994,0
0.5839082487399213,0
0.004568826330357881,0
0.8155239285932283,1
0.2078547313893321,0
0.019475732547934617,0
0.7161718388052458,0
0.005084426844462218,0
0.07223678189743235,0
0.04240955270791548,0
0.21777521771844532,0
0.00805461160702337,0
0.05799079811605156,0
0.11319574924361393,0
0.794585721092687,1
0.022747052444993816,0
0.17958935395657558,0
0.06764255896122019,0
0.0010875821090609668,0
0.041733406731249735,0
0.001830243851787497,0
0.11581066651316702,0
0.0656782239963703,0
0.8974638129818998,1
0.8171965706128583,0
0.4654686162944794,0
0.019481817859356158,0
0.028767800427118535,0
0.29745622799325383,0
0.6292180272154184,1
0.7541281847338294,0
0.0035943621937753445,0
0.0735457027799121,0
0.1315247490407654,0
0.13133313448260603,0
0.8186686406357975,1
0.06332118136325196,0
0.8103267880917009,1
0.1280629881088348,0
0.08061382627401152,0
0.8559700986690727,0
0.1252515752511308,0
0.06119558744149702,0
0.8676821481132849,0
0.04215665986724556,0
0.21863399118376908,0
0.885118234169697,1
0.37166378081015344,0
0.22413005466896532,1
0.010594434175520443,0
0.037643994675410686,0
0.24541078587292264,1
0.17405248874552498,0
0.1187306572508871,0
0.4646141693292336,0
0.3070369369982956,0
0.038735275540740584,0
0.36058744267925186,0
0.3713353346941914,0
0.030192487247479104,0
0.1908483423667316,0
0.09140419968001025,0
0.05846416042810725,0
0.017120079604017836,0
0.02277337547825799,0
0.10815796287979128,0
0.09257707792455296,0
0.09274465038873725,0
0.1938750389627799,0
0.052362517807515635,0
0.3832568272563667,0
0.012663656809633475,0
0.17366125138416136,0
0.00536169373680627,0
0.23138612686867874,0
0.9292268992306204,1
0.6242741239464359,0
0.05428202092221945,0
0.07895305790237019,0
0.6188361148948198,0
0.00611222118396927,0
0.17461533432447052,0
0.005446672113465534,0
0.047331821702153866,0
0.007127011209993715,0
0.44496853096208117,0
0.8518221671951177,1
0.03151385576540952,0
0.7762142005231093,0
0.02553962317921531,0
0.6744561593376103,1
0.5643534874911128,0
0.012427628709619273,0
0.000896425159615794,0
0.035514753399352166,0
0.23936683181745544,0
0.06431627740273657,0
0.009651267018274156,0
0.042953148568649714,0
0.1712613566088831,0
0.1859154668927539,0
0.16106424107874723,0
0.947770840862654,1
0.17006408383618027,0
0.011252501275910168,0
0.7224688543681711,0
0.45018059190642434,0
0.03402620901529587,0
0.028664926088771473,0
0.3789982789086936,0
0.03274767373844311,0
0.01940954570223068,0
0.1571366284399118,0
0.17369903227459685,0
0.016820047493544377,0
0.28637462949533066,0
0.04713973164110572,0
0.28325963365444407,0
0.011223007399697501,0
0.6549068770499694,0
0.03361986191360864,0
0.07337352485945574,0
0.2210603141629148,0
0.0796368845331149,0
0.3466999594814984,0
0.053387434200939596,0
0.2122909302925017,0
0.04373710991010538,0
0.5560720046512401,1
0.01764735199726831,0
0.08600928796839667,0
0.567470707166072,0
0.016021763286706736,0
0.7135132478197252,0
0.303810220277126,0
0.010006725091775926,0
0.01151592220260838,0
0.2313823860899756,0
0.007608372630509781,0
0.17913899406485914,0
0.6187391820575143,1
0.43514701343760837,1
0.8457818905120569,1
0.6049161839679149,0
0.0027803096041989304,0
0.04039735002362181,0
0.003413924434787739,0
0.016890253740230045,0
0.07579949054257677,0
0.14631855070716293,0
0.021760734944291496,0
0.04018162987167812,0
0.8797236918188278,1
0.03460251691237279,0
0.02483164753931295,0
0.21892767488767417,0
0.5839323459531193,1
0.07334802530624682,0
0.5574788022916638,0
0.8600959552382643,0
0.13943691722493537,0
0.02349438724338177,0
0.04029254723937745,0
0.1424194192076015,0
0.041487914838995006,0
0.5241231682832528,0
0.32573077793207594,0
0.0030022576217892507,0
0.5619832723908638,1
0.002355418749951247,0
0.05937910438463144,0
0.15924609923712413,0
0.19327509200887524,0
0.2532106650538196,0
0.25597978136257965,0
0.12165946784883375,0
0.0937778398525892,0
0.07913198918396978,0
0.08779944441813511,0
0.16319371549749415,0
0.0016631480590865552,0
0.2869973359214312,0
0.31198148862806285,1
0.053574913425606115,0
0.1269458448985789,0
0.6525051129786954,0
0.08570652655155252,0
0.6154518019780898,0
0.035179692613929184,0
0.001493498044684946,0
0.7830359686327961,1
0.19682493327621625,0
0.41183291727235194,0
0.9386422339954961,1
0.025278000822179746,0
0.02976651128505393,0
0.0015633640563537201,0
0.010460469289980448,0
0.4731615151653342,0
0.01001972028443512,0
0.16335285141295627,0
0.019229275466599246,0
0.025085510812647104,0
0.016011599491198236,0
0.04080522692595153,0
0.14013081813373618,0
0.0008614821498195042,0
0.11224303093668954,0
0.3507024432503632,0
0.1720380833904631,0
0.3504334061029779,0
0.04528849759836813,0
0.0015219409555847405,0
0.07507838011272501,0
0.3708670744377892,1
0.20294116990979144,0
0.010659212249653546,0
0.03937582276968941,0
0.6719656604053832,0
0.013747742467635658,0
0.1253560412394291,0
0.027215420401142578,0
0.5324769982920211,0
0.00011281537037198179,0
0.20683660695078365,0
0.14530442583417755,0
0.002261663298554207,0
0.010919087119805137,0
0.07670421268498258,0
0.11513359100294798,0
0.2838123405575467,0
0.01504471669245041,0
0.16251991105183025,0
0.08522775868203922,0
0.0375014949108007,0
0.5160840993526397,0
0.3665558120037908,0
0.16262771544703122,0
0.1792206689136652,0
0.5283431010897991,0
0.7790870103122207,1
0.07764924396874154,0
0.011140153815991915,0
0.6707596832271451,0
0.006554017261925425,0
0.29151745083057967,0
0.30485023829152463,1
0.09285561447926592,0
0.01420558391214546,0
0.03085684342286575,0
0.01720232280678036,0
0.19038960329661514,0
0.48993671265582667,0
0.47382003443202125,0
0.5259480829442587,0
0.007553163129249685,0
0.13874532242398022,0
0.44881411413431666,0
0.2741931928605349,0
0.9018114833007242,0
0.048505615485366305,0
0.13427812333658548,0
0.028900575587059267,0
0.3007033766019249,1
0.6737797925910931,0
0.7166693877672072,0
0.07301572650116235,0
0.01820096356348079,0
0.8911793089421629,0
0.6115287355247057,0
0.7321821250917082,0
0.0072875127655596455,0
0.09559272609555435,0
0.1964884227066957,0
0.46086413129812925,0
0.46768371386110197,0
0.2577658683888581,0
0.06476349707249653,0
0.1525632821291011,0
0.05008731030019873,0
0.0025408534564459193,0
0.7351103385875717,1
0.0035065061776376905,0
0.0054258528814015855,0
0.028353010652731787,0
0.0374983366868966,0
0.4347674858245365,0
0.48598516162717553,0
0.14524937498335858,0
0.1665637700474663,0
0.07762230011739053,0
0.0635310210336322,0
0.5338603311669099,1
0.08782662380361121,0
0.08856880187855372,0
0.9076145907264769,1
0.5540573380149534,0
0.025612603357298255,0
0.09373827398211426,0
0.034010101039985544,0
0.011821239537305496,0
0.06502966178158198,0
0.3164316753555128,0
0.2836949151456521,0
0.41660445783078615,0
0.031200454321959416,0
0.09351033778785171,0
0.003951085537810562,0
0.03784940873917647,0
0.3500279892294411,0
0.02636088524723333,0
0.05230443170814858,0
0.0808515465206363,0
0.49061751888661675,0
0.3844958022665659,0
0.9288463436668458,1
0.48397780127420736,0
0.38539589200088775,0
0.12860527514471037,0
0.005492426207059657,0
0.021036685760523793,0
0.3030475767703719,0
0.013587595367410029,0
0.01377227429907309,0
0.056040199033502644,0
0.15272622433139718,0
0.41651006755768116,0
0.8059665860464376,1
0.017847312258789105,0
0.14889900581558937,0
0.7210104442658836,0
0.00928964956034391,0
0.03932412367004898,0
0.041507713786408565,0
0.21557985028070195,0
0.04166864712404113,0
0.03267406685081896,0
0.1864590894380431,0
0.23391417910210546,1
0.2590309766622684,0
0.554197266387022,0
0.043063971743062424,0
0.10160120859569194,0
0.2761779189101583,0
0.10037965570453124,0
0.12496573302795891,0
0.04030552680936484,0
0.3340512463324088,0
0.3461285789170095,0
0.045765645500930215,0
0.0024186797124190547,0
0.6099492801206927,0
0.005566710083193928,0
0.004213940299125286,0
0.7472916018980156,1
0.5245103161072212,0
0.6311136017830266,1
0.09685608130323836,0
0.019085368981128073,0
0.06824912153988308,0
0.4513935437693746,0
0.34877673919295704,0
0.08517465785847353,0
0.6316836061091315,1
0.7835179711355411,1
0.031330221243569774,0
0.01664661464742873,0
0.07365143164139527,0
0.018546094503640923,0
0.7274988863166122,1
0.49291519131148587,0
0.03565375011460277,0
0.15645485336648995,0
0.26577025134746096,1
0.7347539885086595,0
0.5384267441027331,0
0.5249392649616694,0
0.030626860789204922,0
0.020839167572754808,0
0.012728374661278673,0
0.05977071998361122,0
0.1355502694535793,0
0.03324284883990369,0
0.026347890411825618,0
0.070065223152063,0
0.055642215882767264,0
0.02355242796950015,0
0.10341607078142058,0
0.06719017704420836,0
0.034420700884601675,0
0.26199149869287147,0
0.16308757886633155,0
0.020110628102710627,0
0.5871822097292019,1
0.029223249100222084,0
0.7078173611453624,1
0.029760259387899734,0
0.3528670276990618,0
0.001484784261908434,0
0.0838778874754803,0
0.7548929123023362,1
0.7954749660951248,1
0.005312268366171214,0
0.3895278599656957,1
0.5199720245238377,0
0.0221950134906528,0
0.0916613223494778,0
0.10462616609913568,0
0.04535689176078803,0
0.7067756443036196,0
0.2328087010082496,0
0.3423516224083011,1
0.0286433438395004,0
0.07701118119006894,0
0.4326640753814262,0
0.009326553493915448,0
0.39072219013110954,1
0.24648581494959904,1
0.12151421393905312,0
0.6045640313103048,1
0.4353988559126123,0
0.00913916891577765,0
0.020048052950957733,0
0.36145742123435354,0
0.0546997956112979,0
0.10441394425660207,0
0.010762321333064054,0
0.21683568041045578,0
0.28109735138604003,0
0.11185960217299148,0
0.20078344378705734,1
0.10120481690868367,0
0.6445190649998694,0
0.4853984655093877,0
0.37686601342472037,0
0.8307543646893144,0
0.1026684426283887,0
0.032784436721885094,0
0.0038370383979635814,0
0.005303231424063925,0
0.37770479500545173,0
0.00991998726467609,0
0.0022881132099823623,0
0.016664845032757183,0
0.9098397749488092,1
0.3268963376596318,0
0.06146137706628483,0
0.10813031644772785,0
0.6625224916151219,1
0.42721151527443973,0
0.011302202560370365,0
0.8541638799381098,0
0.4641690719501499,0
0.03040464541004886,0
0.05902214941003261,0
0.23120486634727988,0
0.017645572864486245,0
0.10644602841764743,0
0.11791151850494296,0
0.5702388874698073,0
0.6074905794245181,0
0.14728715782499782,0
0.1621655492334023,0
0.022722862121309893,0
0.07321810826160371,0
0.8157054153781546,0
0.102000073084873,0
0.1369444449445652,0
0.01556438300079905,0
0.8441001555945011,1
0.5969941434889164,1
0.1651595908864599,0
0.22558895698208917,0
0.4189362431294239,0
0.03741977147168904,0
0.0028068311700732637,0
0.0001645722603494448,0
0.005755563988520922,0
0.0726884502146888,0
0.39024369324961156,0
0.7829576875448354,1
0.03317153690145135,0
0.0003815917251775681,0
0.047992600883717734,0
0.41941834676694856,0
0.4023795476948181,0
0.21412901293452394,0
0.24499129803806083,0
0.0972036499601333,0
0.003976631070673653,0
0.061522506264154085,0
0.10980372374496994,0
0.20653038489959788,0
0.1532765152851605,0
0.001329512847710185,0
0.34068941761221394,1
0.24688108032818062,0
0.18761371550211392,0
0.019780963192286134,0
0.5718400036958825,0
0.29663371968126295,0
0.7655985448040629,1
0.21649480285486497,0
0.2800139812478219,0
0.39791469861385126,0
0.19645203081149346,0
0.6210499100177123,0
0.031526091061012375,0
0.017287484190793907,0
0.022591031630446505,0
0.11141128973533236,0
0.4776804839646111,0
0.0353759098755409,0
0.512494350269697,0
0.44695316392664985,0
0.0639104687613073,0
0.07912523087851936,0
0.027008952720798556,0
0.09964198128146767,0
0.16369494552945565,0
0.8722331945347096,1
0.044478242940785936,0
0.33076241444466525,0
0.15944187560341802,0
0.7247635116933878,1
0.7378579731724247,0
0.21430098636327571,0
0.5627478792674162,1
0.3735971137567529,0
0.046401155931630994,0
0.14126139544418342,0
0.9003157151196554,1
0.1077196791998742,0
0.3201937584243451,0
0.03162794524389421,0
0.023375836906038262,0
0.10598311776837915,0
0.17165963251033756,0
0.5904663078671875,1
0.0025817178658804982,0
0.26847105554280776,0
0.3372622981834597,0
0.5364978891005896,0
0.38743700776962975,1
0.4096221442204534,0
0.9333933214628014,0
0.01696144359875203,0
0.5708022013672649,0
0.8659442696513148,1
0.30451208221312187,0
0.0854913171609056,0
0.07549961366841067,0
0.018827761038954286,0
0.011558969946243386,0
0.1138990310422459,0
0.01244340909301678,0
0.0010140398388827408,0
0.05366325505503771,0
0.030237835645994277,0
0.029480066264405157,0
0.5000145750315838,1
0.8345992574741453,1
0.25180794492415826,0
0.13194403921803868,0
0.06219531779768378,0
0.23321454379835752,0
0.050217754873528364,0
0.46902925924611594,0
0.017591143142250548,0
0.22693124653675883,0
0.5804998668579048,1
0.14420959783052834,0
0.29554592222725773,0
0.004782595908012898,0
0.1604068675244596,0
0.8119015654755455,0
0.15735327540718722,0
8.532371940157182e-05,0
0.08578579804766256,0
0.44211848773991697,0
0.2297471264934666,0
0.02090340012612127,0
0.05431527624352375,0
0.5222932518111152,0
0.0651492112358168,0
0.13795306525788684,0
0.00715152331594568,0
0.8552850463542845,0
0.09599915263726826,0
0.015423771460572156,0
0.8485060677048789,0
0.04187895929157656,0
0.4029327738892647,0
0.20833221781508693,0
0.10111043868801928,0
0.4108232991161745,0
0.33084087213055596,1
0.24443434718265586,0
0.9025617180765695,1
0.8056645222682821,1
0.012946490805663319,0
0.4956548271878174,0
0.0664635934069756,0
0.004280095620019029,0
0.00859783596086371,0
0.23620930386855224,0
0.09719223987088126,0
0.9369789691349852,0
0.008705047037763295,0
0.6089680178063249,0
0.015199349278382637,0
0.12608775949051101,0
0.0015418799934874365,0
0.15009065319715217,1
0.015020516880535907,0
0.11312378621999666,0
0.17033568751236505,0
0.08478707133373024,0
0.2954620019760299,0
0.6115033874271582,0
0.21084746415546377,0
0.08998080376146537,0
0.05056031871216669,0
0.026573492174389365,0
0.02944266700637867,0
0.5109549784657567,0
0.023808934265907737,0
0.04877995364203878,0
0.023457681204788815,0
0.020206586696035176,0
0.07036752703618974,0
0.28326296383073835,0
0.7751740321162929,0
0.14876540408062186,0
0.01701814111526693,0
0.07091458918037591,0
0.07944254260640272,0
0.1163222495131717,0
0.8198462284309124,1
0.9709252840064246,1
0.5415807516005662,0
0.026224496598687686,0
0.5394636700832118,0
0.18169496164580926,0
0.9088802419972921,0
0.0060626217525628565,0
0.3570812469621734,1
0.025676150261304105,0
0.03967035009426024,0
0.5697482330745796,0
0.07023266493873838,0
0.3854689450856845,0
0.3263600560271405,0
0.06442854661677574,0
0.13145037938258938,0
0.47744593125278145,0
0.7909315334021244,0
0.000588214319484644,0
0.07334226395984918,0
0.12066767290820545,0
0.04933522960252758,0
0.04904564547857527,0
0.02978497759727451,0
0.9434168463547066,1
0.9255488109180414,1
0.05237461912981535,0
0.39848273519266186,0
0.006039446616956513,0
0.004015218366424624,0
0.0184184192711097,0
0.004604792299681685,0
0.02434293589818974,0
0.21432896244965344,0
0.023156885725737975,0
0.00803597537803258,0
0.6499803862985496,0
0.0725239400600828,0
0.03217498228259417,0
0.016828204568979835,0
0.5238666434259389,1
0.005805587110161129,0
0.006477762983359053,0
0.2511902692374847,0
0.07243912071675904,0
0.013759468885739475,0
0.6050682555090462,1
0.008599166404192185,0
0.24781913568255826,0
0.06496691558351674,0
0.455142560619208,0
0.0023009857676753176,0
0.02043311211374082,0
0.13825295618466837,0
0.7232090976519832,0
0.015275434210918202,0
0.0433041686501888,0
0.40482756169485046,0
0.30184857073227916,0
0.19085068236248226,0
0.0038448725311052076,0
0.1387251572707326,0
0.22389310519299624,0
0.03814665313005096,0
0.008061650335399078,0
0.08774325686235938,0
0.01331052199115066,0
0.15701497318980712,0
0.15558013177149987,0
0.08913564420774193,0
0.11600098292846925,0
0.0029839988210501934,0
0.0640299255670083,0
0.01196791653217677,0
0.0132952138682652,0
0.03282536804529506,0
0.062455039843147174,0
0.21002153278349814,0
0.016300636041554697,0
0.7238764219796018,1
0.15100464615669204,0
0.12978965301706105,0
0.3305674164082949,0
0.30193111636521996,0
0.96908234355531,1
0.4209933409109322,0
0.22097892363641378,0
0.00251447732440486,0
0.047262906133795884,0
0.32710728541292655,0
0.18418266761043278,0
0.5443247940874079,0
0.2842531638296617,0
0.4684842429873995,0
0.6508810871993775,0
0.35799967597831217,1
0.06572019309750507,0
0.7563038395972322,1
0.05367387484017108,0
0.7738678638811768,0
0.7727439954317117,1
0.15146340899740848,0
0.026107677372794007,0
0.2929523994799479,1
0.062418047681303504,0
0.014644374637014863,0
0.6048559639787185,0
0.14408539931038902,0
0.33960498462319544,0
0.00020013645820373983,0
0.0009241282213514093,0
0.6696097778357639,0
0.033706658608608,0
0.03951428243910709,0
0.07252862702213164,0
0.7382566168014497,0
0.0008607052725240309,0
0.0040140057254228565,0
0.8757456733742688,1
0.03881142838422206,0
0.0021775591315030215,0
0.006686696798677268,0
0.07112391595916681,0
0.11642051604764915,0
0.003568309346823624,0
0.004817777798702233,0
0.18124790326440846,0
0.0903393275036055,0
0.07380780543457642,0
0.09263875763416823,0
0.056982874969647414,0
0.14453871837244134,0
0.5287782086124445,0
0.01700528640767034,0
0.19447038530085037,0
0.16668847009753074,0
0.03748822184919134,0
0.1172666126018952,0
0.01661735466227053,0
0.03024414489018871,0
0.1692929905966516,0
0.0024730294199586987,0
0.014739031948996865,0
0.7680702856199348,1
0.0014644991886112646,0
0.4987340319989195,0
0.07545739336281335,0
0.3596916788336771,0
0.32110848321789587,0
0.18130047130776802,0
0.1262644431391107,0
0.5395976727550725,0
0.02147730382110129,0
0.08195055329911938,0
0.006663945839678189,0
0.5248422408117706,0
0.13294941250941553,0
0.06169293215293325,0
0.02418636447609255,0
0.9362153790486071,1
0.042820314301124464,0
0.017683294239793545,0
0.10578706985674205,0
0.6983174084502984,0
0.23297489576077052,1
0.000670383734847067,0
0.06150061972141164,0
0.027840249254007163,1
0.013193463638510998,0
0.7482078056077884,1
0.02408596054809561,0
0.03418090278734292,0
0.33042173163409294,0
0.010406349480641128,0
0.1430221303440669,0
0.5025139369109997,0
0.025017047075635606,0
0.15709886457978778,0
0.046000703051641514,0
0.07134574658422899,0
0.3391768037468117,0
0.8575173349930695,0
0.0050770182545737605,0
0.6575401780589236,0
0.008173643972097258,0
0.1325296251692147,1
0.03185936543384563,0
0.037149836648800255,0
0.1654878052116552,0
0.17819966032795692,0
0.04778678211367095,0
0.09817677354211339,0
0.06853828356895518,0
0.24210169298502163,0
0.142991210789906,0
0.1459009403231484,0
0.3723566155086976,0
0.02055989006274521,0
0.5718438931612865,0
0.11813547953774334,0
0.013402648057964069,0
0.20427466633860908,0
0.017194346751502197,0
0.8481286871777275,0
0.1593534559479641,0
0.3082760241987658,0
0.02869080514670997,0
0.0016818067582904284,0
0.05974991839148421,0
0.004006673181904218,0
0.014230879296698348,0
0.10887428054818804,0
0.47798008314821266,0
0.040872066250374074,0
0.015924337774677808,0
0.5496306078593198,0
0.06920881367895093,0
0.06002100168732679,0
0.24808854984737197,0
0.0008790453879412911,0
0.06261589720317678,0
0.7537456143687259,1
0.019312209203019882,0
0.2939171885640406,1
0.021567878569001327,0
0.0495959704557503,0
0.005590591192354656,0
0.018518462647531438,0
0.6203146418352005,0
0.09972741722506132,0
0.017513685541013693,0
0.5171798144820804,0
0.0386449935311996,0
0.02147727378429587,0
0.1395445831067654,0
0.2925599309381891,0
0.2959244364062078,0
0.9253097841645552,0
0.04747936683107567,0
0.7112031965874949,0
0.3882567844605629,0
0.9123342365469836,1
0.0005751310729171829,0
0.4005452769921391,0
0.014234241673733224,0
0.10117683246834082,0
0.515415908960495,0
0.11213085340986931,0
0.05304252314850483,0
0.004564101865912946,0
0.8712051066763322,0
0.050867397681818326,0
0.22240857689766844,0
0.018852349253205662,0
0.22427155004567903,0
0.3721449605426112,0
0.02997588781739252,0
0.11542950644966682,0
0.0030638211809957735,0
0.14579780347711657,0
0.5958683012114646,0
0.08009716201693401,0
0.002275013268455468,0
0.03647277357680697,0
0.1634525044515332,0
0.3219685949523767,0
0.2014197058124431,0
0.030322628444410762,0
0.10564384190366884,0
0.058696737484435206,0
0.19640473282923795,0
0.8801664901079892,1
0.009041809985730696,0
0.5461680274228069,1
0.0017992544377492933,0
0.037171777748230245,0
0.47073932264847423,0
0.43638773071549397,0
0.13228471893014765,0
0.18220825163803023,0
0.29231831822672943,0
0.9075584996710687,1
0.12010966904366924,0
0.054538769256897025,0
0.0711207448829514,0
0.0209395714088546,0
0.3454837137512597,0
0.12082865800240966,0
0.30264914016368494,0
0.14220641088018693,1
0.11091405564798273,0
0.3857196363556314,0
0.46120751807631927,0
0.07169859311351531,0
0.16508188551595118,0
0.07054791005052452,0
0.017566992452701484,0
0.15960216261369972,0
0.04036693540670264,0
0.7229803816578784,1
0.02415540120560229,0
0.0410973044788461,0
0.08378030805441689,0
0.007719237398380092,0
0.1800544944475651,0
0.033728835740000615,0
0.4699363945364537,0
0.0749360804569377,0
0.047552812728337904,0
0.00043618371026429246,0
0.007352147757648376,0
0.011620452402360556,0
0.053787421751526836,0
0.04627122705069734,0
0.0660190731810419,0
0.06718987848066581,0
0.672709877346964,0
0.033806272595408804,0
0.17000167732248417,0
0.3454336464532936,0
0.058747834908547986,0
0.002024929770099178,0
0.7967898335848047,1
0.014876939040328564,0
0.8392121961514302,1
0.606717247379701,0
0.16681161976039,0
0.2588228210484584,0
0.38733724008665804,0
0.4659063029556532,0
0.3236675308919591,0
0.03509231238515481,0
0.23898311251707782,0
0.01398254908260114,0
0.026320148019490588,0
0.07694953239739626,1
0.062370980457211,0
0.5932916269975219,0
0.7058035706415352,0
0.0700362029922308,0
0.12332929625454457,0
0.28380426644961226,0
0.004206195668376689,0
0.6910187910971056,0
0.21633867969699344,0
0.002340709763775414,0
0.013183470131825819,0
0.8745079164753958,0
0.023915632692912712,0
0.027293818746246944,0
0.002207701232674743,0
0.029933734245845563,0
0.0044582587501829475,0
0.02256507212604968,0
0.844475824277983,1
0.0015025048552702823,0
0.5175662108410749,1
0.920926762371823,1
0.08770789436910062,0
0.37395901968899337,0
0.03772176248230827,0
0.7530919070910109,0
0.0665384316939423,0
0.15696170246544255,0
0.20407580005147324,0
0.8802048513541755,1
0.018702869913764374,0
0.0068237164674988925,0
0.47201507038466867,1
0.010519547829815365,0
0.19013210445986958,0
0.3544329855746459,0
0.06357382041114919,0
0.667774213597665,1
0.006239868650137574,0
0.7805336483298498,1
0.24159295193391483,0
0.09934083657658263,0
0.08853279093038054,0
0.8426880848115892,1
0.007563001610947494,0
0.7378563620688557,0
0.02188879748281186,0
0.047063079131916236,0
0.03503856452081623,0
0.5662462531897137,0
0.3873297397605558,0
0.003869455338858697,0
0.7452303404098856,0
0.0001570040224060089,0
0.020463962777446797,0
0.014442351900908368,0
0.12601296177284815,0
0.08206818056404735,0
0.2974544461636608,0
0.012215687625185212,0
0.005025400513034223,0
0.06388168881585626,0
0.27055999464150265,0
0.2641544311013667,0
0.0021983816726004377,0
0.6292536417321188,0
0.008655663498433648,0
0.13047018326156734,0
0.07014795771607013,0
0.3538719988800699,0
0.01998905676614843,0
0.02932663496531502,0
0.5015008550442244,0
0.02941204004978711,0
0.3076256857189576,0
0.006219402606259828,0
0.030431108521878997,0
0.022615711296639467,0
0.07943059362579746,0
0.0009644976048900279,0
0.030578767817470476,0
0.17085744839925487,0
0.8099790897636742,1
0.10862766283577581,0
0.2697245109378808,0
0.05417242967193475,0
0.016694476945539327,0
0.6561521278216567,0
0.025431041389570957,0
0.1436319934164943,0
0.8623406986489308,1
0.8564745855283393,1
0.0022252291725700637,0
0.07035965947080544,0
0.016736939811347166,0
0.0038607677908975555,0
0.15458061042343804,0
0.023571153254018595,0
0.028767209989452106,0
0.10605101876281305,0
0.07896968213498565,0
0.08297399690085053,0
0.06109106385958549,0
0.6159306201733259,0
0.8480715409618823,1
0.04912590318040571,0
0.0018208129585354342,0
0.787515458942137,1
0.16108691110786538,0
0.35100422443073004,0
0.8412039137990969,1
0.11274864165256623,0
0.16978525247085663,0
0.05809054416765705,0
0.6058656365457136,0
0.4224071552840726,0
0.22880188561646325,0
0.12441700202893903,0
0.2539108696045445,0
0.08159072774640035,0
0.060785668487608434,0
0.17123654615943654,0
0.9034443772711295,1
0.05898039363826464,0
0.13095088772266641,0
0.03811429722326724,0
0.6143736809453063,1
0.03243808189689595,0
0.4912000183431134,0
0.026926559867987265,0
0.015074117302813233,0
0.05172694072415862,0
0.13300938610592847,0
0.21863358249556097,0
0.004369255530894283,0
0.007530886347898104,0
0.15647816530416042,0
0.4647460760088697,0
0.018582648657196235,0
0.12116075789397564,0
0.4243343323143739,0
0.037117000629707374,0
0.1282610826738359,0
0.34013804314957224,0
0.03235170955009956,0
0.021427191279783656,0
0.01902884325054607,0
0.7230784876855393,0
0.044520511707778224,0
0.021448335866406213,0
0.15030130728052865,0
0.014559074950028348,0
0.34213353712860706,0
0.08618782615898245,0
0.13186313024327329,0
0.05506558561438204,0
0.07588892774266837,0
0.022537559030791368,0
0.79720327602654,0
0.09334078875743278,0
0.22818042129667374,0
0.012274369785750453,0
0.1618416676721426,0
0.02644177370680381,0
0.014977650314645697,0
0.24524213249472776,0
0.19064881344307869,0
0.026138877238518047,0
0.0031532859893212105,0
0.2880747305095344,0
0.01054482013808804,0
0.07380343721183465,0
0.07789060897145102,0
0.22791914612595898,0
0.31183618990634865,1
0.04156489650652782,0
0.1816748441174831,0
0.18704401105361765,0
0.05665175329172274,0
0.03439922475032809,0
0.3947824617599241,0
0.04496316314912998,0
0.030376775745991853,0
0.04094174930586946,0
0.06758073072524032,0
0.8603720894349236,1
0.1385762472720798,0
0.00951259192020334,0
0.04145856238229354,0
0.025055942916696005,0
0.08002569118958984,0
0.05490447683490865,0
0.7432122806143386,1
0.5562197596788582,0
0.6439748177108612,1
0.013924797948484375,0
0.32079914152153255,0
0.0005710551402221062,0
0.251121919089394,0
0.43514084745504267,0
0.11275015754941092,0
0.053565391121234505,0
0.045530661562180795,0
0.1553784358493906,0
0.0037218695645125327,0
0.9508783848627217,1
0.012464524033332714,0
0.7655854099157627,1
0.07679733917218808,0
0.2669351820956652,0
0.28348054221503993,0
0.9346684185087429,1
0.10912182010424208,0
0.27613212248607316,0
0.1253370173962829,0
0.012092585011681553,0
0.003970041807682991,0
0.41374617141694603,0
0.01735355911883882,0
0.07015987628964096,0
0.011685484156600688,0
0.259042986872999,0
0.009746728912225906,0
0.8773123732472702,1
0.4376284058760054,0
0.008162995671436708,0
0.07669848935881543,0
0.1840264418905459,0
0.13537222098531723,0
0.04844326541805709,0
0.00618280004243263,0
0.7691370207366118,1
0.06230257600811619,0
0.6783598313310663,0
0.11992526086194813,0
0.4313215978387142,1
0.5018041118178218,0
0.06420755329703932,0
0.14410606142769394,0
0.6622394067545506,0
0.002326500389621886,0
0.1203779577395704,0
0.12362988925575986,0
0.5800885769278629,0
0.13792995134019773,0
0.6568439088530458,0
0.6372525812052214,1
0.12342271410289686,0
0.02134757551519646,0
0.26691728263476994,0
0.058754362327970606,0
0.10870825992514895,0
0.16374040190941114,0
0.13415576957782366,0
0.015259041016800817,0
0.23925276323791908,0
0.0027241007390802338,0
0.4464770010973627,0
0.19201640775316353,0
0.2977359608633608,1
0.013180155035547023,0
0.13910012997353652,0
0.04000813765720695,0
0.17812773222525838,0
0.0036424411592881445,0
0.011468859795847683,0
0.0372388863173965,0
0.5126163440316973,0
0.21486744240326688,0
0.5152589637086467,1
0.44846701434656944,1
0.16115190784446282,0
0.008923690178419347,0
0.11964034383018426,0
0.01156761836118158,0
0.18354411226343145,0
0.055910110121501384,0
0.042599294581038914,0
0.011820641155379381,0
0.082428622610793,0
0.06827648689656879,0
0.29118476932794846,0
0.3153622159894994,0
0.06160872879395344,0
0.008404709873630662,0
0.03252954401282382,0
0.12222907728835211,0
0.09793509841005024,0
0.9360925871607706,1
0.8889674314383806,0
0.013183229384389596,0
0.03141388377278211,0
0.5463949367766573,0
0.7259544611110903,1
0.04054859207525998,0
0.05407268268440961,0
0.8745173245914567,0
0.003063690588855788,0
0.1744598594520922,0
0.1368190043280598,0
0.16110642540392206,0
0.5345392000385079,0
0.00904739306222931,0
0.013972016563137788,0
0.0059830122857565116,0
0.34068719069118186,0
0.23826313340232913,0
0.3232645323471623,0
0.044688895237712266,0
0.19403998292267843,0
0.8933935535122645,1
0.003302543235302584,0
0.40442778889997494,0
0.11251906904471622,0
0.07529492093739582,0
0.9169124213078175,0
0.561152024042317,0
0.5232603568082016,0
0.11924171346122886,0
0.10607913596510961,0
0.0028179462654776746,0
0.28644812660144414,0
0.008032531335505735,0
0.10591335698058765,0
0.14181190338712188,0
0.6135730751248691,0
0.07601184077041709,0
0.5437958203355634,0
0.3068650866765092,0
0.29123055492663286,0
0.30498267949420166,0
0.22849747344282603,0
0.02407270215657692,0
0.024004809116771577,0
0.028429424906795942,0
0.11412193502270988,0
0.23895896478438067,0
0.35176921393658744,0
0.01626138437017612,0
0.15734721993337122,0
0.1828176637445891,0
0.0859470629918978,0
0.050006117139399224,0
0.004124879449540024,0
0.06363479931657816,0
0.03194486375732584,0
0.003524287255344401,0
0.1930976432794944,0
0.009481272121354412,0
0.7763406394805858,1
0.045741353186379535,0
0.006128959316207439,0
0.01593078851311336,0
0.013986089831176664,0
0.009036691968222049,0
0.031029786241449434,0
0.008743944799861427,0
0.08710564531284612,0
0.04307827458857238,0
0.01413838392784208,0
0.38791734929218846,0
0.009791338487097455,0
0.033366300267520604,0
0.6941011453310382,1
0.08514478264898209,0
0.15799717924870196,0
0.10332200407081656,0
0.1483195638036957,0
0.06525485023958158,0
0.009786028887448478,0
0.22875469629268522,0
0.008510106455207013,0
0.07265786620603111,0
0.08105775251264642,0
0.13971734082092863,0
0.021210314696450745,0
0.648737179390454,0
0.011136655907451892,0
0.21259149853385617,0
0.0031815190060114655,0
0.008227732010677702,0
0.4502042795511582,0
0.08742913264266314,0
0.1462974007133781,0
0.0062650673344309534,0
0.082147781531688,0
0.03603987466414782,0
0.6984759937722993,0
0.09784639469659019,0
0.18211574651532433,0
0.06479002582823896,0
0.003249156308789033,0
0.03125544674985886,0
0.028498231712369915,0
0.8704626433208886,1
0.02649782578996762,0
0.01281053467003976,0
0.1207501640622295,0
0.9251043436271016,1
0.10038896275107594,0
0.7578076349841406,0
0.1101294649722253,0
0.04289971617161562,0
0.013243783081330163,0
0.005557081830304519,0
0.18191906854201975,0
0.4686999500087517,0
0.14428370347775818,0
0.018137977567726008,0
0.03622418345119379,0
0.3786374642649696,0
0.1174443990806966,0
0.04810196324412834,0
0.05610684567383224,0
0.7967230867500155,1
0.09869762710130216,0
0.7715954176108509,1
0.017854521885804896,0
0.055141886157953346,0
0.12335993689227921,0
0.8724225705723264,1
0.0282155192257147,0
0.2761420892165227,0
0.08395987109587545,0
0.6409547308618708,0
0.017216736852842206,0
0.11827868729553236,0
0.25533678187852504,0
0.15528708686657847,0
0.005412986244560206,0
0.10258316550468548,0
0.2660708440042878,0
0.17930658852977574,0
0.006882339846166786,0
0.8299572040052944,1
0.14088293316771275,0
0.02720427025444917,0
0.19821848830569727,0
0.7133219969052993,0
0.5437445343523032,0
0.5529016290246368,0
0.04319861808542951,0
0.0279268931607152,0
0.2732103917736097,0
0.9812199160738416,1
0.09794796946057448,0
0.08652002354868332,0
0.404930910303329,0
0.5458523620649762,0
0.032040998144005364,0
0.12480324073729637,0
0.020286747160488484,0
0.7294095021636228,0
0.7903636519514005,0
0.030478352393977837,0
0.24432728428433217,0
0.4884173108470565,0
0.010738306801596762,0
0.08466461048257855,0
0.5894401139603924,0
0.058437565468578694,0
0.040152757944028915,0
0.008965923567458546,0
0.09144498415490128,0
0.4382649248528218,0
0.04380295805705517,0
0.02424809170096267,0
0.00835757540819772,0
0.15089923049177334,0
0.668148940341495,1
0.602557386900371,0
0.0020788013081104112,0
0.003883337591858346,0
0.013032855027952069,0
0.40981130270661764,0
0.009711317599602145,0
0.0013225185728304248,0
0.25548499111450973,0
0.10230405510128815,0
0.03412053940035751,0
0.544867456066388,0
0.4744729703178674,0
0.4895322942066603,0
0.15046326445955205,0
0.2816957379152533,0
0.07793264286885215,0
0.02478676579872952,0
0.0018251284373392242,0
0.17932633599388192,0
0.09993409878060024,0
0.19911552541897712,0
0.17309775364840746,0
0.008650900643475751,0
0.12804807172799007,0
0.24272759294519805,0
0.10589152081624514,0
0.44150596325673663,0
0.013627291390889083,0
0.10773722165208591,0
0.18928531157974457,0
0.8162368269127581,1
0.07087906946787915,0
0.24490779410358146,0
0.003955156428897367,0
0.42387002858426337,0
0.05660849803967034,0
0.19570949877020802,0
0.06582913049825041,0
0.04046165856412021,0
0.0015704549803689856,0
0.29549306300616907,0
0.03616814071692879,0
0.05320450908231812,0
0.09236046430164196,0
0.04339096825945328,0
0.4399165557275272,1
0.13246539302803179,1
0.009607267021219569,0
0.05574200700771924,0
0.011189217016732382,0
0.9412913904899926,1
0.7610824534733245,0
0.021807278689047287,0
0.4135111679331487,0
0.5910270991977121,0
0.006085827955168002,0
0.17519315194413732,0
0.0069574557651435835,0
0.04188652336979751,0
0.01014934267741287,0
0.1501578831966483,0
0.30166911936393753,0
0.0447100937483012,0
0.0637124007127668,0
0.0034593541534524343,0
0.007116770782602155,0
0.024511343031040817,0
0.14053490633930987,0
0.02469256186147998,0
0.6451972603685886,0
0.36295561601495707,0
0.036894765310154905,0
0.46549805620183715,0
0.0042944071604048475,0
0.003070771029088365,0
0.04499334176830322,0
0.6769116858507279,0
0.06256088190987628,0
0.00032106900363145695,0
0.058926816586227,0
0.04335167476602331,0
0.23990013628426168,0
0.0024639387944118,0
0.0009209831512808339,0
0.15974316734199004,0
0.48712998417171766,1
0.5935390725818684,1
0.05418280012030562,0
0.5238731904445978,0
0.020303398042422448,0
0.790599877387737,1
0.15285868590738483,0
0.6380928230910146,0
0.10452642661415386,0
0.002371691311969828,0
0.6786756143547182,0
0.6414693405090798,0
0.08538278543125365,0
0.017905321415014358,0
0.0194311099955498,0
0.15497503883525854,0
0.05006898777648997,0
0.08778313011021581,0
0.07360560561820108,0
0.026010792289303697,0
0.27341554604389934,0
0.1979064353968453,0
0.34304671797244535,0
0.02978787936087872,0
0.06686376885444596,0
0.5012209210689814,0
0.05897133412917708,0
0.6717592364883839,1
0.4422847639122498,0
0.24367040546809113,0
0.09029471099717117,0
0.03800431557492345,0
0.10265938201399136,0
0.015020871125308513,0
0.0003046252892668792,0
0.4853739760446136,0
0.41073554702586956,0
0.003972756833825367,0
0.0989457552840106,0
0.030854717718544398,0
0.003989010026795014,0
0.42580193825153806,0
0.6190135661682603,0
0.7387934574005408,1
0.07220141116789483,0
0.008517372091577968,0
0.019745952136410054,0
0.5772012187147776,1
0.011949638379661238,0
0.03265893714263741,0
0.9141903899512321,1
0.013037402322893092,0
0.3836603711569418,0
0.29703622291027426,0
0.3092113151992973,0
0.08905847098112006,0
0.19769918142842757,0
0.1902241600926935,0
0.6604316525982985,0
0.5232289795994376,1
0.2787378215222688,0
0.5575189335970435,1
0.03910116355422844,0
0.019265544775232953,0
0.004900956849833415,0
0.019061513799446726,0
0.016144023892055125,0
0.07668901847462122,0
0.0347155288526907,0
0.0036605353315963744,0
0.2998988409534395,1
0.1692080136417228,0
0.691861983955974,0
0.7127974139810707,0
0.004742495063994036,0
0.6478999665088252,0
0.5014175913446086,0
0.32436091731246874,0
0.039386888282984936,0
0.0020949538476359862,0
0.8106320900462227,0
0.03434536695496781,0
0.8372742189913108,1
0.1819470141652309,0
0.005407331528164708,0
0.7251344708546836,0
0.03693958232289366,0
0.012152150404598154,0
0.07180617779421036,0
0.17416865031033582,0
0.002720001982643138,0
0.16222341577164548,0
0.10194654072470286,0
0.11083051673854209,0
0.06112120427778636,0
0.044341450275801254,0
0.28887486655648614,0
0.8061045393329719,0
0.18750876582969675,0
0.48298564599746924,0
0.10302780801417144,0
0.09945211945335056,0
0.6478403128028809,0
0.7963212557329693,0
0.07084194356960985,0
0.13617573886325476,0
0.5956271564474126,0
0.05508489683214208,0
0.017016898089138907,0
0.07312420949584994,0
0.12603712171275483,0
0.22051176871450828,0
0.32789706512603306,0
0.4513990764052137,0
0.2096615942544741,0
0.20763852773541341,0
0.023858849944217383,0
0.543888160289865,0
0.7116585179628937,0
0.05635492523548373,0
0.0016009801284410814,0
0.0035809133919663194,0
0.04309340709077792,0
0.008273565431940163,0
0.08661777548063325,0
0.006234965474800669,0
0.12240338546167737,0
0.11962097868943103,0
0.05024564200470268,0
0.08813967100222149,0
0.01720276648942035,0
0.4758190417790503,1
0.0038687302971048827,0
0.5825750688327079,1
0.009161111981261766,0
0.050240721897086504,0
0.18534506822572155,0
0.054899846193274655,0
0.019071725097778224,0
0.025841111396673163,0
0.025901284095791725,0
0.030031489858604786,0
0.28396775506287336,0
0.07581746315715032,0
0.007837729573403675,0
0.20476093230833217,1
0.09026772096730382,0
0.6413313675080881,0
0.2555520616538622,0
0.13737184384870735,1
0.06754914534621541,0
0.011052907313845525,0
0.4248229453929071,0
0.12833037387173282,0
0.007936053681183707,0
0.11747217662675315,0
0.02005341492627698,0
0.5359644435333878,0
0.06815298787167977,0
0.09752092603140408,0
0.13282143907272034,0
0.1742096025204262,0
0.11084884114964488,0
0.3313792628330629,1
0.00437686501570366,0
0.40772932092123876,0
0.8132658089942336,1
0.15287569007576865,0
0.8271191171698999,1
0.7396873656577447,1
0.06829059267879883,0
0.051756384570974416,0
0.8757684316853466,0
0.11080512627907642,0
0.708946833262426,0
0.0017506118697671724,0
0.0521227692489062,0
0.01261697359858666,0
0.16345296465995376,0
0.06441579362632065,0
0.040389230017243864,0
0.41420052653526246,0
0.08935313188164257,0
0.003738623832947188,0
0.45775519888686356,0
0.8911896374699911,0
0.08719869816487519,0
0.011732000518680815,0
0.0035886429395679867,0
0.07404787251889663,0
0.3716082292768023,0
0.11072856904165577,0
0.1510890018471678,0
0.4071082103282678,0
0.06804422259732094,0
0.41564605337061167,0
0.31560155059894,0
0.11228751419081288,0
0.41279054307467544,0
0.03542800332197273,0
0.3124260653761657,0
0.5375195336893186,0
0.1038377783731055,0
0.6623957151929729,1
0.3123854937124796,0
0.20172108379061876,0
0.38393089097455574,0
0.24515873255247306,0
0.33199524377538137,0
0.041537384480637034,0
0.5749503084210937,0
0.14761535272434873,0
0.01327255975034728,0
0.018069834746030553,0
0.32673553883447687,0
0.02301302941070391,0
0.02744486842975556,0
0.031070813026897785,0
0.19528681182708843,0
0.10503220636503612,0
0.3910260294554115,0
0.5040758230075993,0
0.06327248509998566,0
0.41388849868378413,0
0.10451983186793953,0
0.6687465820177041,0
0.16059300636028426,0
0.0031393089338890446,0
0.03419583264521278,0
0.004431178731086452,0
0.7558718040537132,0
0.002359091460740488,0
0.016113374295704898,0
0.022564610270258315,0
0.02745845292987468,0
0.14008563019165046,0
0.5823719969786287,0
0.09649979952985036,0
0.08359396623214915,0
0.35748725873572607,0
0.006281625876133615,0
0.4316501286508104,0
0.9622273434667334,0
0.17713332595048822,0
0.6627391511679613,0
0.4113114747973832,0
0.0048788193343609915,0
0.026312240259215133,0
0.5166916813705476,0
0.040242619327926485,0
0.016983039021638117,0
0.016236512550094496,0
0.7838598918001903,1
0.37820754409005075,0
0.09649115062018883,0
0.013102244600804037,0
0.005099131846111065,0
0.6170032869659327,1
0.08706657936998524,0
0.05817879493561163,0
0.03648727634824828,0
0.7161824628978904,0
0.07161705471924962,0
0.1683639989141613,0
0.04340170839363734,0
0.41635704900327125,0
0.8444859314087639,1
0.011939579063044579,0
0.24156938509333012,0
0.026753703835207445,0
0.015540312094530254,0
0.1590111708380465,0
0.013388962331526639,0
0.027020705176714576,0
0.09432081695442104,0
0.019805745365667357,0
0.06586185530446541,0
0.21360370586515992,0
0.030052949404388567,0
0.013135588494255135,0
0.0020157591975779633,0
0.20698491634946786,1
0.0527765134462761,0
0.008434460933462253,0
0.17090232486940984,0
0.13538747691678552,0
0.05508876715939278,0
0.006280786967453003,0
0.21212776143632592,0
0.16118942581652984,0
0.03503411631789892,0
0.23455645555172508,0
0.016594753110285954,0
0.005603646159166702,0
0.048034599315926574,0
0.19132948388634508,0
0.3698850437925063,0
0.4266616930086786,0
0.01221553863468702,0
0.04894358492383881,0
0.18677949418528983,0
0.12415189592552356,0
0.055553644833290096,0
0.04663281063326559,0
0.4827711285789214,0
0.8044483855437176,0
0.13572195592888223,0
0.003209622428025031,0
0.547533958265095,0
0.8114057940426653,1
0.5488935441714119,0
0.051632829128655536,0
0.1449251888611494,0
0.03391368636176622,0
0.7806767752169315,0
0.20062916875294992,0
0.0787890164406692,0
0.05804359085652898,0
0.20290588261922587,0
0.05470902662660421,0
0.02535439254058621,0
0.35633795176177807,0
0.8661565534986227,1
0.13405817718256688,0
0.12447046878699221,0
0.48737102990799985,0
0.29872394582697576,0
0.015771245271478614,0
0.1945586524981883,0
0.4864252531798526,0
0.02272062337930704,0
0.1150735157353441,0
0.06435471331610348,0
0.014233821521151428,0
0.35223896416235334,0
0.6714556274124495,0
0.3777931877637073,0
0.032513594287495624,0
0.06668073727130688,0
0.3939849633049979,0
0.0278568364150385,0
0.009172868872669451,0
0.3260357466007626,1
0.13571019349324553,0
0.13635959685364693,0
0.037228267734195575,0
0.00044412019496139316,0
0.014219320158439663,0
0.018605322108582997,0
0.08144372855528498,0
0.18955277766296974,0
0.2539020469245955,0
0.21858617634582522,0
0.5819764344313804,1
0.591154046741118,0
0.0170726237866387,0
0.0013966570128269651,0
0.06269177705005277,0
0.0560028435097912,0
0.6191621645375538,1
0.002782591122756512,0
0.07018707818502012,0
0.1559423918247349,0
0.003911490388729517,0
0.007411127426930349,0
0.11516440664413453,0
0.0937341893077155,0
0.02987817801381027,0
0.5042606439147762,0
0.18698222537924314,0
0.0460088691518791,0
0.25081474326000774,0
0.03205924728495846,0
0.12037308760197163,0
0.021923787633164302,0
0.019520083494188784,0
0.0008549647114711518,0
0.10356722706143436,0
0.00964967310919072,0
0.26959240090218495,0
0.002253885943055687,0
0.1629481048631495,0
0.08105018671766431,0
0.08902425712159702,0
0.3097744306761454,0
0.005558381317045996,0
0.157360774355526,1
0.8958012412686212,1
0.01054735941134144,0
0.012913154598320455,0
0.344919602577787,0
0.06834826957374371,0
0.009615321816041354,0
0.002437193468614075,0
0.8549516909439344,1
0.4330533332970072,0
0.20480914603058378,0
0.45400097241543164,0
0.04666684075353929,0
0.667685313511967,0
0.08090932355206153,0
0.02270482696676965,0
0.21132893853486473,0
0.006581413352268653,0
0.01842249263572948,0
0.08669304109253533,0
0.6969264798354753,0
0.08614477641373695,0
0.7607871538150317,0
0.5389259773021979,0
0.014803282969761014,0
0.004862465031350481,0
0.1325362158519884,0
0.038523528021794706,0
0.47204074858280093,1
0.009752939500748204,0
0.05299972465003135,0
0.7599115740348023,1
0.3674303440220221,0
0.0032829963487274304,0
0.14403720923883206,1
0.06831804936671537,0
0.45091428876894485,0
0.7118346781074244,1
0.400943399121174,0
0.06371107312270664,0
0.0003209120746102438,0
0.288782237126679,0
0.1509043155658843,0
0.06961501207317085,0
0.06317900929184343,0
0.36436393611743134,1
0.3335829431638173,0
0.0006066921296299319,0
0.06062348787947615,0
0.0056067357464811615,0
0.14845718709654943,0
0.004217938232332803,0
0.03750443094132107,0
0.03922993522230091,0
0.014647762088447211,0
0.6300614954901881,0
0.006054878358208183,0
0.10240816017600295,0
0.05994750915334677,0
0.050615547232487415,0
0.2393112379922064,0
0.2448508469682865,0
0.5991877741113865,0
0.09221201782349137,0
0.005446814556322444,0
0.8079042147242642,0
0.017324291118048982,0
0.3813415532022598,0
0.07163965685576958,0
0.44628960625205977,0
0.004119960844735774,0
0.6242168960117522,0
0.006172146225829758,0
0.019453133079131508,0
0.07161253167523077,0
0.9172772650837481,1
0.0038870522208791915,0
0.004739159415241139,0
0.12390285592757917,0
0.04241362072527009,0
0.7336257605876014,0
0.3320906582792815,0
0.09466379680600133,0
0.25035257400403305,0
0.46257098016004766,1
0.003486347374366967,0
0.021327526866575033,0
0.702953266354306,1
0.07379111157010088,0
0.03127481049203375,0
0.36229778575292293,0
0.043247826629063825,0
0.14552787541191003,0
0.2396112283051577,0
0.03407602374906892,0
0.2622544452183021,1
0.04705735443405293,0
0.281265189298892,0
0.9025250278836355,1
0.09040083189748073,0
0.19652547464039466,0
0.4960350604716181,0
0.00922781379532447,0
0.11851711354462738,1
0.054013590685783576,0
0.6596935146783193,0
0.02463448547202815,0
0.52806108509697,0
0.006460005034033617,0
0.09490062382775813,0
0.609676057828229,0
0.3149202395495317,0
0.019974103673426304,0
0.005181679912357022,0
0.07719598579410958,0
0.0962235142729132,0
0.44823445321149386,0
0.006162410360373106,0
0.20954556561586501,0
0.025760489194042665,0
0.12068352386566018,0
0.11073718467471848,0
0.06504928563376179,0
0.1027159203145276,0
0.076975482990356,0
0.04670333246908965,0
0.6072273353009261,0
0.016914730377767043,0
0.08799974698684553,0
0.056102035469659424,0
0.557815809161084,0
0.5933910647166988,0
0.0024414769106018675,0
0.0069634244208948625,0
0.4950211748016584,0
0.042848591411503864,0
0.03242363966835902,0
0.14477738937880305,0
0.39097896471133264,0
0.22592060831074787,0
0.018711353759681932,0
0.029199833558062438,0
0.08031695997128696,0
0.6743518960983019,1
0.005662533024854791,0
0.013157216949058146,0
0.8917729901017163,1
0.03445980351116282,0
0.12974165904504745,0
0.22759918885583585,0
0.3176449604053019,0
0.004332984851711964,0
0.12974162983635998,0
0.5531777570903846,0
0.9466944823686234,0
0.000510747053564326,0
0.03697834101011908,0
0.14224207382710008,0
0.03392067200144941,0
0.2677067522423674,0
0.008695467185706242,0
0.16765542568450548,0
0.005158522404428138,0
0.3326140243757997,0
0.5873818710171556,0
0.05018688062583534,0
0.11724117436953872,0
0.003354049057473395,0
0.3590523288748544,0
0.009191141667646629,0
0.14022225156219634,0
0.4164712811578272,0
0.23834909865939077,0
0.3420406707150627,0
0.732629124965203,1
0.6935221157755458,0
0.042004601617483185,0
0.008470109279966206,0
0.4661742700241895,0
0.0712069504485769,0
0.010316885463901922,0
0.4920520432154073,0
0.013049557006127662,0
0.12977521461792477,0
0.028216929374436896,0
0.05786846034797212,0
0.497482967698697,0
0.01162742851081708,0
0.003931434426999575,0
0.4534578613986219,0
0.05575814526368649,0
0.050805274468740995,0
0.24681947060573126,0
0.09197413729181973,0
0.4182344902722498,0
0.0014981037943585945,0
0.19587547342455747,0
0.06389778517896533,0
0.1443240078586211,0
0.010502432194156027,0
0.3782170425716097,1
0.13146025661294028,0
0.19675127132327447,0
0.023602902113711282,0
0.03223149312742134,0
0.056118202258406615,0
0.05937332321394733,0
0.4788769931181641,0
0.38371856137225524,1
0.8763475415051593,0
0.3973954455498201,0
0.07542717478989368,0
0.05820505187212783,0
0.06680100446248263,0
0.06784107168103455,0
0.005073108324301861,0
0.15481759625477096,0
0.40943363841808295,0
0.003391978151664044,0
0.098484345795301,0
0.767648537354538,0
0.19577872917579672,0
0.10272877120794678,0
0.3793540436128062,0
0.32844623537477874,0
0.012105761364235747,0
0.0014943580492224621,0
0.5413910712588145,0
0.19791739012185647,0
0.12474357674022939,1
0.014439780056454231,0
0.1083696515236655,0
0.03275314190944994,0
0.02100549557753455,0
0.24780426479314147,0
0.16564089509369678,0
0.534244728638406,0
0.6596362498012422,0
0.15143823960370778,0
0.03959126341892398,0
0.2227619870627891,0
0.4076560719808697,0
0.14746327773783824,0
0.23114705161007562,0
0.0006367688131786512,0
0.3355790760624649,0
0.0369790169752672,0
0.006608489202210237,0
0.052309257413354175,0
0.0958814395422695,0
0.22456753881410876,1
0.020740514384039354,0
0.09814378072291932,0
0.01362673227932568,0
0.8488840968556389,1
0.06180791678544855,0
0.8527564136603858,0
0.3551353317714218,0
0.08542590336080702,0
0.007151515823927258,0
0.06103364365692253,0
0.39450751243865667,0
0.685491735392897,0
0.018378821847396573,0
0.157397079504883,0
0.0700482977994322,0
0.21260921715307443,0
0.05283905548792773,0
0.11213099678961591,0
0.3698933502748915,0
0.05312384652606859,0
0.4733398272944916,0
0.021567107235396076,0
0.32759835391570136,0
0.1849018148403428,0
0.4160347934361821,0
0.7646907655854964,1
0.0061332795135199784,0
0.06973681730290106,0
0.47861616083600345,0
0.004821837829467902,0
0.7599161014771206,0
0.02661998126304718,0
0.7094938380559699,1
0.2327005267785886,0
0.02562310652711469,0
0.0034947756268508836,0
0.32981747887465074,0
0.1447833626041536,0
0.6050939458038669,1
0.22054047829398915,0
0.37776280971286286,0
0.6701831251270275,0
0.09808879288830782,0
0.21913499278370263,0
0.08900528158606955,0
0.05697357786178464,0
0.019591872308108077,0
0.11739519823741633,0
0.644477995159215,1
0.3703848528838814,0
0.6368369119996145,0
0.009158696186752162,0
0.781941240295938,1
0.8049541694073871,0
0.19120128246428997,0
0.023022111064994653,0
0.44175531396148465,0
0.004354183231908466,0
0.7117641935067031,1
0.05427639009164227,0
0.06254459028722333,0
0.08964285884296536,0
0.7393776659397878,1
0.03131211726301487,0
0.052229921371395385,0
0.29721741510545163,0
0.011015724486312493,0
0.18152419791739047,1
0.6853328904654371,1
0.02485310031182312,0
0.30516611430195234,0
0.002521490789587528,0
0.2682565119993412,0
0.33865758321661144,0
0.4737848490102071,1
0.2378267407432004,0
0.18868986334899504,0
0.16533625391969534,0
0.13689248517653654,0
0.05560550260435604,0
0.16045015176597213,0
0.01770465060041597,0
0.1087285349251881,0
0.06721741377731746,0
0.04574014495144196,0
0.03229107518159177,0
0.268029281222068,0
0.5050879308227202,0
0.023072359165185023,0
0.022800742762277316,0
0.009383454653261186,0
0.020084283467100245,0
0.798210371522407,1
0.02935247791863099,0
0.17555774706912042,0
0.007806942717314837,0
0.6565525876290284,0
0.0414636432484598,0
0.009356643857573028,0
0.00824809048252092,0
0.004609851916524259,0
0.36903253671491915,0
0.06782087160841044,0
0.2089498477316393,0
0.009867290054536328,0
0.039784290897920044,0
0.8620425573716711,1
0.01171680419630806,0
0.10785946168096584,0
0.030240398310234656,0
0.08794275018815254,0
0.09675824204363263,0
0.3335177651688237,0
0.003458198005136872,0
0.44921490874192405,1
0.031736683268652824,0
0.010010289179883535,0
0.14478598523917374,0
0.5151180640386818,0
0.43394462723398763,0
0.09618146112196316,0
0.055421646930882855,0
0.3616435353498114,0
0.006192289531877209,0
0.0031957094330820114,0
0.08006132505995567,0
0.258154751161395,0
0.7088462694424632,0
0.3884973290843532,0
0.02224734024638973,0
0.15048489576278062,0
0.050350283674785286,0
0.1610236488761234,0
0.01627104901093044,0
0.020435602768641092,0
0.001219055332367757,0
0.5576532519647792,0
0.67521812507876,1
0.36250995004002695,0
0.047018212953912314,0
0.0426973129327015,0
0.2345210929823523,0
0.1561579206748842,0
0.15660723868398432,0
0.0016499533292015877,0
0.20403243682991867,0
0.4394413966430845,0
0.002528576617971784,0
0.8206537333461773,1
0.02150983020320495,0
0.2679052855425794,0
0.015521064227156354,0
0.05786806487841962,0
0.00923579681814797,0
0.015062748317511202,0
0.004045231482698884,0
0.05228627656802716,0
0.0026578785189366543,0
0.053243419184101935,0
0.01677577932830285,0
0.8094313700978006,0
0.04504540724617067,0
0.2232024690543607,0
0.05371679624047035,0
0.0013326573934111803,0
0.07260602097180974,0
0.242122429684375,0
0.050674997958654586,0
0.4447641364941327,1
0.006126279385976747,0
0.5419289771491307,0
0.013220591190486875,0
0.22359040732734473,1
0.04163113853080388,0
0.059702908060324536,0
0.11399931307221144,0
0.06910397661806168,0
0.5054179526963077,0
0.002090374135187166,0
0.42478559941296357,0
0.6435840494430166,0
0.6246673470640463,0
0.6003010513861062,0
0.19406795165149776,0
0.11757146991675133,0
0.1681177601743465,0
0.0053022927288630395,0
0.022176870788693306,0
0.07597049491753541,0
0.047518692182336716,0
0.04709354103148667,0
0.2884358469433759,0
0.5069148785388821,0
0.4986010711447434,0
0.0414321185816813,0
0.6283905861207546,0
0.11734675256367211,0
0.042763791812452406,0
0.09612305505245108,0
0.015568452007719447,0
0.10633926624927177,0
0.035300852958131713,0
0.4796259867459383,0
0.0062219137665505625,0
0.01097855133354711,0
0.45142597207761864,0
0.04450188853178908,0
0.008219605219570748,0
0.2724042171438126,1
0.4061749410606418,0
0.02432958086451687,0
0.386859171206336,0
0.027698229668387767,0
0.064776669122484,0
0.04914326615865654,0
0.3810762430731513,0
0.02012835263707676,0
0.07106033043493472,0
0.02995794903480656,0
0.038565976748925604,0
0.6638119908949496,1
0.029121064660536294,0
0.016189541601022407,0
0.6498772562368578,0
0.41065628173953844,0
0.08438921835945931,0
0.09703075378700389,0
0.027200138605170808,0
0.8149789483527613,0
0.35010048635698315,0
0.031026551873103374,0
0.7399407283333109,0
0.08770834270933862,0
0.0005380456837243849,0
0.020113873359822485,0
0.005410590274046882,0
0.34194597534841964,0
0.9256076909539641,1
0.3787720153529398,0
0.2285341206818142,0
0.5524053432938643,0
0.03291333259852054,0
0.046446815121506356,0
0.16560483054445244,0
0.8818966705412847,1
0.8620926129856381,0
0.015360536594703772,0
0.1893609538880603,0
0.565245771030915,0
0.2973043064472928,0
0.5405626517290898,0
0.015544783898030518,0
0.0180496561048263,0
0.09491484358992673,0
0.606180723854872,1
0.30811450825121733,0
0.39266926171725325,0
0.006177646920600124,0
0.30354396896485963,1
0.42910093296249935,0
0.0003115712304024876,0
0.02369418387847224,0
0.07878843165127021,0
0.15765410216976028,0
0.20982057373326188,0
0.0070557222822527745,0
0.06878721840956749,0
0.0976431034400361,0
0.009761350982111918,0
0.004723082676934727,0
0.010844442224325542,0
0.06811901099841781,0
0.046641531773617594,0
0.5185075745637164,0
0.09901837611963042,0
0.12235918320435583,0
0.23711932480351916,0
0.2666752016681657,0
0.03420564194394811,0
0.12041647625208439,0
0.018033999405734604,0
0.001038651420232151,0
0.36719425635728653,0
0.17443761747979922,0
0.0007958550341872717,0
0.010939047894935723,0
0.36275223885103547,0
0.26180917619440813,0
0.10735857794154983,0
0.022741986265880205,0
0.9401590942208438,1
0.02112042779765883,0
0.0007622250463515426,0
0.00683391300261331,0
0.07056595183204165,0
0.05335914554193079,0
0.17683389007094485,0
0.057909579342317906,0
0.5740068589024264,0
0.5773560371570637,1
0.13239665409108675,0
0.3803113115776229,0
0.10268924561051886,0
0.002785504424576687,0
0.11046691788626851,0
0.0025875879954973184,0
0.20775728348402706,0
0.1533054492441867,0
0.1887180258042283,0
0.0009896585229871716,0
0.10101710770084597,0
0.37955135337426515,0
0.21206893521016043,0
0.23501567188676534,0
0.11641681028436093,0
0.21989573246558286,0
0.5874448287295749,1
0.4835576874022559,0
0.031526815572924166,0
0.1247177615190079,0
0.06423650014898842,0
0.004548836994865271,0
0.02308197510655718,0
0.003263394505393123,0
0.00725388120290857,0
0.025769003622460533,0
0.13327457433994,0
0.060040480005131194,0
0.4679894280266934,0
0.08174071564692928,0
0.007649735382377086,0
0.004456689102196551,0
0.08829629104507367,0
0.1725123470606252,0
0.05844833332929873,0
0.11024930695214309,0
0.14223022785269454,0
0.02171644178527295,0
0.7728231545389771,1
0.0015915711532772136,0
0.47929411153510176,0
0.021031337084877984,0
0.05394448670494203,0
0.04872271191793172,0
0.9487767335426687,0
0.027964655734667023,0
0.38001339708839116,0
0.32572955232396034,0
0.017118463041472767,0
0.22129765669501703,0
0.05400529634932798,0
0.08512333398924846,0
0.333639728848778,0
0.23382472888591396,0
0.15436795798479264,0
0.2888936387931699,0
0.28804309795709904,0
0.3321520730540028,0
0.11723537896867113,0
0.10351933496466535,0
0.22150794446478653,0
0.022051231741689863,0
0.41253537914061755,0
0.004936102765943922,0
0.39010983686806205,0
0.013999419007589725,0
0.01572035011078171,0
0.1290507503810673,0
0.0038094065439408923,0
0.3822476466558271,0
0.5337737533987802,0
2.5135222571054715e-05,0
0.20781154478031014,0
0.14340033710646088,0
0.0031442981276087727,0
0.3548712440093048,0
0.6078059111388197,1
0.13863549882277673,0
0.016514041631175248,0
0.8560474846279537,0
0.023035419326847363,0
0.015717983602213235,0
0.07805155357024367,0
0.48149774370909465,0
0.0865871194284791,0
0.0872172065445693,0
0.0465067270048071,0
0.2362105617893613,0
0.0257455832317725,0
0.027076674135800834,0
0.04926975738984709,1
0.2018793014794291,0
0.048562657726497205,0
0.2992150855560943,0
0.08230828405055977,0
0.017307022270874987,0
0.014567037764143231,0
0.05656995857718339,0
0.001117233272175136,0
0.48712108401765974,0
0.7728625192751765,1
0.30914143141060213,0
0.24416322063700385,0
0.18442721145843222,0
0.0763353849947181,0
0.03159648804137623,0
0.008243475115218508,0
0.020111995123813568,0
0.049005675928667405,0
0.6095407879809068,1
0.13864472570156022,0
0.5505802715880957,0
0.0377859913345689,0
0.6476883786690978,0
0.10283068267110465,0
0.5502766554083776,1
0.09677791639016563,0
0.09951260389212488,0
0.3291462894514334,0
0.011398478628023874,0
0.48642753034472186,0
0.02550617760127742,0
0.13544559931249628,0
0.7021205584194069,1
0.6244296208332267,0
0.36341899387094334,0
0.21912183343894165,0
0.04887584421341907,0
0.2504590239974248,0
0.011064924878169619,0
0.04860835748241166,0
0.01695890856585376,0
0.056895603740074206,0
0.004718353552394409,0
0.5686495847200183,1
0.24634846929526175,0
0.06727362407540055,0
0.5476688619123263,1
0.01016249156158712,0
0.31249586190089534,0
0.05214859642048082,0
0.5381958650933648,0
0.7853968833371598,1
0.33953485734035627,0
0.2074047759442661,0
0.014724279186231702,0
0.1654061103680684,0
0.07882480572010475,0
0.5454637073159779,1
0.014625919852010573,0
0.039767638874795015,0
0.050234170459286256,0
0.2382124235513115,0
0.0073266575032112456,0
0.04453128059783107,0
0.7118155848978893,1
0.3416750418630198,0
0.1883659700558686,0
0.018015377467023187,0
0.02303344346916621,0
0.8856455744085668,1
0.15015306615197538,0
0.04685685103552543,0
0.04317846561318464,0
0.1277118916737617,0
0.23057148741762543,0
0.1303674269977691,0
0.14654191038164,0
0.02814110784503874,0
0.08721229659443483,0
0.14112961681096597,0
0.13795368983007106,0
0.02474593605713719,0
0.11646002823312676,0
0.3797527288505967,0
0.06403070793704937,0
0.3139012902932004,0
0.17971241449359465,0
0.02799363505536716,0
0.05835446205718293,0
0.7216236113884295,0
0.2708107077976406,0
0.5008266112533226,0
0.23878071914919444,0
0.5464708537136228,1
0.22633458824081829,0
0.13932782140476832,0
0.7956894768500765,1
0.029333357371001192,0
0.00544302754729458,0
0.004966175950340455,0
0.06059162434641519,0
0.01820559855936453,0
0.07332750498949832,0
0.6542263074417266,0
0.001711075082950044,0
0.2008836340567627,0
0.33277323357195937,0
0.5230019469331632,0
0.20897068366679605,0
0.23587255130129292,0
0.5014147387296003,1
0.18347980404081354,0
0.4198882143261076,0
0.2091983963493845,1
0.11267595149162545,0
0.5492917944438079,0
0.001465366590382353,0
0.05714094512363877,0
0.00748396274951013,0
0.13475059696157646,0
0.5427180078551109,0
0.12983962322409043,0
0.08106444757313143,0
0.5975765566630511,0
0.4281851528514275,0
0.5381909551552067,0
0.2793886958254914,0
0.8839386835479258,1
0.23638047230126966,0
0.008318719678211996,0
0.015808371613170908,0
0.0343052996557079,0
0.00482374010843581,0
0.002933417597268105,0
0.02496644047723298,0
0.03254802461550743,0
0.014923445860403192,0
0.23663434395587885,0
0.008938420518803234,0
0.0027157407457821087,0
0.004349261113404224,0
0.01014398037783766,0
0.03251893706937317,0
0.025051948555699657,0
0.029735032450652215,0
0.04247466240898086,0
0.14696752256817155,0
0.45171779413767205,0
0.13972385958845626,0
0.9119925653194492,1
0.028028717890827073,0
0.20048129294136718,0
0.9559663883937918,1
0.05376492588376814,0
0.11297337284951744,0
0.545298895796717,0
0.2516637259151399,0
0.0019549130480076616,0
0.03818845111408253,0
0.5084410130961701,0
0.028723802274350462,0
0.020562652329234564,0
0.056559151671945,0
0.2861983523717192,0
0.013303606665057211,0
0.1656890863658063,0
0.27504816990487835,0
0.04141598405994907,0
0.3491364453008404,0
0.014186222098831676,0
0.33528063057484414,0
0.01880206525020563,0
0.02081612566783362,0
0.25523539355278047,0
0.03396449907049554,0
0.5176385926426516,0
0.9415062847293536,1
0.5648853596648094,0
0.2103442130371524,0
0.012301624770061801,0
0.5740387161758369,0
0.729299165472925,1
0.455680747806566,0
0.005375186838880953,0
0.0097690607818443,0
0.055433679589436874,0
0.10196693608951976,0
0.0008949907987734491,0
0.5135432050064833,0
0.3361245403396718,0
0.5904513790987949,0
0.03956268510921672,0
0.13985449627302274,0
0.6243349043684099,1
0.302721041265941,0
0.09135605369284064,0
0.17079892468709296,0
0.004263436049198459,0
0.20689990275360653,0
0.26327619532354685,0
0.0028497919119480895,0
0.08077341266503556,0
0.007112822178313848,0
0.1379774990033418,0
0.1602511503927399,0
0.3690692222986761,0
0.7305362497549944,1
0.007260856428460727,0
0.5237764979041375,1
0.19134144740021067,0
0.10220104417136237,0
0.6796297851505732,1
0.20984117557335896,0
0.16085654838764732,0
0.0942571012992644,0
0.6126884567502496,0
0.2358813387826471,0
0.20137352522276136,0
0.207421641799027,0
0.0012803645592915666,0
0.732691248194335,0
0.03767150838200697,0
0.35335904227572035,1
0.07348127741192659,0
0.10546179832654258,0
0.15743847893142127,0
0.07103519335754765,0
0.08576619088611696,0
0.007808624840256127,0
0.02012064720479992,0
0.006602676380313327,0
0.5572573492326286,0
0.08583625057774566,0
0.7617372327252362,1
0.12073444444995787,0
0.031584244877983884,0
0.6263783092575246,0
0.027225707487143928,0
0.038863701531691906,0
0.6277345283384406,1
0.004995706748007684,0
0.03456165923763357,0
0.23270265929091072,0
0.581150901860936,0
0.11951067810821084,0
0.05065142586647954,0
0.23521045495190207,0
0.21852496087813225,0
0.31530670049631515,0
0.27175725014383845,0
0.003968547562706021,0
0.817070048627902,0
0.2993068202851633,0
0.4261228250729164,0
0.018955833227334056,0
0.28679006649451916,0
0.2652006793447705,0
0.22322542459592773,0
0.04672737924948804,0
0.027056841435063508,0
0.816067354377612,1
0.04074727383936057,0
0.13683443448389399,0
0.3261938291530271,0
0.10063587161419718,0
0.9271297438188526,0
0.8956727864796337,1
0.020292518251493644,0
0.5074706973795498,0
0.017133627375151655,0
0.23785394458750217,0
0.43296333038464296,0
0.007966300505356462,0
0.008614111447873756,0
0.21081255248470226,0
0.491285765920191,1
0.12711540588346815,0
0.024215391435169188,0
0.057771955201149604,0
0.055674450243705396,0
0.03632807260809228,0
0.09342980901838072,0
0.12040708595641815,0
0.0025371343812278842,0
0.01646143176806507,0
0.04103233414425767,0
0.08270401741322576,0
0.15267548150301807,0
0.014860925914936873,0
0.03406912599466632,0
0.43782570863107545,0
0.006084208478319801,0
0.19087592236872836,0
0.05791161467148248,0
0.03273925518679409,0
0.022772028456682396,0
0.023901878343035005,0
0.8505424814311517,1
0.001384944070100472,0
0.0023205401413818735,0
0.6705906294570673,0
0.08167863228161244,0
0.0005816688745913047,0
0.05502179232102045,0
0.9196889304498,1
0.0740488017418207,0
0.2980796056718978,0
0.1072665172942263,0
0.1482315730644229,0
0.10921742641285244,0
0.004621585397605002,0
0.6011881590515767,1
0.014435135985352914,0
0.9259491131942144,1
0.01360444740590469,0
0.5880553017346453,0
0.0022439113363578247,0
0.3591211514802975,0
0.03909700643449951,0
0.052246447921514734,0
0.06185491652451219,0
0.1002788923855013,0
0.02339769648399517,0
0.03987676491502077,0
0.109534396935621,0
0.02865308924290074,0
0.25152815856081195,0
0.03794464681317575,0
0.0035833269645774856,0
0.06626632791024253,0
0.008873716317770198,0
0.19754634186765707,0
0.39366945666880837,0
0.01332642332210235,0
0.06557040628127415,0
0.05479833273783388,0
0.6173582371265036,1
0.8439122616506411,0
0.8671882052342813,1
0.023094040856697903,0
0.6467157072475002,1
0.24244731285755927,0
0.019123407639960482,0
0.2422307749017288,0
0.2600665343333831,0
0.0062993965233419475,0
0.19084766798018907,0
0.7166909762980489,0
0.05529612533873606,0
0.06178983764810038,0
0.26008609692266027,1
0.00891261328088713,0
0.0625762595743252,0
0.0681459566870216,0
0.07572691803241816,0
0.13416639037114916,0
0.1000655135445112,0
0.042025702583988016,0
0.0652655809900829,0
0.05929829506856615,0
0.8604986674266928,0
0.13590749368182176,0
0.008875249508560288,0
0.4815356764872081,0
0.3559235382810886,1
0.28700829181219095,0
0.00567888936023168,0
0.7579496934590697,1
0.06743586985872423,0
0.08594411830699744,0
0.29517171480750454,0
0.2661302221274043,0
0.36213913962149785,0
0.0268244517806275,0
0.017679327267266936,0
0.31317694163690735,0
0.09524833907343434,0
0.39857890596141926,0
0.6326150818027901,0
0.869312269895625,1
0.06908762959789108,0
0.03874989671912913,0
0.031436889797265555,0
0.6029974217335564,1
0.30607314624183174,0
0.00011348345726349684,0
0.13436049324023513,1
0.006311201554444568,0
0.13250258593495978,0
0.24044728750199393,0
0.07712755838064966,0
0.19877094669026024,0
0.049837956546121415,0
0.03951971181733334,0
0.0074488220961876515,0
0.027645307378966887,0
0.2692952280968346,0
0.5083174518286386,0
0.38800127100431725,0
0.009643263389600512,0
0.12595092176501996,0
0.5476124987526026,1
0.4386216674065756,1
0.049733445972486676,0
0.6938972620781915,0
0.4189884926911184,0
0.00109785626645473,0
0.21298714292262547,0
0.0061538566176524605,0
0.15371958581110712,0
0.5734258574008505,0
0.06208725461077097,0
0.059317262240945044,0
0.07431084130603968,0
0.15398459092443337,0
0.03172948609805194,0
0.3993351736459409,0
0.1831942935736275,0
0.17632720730183363,0
0.13221366759585862,0
0.3667441436428938,1
0.006653196651621871,0
0.28025431963395825,0
0.3005341390170306,0
0.01771188941338058,0
0.22105662589366318,0
0.08342223027229921,0
0.2779644127440454,0
0.0913708532302042,0
0.05970789485057542,0
0.06885902158432759,0
0.028461444094098943,0
0.2614216830602358,0
0.1450080069307985,0
0.11591162389059932,0
0.3284640273884353,0
0.19179740838008436,0
0.2752888479451496,1
0.7285401620128156,0
0.0006855846844404802,0
0.010972957194343973,0
0.671780724690566,0
0.02011298276947549,0
0.9438798922752785,1
0.07646822636671188,0
0.01604119874973134,0
0.8925502453783106,1
0.1159260099470342,0
0.006303479667079517,0
0.1317807329187898,0
0.6591337477872319,0
0.1021467105629839,0
0.07645260586152507,0
0.02487831473292708,0
0.022602044259307428,0
0.6570936329624847,0
0.004239451223457955,0
0.11403823968619421,0
0.07843470953556479,0
0.18074188308430383,0
0.04663927529288714,0
0.3035924606768685,0
0.27580742568417116,0
0.6824705450485671,1
0.045873483289232096,0
0.46031249846921724,0
0.8674029152157579,1
0.03748658241815941,0
0.005045839805420977,0
0.2829850434340561,0
0.32061488127626725,0
0.47179058702472376,1
0.055823730909534824,0
0.00436836131308266,0
0.0413808531437107,0
0.02142765104809803,0
0.667433138735032,0
0.0061830217977561054,0
0.01807724364615555,0
0.2634060667617121,0
0.010605328689504555,0
0.9051070806481474,0
0.48532920106774363,0
0.049556174442264615,0
0.06058791259233829,0
0.04671502634461806,0
0.07223433927283981,0
0.291579274999365,0
0.20687707932932997,0
0.3574245129801656,0
0.03310095575247016,0
0.05417133643296073,0
0.29235605291641975,0
0.2630889158448436,0
0.09024498864964281,0
0.14242510124361493,0
0.01747829975485544,0
0.05072785110042022,0
0.5128506133474922,0
0.24052184425676257,0
0.062423910835367157,0
0.9100724811010306,1
0.14778059366687926,0
0.012387225144222982,0
0.033516885161361094,0
0.929653401857887,1
0.02130757674540518,0
0.31622147096519143,0
0.027305795694029994,0
0.019139092587558266,0
0.8483158478024914,1
0.513451758890103,1
0.016497094609205086,0
0.13644845764763072,0
0.08441862777080504,1
0.04201540661333522,0
0.011232271195054138,0
0.44974618302864083,1
0.19667628602920229,0
0.06905279159864657,0
0.007163155358032356,0
0.0072948875510821295,0
0.9096057934860635,1
0.003132989093058405,0
0.08800410626583824,0
0.06239974236565096,0
0.15817030117817266,0
0.18160877428797087,0
0.43657782104612536,0
0.2776531441742107,0
0.08281657820908599,0
0.27094578485041915,0
0.030229028912423423,0
0.027070106028021665,0
0.00556933965332964,0
0.12169576348710723,0
0.838404523106755,1
0.0381306212957843,0
0.06262877263396541,0
0.23737501887417392,0
0.16785679609669005,0
0.009102722477422083,0
0.7174686715462462,0
0.25738987670106156,0
0.03481045438928017,0
0.20151631210290158,0
0.3305903964290443,0
0.025738095659714813,0
0.03079407335401556,0
0.09586647106684085,0
0.21254366034249508,0
0.026711132146552626,0
0.6329093985936834,1
0.8482639914186942,1
0.07717569941249908,0
0.62948570564647,0
0.5275708486417484,0
0.09024726608310203,0
0.09892844154634324,0
0.604711140935788,1
0.0392338730784913,0
0.7879151278759996,0
0.3743479283712804,0
0.805037910453826,0
0.7832936376691463,0
0.09232911348969812,0
0.004816141527841762,0
0.21664809416028724,0
0.03428574096259596,0
0.05471446290654142,0
0.0033191605141741224,0
0.6898314345584994,0
0.33485028614543755,0
0.008527955065226295,0
0.012827644035729719,0
0.013681318681969179,0
0.847389357733777,1
0.1633816609106255,0
0.09780321495442575,0
0.08507075070235065,0
0.25727464470647665,0
0.06346837179815933,0
0.3489328619547146,0
0.5795261766631686,0
0.010143008082003047,0
0.9160473967107011,1
0.16765360218760175,0
0.01045219790663366,0
0.088663100262684,1
0.014072496908910319,0
0.1314758833317523,0
0.5641918106157798,0
0.5159660922180324,0
0.015641954373804078,0
0.7530186854620864,1
0.08738268209130942,0
0.03075226869339176,0
0.08197691263757813,0
0.05535760036062201,0
0.18718444517616298,0
0.24390280058519143,0
0.7724472511590685,0
0.1900405602321709,0
0.08509228151511632,0
0.2518715930234781,0
0.009071998807861784,0
0.003914029488183283,0
0.7035007138649532,1
0.0022459413320082247,0
0.26286232706787266,0
0.2897469968260984,0
0.08162148854431815,0
0.24641237454006604,0
0.02655682564306297,0
0.08013917454980685,0
0.06357185151228383,0
0.08676600331027506,0
0.01092536239393666,0
0.6273151758446059,0
0.083537567593717,0
0.0018396658009169678,0
0.01837757090846231,0
0.004212017021719665,0
0.013367199141899188,0
0.031937141696979005,0
0.1266495030313919,0
0.03550683763421779,0
0.09593224111018597,0
0.10205845162528905,0
0.5633163892524446,0
0.04428699423307184,0
0.001683062919699459,0
0.5358620167043049,0
0.7202864034899732,1
0.002989943702177372,0
0.06265753804311969,0
0.1967287523985034,0
0.034001960017584695,0
0.02924668690807005,0
0.10367861242179072,0
0.15618304837023417,0
0.03328512443405165,0
0.00630709207601932,0
0.004952527099245177,0
0.0758954838879945,0
0.33313939620206656,0
0.0466354474949729,0
0.13233100527633615,0
0.043222824782676666,0
0.05143236225729137,0
0.6021675591934449,0
0.046839615029859685,0
0.24250200663959393,0
0.24530350024805947,0
0.14818800149946762,0
0.29492972007895635,0
0.007157427119053471,0
0.022354970968382015,0
0.37858630623637135,0
0.0019466632892481696,0
0.002806520193905964,0
0.07974113655019521,0
0.015913969867805525,0
0.010565713680731751,0
0.16722337676950777,0
0.07838864858242797,0
0.4706301581951022,0
0.08698368061583805,0
0.5920205387368298,0
0.03522599736156512,0
0.20030723587373067,0
0.25924130423721287,0
0.2709769800104617,0
0.01559361796277801,0
0.5167297455065498,0
0.895760328902513,1
0.02934462885031368,0
0.9189429989172415,1
0.0956410821836084,0
0.002739904142271136,0
0.9379550163700153,1
0.8764088808283799,0
0.8099787546841151,1
0.8006657913483847,0
0.4587792484553257,0
0.1924495166444818,0
0.006066092245395829,0
0.007619874250409492,0
0.20793803529569163,0
0.5101423720678236,1
0.08075322070537691,0
0.10158070536037085,1
0.08465273320428865,0
0.36268252874376694,0
0.6769755124003315,0
0.018346563270311103,0
0.5257165243375638,1
0.20805732194319235,0
0.03966616518809296,0
0.1852609591773129,0
0.05930186740474779,0
0.036266464925914337,0
0.03524918339749181,0
0.23928096163934587,0
0.010796229277750742,0
0.00262355389605763,0
0.3202046992389319,0
0.001956374017597597,0
0.15571319686339075,0
0.07620985605304958,0
0.8240528395209146,0
0.4489311615161211,0
0.040720789469582,0
0.1772350523533368,0
0.32183628368929035,0
0.8640599396655437,1
0.895515762877292,1
0.21890549803536327,0
0.15110462157711782,0
0.6400648331892946,0
0.019269182677014683,0
0.3215794468566264,0
0.007914715866429126,0
0.23757339705320216,0
0.49070978312514374,0
0.7360447628705282,0
0.37759764482059033,0
0.16246786063460084,0
0.703653922630247,0
0.18315928949289104,0
0.4570259101236388,0
0.031655275699307886,0
0.7084834072307616,0
0.5629524074344071,0
0.03472692824944047,0
0.04565787708099009,0
0.2565893700189713,0
0.044505557931676945,0
0.004776699586602628,0
0.3707141418290125,0
0.0796487764795069,0
0.4851199403738069,1
0.06235157442016411,0
0.6601271110650901,0
0.37519164066174654,0
0.012680082547728943,0
0.007153914178856616,0
0.0023348231764075376,0
0.2394021047032985,0
0.05333256995422461,0
0.02616910253530632,0
0.07723344542821751,0
0.030295694510161314,0
0.05248715545736277,0
0.048019377702764675,0
0.5607166337785585,0
0.27242273172526554,0
0.00616726487071932,0
0.006958697429269823,0
0.1822098539269121,0
0.03855633371300959,0
0.13941325243860472,0
0.019104688946101057,0
0.005017569852507756,0
0.8159069882601917,0
0.012997518400326332,0
0.161012828002284,0
0.3781098622575602,0
0.008866423812650102,0
0.009810828242858794,0
0.008366792208809782,0
0.0016517486308419832,0
0.00407895515877412,0
0.38376645766963874,0
0.07152536926406787,0
0.18960828394405915,0
0.8589776771453282,0
0.0878596480823263,0
0.9926422836342572,1
0.018990132387187456,0
0.2935933670133291,0
0.016305988934372517,0
0.27598909175812014,0
0.7046214797183862,0
0.1274131950941086,0
0.08093374547577249,0
0.34458546741294976,0
0.6268975259983807,0
0.28350351914139704,0
0.6011527833816945,0
0.040856354840304795,0
0.5919935655445476,0
0.0009752574533319655,0
0.0264293455669359,0
0.18739846420797812,0
0.040957277739339965,0
0.6385412518577775,1
0.6202179224834096,1
0.19969437870820347,0
0.13259103554098828,0
0.1800328110454353,0
0.0020041003305111653,0
0.07135309303389636,0
0.17475522508332297,0
0.7425124093266109,1
0.407631842978298,0
0.08390145482439346,0
0.14197992565516412,0
0.12287443662243813,0
0.01843358959884645,0
0.016648318426006847,0
0.4317796036599968,0
0.007605299040650407,0
0.03512139332473639,0
0.6800017137401692,0
0.008335770887393597,0
0.2010907891394502,0
0.28256251695111284,0
0.4402389493459101,0
0.02317546204206086,0
0.0064393870557510665,0
0.09837344205260344,0
0.03702926990979355,0
0.18309172542076352,0
0.8428626057605741,1
0.022217081292280606,0
0.20172859873884894,0
0.8700045951360715,0
0.07569268422129717,0
0.17783544779868005,0
0.6223230276096978,1
0.009959262122661376,0
0.0010744543868837673,0
0.9137455317280611,0
0.001337037764724933,0
0.6902457756051532,0
0.004207641689698386,0
0.05639994402011618,0
0.11723591628349854,0
0.5689810201462249,1
0.12216640162284557,0
0.04996815623797559,0
0.27936079665136093,0
0.13288651863723375,0
0.10613560685794875,0
0.8203622255805123,1
0.7450551155762479,0
0.3396125462230504,0
0.005102996433821688,0
0.00976656452625373,0
0.03140118118527078,0
0.49869301485822004,0
0.3144789555400938,0
0.4834763394651269,1
0.4965696900921102,0
0.045529327108266716,0
0.5805428438217356,1
0.06847101912030684,0
0.389204864832735,0
0.012330413045841648,0
0.6532240613767427,1
0.2351072443888665,0
0.005089132319066908,0
0.18179165587025015,0
0.0023381521186894173,0
0.005640747359053259,0
0.038641019260444706,0
0.19537630756109706,0
0.10723282074192884,0
0.13893040584460312,0
0.1496386189188971,0
0.06820513987767261,0
0.9816878093195988,1
0.14094129339250763,0
0.23420362181204768,0
0.010473372751423403,0
0.8332123446422984,0
0.2707262065774363,0
0.023721790156042064,0
0.299825092059392,0
0.00778571543356887,0
0.9063353383062897,1
0.03909445413573777,0
0.8867972557381508,1
0.12502100325287924,0
0.03305280276585915,0
0.19413911732247105,0
0.35257031308650916,0
0.04601118799578478,0
0.015586881002485328,0
0.02493100597553912,0
0.0409648154426754,0
0.2956754178994038,0
0.39331958666361305,1
0.8484044652851528,0
0.5012555923292046,0
0.17419050789410115,0
0.013995839417998033,0
0.6548868194231334,1
0.17946435491987295,0
0.03386383287969279,0
0.20086786974610832,0
0.3885098573660898,0
0.006858484809728447,0
0.03923174422728582,0
0.3175723093509447,0
0.4758550642305802,0
0.38037813167444273,0
0.04208471476379576,0
0.435546420082747,0
0.2372853883754691,0
0.011622421488797557,0
0.18771836865976485,0
0.06747234601937714,0
0.2394597255877667,0
0.00604465820613894,0
0.014876771332444378,0
0.39315711476694976,0
0.933198671754237,1
0.05816500242715695,0
0.009370342436726168,0
0.1295201473292724,0
0.0051961849569857445,0
0.22042146181097771,0
0.006110416641478148,0
0.004827399799839463,0
0.16456801642494284,0
0.9018156703639814,0
0.037080054413889035,0
0.006040456019620104,0
0.3719203073460278,0
0.06505928029681303,0
0.4667877532322291,1
0.006536365688313263,0
0.30926374024945347,1
0.09072756655440085,0
0.14213486332798864,0
0.14576098921466576,0
0.001180751035373433,0
0.006998303453676072,0
0.16523079966424858,0
0.0021388140066827955,0
0.013412261717989434,0
0.01583672823885957,0
0.07145865329391755,0
0.03037722043716756,0
0.386578226063006,0
0.3662301864934468,0
0.6636065057739932,1
0.038283535212311016,0
0.06359273526171243,0
0.2695810589874177,0
0.08632520392751325,0
0.027315345278287075,0
0.04683678259813715,0
0.012050462003253472,0
0.013854771960821528,0
0.4838793188031059,0
0.3962386607634811,0
0.12209430888459526,0
0.3866878895541411,1
0.02387555165193743,0
0.04296847281583,0
0.0012716003349379785,0
0.08582671502696898,0
0.030148577537562726,0
0.07183508131642738,0
0.36832862802331223,0
0.5671168900547682,0
0.5461879098000759,0
0.8287353098107842,1
0.014007203717547063,0
0.004500640901475529,0
0.17114123542207407,0
0.03606387017808312,0
0.27827282571624307,0
0.03292993194359463,0
0.3158114253621813,0
0.8712995516871804,1
0.031020171516204495,0
0.6077010083498713,0
0.017947681392733398,0
0.009939122220526165,0
0.024013318112581748,0
0.8381325263567949,0
0.14373749934930655,0
0.1374291472913174,0
0.2704480616778669,0
0.3138595526518679,0
0.19569302620323678,0
0.051573560317865405,0
0.021301773781901005,0
0.16071261329098888,0
0.016529461208303467,0
0.011764136820414097,0
0.1374042257712856,0
0.0874043058861319,0
0.010624362846319641,0
0.06747901150162768,0
0.299696205181496,0
0.2467866201809748,0
0.8234691124877284,0
0.8007896079177382,0
0.13612167353614438,0
0.033118164720826966,0
0.36118848123236835,1
0.0043745259124864785,0
0.21145286734517338,0
0.014060543354321125,0
0.6942981147906501,0
0.5979311458644809,0
0.013189161753954555,0
0.685567732545392,0
0.6858891781039219,1
0.2709869625503333,0
0.0034203333890170935,0
0.01827041373210929,0
0.036833940728775376,0
0.0006508379644230691,0
0.5023733233003667,0
0.18736168254103533,0
0.005685484505199673,0
0.05662001513844507,0
0.34466266349859886,0
0.426568489387738,0
0.3156947104879003,0
0.13414903810030943,0
0.1422149818187539,0
0.2646466752337853,0
0.00683309404395811,0
0.024173875247890556,0
0.0007988866525314354,0
0.2683227001021925,1
0.03063293381933222,0
0.16189614156610865,0
0.4642915959623871,1
0.010062195377512195,0
0.08844122493003106,0
0.17795694912071988,0
0.009376428676396773,0
0.29237186367070295,1
0.7115827459725147,0
0.22172311771206563,0
0.02594916897911593,0
0.8481073574507961,0
0.00453752083570469,0
0.7523868814874172,0
0.9190531637804873,1
0.004731062144699066,0
0.06982111319973713,0
0.054511413543034105,0
0.011767545025883064,0
0.2465617510167866,0
0.04079904894422336,0
0.42563913757196503,0
0.04651936443644575,0
0.022991077561669408,0
0.15539798541979818,0
0.001246800989925236,0
0.6224410470525894,0
0.07542792650592933,0
0.07597652949942446,0
0.0064492338243178834,0
0.4652093586061169,0
0.006753816563202992,0
0.02539402908189856,0
0.04699230674024903,0
0.04233000045267434,0
0.02718307914163955,0
0.8791071026429179,1
0.4130301764284843,0
0.054755884163168705,0
0.20799647352747627,0
0.20661830267365294,0
0.8994913969790929,1
0.20748788533549412,0
0.02477844229953878,0
0.10290559579415491,0
0.008853263001995407,0
0.11828031934874314,0
0.3617174681160118,1
0.013475200605851145,0
0.028982618651903415,0
0.9111619034972138,1
0.034328743692702564,0
0.02060699498053297,0
0.12227729596188924,0
0.37608376735670274,1
0.45975835411137145,0
0.36923508935736343,0
0.1794933979967701,0
0.6905558348881062,0
0.05077453741922969,0
0.1231305293357181,0
0.05090437772985209,0
0.2761299393459499,0
0.29354488255265604,0
0.5447948615270904,1
0.49147088901581765,0
0.44100899635499236,0
0.030982415914212833,0
0.29462323887713904,0
0.9184973591729736,0
0.022357598079509575,0
0.016125269898642502,0
0.011235052250010452,0
0.11440989872471813,0
0.06833724167922987,0
0.15972853202992657,0
0.008612983765409138,0
0.7027320622110631,0
0.1744708188049785,0
0.1585117425025674,0
0.01233392541629693,0
0.16610263687080754,0
0.09838751696052646,0
0.00280573559752367,0
0.32337488621924554,0
0.8053848509939809,0
0.16682813605206506,0
0.026790651949316773,0
0.13390716644905007,0
0.007675441404561697,0
0.08416984681409255,0
0.0028532352440373177,0
0.5179785281351819,0
0.5148065714900724,0
0.17610231373912028,0
0.010213790539681246,0
0.0975580172836937,0
0.020738859831178146,0
0.03964870026877151,0
0.22273799738454367,0
0.07064646478655899,0
0.10211360271344415,0
0.0928263371122704,0
0.24237183783889646,0
0.6969456912905504,1
0.14157902834292085,1
0.08934916896187717,0
0.8238382019393534,0
0.005201849942364006,0
0.6599916400198252,1
0.011722735152054077,0
0.5156393509305992,1
0.04944532631606645,0
0.036930157197053455,0
0.11859125518901303,0
0.173711329577907,0
0.745706423359031,1
0.12569785525633234,0
0.30873976847342766,0
0.9409810370354385,1
0.11730510395394045,0
0.17745615097871395,0
0.03759440352729956,0
0.13076523561621625,0
0.22369729186394116,0
0.6656470673843833,1
0.015407199775441954,0
0.4363036487170108,0
0.792599279453108,0
0.40867987990287363,1
0.06727469041543216,0
0.2352655723663645,0
0.4665551801116143,0
0.5749431966981894,0
0.5843845694098471,0
0.8037062076362989,0
0.0786411488159596,0
0.07360059972465545,0
0.16607366890573602,0
0.20271933521178712,0
0.12176743438064394,0
0.05092458696312116,0
0.08973072626525026,0
0.4359597753874374,0
0.167551548536469,0
0.7552888897560986,1
0.001092959264976091,0
0.7551147842007612,0
0.05327298635379875,0
0.25515824580815033,0
0.16427312087872545,0
0.0008402298973739099,0
0.024288278148749554,0
0.6315833394139845,0
0.3253883261949402,1
0.3833349558224964,0
0.5101929006437232,0
0.0482023826484303,0
0.5484908702961497,0
0.0809990996662815,0
0.03798484261007205,0
0.08712258253728576,0
0.006920648986586092,0
0.008828955631817317,0
0.011271094983956747,0
0.20908646417481042,0
0.21657996344819455,0
0.028886336341070296,0
0.02988925967234661,0
0.01362531465000412,0
0.6277153159037798,0
0.6540708529617181,0
0.6818740737176475,1
0.0012556291104319772,0
0.7592079421922359,1
0.3257015539010304,0
0.6779344168961192,0
0.19106686778047033,0
0.4825985095747944,0
0.017551832045430114,0
0.8873056979846309,0
0.8753847084301054,1
0.33323160429640836,0
0.1200460235585333,0
0.062435907234091745,0
0.0022286406346807555,0
0.07734886633289245,0
0.11667844799803263,0
0.08314430313425511,0
0.07685725463689835,0
0.34945531783349865,0
0.34441437662280766,0
0.1614305900448538,0
0.4164235618640931,0
0.20514957305209142,0
0.5769683667485956,0
0.16686891330689793,0
0.4012831970833298,0
0.03301427335973111,0
0.021464731333272466,0
0.01836987977854207,0
0.3855415476166673,0
0.01558696030633835,0
0.28174313443803767,0
0.4408785779376911,0
0.10652334343908669,0
0.0012677675161747485,0
0.2374117657440016,1
0.045735737833827686,0
0.286352112362831,0
0.012542931421380823,0
0.13571472667738407,0
0.041105884432760156,0
0.1344614763885988,0
0.01262368513551215,0
0.2145046378508477,0
0.13672067699504176,0
0.5066222651507212,0
0.2682334818598341,0
0.0730877472309797,0
0.4760597107380599,1
0.00993605521160188,0
0.03046939559824203,0
0.003377667131199441,0
0.004949543225807711,0
0.11454905255499734,0
0.06700614075643233,0
0.22285567701509928,0
0.7437167298047613,1
0.06041397609109666,0
0.26814661442177495,0
0.00979373045842072,0
0.12902267161682632,0
0.2257162950563677,0
0.5921739850396323,1
0.0034943221151447035,0
0.8797550617651381,0
0.034494759289957315,0
0.05223321348678296,0
0.5853628334214633,0
0.08448577475474377,0
0.164161406492922,0
0.31994596247683654,0
0.053030413415568745,0
0.6079477530625814,0
0.37139414702658524,0
0.07267971145507361,0
0.4133651242223997,0
0.45903307650343594,0
0.47947132184576313,0
0.3523855819658939,0
0.061531184502641036,0
0.02064504908500615,0
0.08490126220468472,0
0.021336036526558882,0
0.007271894165907187,0
0.5532298988728449,0
0.16324632779630138,0
0.13330523961996124,0
0.1142654815634638,0
0.07052260360380039,0
0.06532610059440133,0
0.0008371118889040337,0
0.013621430288057993,0
0.00785055187214794,0
0.0019128829777576373,0
0.5026011505725989,0
0.7420089538330428,0
0.24269228846448967,0
0.0460702921233897,0
0.09784610847401698,0
0.057940067615936466,0
0.18563719233443757,0
0.05331409784285113,0
0.3102853002288769,0
0.07180339279645243,0
0.772110777027994,1
0.4726016438645839,0
0.05008871456806568,0
0.10076943944037181,0
0.14982488208778316,0
0.04024191582781734,0
0.002859986438809953,0
0.008655215326660375,0
0.0034885726432530182,0
0.038543450217682976,0
0.016983196551156567,0
0.039600771349761955,0
0.05687848881307939,0
0.06832877286782481,0
0.76795117475804,1
0.3591987951114189,0
0.019800981436722487,0
0.16237339848050666,0
0.10111766685209932,0
0.07324006154191297,0
0.0030304033414983657,0
0.17805448126488838,0
0.16728661393044614,0
0.05020494941211145,0
0.11515911587565004,0
0.6925032814037673,0
0.6437436823823209,0
0.04494758536658496,0
0.07678879840598667,0
0.0007669748827518548,0
0.10533790902119548,0
0.003278542254184871,0
0.10414351841666401,0
0.03807861679774016,0
0.009304022472906119,0
0.22808116247891896,0
0.1299984699652999,0
0.09864863947355927,0
0.6752991415741638,1
0.0024456345364458226,0
0.07334076270731335,0
0.04039465481343291,0
0.015017839643006386,0
0.019940186903421756,0
0.015655978598223975,0
0.421184819652379,0
0.06711432231874304,0
0.060899445750168445,0
0.03831594734825508,0
0.024293659590126974,0
0.2322757911012421,1
0.34457620925595117,0
0.04691129241628431,0
0.07780727272544032,0
0.010147278779959232,0
0.01630120543792023,0
0.15055202329083928,0
0.04919335607071787,0
0.13275394110364888,0
0.0002621022794795358,0
0.008996549943234308,0
0.37287367471322147,0
0.5165349833776928,0
0.05109774912605307,0
0.014727722429970317,0
0.024639909072891632,0
0.8985329005331649,1
0.0075176299526131364,0
0.04708721940467675,0
0.07486036111251795,0
0.0189188518858928,0
0.33533553484306483,0
0.029459356302067433,0
0.3474086532218951,0
0.19761007590812824,0
0.09607727705081881,0
0.0698891182132338,0
0.015106082373813117,0
0.0035205085192338134,0
0.010813020070429696,0
0.20690400203983236,0
0.10018922458330554,0
0.9661812242487773,0
0.009528010789479688,0
0.07587719031589746,0
0.018174354312919087,0
0.013470839228948836,0
0.2832079692681882,0
0.007174696716939576,0
0.019745327406594976,0
0.04506353693706647,0
0.3333778859489267,0
0.022119170151816376,0
0.5694482084263608,0
0.013454628043136452,0
0.039070454461765255,0
0.7231348622186418,1
0.004026855481991266,0
0.14349180765758168,0
0.016399563322276604,0
0.04469049267247972,0
0.19178334305116332,0
0.6421619847065387,0
0.05757564612559164,0
0.18450913749943185,0
0.025252209242856018,0
0.38323743311636327,1
0.09630486764009252,0
0.2995281968391674,0
0.0036496022001414616,0
0.084821293436897,0
0.05658386547514322,0
0.026254091255206488,0
0.2880848512447876,0
0.08677784304828394,0
0.06918695643752563,0
0.07328679212340876,0
0.5296323132272496,0
0.09455413109398529,0
0.25985932445293,0
0.013558132468776957,0
0.2440404548394193,0
0.009402446281467351,0
0.0016588586881793991,0
0.42590148509744097,0
0.97080533347305,1
0.6052763490491051,0
0.335904446183258,0
0.00740772657516314,0
0.01742629603957643,0
0.45596030442008045,0
0.1676977364017084,0
0.05102658481612203,0
0.334940506744482,0
0.17141598687044998,0
0.49724885734950036,0
0.02681635136091788,0
0.06069099574861806,0
0.5421625450814587,0
0.4821306960552714,0
0.006398678633415691,0
0.00680563781428687,0
0.3402677108577183,0
0.8438443963744914,1
0.18210290359315853,0
0.8398490059330898,1
0.09121757416281706,0
0.20657022212311454,0
0.04247082865343323,0
0.22096270023328715,0
0.26984102860925596,0
0.18387185423440555,0
0.0009011311985011266,0
0.39363761533583186,0
0.12419825764152309,0
0.33231351198008047,0
0.007011157713996674,0
0.13603524659050542,0
0.276117781935271,0
0.82478011839596,0
0.41063975164584404,0
0.2792030309786464,0
0.5777035082157952,0
0.03691923933432941,0
0.056346691807852026,0
0.11848522892608679,0
0.14967462854603378,0
0.05195604764554183,0
0.40697097678192107,0
0.022129228581829228,0
0.026741574527245862,0
0.403961766187358,0
0.6673270764667073,0
0.7808469988403336,1
0.34583356087816514,0
0.5368230183745826,0
0.8948672101354999,1
0.3961141381455532,0
0.02055680081809334,0
0.001208340983564087,0
0.1885542404832127,0
0.4238651619462438,0
0.6506234415043768,1
0.02976278088510237,0
0.023453550138640523,0
0.03168098094687397,0
0.12311653368919077,0
0.3540586294472341,0
0.8325409452477764,1
0.01598895877964373,0
0.10806058596410537,0
0.07817141331553892,0
0.0593279455039188,0
0.03557794307180628,0
0.20593549489756102,0
0.011760916621310657,0
0.3107123832497003,0
0.06329972778413297,0
0.025576983680815034,0
0.030544910866775066,0
0.0030429195696786543,0
0.05877874465599461,0
0.7798778088729401,0
0.01702982166719016,0
0.0009746906071783952,0
0.023077813534282537,0
0.10493224334767257,0
0.5370358085777304,0
0.47713422333834216,1
0.14772761560847864,0
0.1084421035962046,0
0.08725039375192606,0
0.0019350920422416054,0
0.13006538163310763,0
0.019115457884915293,0
0.26798657846986057,0
0.01007709291721006,0
0.4660494427763535,0
0.08799906540342436,0
0.6681844921668355,1
0.02022304445303737,0
0.011161497432547062,0
0.8061150332646029,0
0.29019545887791365,0
0.7283234659473472,0
0.2185294826018702,0
0.010959277886534495,0
0.0024552397637881648,0
0.00885671517761382,0
0.3722350344296605,0
0.10839372422390627,0
0.04787136146000843,0
0.6520322720948023,0
0.592691056939774,0
0.02291052917875379,0
0.452177163600235,0
0.1946240463114749,0
0.10050330104720014,0
0.21673258919963195,0
0.8419735918491743,0
0.06361492974257263,0
0.44998001465798027,0
0.16289007726616817,0
0.007014757884638618,0
0.3853392589738302,0
0.4712481893294231,0
0.1802649308252311,0
0.7431149041878302,0
0.6559925867210655,0
0.5461683455400171,0
0.009711266211102099,0
0.7235473780746138,0
0.08814251218937671,0
0.04415788095265308,0
0.007437121783497788,0
0.3198983312084711,0
0.023241664593498742,0
0.0026247285408094105,0
0.05721648956913082,0
0.007301242141188146,0
0.024104619836324195,0
0.26270187187608124,0
0.00210803393841081,0
0.002207011912804816,0
0.485887621959699,0
0.502941616076687,0
0.012916267063272492,0
0.15791242758870527,0
0.8114600409327448,0
0.030025037678931867,0
0.19384139718694865,0
0.13135363095604596,0
0.2628763520426885,0
0.8975420683641244,0
0.05516334116595971,0
0.006664884727451577,0
0.08917422563223636,0
0.036275858388648,0
0.0010873213017469723,0
0.0595813842582353,0
0.18927843617334672,0
0.24555230799093924,0
0.5412977391380049,1
0.2746455823948798,0
0.7567664413730487,0
0.27976270604327275,0
0.005849252985884091,0
0.867048917554796,1
0.7315322259783044,0
0.5754165413560204,1
0.004051406536609856,0
0.3501753248687276,0
0.267576304505606,1
0.7866600346657967,0
0.02559050084933572,0
0.45546708735452046,0
0.4576044045127461,0
0.37656694271825647,0
0.004735983120779091,0
0.03060910627511,0
0.31414771524293883,0
0.013343463850668605,0
0.8552759225887405,1
0.2085039555108525,0
0.3419924207042903,0
0.9379271531876431,0
0.402946240052094,1
0.14314129973008277,0
0.483199420139842,0
0.35175833480749813,0
0.37755440726162887,0
0.18981483497234217,0
0.43525472739520327,0
0.6675594376575735,0
0.015492810059249611,0
0.24577820192423905,0
0.14298832941077874,0
0.10707831019789185,0
0.6396425377270131,0
0.46905526362388644,0
0.13147685136313808,0
0.01537000583178933,0
0.044378546504654816,0
0.13109998154396654,0
0.20318202380716707,0
0.07357302025110674,0
0.07144667279043501,0
0.08036938607483182,0
0.03829637616763138,0
0.49390135834220134,0
0.022511921401654537,0
0.045881449705755195,0
0.10657593725184764,0
0.2714057397237854,0
0.016322702197964934,0
0.11438744958712856,0
0.8984085751885459,1
0.044062680430801825,0
0.04326803926345986,0
0.11670348597992138,0
0.055984749450104704,0
0.6197832896166238,0
0.4947784484102582,0
0.17214404779815484,0
0.3517964111058843,0
0.045440590832520375,0
0.49405381877731513,0
0.8234580439956892,0
0.963934012826282,1
0.21659688639945704,0
0.16078972889888712,0
0.13467722223682646,0
0.7322316420681186,0
0.08196325640389034,0
0.17827799181652987,0
0.15545170405105632,0
0.026142483389899662,0
0.3452828071759615,0
0.2819264388689593,0
0.4316259541054899,0
0.8418380305679299,1
0.3149032665004971,0
0.7233471118094356,0
0.7682594375314455,0
0.008730941966817871,0
0.011957808613421496,0
0.08469756253811284,0
0.01728682285436872,0
0.09658025198869037,0
0.01567187645732056,0
0.049889289919280586,0
0.37092598777838776,0
0.24132663806299284,0
0.2563642582481483,0
0.2569589045700699,0
0.10120856427066176,0
0.03679573496150839,0
0.028363716465143428,0
0.24957824032408946,0
0.7636525926318597,0
0.06688074041009422,0
0.3851305163181302,1
0.039065591911994,0
0.8325827059853624,1
0.039663262105824236,0
0.3224875968408852,0
0.03946011520199741,0
0.07875307733075038,0
0.00011941930701189777,0
0.09238401211994003,0
0.030544680568539227,0
0.018314341098466105,0
0.011087547025107997,0
0.2876595053611488,0
0.2836269907814547,0
0.21673938259163886,0
0.02408679344808692,0
0.04871378099578578,0
0.0030253979252260472,0
0.028273673583024496,0
0.3490905075558857,0
0.02433692904530115,0
0.07805086097402121,0
0.3290472085894376,0
0.08550668433985317,0
0.1953933040104204,0
0.020879701806659195,0
0.0767063028464155,0
0.1652711138236103,0
0.008453090704916554,0
0.7070705248398726,1
0.793269526043385,1
0.2192876529490869,0
0.051371411647974166,0
0.03933709686927359,0
0.3740998032878215,0
0.27871902910166846,0
0.0401378614092374,0
0.0983491450532394,0
0.2901556103094439,0
0.053524015792157424,0
0.9007274346467552,0
0.0008590451624510202,0
0.018339204886727398,0
0.4044100130198207,0
0.0361982068391968,0
0.014009039357517475,0
0.8917563911090076,1
0.0739293997149323,0
0.4684103820003267,0
0.24671349181090121,0
0.34796535993369065,0
0.015512062535367483,0
0.578371776006522,1
0.4553215944489381,0
0.2382479670474156,0
0.0032875696963371257,0
0.08503083588899638,0
0.6638369333614076,0
0.011225756736770133,0
0.043511060951189846,0
0.7533229231811138,0
0.005123559980919182,0
0.14940868387243264,0
0.0809702980886282,0
0.1673501153757231,0
0.22991014248519703,0
0.011171733676111973,0
0.11800447717097996,0
0.14651896728623137,0
0.09856224697042766,0
0.47138763829491265,0
0.2419482438360994,0
0.03047031211545622,0
0.04228040114970467,0
0.134272718945519,0
0.05558401091685769,0
0.14649821727253645,0
0.03756491473702654,0
0.7861168311873702,1
0.04844507855543283,0
0.0014523752853433881,0
0.05385613228564466,0
0.5984709524873354,0
0.03959634866459418,0
0.6422581568598831,0
0.38559233169006607,0
0.008891957522045697,0
0.8522600376338191,0
0.002677920343995559,0
0.9106799115600726,1
0.5078942844457511,1
0.0025699129211690787,0
0.16714443961104236,0
0.8496716343434476,1
0.7336616139621909,0
0.11129698983217413,0
0.5521219635365259,0
0.07900189100655594,0
0.17376447250301644,0
0.19296791974318273,0
0.0893864962155741,0
0.3241225732438966,0
0.9407572433939239,1
0.0450282385887344,0
0.3581436837130371,0
0.014868356505253985,0
0.07756629791383775,0
0.038461895046698384,0
0.12083283584492713,0
0.019449035010869767,0
0.552016529319407,0
0.7211281224134578,0
0.005653079424477338,0
0.037631935905653,0
0.3614385833579325,0
0.6473876533590461,0
0.5072155787028503,0
0.6543041211484192,0
0.0250437842527724,0
0.20144214991154213,0
0.7817950215142871,0
0.16696287233778284,0
0.063684146151225,0
0.04357218917886708,0
0.11344206151009818,0
0.05407120327656799,0
0.26873125759815314,0
0.012897330637000206,0
0.007563784960363192,0
0.11548631811280621,0
0.4047303207401654,0
0.19732803602111987,0
0.14275887802724116,0
0.05014792263591605,0
0.025439918349044247,0
0.7170785433126772,0
0.0356199826716146,0
0.015571072410998006,0
0.007455949481503244,0
0.07459972880493196,0
0.48596918735664046,0
0.48101941505290674,0
0.6282151820996644,1
0.661728161903051,0
0.027124555622420696,0
0.029114109055002786,0
0.23691713630592995,0
0.5741645329081408,0
0.07058064119227091,0
0.02253553142603895,0
0.103487849009506,0
0.06323795550238635,0
0.09476506557499868,0
0.12903498288947574,0
0.012016380859760431,0
0.3808017744642469,0
0.08866271974994559,0
0.021203538773432153,0
0.08977356203199295,0
0.6128576930668361,0
0.38035787698125034,1
0.009589870520587235,0
0.3220674347188808,0
0.9131814279646017,1
0.027914912579102044,0
0.015999767840458343,0
0.10962693707016657,0
0.5085994464324344,0
0.751031816617039,0
0.025084636285159802,0
0.12018230333051963,0
0.09074449213836275,0
0.18957323981594074,0
0.27079753491484676,0
0.020392501506307042,0
0.36657250070883496,0
0.047641190857044755,0
0.05643366612411231,0
0.0014181323697392775,0
0.014246159493931081,0
0.25362655670090883,0
0.7444601063499439,0
0.5752919785129281,1
0.27804544873957937,0
0.15218039862699695,1
0.7187494301844597,1
0.3542121837907071,0
0.007534433087836472,0
0.054546150237395556,0
0.035184596777536485,0
0.005814171181278806,0
0.07082614619430036,0
0.5052748984344189,0
0.0020627729739474063,0
0.07714735259376168,0
0.09400093923749547,0
0.0008280801141822754,0
0.16816744768502745,0
0.405749459798772,0
0.17041480703581005,0
0.4060253291451975,0
0.035497370534320574,0
0.10842570886424051,0
0.049850939690034776,0
0.36381464307563904,0
0.0018119711626418717,0
0.16376248374974628,0
0.176872959606759,0
0.7088661599153212,0
0.18510326556845627,0
0.8042863558249895,1
0.49771056750120807,0
0.44862142166042696,0
0.21655404433429096,0
0.2551587444108101,0
0.09107966683794375,0
0.11256176955605271,0
0.6617600365619072,0
0.07487881763407622,0
0.020261977677084476,0
0.04445994607573515,0
0.43679579088759724,0
0.06641975195832091,0
0.3388747973505051,0
0.05021796856404878,0
0.12766224514835622,0
0.03936233655127451,0
0.022437807512414854,0
0.14380209033731706,0
0.19074999077317306,0
0.6178337353075822,0
0.13464671543357856,0
0.012426947887724287,0
0.44130535871720394,0
0.09764002796670998,0
0.7381198486552016,1
0.0003774476501655412,0
0.2901146259661548,0
0.03844194508001336,0
0.7225665605938124,0
0.004236686959666653,0
0.24368445354418003,0
0.061174767835246176,0
0.18841649896963636,0
0.033560913417954585,0
0.015844440685514306,0
0.2989419368749439,0
0.05865252674800908,0
0.5076093450554846,0
0.5389343251267692,1
0.23322789179266037,0
0.732529228231846,0
0.08707957593736325,0
0.05184935066026801,0
0.20240877078493563,0
0.9070259965975257,0
0.1160710978425142,0
0.027699564472215034,0
0.5140130049405309,1
0.019195305906783592,0
0.011858663562517377,0
0.8895311372701081,0
0.09745338516535643,0
0.21147214827286215,0
0.0042603778977561005,0
0.3748271077701381,0
0.003805610015570022,0
0.012550569738950919,0
0.38498632165761804,0
0.0017104101458037633,0
0.005059730479287652,0
0.02815315293866532,0
0.4942334810546442,0
0.7892783557811752,0
0.1497975962809269,0
0.8915879296837437,0
0.7405221808755637,1
0.025493430094175786,0
0.13161176232915658,0
0.05541860443475873,0
0.19941121707805384,0
0.12059433782422653,0
0.003938048592650933,0
0.20445348744595865,1
0.1399311104042251,0
0.3381118089491001,0
0.04048572205437887,0
0.019890806566576675,0
0.0196651582656271,0
0.0629311338367742,0
0.8089167235034549,1
0.676027573415559,0
0.010509652244633579,0
0.0013920898880493784,0
0.696402498199949,0
0.09477770291240556,0
0.18892943572170917,0
0.12004375373216537,0
0.7903341116349737,0
0.5181174759073031,0
0.09810589397644834,0
0.1000794485692031,0
0.2318149959991618,0
0.02515582879838516,0
0.5598559023696036,0
0.4332624148108759,0
0.03215342332544566,0
0.06622154423429737,0
0.03124304733964853,0
0.06879901736985608,0
0.22082257560060317,0
0.058872238434584105,0
0.24248127433497932,0
0.4775738529925941,0
0.11098185030068813,0
0.17307144272321467,0
0.09218399373523045,0
0.49587715998482235,0
0.3974590826561535,0
0.013302810865304696,0
0.1460282613713613,0
0.044169084425390054,0
0.22096783617565285,0
0.30405300343613145,0
0.03231247956696705,0
0.45726506627388747,0
0.5144143831541704,1
0.03182120380273047,0
0.0647939727823996,0
0.18576328531749445,1
0.34178715019705613,0
0.20696310831021092,0
0.01701827720192188,0
0.2822329530767367,0
0.824317144317603,1
0.08083217109037881,0
0.6307216509246016,0
0.004404360011645688,0
0.04356663454778035,0
0.233967501052796,0
0.11350263120085212,0
0.19829291664849727,0
0.5096612873380127,0
0.7796332119497033,0
0.6811672766774745,0
0.3800938235217148,0
0.08926964933193395,0
0.018169451003038274,0
0.006073809527835377,0
0.8251151549061513,0
0.3984445933725007,1
0.34227256870121087,0
0.0005753861847053056,0
0.04126312812006483,0
0.5030557478329646,1
0.6113250707267588,0
0.11752792426333289,0
0.14908706734330368,0
0.12716945147341904,0
0.0714726677136561,0
0.3754143207822573,0
0.8349621961510373,0
0.0027067316514113975,0
0.0023188537016131236,0
0.00801277985784448,0
0.10833847743460397,0
0.15949302471319957,0
0.37708201693707266,0
0.1685841313620746,0
0.07975093627024162,0
0.08855216690530258,0
0.0031423832303031827,0
0.8570285438635619,1
0.31795048390695896,0
0.09218758821861497,0
0.09747401159053774,0
0.02417139230927485,0
0.0635870469757232,0
0.0674374522603814,0
0.019644292030420347,0
0.03369925045890289,0
0.3248058482106149,1
0.5212815780201195,0
0.35458131072679905,0
0.016904558214549555,0
0.005098852040415002,0
0.07442841037175965,0
0.025952590638839312,0
0.6203563611770027,0
0.0004405610530105676,0
0.16091012239373734,0
0.2542132086077297,0
0.12188811598781432,0
0.18210235218736323,0
0.6522642470152012,0
0.4696675601506658,0
0.09059540047665895,0
0.027043849590606784,0
0.2848969499492188,0
0.5365790294401087,0
0.6953695158166289,0
0.5520876018402672,0
0.14134013936257256,0
0.9340120490269498,1
0.043161069282082035,0
0.016942173029873157,0
0.2149755385773217,0
0.012336595597411015,0
0.44366291560077664,0
0.4974893984103409,0
0.6250173809016584,0
0.02629321553433232,0
0.011301512619607691,0
0.012686880776076536,0
0.10767735899918096,0
0.5817439651741187,0
0.10927806760597736,0
0.0007646416686674918,0
0.3076235965137518,0
0.3710776510836034,0
0.14407139195415852,0
0.5877815471147286,0
0.03280716213895728,0
0.059822750320453665,0
0.013479423015425734,0
0.49665654575418133,0
0.6177613365410515,0
0.0031423553847932666,0
0.05172040614428133,0
0.27400690868856536,0
0.5715759025620284,0
0.49601505089565723,0
0.04801944093079365,0
0.19503897987660518,0
0.8745082877938195,0
0.29326622274679276,0
0.8224821687478698,0
0.11019732477237969,0
0.2950384787637041,1
0.8338376894416861,1
0.7278820044251868,0
0.839829523183757,0
0.1765477707935146,0
0.827126088197968,0
0.5916698469514194,0
0.6037194078848744,0
0.14831362560337671,0
0.11139387749272246,0
0.23352339123425814,0
0.22206926394529158,0
0.005012219761398447,0
0.17553074468566565,0
0.0884899927559348,0
0.022351278367101154,0
0.7571721844755154,1
0.18723080162842096,0
0.22854569444803144,0
0.0017713868012358817,0
0.026540943116897725,0
0.44448165132414696,0
0.07574901746647704,0
0.18827856846441393,0
0.3504603367335784,0
0.2944309238819204,0
0.006419266022646041,0
0.08419680868256094,0
0.11319314757476182,0
0.26328770290915454,0
0.07037080984242237,0
0.22805036668373355,0
0.020902794480969683,0
0.23304841248627572,0
0.32037672134103984,1
0.05784925054875066,0
0.057148687913762146,0
0.5752075210170604,0
0.11286239480984593,0
0.02544254633799572,0
0.1248713673810571,1
0.25436701729725886,0
0.8613332402168826,1
0.005936294139382186,0
0.030805346979442982,0
0.011460600109057568,0
0.7674827452532514,0
0.07591281029020457,0
0.017674213018609802,0
0.12659232570847045,0
0.061201013775932914,0
0.02511044889501582,0
0.3471233831630768,0
0.0011767172662787892,0
0.01186758446320234,0
0.15068621030019125,0
0.032383334464191164,0
0.052740443912529376,0
0.006557470036092211,0
0.003945328235898538,0
0.5364901110095945,1
0.6665012143428356,0
0.05677770698829034,0
0.14171793512300618,0
0.11498800986173413,0
0.3165150371470259,0
0.06742343370862834,0
0.44392916415653694,0
0.42028193852101087,0
0.013562432390105171,0
0.0005832705982815986,0
0.890482859474174,0
0.14654492758151189,0
0.12506305535866377,0
0.028255475864799297,0
0.010612498753535177,0
0.07024523152954107,0
0.029517377128321344,0
0.11324319845923193,0
0.06752535938400776,0
0.010564579967257228,0
0.007604782274429993,0
0.08454023737008674,0
0.009950776664674619,0
0.27610529579108206,0
0.17640737907459222,0
0.1374234749113044,0
0.3974609642133328,0
0.009806229219007192,0
0.01204610074863713,0
0.1470942589743259,0
0.021427337518313005,0
0.09267614423696674,0
0.3893900602962973,0
0.007280802156061221,0
0.43692553065546696,0
0.46937730473532446,0
0.10823868379207946,0
0.870322078089863,1
0.012125527866847516,0
0.006621900210282509,0
0.09285772580956304,0
0.6008197271049883,0
0.06850159911956617,0
0.9224057735813702,1
0.03324764712813186,0
0.12673083370511104,0
0.017383022020011855,0
0.6819386797758914,0
0.6175043269178814,1
0.05479730393637778,0
0.678633872619924,0
0.031507932645746646,0
0.002669870283324345,0
0.3369663898654035,0
0.3012773013387811,0
0.08259815229072694,0
0.3448037265165212,0
0.010613110754670524,0
0.029859204450789316,0
0.05764542038215324,0
0.05276258250352612,0
0.06422539612185663,0
0.8917296596192845,1
0.30441367735865127,0
0.02886578882099664,0
0.23485688779627364,0
0.05628154928996058,0
0.448106765450574,1
0.19125712090519634,0
0.4589467953845784,0
0.27599274357934195,0
0.0710737310022662,0
0.04237019067277276,0
0.6155170982480825,0
0.04357512824699796,0
0.05412225153748704,0
0.03649156093721425,0
0.3457441901787611,0
0.011081998506596106,0
0.7669011160124913,1
0.003647664178408436,0
0.6188837101051973,0
0.027933350700333523,0
0.04203771613845799,0
0.007953136932441842,0
0.07465569180283851,0
0.3456539343741867,0
0.06805989587124421,0
0.809541550958333,0
0.6152092504250333,0
0.05444512210883365,0
0.5587521343479404,0
0.002790819714747968,0
0.25364387169400426,0
0.051925811578729456,0
0.7248549700696513,1
0.17905371874336376,0
0.02336196019383628,0
0.021821263334869903,0
0.13778538925625097,0
0.14627749157015627,0
0.7829941436587327,1
0.5164825511926576,0
0.6034326770866232,0
0.04354087191184362,0
0.1280971404051022,0
0.15151643773368384,0
0.033197010963381325,0
0.1955653208016018,0
0.20724755385957494,0
0.7167718220500415,1
0.05826434791155385,0
0.02780989092619961,0
0.056158755610780584,0
0.034937250744016865,0
0.009175793859600878,0
0.025997427826392187,0
0.017359648150343732,0
0.9327129476120185,1
0.10579607945509248,0
0.025568524892189734,0
0.814613882964558,1
0.5359647043470099,1
0.6513282046292636,0
0.09550506779153782,0
0.037485077525052084,0
0.35877920864102486,0
0.4951608927156842,1
0.03482182595694016,0
0.24794402196527363,0
0.008127916228404137,0
0.005587827396680683,0
0.006021364159127105,0
0.02993756270616291,0
0.045263772576139054,0
0.12631639535407832,0
0.008071529642305753,0
0.4523695720558646,0
0.05800985607353421,0
0.05936631803741456,0
0.4160828245576047,0
0.006255126791474511,0
0.07597103669370127,0
0.007216243572582722,0
0.8379016955850425,0
0.10905112595718573,0
0.1667399850923105,0
0.6957907015302026,0
0.039558272473986904,0
0.5799346103124293,0
0.014470987824623123,0
0.01783072598350721,0
0.20279126820628715,0
0.023011929799205667,0
0.5526978118734027,0
0.039877097912111685,0
0.3749405314006115,0
0.009708160204871419,0
0.3596205271627033,0
0.3531499595509062,0
0.3037074753594846,0
0.03693443786484219,0
0.104067490887618,0
0.03373138586146954,0
0.25113743387432114,0
0.1674924563702461,0
0.7315484769743129,1
0.14769669730287535,0
0.08055976001941081,0
0.01063759585873326,0
0.0038524673459312433,0
0.029929259997816017,0
0.011949565821889479,0
0.045582734052388926,0
0.0006892163346449093,0
0.08793452546736298,0
0.6011928887272019,0
0.06370536764851543,0
0.43916643857843723,0
0.13421407721438425,0
0.006440199104024409,0
0.56857134441387,0
0.07451464014163345,0
0.16384945263874223,0
0.3484097056737371,0
0.009552396821792535,0
0.19250330938509544,0
0.6163934532158316,0
0.09037879579113545,0
0.29496554461442315,0
0.030681517965505434,0
0.38011085560200963,0
0.05826449138620898,0
0.015036231675172679,0
0.1350945732214926,0
0.673098467316457,1
0.07164869971933817,0
0.12441557141393267,0
0.6891713793453484,0
0.013921377664559588,0
0.014990173402730457,0
0.11498131291643136,0
0.07607930941851032,0
0.04042322916137281,0
0.6803556743754393,0
0.012914122189470537,0
0.01995610438304193,0
0.7894292794804665,1
0.1809903097780364,0
0.0003375845676021593,0
0.05439426059762804,0
0.4586116852063935,0
0.7662331944450111,0
0.058244434522507244,0
0.012183329573080581,0
0.5740460580509908,0
0.09374607429751619,0
0.12074798851289129,0
0.08361891738859355,0
0.34756443496338063,0
0.08459086359608647,0
0.3450260198302457,0
0.681499439162281,1
0.618179543990834,0
0.4103026306444368,0
0.006298932827942736,0
0.035741344152547275,0
0.054031047149654746,0
0.0010393744998543335,0
0.01760157910236374,0
0.008076919052113496,0
0.5526600185432862,0
0.7518428477846664,0
0.7399808309831543,1
0.14535753502081755,0
0.027245097229410365,0
0.07308883130571897,0
0.020133893779957442,0
0.3317234466446768,0
0.36780734071126375,0
0.17406639465430365,0
0.0038135318995822947,0
0.03415328265447082,0
0.10014502681021067,0
0.06451265310030135,0
0.03921449116917288,0
0.1638439636793698,0
0.04915138670232597,0
0.012095738252010482,0
0.016730432400475212,0
0.8584568760138797,0
0.3757999596494205,0
0.07041795527274178,0
0.3347103231438657,0
0.11650847607679853,0
0.3576494096428584,1
0.02975046708613634,0
0.3281620923158688,0
0.16196510032144595,0
0.13290702039090613,0
0.11089617073712865,0
0.015489453430546751,0
0.32038162004504595,0
0.1438824419099837,0
0.10844425238740474,0
0.01835469979879538,0
0.023242900957742427,0
0.21975929758128135,0
0.09944319895774885,0
0.023973485091870427,0
0.00468566914777339,0
0.45624154269881384,0
0.51089529176441,1
0.09756982657427324,0
0.013936802351616172,0
0.4820316421255067,0
0.30556357126812433,0
0.19829900829693534,0
0.19732125298058964,0
0.6400116574611937,1
0.043048669086374884,0
0.003829546487202164,0
0.12263651230245312,0
0.0015667952154366119,0
0.046018571772989125,0
0.8731306371318951,1
0.8697462574533839,1
0.24376098143389055,0
0.030071295116896067,0
0.3117968446605509,0
0.09582769405631691,0
0.14607940193399338,0
0.5725601722132563,0
0.05141812495363206,0
0.004884916237153643,0
0.10552108634513446,0
0.05192939073908148,0
0.06796428154316088,0
0.025385623226797303,0
0.012005248688109772,0
0.8361956999591403,0
0.02572685369550393,0
0.9318083040258496,1
0.27747422147486583,0
0.2653957462115953,0
0.01729061891739488,0
0.7327950858732181,0
0.7616747457049314,1
0.02067503539885576,0
0.873678555871853,1
0.11107419822578217,0
0.0029254020941582187,0
0.5011759387202298,0
0.000781376645422467,0
0.00020673161875659228,0
0.18260460662078487,0
0.029107663847410016,0
0.17986814171272839,0
0.08190306226063916,0
0.11047188302396503,0
0.6917347193230831,0
0.21685577246940718,0
0.0036559161562030305,0
0.017486048644095913,0
0.2569878122864749,0
0.06792100343842938,0
0.0018547732933102043,0
0.017105950806932915,0
0.3470885612010556,0
0.04158906140511511,0
0.005285400001552094,0
0.017890301480506715,0
0.6328005258700803,0
0.022045698551311454,0
0.025931061245733238,0
0.09515953871219222,0
0.011517220034960002,0
0.4464725594114447,0
0.2566602384055225,0
0.08032211939757092,0
0.5541425469693939,0
0.028306325826833362,0
0.541644372088996,0
0.3292168064357282,0
0.33132997672163106,0
0.32064798859733523,0
0.026987185813955553,0
0.18882199536700217,0
0.3752030280224177,0
0.8427866866522425,1
0.20543847004037316,0
0.03230652620444319,0
0.03532446469999291,0
0.04249779313465374,0
0.11083862567572096,0
0.008834563471194233,0
0.354112780654994,0
0.06861646921193196,0
0.1541120435226179,0
0.2977307877715327,0
0.004476440895990186,0
0.12646830444344703,0
0.06436260311155079,0
0.05612114542382158,0
0.009950896790898972,0
0.13095751183079019,0
0.013616327603325278,0
0.3444033173503461,0
0.2690867929293949,0
0.009514789772733487,0
0.6937573978397047,1
0.6363960363689036,0
0.07379676762625126,0
0.12205631143701498,0
0.2855510239086486,0
0.11112827537629141,0
0.8326228128359677,0
0.13463866878459804,0
0.7620281372771226,1
0.5183715004750381,0
0.027676974831956556,0
0.06735307504062077,0
0.022392517376565273,0
0.011017225795708227,0
0.03239585223841133,0
0.0370677272197274,0
0.007972216091224353,0
0.37927103718604577,0
0.0897859142709574,0
0.08272844826723946,0
0.4634303630612476,0
0.13994220921947448,0
0.03094662661777659,0
0.13988096962231186,1
0.07953863272046861,0
0.06662171567774768,0
0.007691255516953367,0
0.36092467994191535,0
0.6024490501277601,0
0.03440144252573031,0
0.6412373489826881,0
0.05276215371398107,0
0.08902092709646904,0
0.17808495240657451,0
0.006900464122090412,0
0.23242861177879026,0
0.25264789937439197,0
0.20703218066482437,0
0.18924713701471624,0
0.04118966492781918,0
0.06034647158166435,0
0.38861504729931595,0
0.17076562622839508,0
0.06909190103521744,0
0.7738689533221476,0
0.5011249208531899,1
0.19727656173737143,0
0.39703812359910745,0
0.1660910911018605,0
0.608921833535683,0
0.06596548548344819,0
0.0005497833151271199,0
0.003554381058984394,0
0.021681438076433895,0
0.3698431639291177,0
0.0015560210090150085,0
0.13142430476403075,0
0.004292242787237841,0
0.029296157100053778,0
0.0016015910647054741,0
0.2187742516709966,0
0.6137833375186457,0
0.10211964312017707,0
0.004972000911964123,0
0.03784787792548188,0
0.000949721054712419,0
0.034489951402636956,0
0.012767263675199722,0
0.012412023043958609,0
0.001678167853653529,0
0.004351521924640284,0
0.6078323842601666,1
0.02406685317793851,0
0.1701997702181824,0
0.04215992334248121,0
0.4056403920699279,0
0.14081321693030466,0
0.6258182947970229,0
0.22026813841173232,0
0.29655292531845867,0
0.44659782449842456,0
0.18501664012536836,0
0.1995694139921817,0
0.006845736653045768,0
0.08603007421181759,0
0.533636228530995,0
0.053794857951350444,0
0.37682509151304266,0
0.020113813566957708,0
0.0245925727749906,0
0.009386403923995725,0
0.0019667297483038112,0
0.8482783967067696,1
0.12894902619404108,0
0.13145185733794015,0
0.052163392853952384,0
0.003072992435496727,0
0.04934197114604038,0
0.004604075893757915,0
0.017041423332328113,0
0.08350338050223127,0
0.14899855527269248,0
0.1842725186473219,0
0.15420409079427216,0
0.13181490966834236,0
0.09262993791805939,0
0.06520203614494456,0
0.06551524863519034,0
0.37200383784346,0
0.36364265185838834,0
0.3591937208211217,0
0.7913759525739221,0
0.37140358046077665,0
0.16744017970477304,0
0.020828930943549904,0
0.017774562816561347,0
0.15673222367732806,0
0.02903569017061539,0
0.6014336745895231,0
0.8816724788347888,1
0.05054185440131139,0
0.0169342096756488,0
0.2725081671080085,0
0.07872449324713064,0
0.13257548075251213,0
0.5374059648061352,0
0.4429070260916671,0
0.2521760815722087,0
0.003974184442429501,0
0.19823403620538577,0
0.5947053677561974,0
0.9524378362639057,1
0.07196420307890439,0
0.5987160341249408,0
0.03476350849372028,0
0.3298026160703936,0
0.19641096408572126,0
0.2372500778496297,0
0.0006273032863374805,0
0.622106089815264,1
0.001568757394564705,0
0.1278983995580297,0
0.5242352473014451,0
0.7128371972321704,0
0.08879732973038024,0
0.22681337258292172,0
0.15985294087507657,0
0.2397676675955554,0
0.03577482492969364,0
0.21580290009760444,0
0.13696680679919523,0
0.0524978273924517,0
0.030799160255844726,0
0.6163320886239865,0
0.1123421281224545,0
0.2483021313409613,0
0.1851308376968746,0
0.3552358918184052,0
0.8299676066683456,1
0.026723978186748973,0
0.15237453204142898,0
0.17674965324645603,0
0.9036226218873993,1
0.5314206547962005,0
0.6515557271078972,0
0.010629716503126333,0
0.41675297858254245,0
0.0031378267297777706,0
0.20786853551829737,0
0.713508043307624,0
0.003033178550438675,0
0.35412779370050523,0
0.949316054821249,0
0.037050918261008446,0
0.02566364290152621,0
0.09879874438267754,0
0.13527724375134303,0
0.02655824403691214,0
0.0040355547224477616,0
0.02020146383478071,0
0.31098776041094217,0
0.2122507747920016,0
0.041906222873827934,0
0.005173515329449224,0
0.0805872460597262,0
0.2047981651339651,0
0.8563869167380612,1
0.01358687731133046,0
0.03557153386319751,0
0.033154111265751546,0
0.07790994358987938,0
0.5437131950372317,1
0.07899412297042675,0
0.7404704355631646,0
0.023867949068976643,0
0.42897642410848086,0
0.06080947695045691,0
0.3778680964188879,0
0.4217176161653974,0
0.04739406332733234,0
0.03450318735910621,0
0.01748139201809048,0
0.40738868408216644,0
0.030592390954776085,0
0.20922758772872627,0
0.10838753889176901,0
0.04983214273794259,0
0.027883870755139765,0
0.27771428806255655,0
0.9507599358334908,1
0.014532002138923342,0
0.052877931604982255,0
0.04279729159860517,0
0.06638593491777925,0
0.05051734882331146,0
0.5717971387125121,0
0.25877187608332464,0
0.22727900843391316,0
0.06924751106337008,0
0.022205690360741024,0
0.23989477148720947,0
0.7739618410166706,0
0.21648355594612767,0
0.007524768234654693,0
0.3369208111326207,0
0.5497222119817393,0
0.05945511678086643,0
0.2729983209662065,0
0.0050744788136699295,0
0.040064991228431664,0
0.004358932747227334,0
0.02052933781019762,0
0.7037775582322051,0
0.20460253723116034,0
0.051030775072769624,0
0.0326464692402861,0
0.013183653948494382,0
0.31057115780257444,0
0.05464367524179596,0
0.29513318535464833,0
0.2323382185460526,0
0.06325374913775599,0
0.3682237617256786,0
0.40112689146737135,0
0.2830047368366408,0
0.028687626140130942,0
0.6694691029511181,1
0.01222399506348561,0
0.11611376040825996,0
0.17261725897618427,0
0.7188822234071878,1
0.0077921536601151375,0
0.057640611838376925,0
0.06064086304460898,0
0.007735540329604085,0
0.2748458945060106,0
0.9311047413121999,1
0.025274192317718658,0
0.20377127670540907,0
0.1240448046702964,0
0.49722765511286005,0
0.36263819810209413,0
0.11491871899255053,0
0.8950426475298733,1
0.021267100457622885,0
0.9050390552786103,0
0.001101284090226492,0
0.18931988217529222,0
0.0355963862067354,0
0.4294850128145037,0
0.025677114414220714,0
0.1643396785485368,0
0.8451626557458529,1
0.00403139737712635,0
0.10138318305583553,0
0.028267736844772597,0
0.1600029321341924,0
0.624438642067633,1
0.021479972135945366,0
0.7254672319899932,0
0.0021749550064355454,0
0.11510992205675533,0
0.4043381071516353,0
0.3492355335904524,0
0.054189566573881055,0
0.1940017661834244,0
0.0012455025649550963,0
0.35200116837069806,0
0.8558407599681017,1
0.04048045279584252,0
0.06901836202258492,0
0.0013110901512596235,0
0.015370869627149862,0
0.06909911493100258,0
0.03610349737451335,0
0.16974000113006607,0
0.11961364301664766,0
0.0043817092744599506,0
0.00656883791280419,0
0.08300815713831995,0
0.6272929594396839,0
0.7196024735559367,0
0.1135750242953716,0
0.6578953339726182,0
0.06279022564897317,0
0.03503167172464397,0
0.06616850540485392,0
0.5305027509968243,0
0.5041948710390931,0
0.032515209441578055,0
0.28105909912616767,0
0.07761529925014185,0
0.7047519581169318,1
0.03140599024914042,0
0.7457805870020188,0
0.44904672060437095,0
0.007137116991857414,0
0.000224020528843726,0
0.01797190049281594,0
0.6505935369718604,0
0.12434522712399422,0
0.006800734223341658,0
0.0013650332417941803,0
0.05599300639309024,0
0.6858690129414734,0
0.3875956810316898,0
0.19411899290210557,0
0.036867159740834154,0
0.005231687177013849,0
0.16882013016082464,0
0.05374066090542339,0
0.28161377717987307,0
0.1164688574372985,0
0.06041021888766261,0
0.033652384067022666,0
0.015476091854544289,0
0.06484672122917513,0
0.010753663635418657,0
0.14026167647462406,0
0.35820481160157996,0
0.08056555473491168,0
0.2483227230970957,0
0.03279144585963833,0
0.18366820877444745,0
0.6926816186753583,1
0.10571677795155913,0
0.09166329862736765,0
0.017127839639315735,0
0.03833001067169753,0
0.11063810069837775,0
0.01777212197901041,0
0.27335607808606055,0
0.2915429261928094,0
0.399681665616408,0
0.43380653826780224,0
0.19405969679042073,0
0.10345510426039879,0
0.4648263188687227,0
0.1150585853246616,0
0.06270524527096931,0
0.685104081594361,1
0.0017891270902529411,0
0.5226776745594403,0
0.05903797892479968,0
0.08632957854790389,0
0.18656500446376917,0
0.04404686870336919,0
0.758117765187659,0
0.030504570639716115,0
0.40318866947607807,0
0.0016605465561130705,0
0.009568958771158025,0
0.3851967142044971,0
0.05267024119179579,0
0.4861047094556341,1
0.7834860901933054,0
0.358755739021799,0
0.008507749422228443,0
0.17194212578047882,0
0.0012505779855530815,0
0.05099881784061507,0
0.11285485663348865,0
0.31824441961483896,0
0.19345391157092942,0
0.006110062157711219,0
0.0606774763976359,0
0.006567004805020943,0
0.4088112632190776,0
0.7500481339159127,0
0.49659586897559915,1
0.011927421110202202,0
0.10916389934605811,0
0.012354040693548651,0
0.0055964163248569745,0
0.010434888650147958,0
0.005131876735531689,0
0.12341750659252972,0
0.37474236260060007,0
0.5597974794646154,1
0.16470944865510087,0
0.16235516975612116,0
0.338033550974083,1
0.32748765967716376,0
0.4132353884565783,0
0.1527150539650606,0
0.15157049416055773,0
0.14965410264339427,0
0.011597125332885134,0
0.09405605143113097,0
0.6748641746221794,0
0.01117659631759733,0
0.0035273908950054656,0
0.47331623152798713,0
0.6821504086947998,0
0.3727529360084591,0
0.17254842738231782,0
0.20431171489157618,0
0.8102982924850848,1
0.07994917614833462,0
0.14059685287878182,0
0.004026026213892922,0
0.4854515000959817,0
0.004674188880821756,0
0.23020927756776544,0
0.024606577276072086,0
0.15647962836075888,0
0.2273526980015778,0
0.1740602809423002,0
0.10485278483464873,0
0.1420500608886023,0
0.09757203328320276,0
0.06244402530713315,0
0.7140248667865907,1
0.01797840234384803,0
0.2679694005864973,0
0.7404140000222684,0
0.0057912427262155446,0
0.7691129581254009,1
0.4474874682541399,0
0.00999178186786929,0
0.010048505611493752,0
0.1518257194459994,0
0.4074931639682386,0
0.2054406282873774,0
0.08546756746961487,0
0.08919059445345708,0
0.2935963758419906,0
0.35015553668291644,0
0.07331819947819138,0
0.07970811487154293,0
0.0008829194089912128,0
0.2278029121170704,0
0.04380363591551137,0
0.7226417334222491,0
0.709425332883484,1
0.18788510568636263,0
0.576580384508367,1
0.6334611599113552,1
0.03298081032118056,0
0.048175886569668966,0
0.26508762544995196,0
0.11181950380230017,0
0.10092256855381655,0
0.0132312065473927,0
0.02830405982657844,0
0.09776638542627301,0
0.011170411312531174,0
0.17053877272377288,0
0.007003897389419112,0
0.11067523883632517,0
0.05376429853724021,0
0.6355506504393509,0
0.3659458163986608,0
0.1046413687605681,0
0.1092329125096473,0
0.07885670162996064,0
0.058229922293361665,0
0.002435073256288663,0
0.0884533344469896,0
0.01554453052843803,0
0.003222476680174122,0
0.8639446846827648,1
0.15579420696615492,0
0.06414540168048057,0
0.3074408637123386,0
0.003113485178003902,0
0.8493729715872382,0
0.30088537971597895,0
0.09827350616831489,0
0.004996743670236215,0
0.36339483815657575,0
0.07046898506932145,0
0.2553287851276696,0
0.03331136448393453,0
0.1919013570243042,0
0.635841303076812,0
0.10793060990129047,0
0.005203022105818913,0
0.026338749701222432,0
0.04195090943704594,0
0.7013847187042554,0
0.14293175908813588,0
0.4288507631983587,0
0.09011684601628937,0
0.4726408246162461,0
0.028322118608582324,0
0.00031368919722455995,0
0.02490379114194621,0
0.05231190185553357,0
0.003998079012450256,0
0.04112405149956794,0
0.030790565006576134,0
0.05197928907189372,0
0.12713720940890372,0
0.074130992458786,0
0.004113553261863713,0
0.010706119388038941,0
0.3590027811377762,0
0.11343654485881623,0
0.05111571833670168,0
0.07702358365740976,0
0.18397431096510594,0
0.021867933326059137,0
0.1985643394440085,1
0.42681036317233206,0
0.01597289753109923,0
0.022692017130598565,0
0.4161066671903384,0
0.00933780508435301,0
0.05833760764196596,0
0.07028917392711889,0
0.005353209398820344,0
0.08266417952826227,0
0.22362265849924864,0
0.27227726276512954,0
0.05436266406066499,0
0.10001843986699986,0
0.0074047963684411855,0
0.060157509192850435,0
0.015543193901699967,0
0.007722904134960721,0
0.14714885359443267,0
0.09458315906370462,0
0.001913304147468008,0
0.15143807026925557,0
0.27740074139643744,0
0.07130532182964097,0
0.017815879415118863,0
0.38903971009304855,0
0.022547937609788838,0
0.7221767846227819,0
0.0693468607836206,0
0.7755189974009385,0
0.32508943049282824,0
0.8176294568483856,0
0.10700276032790498,0
0.09001882986799542,0
0.07593565363185126,0
0.529801857878301,1
0.006616256093461612,0
0.007274891923102015,0
0.18780844556571027,0
0.014790654230393928,0
0.04068609812548713,0
0.25394453914365,0
0.36203452604354347,0
0.004022021997646586,0
0.2937936866952158,0
0.007385345622787801,0
0.2394274371567228,0
0.2561258705449683,0
0.7774263988919832,1
0.8774666447410078,0
0.4578817515678433,0
0.02364469292611858,0
0.10102185620127693,0
0.3693970366071835,0
0.0010676132091378793,0
0.0064106774495171605,0
0.24994645813553487,0
0.19620173072790872,0
0.02270037746032715,0
0.5654533599830539,0
0.47500922205943863,0
0.027467256165160037,0
0.07354085731880132,0
0.07566616064489792,0
0.15229306829287975,0
0.011359905902677585,0
0.09396970123857559,0
0.44647755495446545,0
0.029244078224750177,0
0.381332269456507,0
0.765064690349353,0
0.2499514156989819,0
0.5649441021513395,0
0.029675122874770653,0
0.09234634597436717,0
0.5964265692773199,1
0.01126247386969253,0
0.10176861488848175,0
0.5466662945765285,1
0.19734847364817054,0
0.5234533166472061,0
0.032654024752133505,0
0.25971252664927563,1
0.14010009925982655,0
0.018326186907457534,0
0.009814658131410072,0
0.007917194033797132,0
0.19669062824859274,0
0.18569910135381837,0
0.01860078842162899,0
0.4161883371217666,0
0.13537630996952005,0
0.08008528625801152,0
0.6882103216596465,1
0.01706934534612591,0
0.012870083190932496,0
0.4556105096833441,0
0.30020524862534775,0
0.16933956337763678,0
0.19906688876476972,0
0.01427139379351312,0
0.0010813787622209478,0
0.15821033046016833,0
0.6869968138843159,0
0.02784691896512944,0
0.00716848467592592,0
0.015411529751623783,0
0.14070358622290594,0
0.773285696455244,1
0.05380567813423041,0
0.15240743687635036,0
0.002510388330570435,0
0.21242543298290265,0
0.17351184885900425,0
0.2572679845070138,1
0.009365116082627668,0
0.1292264271273016,0
0.006327858757298232,0
0.07896147171174318,0
0.12390350344659905,0
0.024446235450906705,0
0.49474249897367667,1
0.11162068544655844,0
0.21449340081072776,0
0.0015130479060696854,0
0.10379031050921085,0
0.47926595155192075,1
0.24832063589243952,0
0.7820123368230347,1
0.14939538086498577,0
0.011217139656900136,0
0.09652847056629416,0
0.10986876237535455,0
0.00829217051937023,0
0.1980816455851097,1
0.05511607667786948,0
0.49170971434045596,0
0.19999420385273725,0
0.02343056611584479,0
0.35123780859941856,0
0.01813579686064837,0
0.6953015493192433,1
0.013261046407386564,0
0.1972186423352562,1
0.03268830788419245,0
0.13093399217312646,0
0.05332708009046432,0
0.47867784570885413,0
0.10518361037557944,0
0.0019870959865128713,0
0.02806333331764392,0
0.06717053407410305,0
0.007499410728632687,0
0.036794956838157644,0
0.005910456231688312,0
0.24160872208982817,0
0.10598093839253363,0
0.39965865561183833,0
0.11772244931562127,0
0.13310868424581357,0
0.06288319457230902,0
0.7002915304793412,0
0.2329129484675475,0
0.06823713915867542,0
0.09269621864080159,0
0.4180591948749184,0
0.12488068138674856,0
0.4144334121943331,0
0.20230082644230032,1
0.3144431934037284,0
0.016842510971509322,0
0.42998988030841806,0
0.5937201520372957,1
0.11785322963702884,0
0.1603649988123085,0
0.11123141426288942,0
0.49448965735050715,0
0.2209563699184356,0
0.02666008557871529,0
0.6045956228619636,0
0.0017662150106174835,0
0.03958059494315715,0
0.33606810116447544,0
0.7722079482982971,0
0.16181666916292764,0
0.2500387930451321,1
0.07997093406265875,0
0.05928745287711411,0
0.2860681909206847,0
0.12015061699777044,0
0.07515361755273482,0
0.032995785551329995,0
0.12623143020432198,0
0.030785993719539904,0
0.16591248841551226,0
0.06298202283475535,0
0.17178281627360553,0
0.08023607815104775,0
0.19045944563158887,0
0.30123079016463067,0
0.05315518729970321,0
0.6805852066068713,0
0.1732399294145006,0
0.019794109513441904,0
0.7045883947066871,0
0.07643534011820517,0
0.1538680515452337,0
0.6849834792592318,0
0.006939910419190977,0
0.07563358180749735,0
0.031817654328821034,0
0.12600527062862196,0
0.12669392773869365,0
0.5820241011442333,1
0.2752048675569248,0
0.03688710982372046,0
0.09413911691302765,0
0.31483435477579264,0
0.006446017005544309,0
0.30069599174297645,0
0.05199960821688747,0
0.0012887355106501518,0
0.0041546879607090624,0
0.5600037529556352,0
0.0025944724238426324,0
0.7302987723403146,0
0.4247020572936474,0
0.08597293107028497,0
0.18335152978355038,0
0.061748106674910624,0
0.05283594495649401,0
0.023338432511251943,0
0.12404363073623142,0
0.39291394982674877,0
0.002851578556660254,0
0.07336711228414783,0
0.17906049542416294,0
0.2546756001466664,0
0.07507479407234616,0
0.033130278947105234,0
0.22974679814768742,0
0.3670540046625829,0
0.04196725350394502,0
0.691146664556081,0
0.0351892061009274,0
0.9501791683008368,1
0.4902312969650675,0
0.047529191152088736,0
0.2144630609087584,0
0.18248203329990778,0
0.0008005566813472753,0
0.8080184803796024,1
0.23320998483476446,0
0.01900120461935686,0
0.09715070790657976,0
0.06566472253471377,0
0.004751159976804657,0
0.15549776954885208,0
0.02173490265491695,0
0.012964758329737409,0
0.7317413715410696,1
0.042109205503886554,0
0.017160990444955403,0
0.3796052946658403,0
0.4490165636080474,0
0.32975378925155363,0
0.039284970631349045,0
0.6474832398416815,1
0.14410218329247637,0
0.21848885560676723,0
0.03029986213173691,0
0.1542234394837007,0
0.6840899616248404,0
0.021771163651689095,0
0.03735124414545873,0
0.02537785881726391,0
0.16694856808797,0
0.28508138458306603,0
0.0028428001153696387,0
0.12065730751176289,0
0.37862638702105494,0
0.20163967034453154,0
0.07363489274737196,0
0.48410805818838926,0
0.024974677455929187,0
0.4446146513401242,0
0.5294704679816821,0
0.13131140931585492,0
0.3334984184797853,0
0.5618412426853396,0
0.23215817390657884,0
0.9666553093900484,1
0.6982991500478096,0
0.007428768757364345,0
0.01720394254152752,0
0.5238390503014896,0
0.018962428007868518,0
0.10974251661744798,0
0.064726063406393,0
0.696472746418142,1
0.014279879559797239,0
0.4185110768251854,0
0.02305034184226755,0
0.014518001891540448,0
0.6427233151289915,0
0.8444595776352187,0
0.043644091543025225,0
0.04553179289168649,0
0.0022925820949829343,0
0.011229808965420335,0
0.23816071286434004,1
0.02465196329199184,0
0.043429985108023754,0
0.00983475646520642,0
0.39846605201911955,0
0.32981357645236226,0
0.02237874200542385,0
0.4865570463064231,0
0.005300372011327022,0
0.04999122728356185,0
0.24231182341076038,0
0.8736933641027034,1
0.18547903966710402,0
0.1340582966649736,0
0.14090364735888944,0
0.020171765127365543,0
0.002797832988659661,0
0.1263282988697642,0
0.07264243900729575,0
0.013352108139159985,0
0.07195629902258595,0
0.537710182244593,0
0.2570796382376947,0
0.15919022324096002,0
0.6590630632867025,0
0.1658119342531193,0
0.3656390599301991,0
0.00342430385446287,0
0.20583552564932206,0
0.016227828035407746,0
0.17630799101437866,0
0.10757135992722648,0
0.16486223789684898,0
0.31117535029557036,1
0.03386229689421293,0
0.04587711343113745,0
0.00642134559441392,0
0.3781265599847868,0
0.062248076588059136,0
0.007982406547228319,0
0.2678731796165952,1
0.11584690709219163,0
0.03320939209697183,0
0.017135200344426643,0
0.0020638964967613998,0
0.3395192436106836,0
0.40931382187315035,1
0.06730325855904794,0
0.0035239295647083715,0
0.028081369084041928,0
0.5736703155115909,0
0.6133732913113693,0
0.12603413263700972,0
0.3765017220694559,0
0.001030531420810136,0
0.007103701437785272,0
0.08196271461341385,0
0.051227932487060604,0
0.17539818583002265,0
0.14269872318284077,0
0.6124053407146041,0
0.21333521593087715,0
0.05072621725669401,0
0.0009317184056761807,0
0.2977431978312492,0
0.06492795982128026,0
0.05477590129941974,0
0.08730614700717648,0
0.3378572979182495,0
0.0544896577372531,0
0.5543287483213916,0
0.9327081038205173,1
0.06040885212691245,0
0.008070933067682383,0
0.047178678263319604,0
0.055987880004509986,0
0.21862222715605037,0
0.014418600160781092,0
0.13710558324230604,0
0.0690575888553884,0
0.055140494009725385,0
0.07911084570515249,0
0.004161360707535294,0
0.019449499479726184,0
0.06059419402100879,0
0.07835921882057441,0
0.016390249826965367,0
0.03756028762506831,0
0.17130226383290043,0
0.5154516153756766,1
0.009127986848831477,0
0.04969911458258658,0
0.3090296193159644,0
0.0018044983278927764,0
0.15598012003138423,0
0.09058341377505226,0
0.7182743899024547,0
0.8679792430031841,1
0.4172268128547385,0
0.04659870290356397,0
0.393342738733355,1
0.6215853354862632,0
0.009653546868722154,0
0.09090074547927941,0
0.16263500547643245,0
0.02369131302564433,0
0.5650114215882137,0
0.05474561173957848,0
0.36193700342191676,0
0.40863710426642513,0
0.02677882873972706,0
0.12569936771069093,0
0.000709100716152092,0
0.16285718195876425,0
0.8271197687926067,0
0.0849174188619424,0
0.31961105923283906,0
0.7648040745603197,1
0.01908012832477177,0
0.47740768355819424,0
0.04376980733105855,0
0.0008295084047057332,0
0.07048236317140832,0
0.07622278385265727,0
0.7684935306378046,1
0.4028766299249005,0
0.1618118903985626,0
0.6591492587902094,0
0.8416081484191298,1
0.1512058667881659,0
0.02216514372910592,0
0.32178879365078733,0
0.1285749414975493,1
0.09869320015957497,0
0.02950710663664449,0
0.8618526034177835,1
0.02641239341554759,0
0.20392413697723583,0
0.052832475412259,0
0.6688614322702859,0
0.002985255344023936,0
0.022864036961569863,0
0.07012358069508542,0
0.11754402268233961,0
0.7492844036980413,1
0.003672460082320275,0
0.020121249284665764,0
0.011093684112701613,0
0.251132256226923,0
0.733762290079101,1
0.710008265052779,0
0.07734802197257129,0
0.008361418487579868,0
0.48518084047483134,0
0.0012177645151649314,0
0.6319094466284103,0
0.4174175470371771,0
0.13546666365692245,1
0.3822721340684245,0
0.03754158565435765,0
0.4239996240334187,0
0.1198427470858543,0
0.003788999694992832,0
0.7239269924264765,0
0.23001115946482,0
0.34744095837745564,0
0.09434194635821136,0
0.04614533213008224,0
0.2731219439832119,0
0.29336702430396616,0
0.11185393705976598,0
0.21861304866155049,1
0.3789061071491481,0
0.058875108395134476,0
0.9614169766870676,1
0.05560561395035673,0
0.00824127548183859,0
0.11907233930925838,0
0.16701180264714507,0
0.03999578245992485,0
0.15148469121028926,0
0.07625712928056834,0
0.13793364239448921,0
0.8120940820055355,0
0.10062892390286586,0
0.11508476367028612,0
0.05417570479410868,1
0.046992583296599284,0
0.49218181859816723,0
0.28269127038463476,0
0.0981262751367383,0
0.19897337201256934,0
0.14327660804594144,0
0.2314906317605203,0
0.0017048127425670471,0
0.08773836275152834,0
0.01979434789051121,0
0.08362632273270475,0
0.02838921520424985,0
0.023241424994061684,0
0.19800778572000585,0
0.461210941329145,0
0.1285454037922288,0
0.8617263102495794,1
0.1563243005359099,0
0.062168455677499006,0
0.2034842502502258,0
0.8600246074389719,0
0.017416227069015033,0
0.015211992373590173,0
0.006581952854522159,0
0.3000678664734504,0
0.000486737229070741,0
0.0008941898927917688,0
0.011665365153832548,0
0.34702611502369435,0
0.05181275588204111,0
0.06724466662658142,0
0.21252741086588486,0
0.039225615118142626,0
0.28144786231862834,0
0.032139678720621616,0
0.18128254524900067,0
0.02970685687400135,0
0.019233757602161304,0
0.7933205038104212,0
0.0016376180630871,0
0.48466830068892275,0
0.34236262657011995,0
0.7678506653380737,0
0.0013887369457212368,0
0.015020664377944517,0
0.010176388378083172,0
0.3290870720731935,0
0.0033041709107390674,0
0.02425485663015742,0
0.6472008525097497,0
0.0195825295039194,0
0.02129199502796288,0
0.001944692053526037,0
0.35707688751034505,0
0.11958220695282122,0
0.08619955034612965,0
0.7865561041065132,1
0.39422850993369124,0
0.48082653907926504,0
0.4230131108398367,0
0.02447776020870455,0
0.3208462184305936,0
0.006423213748948224,0
0.04673283631681613,0
0.5158957940344188,0
0.36643538538041937,0
0.2778836279961935,0
0.3174316340615061,0
0.14602235886647685,0
0.002542113848647196,0
0.016649179135278663,0
0.024575580880343898,0
0.10789316540287174,0
0.024382029311644866,0
0.010714510625393464,0
0.31913796629251084,0
0.23502827963261988,0
0.6655886043262463,1
0.0037050276977524392,0
0.13057045082219995,0
0.4417329601887283,0
0.16900320380391154,0
0.012117411218682237,0
0.7319136790436658,0
0.07962055065664454,0
0.14054816985700874,0
0.27840317254727454,0
0.020899013165401548,0
0.0076445771320542534,0
0.5958272603184519,0
0.24638113906446352,0
0.03867203349757802,0
0.16662462799087188,0
0.21868216487470962,0
0.0114961111912469,0
0.05895386888657347,0
0.5331937461294467,0
0.010357278848525052,0
0.09438076431403594,0
0.019856224929817104,0
0.2851313934897044,0
0.028268953754420078,0
0.06808798465415661,0
0.022274403125076236,0
0.22904162730958738,0
0.12362041461359512,0
0.9044738354700476,1
0.5183101366066238,0
0.5552869621306964,1
0.00043892327745924273,0
0.026465258350930863,0
0.40426993145443046,0
0.08069147669738766,0
0.06572503601788597,0
0.4121622792122773,0
0.03281964801044651,0
0.3937539511520943,0
0.0025957048854641242,0
0.5459935114952185,0
0.02454278419199699,0
0.7567619975453044,0
0.6775354426572878,1
0.01757271906733138,0
0.18579343589941097,1
0.1458965514111647,0
0.3257374330297975,0
0.34116590047843237,0
0.5539397210132702,1
0.4220935235466947,0
0.5710042646026121,0
0.39069511672169077,0
0.028317916602806213,0
0.3217559559689018,0
0.2012799420840089,0
0.08625073863256767,0
0.039201538602312784,0
0.0038904176904345777,0
0.053303445296465087,0
0.044051427751789565,0
0.6733699077027063,0
0.01957276048792765,0
0.038585221686596574,0
0.6098398911703252,0
0.001955080063512899,0
0.19461491547261342,0
0.2298792264980916,0
0.008859806114953832,0
0.04556722704165218,0
0.06899015384083626,0
0.11152440891885051,0
0.1822852775771175,0
0.3878547774213586,0
0.027112312496330202,0
0.3492345322337916,0
0.8373710734905588,0
0.17989106890209844,0
0.2967270463065514,0
0.019867681930791813,0
0.3216769627115965,0
0.13472904514923414,0
0.08030973383601123,0
0.3100762636928463,0
0.006898858236173833,0
0.21813602632528878,0
0.24597989334811252,0
0.40664012001286426,0
0.2749698418161781,0
0.6272417519987754,1
0.4667282913731219,0
0.2979625583539807,0
0.18577238096502932,0
0.09059121553573002,0
0.1762236824565718,0
0.572295487732217,0
0.10646758979274945,0
0.0198684590521739,0
0.29073105345050393,1
0.9409087196034788,1
0.7326038274425751,0
0.08981842968451567,0
0.12207436456632881,0
0.6864446992980862,0
0.06795821468502088,0
0.016600599062280667,0
0.4568009327497536,0
0.47841479663950554,0
0.11424290057548138,0
0.07488087759935572,0
0.004489678749587092,0
0.4483581771024705,0
0.686240287181764,1
0.07158836819233425,0
0.005341249533123231,0
0.7373902193859565,1
0.09172909163975972,0
0.04565607683799379,0
0.11663439283926162,0
0.14370093386640478,0
0.0012803284479176713,0
0.03415926988132729,0
0.042928557030662076,0
0.5183148235274034,0
0.3322345190720426,0
0.7105937010644673,1
0.0415491794712416,0
0.07734900116306179,0
0.03185041163494232,0
0.002295937943210866,0
0.11729110596278124,0
0.09684762415560588,0
0.30128311326060825,0
0.012987248631196201,0
0.14360761070202605,0
0.3453426649724138,0
0.20479028308584835,0
0.03445785578159516,0
0.1340406299837191,0
0.015654857961354296,0
0.010168367658505645,0
0.12223700865983346,0
0.20017546456885862,0
0.10521538690260335,0
0.0010683906277847823,0
0.06433129579134655,0
0.7454455997350622,1
0.052650743624968806,0
0.029690692393503186,0
0.016624755698344942,0
0.23390158747071574,0
0.020744770302390952,0
0.03167162465410766,0
0.03038016685554995,0
0.06263393018616384,0
0.07381834407658264,0
0.05819860388792755,0
0.2937083041914555,0
0.03222800379316339,0
0.01910144466500517,0
0.0002528257210671523,0
0.24772433958279005,0
0.5379662372710402,0
0.01465434022046667,0
0.015420233562746521,0
0.022684612054500362,0
0.01379007622765787,0
0.0003764013726542217,0
0.30314584828116103,0
0.6152364777498254,0
0.624785690516767,1
0.23939750715972985,0
0.11429317591723069,0
0.0008477367900580494,0
0.014166792475863499,0
0.13462798659375338,0
0.9749702325857516,1
0.45939006233945184,0
0.21028137127351396,0
0.16755573686804529,0
0.1713815111173147,0
0.09019840994700652,0
0.001646214298985012,0
0.7538066996959115,1
0.2841166069389565,0
0.14063696397744374,0
0.03457110211472365,0
0.002213951650136804,0
0.32361199463641704,0
0.45352712782766263,0
0.8271109335663408,0
0.13947838977710045,0
0.2760243576819799,0
0.28106344557799545,0
0.9390659603929552,1
0.037559111916508583,0
0.27453651094867587,0
0.11510668638181866,0
0.076403873007281,0
0.00346714501698481,0
0.7023898254045768,0
0.9085366591244777,1
0.04550629975591516,0
0.043050322409163545,0
0.08136666158661257,0
0.14747327396215806,0
0.012278633274259163,0
0.57023961642469,0
0.09043542990564009,0
0.012134570904839713,0
0.2459028546065744,1
0.14624365592024405,0
0.08773027133694941,0
0.3777696990758638,0
0.17121471982234582,0
0.07564672960222403,0
0.39761921485807783,0
0.8954614258799869,0
0.158409718320798,0
0.10545251991953979,0
0.7022996855504855,0
0.23925709304190737,0
0.000738659961840231,0
0.011511861325062444,0
0.9295278862260212,1
0.04588088600764905,0
0.004924168782433109,0
0.050218550189056965,0
0.014600402984135159,0
0.6301367374371111,1
0.1186256195599528,0
0.5613866594698097,0
0.0030270440369568434,0
0.10862764124744655,0
0.0534620478463692,0
0.7795754371508852,1
0.13948637934762495,0
0.22485061555733962,0
0.12978638820233931,0
0.9317152231090351,1
0.39976089807902565,0
0.4540145162950077,0
0.02260920593630468,0
0.050105952590664304,0
0.022337825130715257,0
0.09190590331239595,0
0.26163393784984756,0
0.01896633104444792,0
0.025647562088816942,0
0.11168778152930639,0
0.0745712558845231,0
0.2304040143743152,0
0.009660979804247023,0
0.1669278352361561,0
0.17301212772230037,0
0.1778857722482368,0
0.0010264297784219943,0
0.6545473856909139,0
0.06416928739932047,0
0.1739169312651918,0
0.0034694412645331625,0
0.0009078580618168093,0
0.5413948660740341,0
0.12309466135316029,0
0.08683305554646932,0
0.07175823048020244,0
0.015451035130597932,0
0.15857165872927298,0
0.8759761089036492,1
0.2342273315420012,0
0.4605297158894008,0
0.465019928040145,0
0.1771847747721463,0
0.37922098644797125,0
0.39917042856420304,0
0.14515756071267163,0
0.8389781200955098,1
0.02422201287400607,0
0.4498453631594796,1
0.36474570166644216,0
0.012942455263728607,0
0.14607894928697146,0
0.17376616515118423,0
0.004145713879122879,0
0.1206872426787958,0
0.09731995646239995,0
0.27502439126277944,0
0.8350879279444235,0
0.05665089964166548,0
0.10014688656512198,0
0.1730311400253113,0
0.08856689321171912,0
0.7880912883049005,1
0.044663308428333014,0
0.5421990340749658,0
0.36218936178356254,0
0.12866751233685136,0
0.01477933352664602,0
0.06402215713702823,0
0.036724464490898195,0
0.047203253091372924,0
0.02077143824612619,0
0.05562069207174302,0
0.00242257804081517,0
0.15779485285641484,0
0.032743733934667216,0
0.09260227198094986,0
0.25638034198023857,0
0.03658037024796557,0
0.8288864595394562,0
0.0004850734918185476,0
0.17164638839747462,0
0.3247184669499211,0
0.030708375665762455,0
0.021170733359338636,0
0.25162137166167925,0
0.8871163014476194,1
0.228207173568721,0
0.44532862233027726,0
0.021461686717279,0
0.06284215800376046,0
0.018142515373959524,0
0.4770343009294493,0
0.1629925442402498,0
0.011316318901491313,0
0.6831495376505584,0
0.8398510842249173,0
0.08766662323899742,0
0.02448000784400318,0
0.09975557779722109,0
0.036889307191891936,0
0.137974465369986,0
0.40443949389079026,0
0.0142451489847033,0
0.1556462079470502,0
0.17457051094379344,0
0.32137124841838316,0
0.041919217620082154,0
0.3206820525771738,0
0.11225814321152182,0
0.7395499170159243,0
0.35088821077225146,0
0.17906757958459782,0
0.9076252286273914,1
0.05188459268537463,0
0.09977949548134998,0
0.12013145708508517,0
0.3563296113777827,0
0.03990605846518339,0
0.8004365495816672,1
0.04707551603018205,0
0.08006224372622942,0
0.028706108412070285,0
0.6919012913860161,1
0.1854079257958041,0
0.021506912288638873,0
0.08971187944926932,0
0.5678109097054107,0
0.09751535345412654,0
0.20464382712648266,0
0.056282233742806755,0
0.06441246260477214,0
0.01796225836721592,0
0.03902735614751442,0
0.026517411257815683,0
0.8107827992374314,1
0.424057047902714,0
0.5470941701483835,1
0.040212535654061056,0
0.019232780314945522,0
0.008649366988494141,0
0.08882357469206567,0
0.18567736742616842,0
0.023745212464863438,0
0.27087504707516535,0
0.7663332992022848,1
0.32985717369530376,1
0.02320449544400077,0
0.06551044763295252,0
0.5464536080921135,1
0.23941512064637263,0
0.0965844351449103,0
0.0058160005828742705,0
0.046239902099251676,0
0.35779552475937654,0
0.0013879726774641415,0
0.012122628156251376,0
0.3149116320400619,0
0.31949187532447115,0
0.9210219605256803,1
0.0028533480015018775,0
0.1545492542143303,0
0.3071205070538806,0
0.007341629604655419,0
0.025674769945331397,0
0.08912207526527974,0
0.004626078547558402,0
0.8323478169288859,1
0.7330769711784526,1
0.641445592789442,0
0.07381625378482955,0
0.009372456529743008,0
0.09895918257859074,0
0.08820444330516218,0
0.6891087505027087,0
0.10024725790273269,0
0.4453385230173662,0
0.11460559127439392,0
0.13561063586623923,0
0.018188773422813036,0
0.011484945172219893,0
0.02854880625466796,0
0.015730908799260614,0
0.029176310447621704,0
0.020006806444467905,0
0.05185156120237474,0
0.8211318023077214,0
0.03257026710670415,0
0.03901193648172814,0
0.6621028152673752,0
0.43237676146120857,0
0.021848396221330058,0
0.5910626728071523,0
0.3210709118620724,0
0.004955267239017125,0
0.37167059010632897,0
0.027846690308392295,0
0.056138903669518986,0
0.3301415184222532,0
0.8275479845827007,1
0.4675049198796677,1
0.4730965175072527,0
0.006465225250935862,0
0.06837268237153654,0
0.3282541032234747,0
0.09614176458109966,0
0.05369169838882397,0
0.6846478242966181,1
0.09712408682348665,0
0.020441010314463114,0
0.6025787737530607,0
0.27564063478705153,0
0.7583721896480728,0
0.035288695506631176,0
0.7832884485082325,1
0.40235775476500185,0
0.19219622859586366,1
0.002459050114694393,0
0.016667936873493043,0
0.015927346391749694,0
0.05362073619153364,0
0.017567307855962125,0
0.04235815663137422,0
0.08998687523032879,0
0.13118829737835325,0
0.19538790643396406,0
0.07665389117767785,0
0.019731509077423316,0
0.7118936545593069,0
0.20873066158033496,0
0.2825158188927164,0
0.08329438696764407,0
0.17937134939525795,0
0.05233549034907754,0
0.21942831348123773,0
0.2580119948096845,0
0.010535495032747247,0
0.7433504645294059,0
0.6202013828311765,1
0.09775759227741036,0
0.33452459290300246,0
0.25475370663712726,0
0.22997025738971488,0
0.022121340131566306,0
0.042354980488637575,0
0.3338453170003373,0
0.14500035807966488,0
0.022082613306662315,0
0.26431848662784546,0
0.10636238736745877,0
0.058681290550462,0
0.014709157013062473,0
0.9006066543143205,0
0.08539644490949001,0
0.08023083503952744,0
0.14479649634970515,0
0.06761468585062397,0
0.28959701161934753,0
0.7101866644072441,0
0.04057123618301795,0
0.017900697178938416,0
0.0014135860766374996,0
0.06795140903248073,0
0.00307936172775221,0
0.08667322405055927,0
0.003925849492805008,0
0.9319841594462865,1
0.3961047518540323,0
0.06483994361167451,0
0.3332635773119265,0
0.03645934118885553,0
0.588548562271265,0
0.061788941689762504,0
0.5678152462764534,1
0.7121697572618558,0
0.8622070410439746,0
0.8103753098110195,0
0.20607889997645612,1
0.06451077348187531,0
0.8440782303180258,1
0.17471890909282833,0
0.32446879166431947,0
0.7745473209542857,0
0.256251200125209,0
0.6622033242431853,0
0.7386419285027247,1
0.2416187469217965,0
0.09087439379740715,0
0.11758513034477916,0
0.15555923024911683,0
0.03315599536413905,0
0.006193538292139769,0
0.22194882996609971,0
0.0031057369605913157,0
0.7629179672393354,0
0.116189463318332,0
0.3520877226091031,0
0.5388736370162572,0
0.2732380200815475,0
0.30640762048716075,0
0.2248340459488212,0
0.18971301072589472,0
0.0337863939183881,0
0.49231536441622914,0
0.3320219882124929,0
0.07120870618573183,0
0.7456703205883873,1
0.010288500231395813,0
0.15337911566386728,0
0.019775044332599235,0
0.5552634727833278,1
0.03687663024827085,0
0.00027722313051304167,0
0.014308979142516155,0
0.22345479374300853,0
0.021120728877613525,0
0.008503951930607745,0
0.25288021521248355,0
0.14459138061704813,0
0.0016976590908383223,0
0.018196847642232273,0
0.04726317854343744,0
0.6542596473166146,0
0.22474542407182502,0
0.09878250154462181,0
0.09886991491933747,0
0.11010362040983286,0
0.014506113392252912,0
0.09424279779588564,0
0.15973878163810878,0
0.027351138675051838,0
0.898455192588756,1
0.8644587599025826,0
0.6050082477778366,1
0.0649170253577866,0
0.1031068247786472,1
0.09008674264618571,0
0.32855502888864185,0
0.247177396863675,0
0.4423183493362579,0
0.03065429344176618,0
0.006509974523106979,0
0.1471449554100255,0
0.13521412175682965,0
0.5385767654009298,0
0.1791643361839035,0
0.05507767523709246,0
0.07849854194078146,0
0.05005172055842123,0
0.013456142850929087,0
0.02255190090186944,0
0.02915668297431593,0
0.933665042000062,1
0.020318639047659452,0
0.08135486966507413,0
0.009961480448082661,0
0.41109756246327483,0
0.07568669676210112,0
0.0682827708023203,0
0.18570993070207023,0
0.3343550481327368,0
0.03273630108701577,0
0.867582276339472,1
0.8090354108861303,0
0.14352841255365306,0
0.8740503267461668,1
0.1549861185582512,0
0.30164552872455797,0
0.09569055764151374,0
0.10655457827733635,0
0.3580186866965619,0
0.1686877821360802,0
0.13034395345742228,0
0.25668527163212274,0
0.893141833965241,1
0.6715074044194405,0
0.1066227195219857,0
0.03781244678161682,0
0.3864613918590659,0
0.1417950081663705,0
0.1807162437785334,0
0.047159375630768365,0
0.029136320334479222,0
0.012483931620895429,0
0.3431623533096626,0
0.39599846128734834,0
0.002133184959617627,0
0.1542365693017783,0
0.8425828848089202,1
0.01610223287135518,0
0.260145804862593,0
0.5895221973862711,0
0.03770914429988929,0
0.1826711026236092,0
0.07691876239005384,0
0.8410572275479226,1
0.2483244640102953,0
0.0008179369985444221,0
0.026155004012052684,0
0.35943551051512884,0
0.33800658613450313,0
0.09681185234958013,0
0.021973184508677225,0
0.09921707061027049,0
0.07269927729273469,0
0.3694481173189639,1
0.06679219281890858,0
0.06533548635275088,0
0.010851481937007012,0
0.38149407966433174,0
0.09928166535890395,0
0.050728691852330775,0
0.10269765530195728,0
0.11388057976460922,0
0.018339943551220244,0
0.3954835876632625,0
0.001206037318895777,0
0.674835262351779,1
0.17673047890390667,0
0.7252674084802408,1
0.6458180262715523,0
0.017328450050049137,0
0.04011092672515976,0
0.3392086122752946,0
0.4964398419806504,0
0.12764300013189947,0
0.04723281785905595,0
0.6493145262234847,1
0.03784826935941639,0
0.16334746802068617,0
0.13672588285037462,0
0.22521091528184217,0
0.35588204833655457,0
0.2794954976981038,0
0.17839244398981782,1
0.025882668831573398,0
0.008757854766508257,0
0.03353018579204556,0
0.019561846332664237,0
0.10218430734865953,0
0.39858360211050525,1
0.5057119648193653,0
0.33000745711800633,0
0.15134863557569322,0
0.36995935876427366,0
0.14443718201220168,0
0.010129281330746953,0
0.07646316054325615,0
0.0056566830125918555,0
0.7583867228785334,0
0.22267475990475122,0
0.23807027096072592,0
0.0013635905826875458,0
0.1811469557021235,0
0.39897729434978824,0
0.04262142127283405,0
0.014078610396357192,0
0.6624118590726333,0
0.0033753740510703775,0
0.10929140259880567,0
0.05571159420603058,0
0.058192034864914095,0
0.2012407033041529,1
0.007751518615270788,0
0.06341458910392309,0
0.03093154550579079,0
0.9212534023965513,1
0.07748578852326098,0
0.02299478691018219,0
0.02384473473967562,0
0.08685265797402009,0
0.5913460301326733,1
0.3615416223220707,0
0.011372174132960901,0
0.8525318915580453,0
0.004129761183980301,0
0.332293367064541,0
0.5323309091531045,0
0.08317698439589388,0
0.3257690336313085,0
0.15516079603954894,0
0.1184361496157523,0
0.051358419381692416,0
0.17940505863989892,0
0.22048697520281524,0
0.1174642075631543,0
0.3134872176585384,0
0.40255289376597203,0
0.022850232096812396,0
0.36002559977080645,0
0.038950139493627876,0
0.11417398070987733,0
0.05026811481305809,0
0.1938892387034038,0
0.5655490899944203,1
0.03879918863081169,0
0.0020909517791384523,0
0.18475084724963242,0
0.35920791506635896,0
0.0001951624350534033,0
0.2806331675342625,0
0.19251200881426633,0
0.06962752042572178,0
0.2693766141367743,0
0.1414341651459437,0
0.017800742991447956,0
0.4359513263872504,0
0.013452613363761037,0
0.8726266439210438,0
0.25652993818766273,0
0.36374042851996014,0
0.8526594419364717,1
0.46820664394427874,0
0.03048838700240533,0
0.3229111104043005,0
0.10075361707146517,0
0.012515150656362717,0
0.08601768787764458,0
0.7680618115317042,1
0.20308998351675264,0
0.06095269417735102,0
0.017909015295155036,0
0.1544494801745966,0
0.042613273808548666,0
0.3149937518338441,0
0.2344622392274225,0
0.020716707260486966,0
0.02663835171010861,0
0.08063838564312988,0
0.027990791077767866,0
0.009999057125414833,0
0.06728992139197404,0
0.8084816845284725,0
0.002534140976993343,0
0.16918928584439769,0
0.03671987032246859,0
0.006946661969337294,0
0.1389241427544144,0
0.8043123904817749,0
0.3083891179786973,0
0.027218703542819012,0
0.050761340019613306,0
0.21389827898925423,0
0.18268527350819264,0
0.11099932312858365,0
0.1242948350016071,0
0.28082365701910256,0
0.5675319342655039,0
0.04293771463038758,0
0.04600970449413768,0
0.6255003154388608,1
0.003529387108020159,0
0.6743561426435938,0
0.28876373313056164,0
0.05689771212967194,0
0.11714708067760589,0
0.07728622018847027,0
0.0605045490549822,0
0.06871702865082639,0
0.02702138328341394,0
0.04538248722376082,0
0.1222531895245861,0
0.015071121426413186,0
0.1984366879482901,0
0.04848855896299068,0
0.43128304173909504,0
0.8261329359132786,1
0.13109297291537125,0
0.14616161117786025,0
0.03218143642732135,0
0.7074409676030603,0
0.2787259402432519,0
0.02457339337492187,0
0.18553061520278594,0
0.614499091045386,0
0.021592154370275004,0
0.06031527203388951,0
0.04853881994353296,0
0.06959046899437656,0
0.008739705729935706,0
0.0782718920786173,0
0.05177434646741118,0
0.22876727831724983,0
0.05507369912576566,0
0.014473018448059566,0
0.3192407205192269,0
0.5683025914718262,0
0.5013443395750323,1
0.6289948063051451,1
0.13646777347637004,0
0.8029404756031492,0
0.1836895084370788,0
0.007268619384556731,0
0.08642245320526708,0
0.16618352321692206,0
0.009357061075357305,0
0.20720439717015088,0
0.6146274241101786,1
0.4237522901325786,0
0.02377434937129833,0
0.004365518974156613,0
0.007480933325641082,0
0.14422881052692588,0
0.24485090378831534,0
0.6938636974414732,0
0.8013398399163193,0
0.6165078612094557,0
0.05705203799574939,0
0.5053103414519917,0
0.13083726073375426,0
0.08839608207964093,0
0.0318944434987082,0
0.12715948824464252,0
0.0059309406887917745,0
0.0045045102958746475,0
0.11463461064236949,0
0.08594503871771354,0
0.00833006591105496,0
0.03548888046432381,0
0.10890250825929085,0
0.3110360503632322,0
0.006635251821833833,0
0.2627105596721584,0
0.04367791900115393,0
0.16106600154369147,0
0.003062137141246747,0
0.5526395460481414,1
0.018546760147659033,0
0.4129162603452983,0
0.38225752537433066,0
0.11760204664837766,0
0.4475072433320769,1
0.02662920510338218,0
0.757631500504686,0
0.06616811958458367,0
0.06543299570861812,0
0.8329999387142771,1
0.47345356690115936,1
0.032046026291054054,0
0.0778211099805965,0
0.12804737808820338,0
0.18901701689867706,0
0.5671197421509291,0
0.28495110647065086,0
0.18275367167482182,0
0.017202172082875833,0
0.0018342228369318213,0
0.013495484975371628,0
0.6380734948199004,1
0.005709708547895478,0
0.07934084874097376,0
0.05176550681993757,0
0.02158805487871454,0
0.09743989435796532,0
0.7220110012801579,0
0.21295275689577892,0
0.007099297808696862,0
0.7629083011222395,1
0.012867347789465067,0
0.21316872495995295,0
0.34410763450592896,0
0.29346722748778215,0
0.7945045690720752,1
0.10502735314324882,0
0.030153907152840404,0
0.09663680194281632,0
0.08795987535676716,0
0.01733998641847733,0
0.028594116077884577,0
0.11957773684704916,0
0.014853625374953695,0
0.048564325343903675,0
0.0349561667258747,0
0.011235530838356746,0
0.05656123849042981,0
0.19990065524844855,1
0.11764643405093075,0
0.539221382719543,0
0.03504588766702426,0
0.18213039689379426,0
0.11461014263561559,0
0.08117609879818392,0
0.29978053609460575,0
0.3334780364971912,0
0.12189813229464617,0
0.018832587912585637,0
0.0030027592156804824,0
0.46784821776205804,0
0.5684755796523707,0
0.003984409782019174,0
0.004054680559759018,0
0.08808941652078352,0
0.2754312411561093,0
0.1275594976830065,0
0.05152414715608791,0
0.02066340531024065,0
0.5447048229659337,0
0.19925622739431145,0
0.009132336241155324,0
0.46809488496845386,0
0.018553145744228207,0
0.04231670051438,0
0.06815798213157984,0
0.022849936967192216,0
0.6208446644716992,1
0.05102406530343267,0
0.001727717293554961,0
0.7671163757003682,0
0.5670501530871722,0
0.0022529256409634384,0
0.04463321370635945,0
0.0087910475410725,0
0.7076082948149224,1
0.05230906580370801,0
0.0029181720473624335,0
0.029636506953579746,0
0.05833566557544467,0
0.14771468449340114,0
0.18503374498556627,0
0.8653559285462269,1
0.010217048856555229,0
0.45425069044163063,0
0.09070633654845422,0
0.024380327165736838,0
0.04816818830072679,0
0.011601915363427058,0
0.11191215046789355,0
0.14904661257265497,0
0.022995682087258357,0
0.7969260592243256,0
0.012289943734214917,0
0.013342111002017541,0
0.030871698432277828,0
0.2287250065950177,0
0.023757941474427096,0
0.0013443215060110019,0
0.013861223862636017,0
0.49577100749394687,1
0.14788095570412224,0
0.039249454403593766,0
0.12518816952056885,0
0.7319744745290355,0
0.21966751061334824,0
0.35999275253895485,0
0.29945112417576414,0
0.12193127515039144,0
0.6086593273325359,0
0.6291303485589702,1
0.09684960046656842,0
0.5227158717674437,0
0.006440641840820042,0
0.7710490568689491,0
0.10464779371723663,0
0.4661102914310568,0
0.10697881955339018,0
0.8653295211242151,0
0.07465702304274768,0
0.005386171656137553,0
0.03632601938259328,0
0.03919527855650817,0
0.8260693973530023,0
0.038310640618641034,0
0.007805918271973064,0
0.184411658356293,0
0.7091710497864329,0
0.9350086724542633,1
0.1464820716824807,0
0.3782701006544693,0
0.5152253011478051,0
0.09133504762073363,0
0.19052538492684623,0
0.07694109313033728,0
0.6178253426307553,0
0.6700659352091598,0
0.27580847692822147,0
0.12403264647535885,0
0.06912608263492888,0
0.004701418643718071,0
0.02146273983066157,0
0.7676335964492872,0
0.4704123186972332,1
0.7387339551216693,1
0.7033439741709845,0
0.5167739934706511,0
0.004978548649265947,0
0.27996571494418526,0
0.032262415550804655,0
0.4559874046240246,1
0.009303948518305953,0
0.03572870647340205,0
0.006348768581024119,0
0.047609208658058816,1
0.13998969790808158,0
0.8929927291335955,0
0.015857310047372734,0
0.32153406799318407,0
0.2223354437700204,0
0.35943314395078835,1
0.04271184692668596,0
0.26471018491297993,1
0.638781277235057,0
0.43598720342433217,0
0.2385576316269038,0
0.1843997951305085,0
0.8014900832551903,0
0.4031926051408777,0
0.29437446810489987,0
0.1965549236586007,0
0.8476797543688548,1
0.036627339911642284,0
0.15745439898191205,0
0.0455242561115698,0
0.06323628942860612,0
0.2565633221264451,0
0.14253695998545518,0
0.00010818295265530691,0
0.03599840888819031,0
0.23441748082648145,0
0.34255446397310774,0
0.08884630808660128,0
0.022717259810771745,0
0.04030150634988178,0
0.7347596849012165,1
0.010150257102155572,0
0.4659399409514994,1
0.0007007782439722261,0
0.6027853320779195,0
0.29538214737696966,0
0.005577705851641248,0
0.874197099019361,1
0.8316414257814282,1
0.21842701526217784,0
0.8989957740618588,1
0.01872892380415903,0
0.37582089778456756,0
0.03828367910343674,0
0.32662369384103257,1
0.19523244148700858,0
0.2641178478811545,0
0.027951613541267243,0
0.08174736172922152,0
0.023193115277857338,0
0.003355310532347202,0
0.16063951359376727,0
0.7584519392748689,1
0.5874732363039936,0
0.06832608587843804,0
0.01705794370768197,0
0.030498375143323334,0
0.03399213788893832,0
0.07662424612441117,0
0.187203120842351,0
0.03619005158347345,0
0.03187851409989797,0
0.022378911132232854,0
0.17765909969107463,0
0.24448828993196586,0
0.21444754150343334,0
0.06584078526781378,0
0.3416949165666406,0
0.3410259660615244,0
0.05953446237758611,0
0.009359796037813733,0
0.8942254368194853,1
0.5727138116901871,0
0.037595275455642105,0
0.06948739394348484,0
0.0022756475169895393,0
0.01164240525662104,0
0.08670687173993646,0
0.1883216503875989,0
0.9162964854681545,0
0.2860604315416499,0
0.03600206683154586,0
0.039599701119203884,0
0.051859424819494855,0
0.00716711284164113,0
0.0028286266402413615,0
0.2586216446954182,0
0.009043947463825773,0
0.07602005831501729,0
0.0001333661809411719,0
0.7185974695309456,0
0.05046934633433265,0
0.08082539937107615,0
0.13139921217879377,0
0.9243701696252006,0
0.019531540042639593,0
0.02988935999083501,0
0.15485935118967076,0
0.035681656404496075,0
0.47538006569128805,0
0.0416011912262185,0
0.9519181442563688,1
0.395660188030789,0
0.1661926907853262,0
0.31428564128216263,0
0.03928761518635123,0
0.09158234042102766,0
0.283745536924386,1
0.07235419122778983,0
0.16671829452058257,0
0.16331055625251933,0
0.021355129182090603,0
0.6189618328292714,1
0.34600239897216123,0
0.4158107279738311,0
0.41239246544554,0
0.0010667230760386575,0
0.15215300893192316,0
0.003868515338087332,0
0.22811724912680004,0
0.06960024111265667,0
0.1724274397530559,0
0.5757884182961729,1
0.01893479451191755,0
0.0012252691481317234,0
0.03115905045028038,0
0.6350722009035817,1
0.0011926650078073575,0
0.007073622452523747,0
0.14936373813206164,0
0.44676088936840014,0
0.2992390928049676,0
0.2744130310313326,0
0.19225148156694166,0
0.46058905821730023,0
0.10934473393616219,0
0.07374274670397313,0
0.47253725455065093,0
0.0015468522291947802,0
0.1868752169755324,0
0.11476097296094033,0
0.002631103074208974,0
0.7461677590642454,0
0.7341357673743354,0
0.5317086577299777,0
0.4241172290356655,0
0.35477882061501886,0
0.00016854039939222793,0
0.3280902557312666,0
0.08554639611669466,0
0.4348493050667543,0
0.22323455329409436,0
0.05296008464644148,0
0.07305047871995886,0
0.1345014414426453,0
0.3346557369223137,0
0.035996763705950834,0
0.741131548780811,1
0.01590901948642077,0
0.11781721479750076,0
0.037005470027658374,0
0.012545975892320866,0
0.13617999530634833,0
0.014124204999901007,0
0.007134260076469328,0
0.01605305632890253,0
0.13864572859905566,0
0.32146306618055465,0
0.2868259024736831,0
0.2709002030082174,0
0.13034227337163512,0
0.06428306740652691,0
0.0430978213481166,0
0.043962703618191136,0
0.034872763083341064,0
0.012253735323989242,0
0.00858687287008681,0
0.8820237119844793,1
0.017732296479766672,0
0.7613448024162351,0
0.13943399774720713,0
0.11213341243712165,0
0.06105104342006372,0
0.03198127549261689,0
0.11386392238697958,0
0.09366654018214565,0
0.014338146949910428,0
0.09827910527565242,0
0.09462592503565988,0
0.08541836168945058,0
0.08551752108395652,0
0.02752511340283723,0
0.023323116381228425,0
0.07969943945086329,0
0.3631797352471031,0
0.6814729646820648,0
0.0027075166627980357,0
0.12851823969095139,0
0.021946786776101672,0
0.5077064609422852,0
0.0007924939896653469,0
0.11598223162532215,0
0.05188815691347527,0
0.3630456217882139,0
0.033314338527154236,0
0.022215055124510837,0
0.5247794326243925,0
0.02285792355630522,0
0.6998689558954097,1
0.043965101969577904,0
0.8822779839857442,0
0.01775351228727914,0
0.0979140991606603,0
0.9051782435233376,1
0.20644822964890996,0
0.28142907899566594,0
0.006067121588909831,0
0.012537145838889778,0
0.09278947492861062,0
0.8986017501075485,1
0.29631527150032,0
0.27370885976748444,0
0.13532768787292473,0
0.03728226890589248,0
0.3694998484490917,0
0.2535134340828488,0
0.17135340168427912,0
0.0067164463012487855,0
0.4841127516435335,0
0.7318043156888067,0
0.6673738462319763,0
0.17128064784930375,0
0.4416703704966463,0
0.06279253302776514,0
0.17701935119060938,0
0.38978384904439595,1
0.002668381612078294,0
0.012337062965710941,0
0.09537132624804062,0
0.011665231612511527,0
0.010599061256512504,0
0.08262910200133605,0
0.004596700632072176,0
0.22002508514928437,0
0.001501258722056755,0
0.015136137880493866,0
0.020464417049782073,0
0.06583209317393825,0
0.24266379952065553,0
0.9090828936504992,1
0.039181274241791596,0
0.011984533852006868,0
0.01908325817572691,0
0.06319039421936418,0
0.8429961008222154,1
0.929967811747739,0
0.09823100730502501,0
0.003126878049545208,0
0.0265108805026782,0
0.04898427512626895,0
0.06926796598620258,0
0.03662611760707364,0
0.030297710897614787,0
0.6631635360170832,0
0.0633150500695883,0
0.01921815236563131,0
0.8492700101196569,1
0.02055267623958998,0
0.6798811817892036,0
0.015006344059041525,0
0.014323889195527434,0
0.10991995154164072,0
0.059336261154220964,0
0.008252788008682597,0
0.07283951994562529,0
0.05007076950050201,0
0.6296202178747783,0
0.7601931833213517,1
0.2353254160484231,0
0.14111785443375652,0
0.05060517623256827,0
0.010987459830764683,0
0.15224002816796195,0
0.9273129465652679,0
0.0010440686973244631,0
0.5339979887260955,0
0.21733219644942028,1
0.5108517670339935,0
0.13024946831563822,0
0.5388609840610807,0
0.014354670482695425,0
0.007855605456140368,0
0.11480549150446177,0
0.45474661634067576,0
0.051403966500412346,0
0.03379761272658843,0
0.5042230043966014,0
0.002977101768781073,0
0.03181604156104376,0
0.23320224779858156,0
0.1485120276728781,0
0.9309307736671245,0
0.3216810389470918,0
0.003603024241838093,0
0.10349387531883467,0
0.08522438417451583,0
0.0017979900587122807,0
0.5132247854670222,0
0.005682935656640042,0
0.0966605457419016,0
0.013097707060398287,0
0.09698411835125777,0
0.16472286504584585,0
0.2880033040772635,1
0.0010450992200549982,0
0.02704289361864284,0
0.11521944578687797,0
0.035002689661148625,0
0.00625950721676301,0
0.7542473986515391,0
0.4981915865236887,0
0.8225494231979927,1
0.026733613607108436,0
0.26206306021522147,0
0.0013765686048229507,0
0.03203866256684265,0
0.021567035223341687,0
0.12945571493699798,0
0.8387809486743757,1
0.025059252333713082,0
0.09015907805730485,0
0.00033735529641967067,0
0.3305537276245701,0
0.08590206925156287,0
0.05883247266042463,0
0.8381661281128581,1
0.035068554218102455,0
0.06821100237594638,0
0.020768314546005483,1
0.05014540083355057,0
0.25328149792007804,0
0.007016847436173968,0
0.0028424688707476913,0
0.5069247584628762,0
0.014013604820700118,0
0.009566623729428209,0
0.3134025605807745,0
0.13241774090149447,0
0.12998614676461387,0
0.03546505952736683,1
0.587725762820862,1
0.01499214768852612,0
0.5218749082987364,0
0.009532047636817878,0
0.16195558310314193,0
0.4976907797017806,0
0.018432336863474504,0
0.11110381875176513,0
0.30755066156824507,0
0.0005915650081361223,0
0.08211566681205722,0
0.3255555054120275,0
0.005618273638524309,0
0.49891237419578627,0
0.022080435558327383,0
0.7522875837289394,0
0.26048638328629153,0
0.8650707505669765,1
0.31657976306288255,0
0.027714786005021717,0
0.04280888247409232,0
0.16612761201050139,0
0.04010014312457673,0
0.0007968022030138927,0
0.046546118957109195,0
0.04235743424001969,0
0.07444512124387492,0
0.04924594860105252,0
0.015460528424348193,0
0.6760293459015027,1
0.0762362947788041,0
0.15561334621440115,0
0.6973270375589774,1
0.03394215072514724,0
0.14251914549594988,0
0.1341578084483946,0
0.04610780024656651,0
0.1358831039397048,0
0.31024071774753464,0
0.1264455081135841,0
0.14655084349944253,0
0.015998563654530316,0
0.3598550493712301,0
0.048821480418071404,0
0.22407773226060873,0
0.08793717194352922,0
0.01135579668187354,0
0.00888321200068403,0
0.01304507707244384,0
0.1294279553909626,0
0.02232045499466018,0
0.25992272653428483,0
0.03299619312178969,0
0.42487431018680566,0
0.005472449688894156,0
0.2878389866562049,0
0.4479327378196697,0
0.2605073901783092,0
0.03703318012409133,0
0.03921532591679626,0
0.015036878443744054,0
0.002376368036472262,0
0.0012307864915926145,0
0.022357134075236505,0
0.174324832730322,0
0.13597190324688938,0
0.032701076947800715,0
0.0024043584489143502,0
0.0058684949565883954,0
0.2044284491006107,0
0.9019179272031334,1
0.06290252423471707,0
0.07717050748953659,0
0.03381248051778314,0
0.24787500371865606,0
0.2503365265765352,0
0.11109573456176271,0
0.023236686915912852,0
0.13166488868759124,0
0.010542352175378666,0
0.11036533187229497,0
0.5167857143793025,1
0.01381407786456801,0
0.27609212842353803,0
0.37512925867940766,0
0.20755230765650318,0
0.7804065931658867,0
0.003528513142487565,0
0.0031417541483716206,0
0.09614174886006135,0
0.8983182051874966,1
0.6801836794034959,1
0.273575002215316,0
0.024242292818306886,0
0.17975976267548627,0
0.03399416833527544,0
0.1462338936835281,0
0.042960219022418034,0
0.19910267468012233,0
0.25971374131536595,0
0.06381219225463032,0
0.003918326776864287,0
0.1226174705922428,0
0.03912065839705946,0
0.11011880557744548,0
0.3096760036152823,0
0.062490393246430805,0
0.007400864482510939,0
0.03794463602218036,0
0.027791589471866947,0
0.0022102260152450245,0
0.007747461146374963,0
0.026101901509980464,0
0.0014558019206048901,0
0.7099032393758937,1
0.15527735878871585,0
0.1484104083716809,0
0.05223695810034317,0
0.39996416624279,0
0.023671250120419113,0
0.08607263128939908,0
0.15785250566595835,0
0.060176390666124444,0
0.16072863081575572,0
0.003536660305208542,0
0.08830923182436055,0
0.22841261136595395,0
0.0059284633953185445,0
0.34664060893404364,1
0.007137266259450793,0
0.6331887162526695,0
0.009844742548687611,0
0.19173299298765994,0
0.01380560207841565,0
0.09870631041461644,0
0.07986905323383908,0
0.017921445496263195,0
0.2607979366876186,0
0.757185032427454,0
0.17373703748113695,0
0.06599214248762093,0
0.827592506466706,1
0.35152229027836945,0
0.0016139515368050951,0
0.4377881670416516,1
0.017601608358445556,0
0.07028963468023101,0
0.14755076617241852,0
0.5884630607203996,1
0.010792636820051257,0
0.25467785796899134,0
0.38181393879546843,0
0.4478146303914522,0
0.4098382710294887,0
0.5308586310864433,0
0.0013779296172485502,0
0.45928913564277574,0
0.1619776622694182,0
3.552648333230655e-05,0
0.2114330085887972,0
0.027461095514400687,0
0.8855835947798317,0
0.13326900667243932,0
0.14432473882505936,0
0.8321078215336555,1
0.17930831714294274,0
0.7695985964556916,1
0.0012556037859978567,0
0.4799631496903645,0
0.7203854716955483,1
0.60142204417611,1
0.09252737782914772,0
0.14489683698324607,0
0.1524710590242774,0
0.4336885179479819,0
0.38460233028329094,0
0.1832586913354797,0
0.14014646073607018,0
0.0029596098433823954,0
0.26332188563891606,0
0.0022186174366856234,0
0.04381472576248546,0
0.0076478249238602,0
0.1440845333601053,0
0.10271892039978615,0
0.29994197840472414,1
0.8951171794213026,1
0.059937358520453184,0
0.03131691297167188,0
0.4410442253114993,0
0.31300913802834873,0
0.32065678058688607,0
0.3029258158037736,0
0.0070130721665444895,0
0.2594739600782897,0
0.5310487471723072,0
0.04611562550194727,0
0.6257350156434328,0
0.04223418481974178,0
0.10577776937838161,0
0.2768625114854574,0
0.08379039719464339,0
0.0430287511276291,0
0.6111742682190289,0
0.11302911705115337,0
0.05631954834309729,0
0.2500647731234595,0
0.37749365854785966,0
0.12064253897013257,0
0.011081559086813917,0
0.1518496983850192,0
0.10475580289343071,0
0.6151087700240205,1
0.06918154717360907,0
0.03263606736708593,0
0.03657283007505099,0
0.18960568077015208,0
0.09820042148065757,0
0.19228433109942594,0
0.46387953345420574,0
0.041430916179662866,0
0.03318774867742953,0
0.06660254906674506,0
0.014270957431367687,0
0.19706309726786256,0
0.13692112865422432,0
0.05296836595283753,0
0.7988280193708571,1
0.6228948229853511,0
0.0003191809855379149,0
0.00018986062613622897,0
0.15436984924864713,0
0.04628961507845797,0
0.5377746677646283,0
0.09871259248702347,0
0.8948904454755042,0
0.25806554837234136,0
0.006814148346142274,0
0.27883729325369383,0
0.6373603823492108,0
0.6312497749476748,0
0.04041224465501753,0
0.07900458729521927,0
0.4015949795537181,0
0.19956135985677728,0
0.1984576587511462,0
0.9337905375568554,1
0.2904629822796554,0
0.13644449667456154,0
0.02775494163968633,0
0.22061884975198967,0
0.055369105409641725,0
0.3349123566189724,0
0.8524759758753587,1
0.6817250125858284,1
0.45517255084481945,0
0.0063541568389174075,0
0.1106898533487638,0
0.38465969259873767,0
0.011485906279998563,0
0.42592832846052997,0
0.7285763652838139,1
0.041069567481783156,0
0.25510474794298155,0
0.11582231474158271,0
0.591653134290785,0
0.025678374539339608,0
0.05168948764085098,0
0.22663784024187467,0
0.10124978498676353,0
0.10059509690405843,0
0.22213208826854114,0
0.0381087659398144,1
0.03526768006346611,0
0.03273715514333892,0
0.07138651798331884,0
0.07754698219543141,0
0.00555384365129267,0
0.0005082386942859336,0
0.13052113653142391,0
0.5526359858613602,1
0.018892833602412708,0
0.4330142938912495,1
0.7502107743547779,1
0.8551214918496639,1
0.02950201490697541,0
0.08157798866639673,0
0.04080909320522928,0
0.18363004010953776,0
0.6926420591743309,0
0.0167300696065775,0
0.026694171115487032,0
0.06075748723696529,0
0.8502057672240491,1
0.20156270364015552,1
0.5368528689795965,0
0.4623673253340883,1
0.11463218219222185,0
0.33925691061089025,0
0.137409096205084,0
0.3061547922642187,0
0.0010425866193276025,0
0.045106732863683274,1
0.09171784552729821,0
0.9773208320934148,1
0.2292371642564121,0
0.0027279789383906575,0
0.6216970551760509,1
0.07390617301928264,0
0.012822384158638019,0
0.3432578532026694,0
0.16798534776210447,0
0.03345052900241558,0
0.2951624064625966,0
0.0008120312365036648,0
0.8050557644446255,1
0.9105535763613951,1
0.3327386818070619,0
0.09954933719730995,0
0.5152938819694942,0
0.010308822058199253,0
0.07297191638751852,0
0.1268790978111279,0
0.013441041004974357,0
0.004258797107570609,0
0.395546423867061,0
0.18566749707896374,0
0.027401764377811243,0
0.12822831924621228,0
0.022092608434466907,0
0.002458428345954615,0
0.05551730103243577,0
0.041985319808652465,0
0.011314626530691084,0
0.18361720228789696,0
0.21236839724928505,0
0.012118394664744313,0
0.8827922879455207,1
0.1810933922357039,0
0.01594302425268051,0
0.1889458973208161,0
0.049273128435454325,0
0.028454630252338433,0
0.16648714185403507,0
0.11474026206355327,0
0.20417033489068456,0
0.28801580216460604,0
0.27675604452580455,0
0.009083340669365449,0
0.0033693393153621256,0
0.3177147117029179,1
0.06264100200255433,0
6.247819539740467e-05,0
0.5426199268090354,0
0.22234528037078297,0
0.06576780781781581,0
0.034920284607956396,0
0.11811918018612523,0
0.015245746080222175,0
0.04533373282846512,0
0.07058390245340586,0
0.001914459855987038,0
0.49322801325310767,0
0.0956649206972585,0
0.1939869102012194,0
0.06387224803284318,0
0.23548948967722463,0
0.0011337342854064228,0
0.018394151876036494,0
0.452116841750433,0
0.14839990583682117,0
0.46661641429934997,1
0.0032239123802073532,0
0.003473323342898091,0
0.1687117483032987,0
0.4487404364569931,1
0.12759502270618345,0
0.39428006016440176,1
0.19309992236514287,0
0.0066455399098747005,0
0.5715877442657239,0
0.10962994413172368,0
0.028168168899166013,0
0.0930679146453375,0
0.29359873503843925,0
0.0034570851163396327,0
0.13837584822400043,0
0.5863627927658683,1
0.016561178641924544,0
0.04081455567503993,0
0.2660758796845719,0
0.13769698968421895,0
0.183698257796397,0
0.011058095548342918,0
0.04707529036348011,0
0.285468404679341,1
0.5829824200176591,0
0.6600269285006171,0
0.4190534699440182,0
0.053299837993156074,0
0.003613556803790268,0
0.11097446424705681,0
0.0361654921657679,0
0.046587825535913445,0
0.08615935931984957,0
0.0622697696977683,0
0.03216969667856901,0
0.19185285553849768,0
0.15229874596096182,0
0.09560929901941372,0
0.3359705590859709,0
0.2770226618774053,0
0.278486960430731,0
0.5897707524188626,0
0.3994200170614804,0
0.011296014049828764,0
0.005406946448030022,0
0.42373422927295296,0
0.028520253889369993,0
0.47167223460991275,0
0.02256878633143012,0
0.07093303434244885,0
0.5204707459205253,0
0.03067647779734925,0
0.19413565140329253,0
0.6598912987872275,0
0.028450342278684874,0
0.5201879321073494,1
0.041054565152867775,0
0.02710622176198248,0
0.07395220552501161,0
0.39006949033495425,0
0.04883574246113561,0
0.01181647527520587,0
0.03099947543058827,0
0.09983838045547182,0
0.06391583683628793,0
0.045862909205111026,0
0.036978058215919346,0
0.8688664249227827,1
0.06955832905189356,0
0.04635273831193344,0
0.0023771875005336026,0
0.4819536734240846,0
0.4132380592794945,0
0.39495602631706955,0
0.1261440747061107,0
0.24685828988856767,0
0.4532399779442161,0
0.3995120727568695,0
0.5553156115484733,0
0.029904113750166807,0
0.454016697854873,0
0.25924048835168884,0
0.04169380460490705,0
0.3045973369067195,1
0.7694606475319052,0
0.031068608091296048,0
0.8347671463889841,1
0.0052463299209359335,0
0.3303845475626219,0
0.009022007462272885,0
0.07553292857327312,0
0.39141823636041173,0
0.050752500094195074,0
0.17377942658706821,0
0.0010413741287061253,0
0.09786154594259724,0
0.6936242456696373,0
0.013949304031670856,0
0.29000883284547113,0
0.025494436987798623,0
0.042518648108818564,0
0.5370026201254992,0
0.013994732838673163,0
0.4556331009856905,0
0.0005957126162180631,0
0.010983481761766962,0
0.8716036581843654,1
0.3821989430924441,0
0.007059887913438816,0
0.14239846204538348,0
0.15787413911160053,0
0.8391183030957549,1
0.08352089747901353,0
0.01375883063851505,0
0.48448765140779193,0
0.9055565055419759,1
0.16693477044678842,0
0.041183920196261645,0
0.04509250085790415,0
0.9106798920711242,0
0.717849541560491,0
0.044729905957543385,0
0.08508578028711491,0
0.043622754903815605,0
0.23671881459119407,0
0.2388185232151085,0
0.5040686568904337,0
0.4519116470292374,0
0.018550997649637344,0
0.09786410471786205,0
0.00269574158810083,0
0.07469665590269206,0
0.06817596952590411,0
0.1424251030431176,0
0.18638795587940707,0
0.6684138567137851,0
0.1432786961758187,1
0.21287788690403966,0
0.1699160889892725,0
0.04547233547212553,0
0.007926305171557945,0
0.011830405569013314,0
0.011753670802978858,0
0.434537397132392,0
0.15753788516495296,0
0.031200773636210464,0
0.7946446038597945,0
0.03413210505116074,0
0.692664979657703,1
0.29932847268202656,0
0.3428625440639176,0
0.09725912724673164,0
0.008832321254298788,0
0.12071018034498977,0
0.41974897324002364,1
0.02093060718299066,0
0.2990634900824621,0
0.13723169217768666,0
0.016823526062845616,0
0.03161279847529729,0
0.12522573572810317,0
0.442289455371098,0
0.403813021008411,0
0.03545110915013544,0
0.017779107287582148,0
0.12610756966877357,0
0.5307205179230646,0
0.08199228166770343,0
0.7234562293341924,1
0.2759407411656868,0
0.07313815488262192,0
0.010402669558320454,0
0.06047212467277262,0
0.3045632754607738,0
0.011301175709849426,0
0.08693292110271689,0
0.12246532822951815,0
0.03532137916748178,0
0.44186224272521946,0
0.5242818684371737,0
0.6487535858770306,0
0.04678585461007485,0
0.024681832105263472,0
0.5710631600226945,0
0.6348734092406846,1
0.029174403298172513,0
0.11152175832246594,0
0.17281602999699602,0
0.009342369854620286,0
0.6030265862632833,1
0.18501435114984324,0
0.024365902504223103,0
0.004639255696324675,0
0.026668954501927262,0
0.7578445138784003,0
0.09141980478444663,0
0.6609197494091623,1
0.07060621816747105,0
0.2017475519316001,0
0.10129670488272194,0
0.05490586041369047,0
0.053063383024959054,0
0.537389242927996,0
0.12874300371033712,0
0.05715024575989158,0
0.5249845461717245,0
0.05264166183421493,0
0.19984706002164587,0
0.03606030362683085,0
0.6093869935418257,1
0.0004033650704143219,0
0.13592562759148857,0
0.07025278361356603,0
0.4547801031855821,0
0.06626385030306747,0
0.01166324838112695,0
0.019907670512173323,0
0.04545748342951587,0
0.21881498028029484,0
0.6117594911236734,1
0.32076095902351526,0
0.0895670506627361,0
0.04637812828461557,0
0.18535563325432616,0
0.3997423768917464,0
0.017862456057599632,0
0.27714833392876126,0
0.6853304501740192,0
0.03182887690822355,0
0.10880496862297284,0
0.1815258775581273,0
0.021736511260084107,0
0.09769447202915589,0
0.054102436415935894,0
0.05174505858796363,0
0.09687657235173572,0
0.12996265714794905,0
0.033549830962176334,0
0.1106944618742123,0
0.08660398637373233,0
0.08382738618709373,0
0.1587511251506539,0
0.5684495088072765,0
0.007562168246847209,0
0.6919242372056076,0
0.040638358465528775,0
0.03483090192962425,0
0.27367782665271867,0
0.010520877726228279,0
0.5841570129114573,1
0.15667860865237404,0
0.07957201397759754,0
0.059854076138844164,0
0.29700772527775926,0
0.08283315836875949,0
0.005882028855885156,0
0.035879129478752304,0
0.06973605836146819,0
0.0005792726305984224,0
0.8290940752398482,1
0.08925953425606672,0
0.17972954188335105,0
0.8635568641782767,1
0.4872906295418015,0
0.6341385650805481,0
0.0943911989560741,0
0.02181081591374643,0
0.03675988633775707,0
0.09073614261078453,0
0.8686517573470056,1
0.17611160856960226,1
0.7580562592269635,0
0.024002341108862974,0
0.02427784457424268,0
0.2410437462559762,0
0.25149777187449807,0
0.03884230469320657,0
0.33810773010677325,0
0.08072958383067785,0
0.039538214666778954,0
0.019476901631021722,0
0.12838290579611852,0
0.1719561729295777,0
0.03816295878858621,0
0.019496459658077465,0
0.5246840832375356,0
0.5259217932680046,0
0.025327246604843402,0
0.021315137338516508,0
0.0014988220769911154,0
0.10576751716513552,0
0.15777605525108993,0
0.008643440499615886,0
0.02436703617082676,0
0.003563643237677253,0
0.07137016547843009,0
0.6879203325944769,0
0.5222647446851619,0
0.030095708191301185,0
0.3950033120349214,0
0.011324480179021537,0
0.04236184571341372,0
0.386655466128069,0
0.03158001948901515,0
0.04648739569469614,0
0.4013659614075378,0
0.05998382638543641,0
0.1608512482582019,0
0.115601940390036,0
0.5348754745945078,0
0.00664644890642881,0
0.04597484047770192,0
0.003998482289712366,0
0.022709362199994164,0
0.27212474621057653,0
0.07663979900489537,0
0.3753324493663433,0
0.11982885529654583,0
0.004666622137199513,0
0.008956193122852918,0
0.16939362902662775,0
0.5992526791171198,0
0.1704947946337049,0
0.06153501598436981,0
0.08949192333999506,0
0.6918223132775408,0
0.05617523363341526,0
0.007531168525860294,0
0.09507373221827838,0
0.014409296840505823,0
0.3166466465723471,0
0.8048811802325521,1
0.12715346283272372,0
0.0013120930344683553,0
0.020019494242426543,0
0.11091716689074746,0
0.1173244467859523,0
0.7988047154333984,1
0.16583582211541698,0
0.7211823406546906,1
0.17114758928330245,0
0.011969918905993854,0
0.19843655126654502,0
0.6202039347153805,1
0.17235878397300672,0
0.07206068719971445,0
0.8582228884720963,1
0.015740122943326454,0
0.14822910973661477,0
0.003543004555909288,0
0.04185538097198508,0
0.04298390770503217,0
0.12477427612562557,0
0.29710416853481336,0
0.014925743629344977,0
0.12353156743520237,0
0.02881485315766532,0
0.05910753381694655,0
0.023609811873414106,0
0.7987836005428761,1
0.016394817481509952,0
0.0022881088935058067,0
0.6614775974032505,1
0.059011196415291935,0
0.03565486976755734,0
0.017600091024417952,0
0.23564717069479907,0
0.0013283892314860572,0
0.3214186899876062,0
0.5958295932526461,0
0.7373699408109402,0
0.059065951932571574,0
0.007369601121220856,0
0.17897581894382644,0
0.2948398332105383,0
0.2024207746978414,0
0.009029454449631017,0
0.17821376433377414,0
0.19582641137979956,0
0.18038498751253268,0
0.2034745908677582,0
0.809742589580124,1
0.3280409054201281,0
0.01548443506837863,0
0.3476663620352604,1
0.02103391034424355,0
0.0050303169666178335,0
0.28705836760787873,0
0.23597193075081166,0
0.21547814280458083,1
0.020216007136651087,0
0.11097534501860278,0
0.14771854408727148,0
0.371428159419136,0
0.8252208950116867,1
0.01159651751596588,0
0.13772458552015807,0
0.13414666581368487,0
0.3763678333526534,0
0.2155385179578316,0
0.18791649668754537,0
0.01577960058918504,0
0.07730272827405614,0
0.8253487065534303,1
0.2727539728705442,0
0.007707761342081971,0
0.13686328411263088,0
0.3275708528021474,0
0.10073546240537469,0
0.00857025301169318,0
0.3801367927800528,0
0.014924811574209372,0
0.0012269586294004087,0
0.10503283008274493,0
0.043308397369613366,0
0.8366420530130333,1
0.014538237598165431,0
0.07710254772596481,0
0.0036844296568732814,0
0.017571593609184904,0
0.007209586848908036,0
0.8604600005747132,0
0.002275130516098748,0
0.07329319107560946,0
0.018173787113221308,0
0.017215373186385483,0
0.026730646357904883,0
0.0007691469150791413,0
0.28483327503013006,0
0.3890122232135918,0
0.8123956320045543,0
0.05484829315928378,0
0.0788162104391609,0
0.2836836963857998,0
0.1436929088116102,0
0.6508869962532894,1
0.16167608399296954,0
0.542970989154263,0
0.04631666657951181,0
0.021543838112493968,0
0.31036406092261765,0
0.0377161868075494,0
0.3309309854869095,0
0.02173407350919623,0
0.04232531670397729,0
0.12457398449319268,0
0.010862994341337558,0
0.8454821452907773,0
0.0208068052349064,0
0.007450042819236702,0
0.3865026681790333,0
0.3690514630325929,0
0.0020037254048059137,0
0.5671753546995871,0
0.0002528756646444929,0
0.004226355048447266,0
0.08778065088572556,0
0.5468140685146722,0
0.21173352338373738,0
0.5957789090743126,0
0.0947601622262559,0
0.06575018929481206,0
0.46296328919591456,0
0.03778528406217721,0
0.1120891750196272,0
0.001356579472748607,0
0.010172281443764817,0
0.04816247662875198,0
0.24347811966865723,0
0.44573810375394163,0
0.006117325805921271,0
0.3071995894751973,0
0.03649089946709027,0
0.866114096676842,1
0.08634957581290173,0
0.024348882053476385,0
0.00276518651409446,0
0.34288825386266225,0
0.7378026021913996,1
0.316009564212947,0
0.05520166287229862,0
0.2371993839008379,0
0.10334244473429917,0
0.3682654463843766,0
0.383824235450625,0
0.14034625787342567,0
0.15810133620735692,0
0.7407385431295058,1
0.09082171516198342,0
0.09447570964677525,0
0.3236147804279431,0
0.920172381037308,1
0.10389283128924999,0
0.06954560333713079,0
0.19493714338510357,0
0.006681282883565838,0
0.0614025132834188,0
0.706505850862935,1
0.0750040425395007,0
0.02201104459170437,0
0.011698754582196429,0
0.856622098392442,1
0.030719968547890136,0
0.011192782729654984,0
0.6660553303739399,0
0.26975162372676387,0
0.22236701749023455,0
0.35768197346312613,0
0.0007001312821024409,0
0.08367432710178829,0
0.6363969861823744,0
0.021066027009409218,0
0.03195830563282772,0
0.09459362333282453,0
0.1200741115653544,0
0.5966029470683173,0
0.5498771836460672,0
0.0849117723651675,0
0.05092429431350714,0
0.20267139162761683,0
0.32460173427769345,0
0.06787904429259002,0
0.8391264668672476,1
0.2030756129260778,0
0.009866216658064742,0
0.08223087771891387,0
0.06912390869260279,0
0.7806068989363181,1
0.6950841663214457,0
0.05372802500323884,0
0.1410829424427003,0
0.635840711506321,0
0.12036944625857474,0
0.04609667064353251,0
0.008129954645687698,0
0.0017002004009841517,0
0.14160855255194066,0
0.15407996453042327,0
0.39924381618383536,0
0.06465358350376839,0
0.20515534206435843,0
0.19815590284759002,0
0.07830231490988633,0
0.006722498064536707,0
0.0656536574783618,0
0.0025516156516814043,0
0.005337833538828844,0
0.09883136900107771,0
0.04161082862742231,0
0.05598571257565973,0
0.10639267117294084,0
0.20647236860158946,0
0.062415049742937816,0
0.06936357760319595,0
0.506873527992896,0
0.0882624567411943,0
0.1372174262164183,0
0.6824298530699341,0
0.017801659381057953,0
0.5716717217546029,0
0.002671557486558778,0
0.02591709491898599,0
0.0492766526126941,0
0.1384541309394695,0
0.9246501386171248,1
0.1409623104154817,0
0.008397123733289021,0
0.02203532865354088,0
0.004341011440821957,0
0.2484241768372072,0
0.007341957460663435,0
0.23114195035500298,0
0.031140371600709357,0
0.0011868838969753001,0
0.09203833027158843,0
0.013311489837141786,0
0.008537541861131485,0
0.012233392290951908,0
0.03569273722473044,0
0.057682066692314495,0
0.03883042982674065,0
0.44448993358923694,0
0.012071017660690847,0
0.04077485078580859,0
0.10931955721808588,0
0.18080331565710211,0
0.7057525524318589,1
0.217744600645047,0
0.10270595277942991,0
0.09942749618364106,0
0.05247994357978194,0
0.0014260954757021158,0
0.3093401210831472,0
0.1269593598367546,0
0.2112040472487209,0
0.1949486297414166,0
0.04082070000393937,0
0.6215927316416172,0
0.175213942545107,0
0.03290250383549347,0
0.22310386843041977,1
0.18723276792163596,0
0.0799062497613365,0
0.3003448400761156,0
0.0024370280961295214,0
0.0077876990636908255,0
0.011562715763223885,0
0.1348735474610662,0
0.283190861498043,0
0.12116182743710517,0
0.012520755303697503,0
0.3598981372762235,0
0.015527802492530503,0
0.1455891093298091,0
0.01227016308028187,0
0.5090910790355242,0
0.6051434678429971,1
0.7169010199383573,0
0.03631225843489769,0
0.018582131794574856,0
0.13249354460198648,0
0.01452836626355724,0
0.751774036130163,0
0.8645425057734174,1
0.05597174884742902,0
0.23827410579308805,0
0.02244824760126405,0
0.8263249481960657,0
0.016279369428779895,0
0.005639105138560646,0
0.5282785459748078,1
0.1310774373555871,0
0.344770728954867,0
0.013085079143465772,0
0.11007336079190502,0
0.04666588568204648,0
0.03382810954887783,0
0.5477006695950459,1
0.06634803341802176,0
0.005645322172951448,0
0.32554629474284125,0
0.043761794461966326,0
0.16259352754872006,0
0.8812563462496034,1
0.13785901019521163,0
0.016497416360115875,0
0.467722802367176,1
0.11024044745089948,0
0.2409453713208237,0
0.0035180131785485353,0
0.1492519592163957,0
0.06933944259856206,0
0.2651132009423653,0
0.12218577091642122,0
0.44635575897811736,0
0.5589733305854739,0
0.06156272094291735,0
0.038879879501079635,0
0.01588553580963293,0
0.04067958588188453,0
0.10104316904164388,0
0.4658289711233143,0
0.0018304714741030975,0
0.0670037970442816,0
0.019289476895382577,0
0.6616268573796763,1
0.273746384021983,0
0.017430026278496092,0
0.0761231060888617,0
0.16456926457149698,0
0.47796412326656046,0
0.4324097183468615,0
0.3670955796120478,0
0.04922410727192281,0
0.8775708295148652,1
0.06580102653498075,0
0.0159234326387737,0
0.09568182559746297,0
0.8132998077963122,0
0.17068364991030296,0
0.008357476287798208,0
0.017168959501364538,0
0.02422218116368574,0
0.35169926756203,0
0.004509984821277567,0
0.1689845575082778,0
0.4071394003971771,1
0.000753093890526681,0
0.029231994394333157,0
0.06019325954173549,0
0.2802346168269888,0
0.681217669494063,0
0.7016916998880005,0
0.01928331360843492,0
0.3450608008270445,0
0.03605413703819529,0
0.0568666353356811,0
0.05732512210189496,0
0.26326222375396435,0
0.2169836328669188,0
0.20527922372061402,0
0.02887484630841049,0
0.2028560416172232,0
0.021047471301331517,0
0.05288735956944308,0
0.4054519576161632,0
0.15262412530333946,0
0.27421993605880196,0
0.11264746861551855,0
0.04287332075021368,0
0.502404695778118,0
0.009216654853379237,0
0.0912556764819343,0
0.11535284562975652,0
0.00982977873049046,0
0.766763725716854,1
0.4844678670364699,0
0.1507828184438632,0
0.12593563035880498,0
0.01058916746233992,0
0.021252839425183273,0
0.08758174415048099,0
0.1410369430687029,0
0.08188815543117822,0
0.7017626868888203,1
0.7508596789643939,0
0.02437645856194168,0
0.9349929779953532,1
0.08826629142352753,0
0.17495504172388268,0
0.14381171736898904,0
0.0571857686774005,0
0.8450572487975875,1
0.06647594371764542,0
0.03026844492071455,0
0.06518605929982965,0
0.7907219394250852,0
0.003159111280592953,0
0.030911161943425847,0
0.007758674101680154,0
0.006383175162106717,0
0.30865932069628704,0
0.09292054905000659,0
0.021379746290068315,0
0.0056689269429355945,0
0.1252894863105107,0
0.017586156079477704,0
0.06070937931784464,0
0.19601544775718407,0
0.07692704238240893,0
0.7238705024570662,0
0.08007726827552004,0
0.04245835908949403,0
0.015383949771379682,0
0.20099044039811004,0
0.09603411452276217,0
0.09263761170964545,0
0.08071575875641988,0
0.06133885182756952,0
0.14330481062238873,0
0.004412775562554929,0
0.027489303038111746,0
0.5647020247273242,1
0.054122186464113514,0
0.260494327987136,0
0.28528375924273763,0
0.08423644875971077,0
0.5225114918183368,1
0.2361517335533548,0
0.8559600971234308,1
0.006863404107751266,0
0.7783364872731514,0
0.8495673931775397,0
0.0016034285492264168,0
0.6472889548148761,0
0.024675631229077493,0
0.3720421707910612,0
0.06937909408702674,0
0.9169689554526699,1
0.6059294685210901,1
0.034314176007596335,0
0.0034011002559040378,0
0.07917117546506122,0
0.29259650703959217,0
0.07653352091915284,0
0.011005731300258826,0
0.23252541655179465,0
0.0659622045130186,0
0.013936366162045645,0
0.026085597761226022,0
0.01766875828065447,0
0.16534388702980207,0
0.6750751888083472,1
0.018608244923764894,0
0.03796589065149365,0
0.021239132239171718,0
0.015360696761125255,0
0.36061864649722347,0
0.34919392387830994,0
0.25088593003328186,0
0.08341603661220931,0
0.5455166016833402,0
0.0021816515551444002,0
0.12912602540025472,0
0.009295704665216484,0
0.5006548757720655,1
0.6156598699132726,0
0.0810356861078737,0
0.06488210184215995,0
0.048698784710548726,0
0.12573989930800913,0
0.1507128050007613,0
0.037235288694317484,0
0.005007890192352928,0
0.05588423058113384,0
0.7951337671563652,0
0.6137327077760147,0
0.253920848520849,0
0.22436028847471304,0
0.011431544345580523,0
0.024404164865008057,0
0.035264076769550026,0
0.2606373878839324,0
0.7148611659688623,0
0.9092566508994413,0
0.010486347737353253,0
0.2010901515746494,0
0.09598359068472907,0
0.31453278623236447,0
0.006658289637127141,0
0.0017826960311618208,0
0.09440548083319505,0
0.025856299064615552,0
0.019216095340293563,0
0.1349335055797394,0
0.021935044992258748,0
0.1330345622356118,0
0.7707855733478579,1
0.15366022241075056,0
0.6320287986489554,0
0.11307630479451054,0
0.6961361179515159,1
0.3666578933125328,0
0.8151981037727224,0
0.1407626082265571,0
0.009459939541571673,0
0.7239061397458078,0
0.027188581755538337,0
0.2259068547589752,0
0.029497480455779736,0
0.7428997469742536,0
0.03289098302622335,0
0.009074098450775437,0
0.023167316572367685,0
0.755017856649979,0
0.65752615572382,0
0.007273152790473992,0
0.22654203328258038,0
0.050604877768662584,0
0.11741215802257707,0
0.07744150520373881,0
0.005688251704893288,0
0.08014759609176664,0
0.37817449047357865,1
0.2814818584058499,0
0.0027812013926850248,0
0.014609822989482836,0
0.42922688833897016,0
0.3426154071724092,0
0.12341304682383888,0
0.03315141149271696,0
0.5416490659789011,1
0.5875654974491384,0
0.004417868166524929,0
0.0012927553821889903,0
0.17526243918172704,0
0.5499868849328545,0
0.09128722994384247,0
0.6470246147345742,0
0.13975657471756794,0
0.07065917261572004,0
0.9228349497054072,1
0.3715654373954055,0
0.46575182814034827,0
0.029299417206927202,0
0.04926208344030278,0
0.5892055881635235,0
0.0630386931327712,0
0.009641740955801318,0
0.08379788747515741,0
0.8826741355695051,1
0.5313128351979779,0
0.6322711762688932,1
0.15270950078608053,0
0.6215114843970834,0
0.7008092583755423,1
0.028948495685167133,0
0.6503553463184276,0
0.32766987557638005,0
0.014472753712157307,0
0.09641530965463883,0
0.1063003648911019,0
0.21976032565832446,0
0.2827174623398336,0
0.19709996306161695,0
0.230801153920589,0
0.5094682323516042,1
0.007071903714597797,0
0.007054063965252671,0
0.15754739996593786,0
0.007220809698160096,0
0.42154951395580875,0
0.10918630905942102,0
0.07823645673565992,0
0.07450425730893515,0
0.5122164024879136,0
0.1176647075251769,1
0.6228812336727887,1
0.0062989513166013845,0
0.22014423555379084,0
0.6430754787337302,0
0.0017424470918846766,0
0.1503376386992652,0
0.06622738653274118,0
0.030871537663480168,0
0.37111762487026145,0
0.027543486747132237,0
0.2939975947718818,0
0.3282441202602413,0
0.003944009507246781,0
0.0965415263339264,0
0.721354769535122,0
0.8253698910351603,1
0.7881446069346785,0
0.42188831840785085,1
0.044813219759835744,0
0.4240343728951251,0
0.02369514119429772,0
0.019969843974765155,0
0.04477523280389153,0
0.07790496252371883,0
0.009634798919914311,0
0.028306358382629807,0
0.015198694508939225,0
0.11373812113683358,0
0.1926667919250356,0
0.19871833615859752,0
0.8431521632420835,0
0.05127130861760925,0
0.047013369008114675,0
0.3660460831619867,0
0.23216983129401958,0
0.05794706548562545,0
0.006967242853566617,0
0.5302060406501411,0
0.6133786946585079,0
0.0792106820286135,0
0.7651788368853905,1
0.025325348591195892,0
0.2703247555461227,0
0.09717468507650959,0
0.37250970094022196,0
0.1459689089019055,0
0.7817442903112024,1
0.003177911111644423,0
0.11842828483194076,0
0.9022318381703048,0
0.012872111823852223,0
0.38412458964685914,1
0.08063072121156263,0
0.8196682814497046,1
0.16122054627052884,0
0.6315308135591585,1
0.6025687015153613,0
0.30412264323498717,0
0.11052523681172104,0
0.0371262993584947,1
0.14803678488259553,0
0.07227672188498653,0
0.047401318583320355,0
0.011954624714165092,0
0.1282615066056302,1
0.09224957603739628,0
0.0761288193892673,0
0.35240899043161256,0
0.18143602506983877,0
0.16069519860171935,0
0.1295320610489377,0
0.12947018046190995,0
0.026186921082246302,0
0.02612489914719068,0
0.3788159652882031,0
0.0182693134112873,0
0.09103284378647261,0
0.027568645679066316,0
0.17568043656045673,0
0.228265796630653,0
0.018130515374103283,0
0.3389460982706077,0
0.48226074764036375,0
0.3041241839657002,0
0.7444908914180486,1
0.11054514506651798,0
0.340419594990193,0
0.06786650649940972,0
0.002729532835150031,0
0.002497554048785879,0
0.4795566457697228,0
0.019105873978360464,0
0.5702250648085432,0
0.00595109903435372,0
0.8866471850537413,1
0.015578861490204581,0
0.1533168488184044,0
0.003558785089820621,0
0.00059822919369547,0
0.02997584621323632,0
0.16282209360382804,0
0.022638452473164792,0
0.5621301797411972,1
0.4473087172560982,0
0.19710970272661993,0
0.13962939595742585,0
0.8613667580857857,0
0.004706189684986802,0
0.012073377132619212,0
0.052719241493663783,0
0.7186348088856378,0
0.18314704142273025,0
0.4573936288958813,0
0.02006026897062025,0
0.0005969140856757136,0
0.0102127356746037,0
0.14339282283290652,0
0.0007393624145216205,0
0.025358446443370673,0
0.01950225911496929,0
0.8170025116088108,0
0.5439576746817499,1
0.14980487518810584,0
0.36631933311561254,0
0.5488939314175098,0
0.28384800327065085,0
0.020996688979837645,0
0.41995411217944606,0
0.07922053096648524,0
0.0038226900017766063,0
0.33031462248713667,0
0.10149459132538577,0
0.1453505114551599,0
0.022545280883860846,0
0.39541109774157196,0
0.2848040475552299,0
0.0637257444642454,0
0.18747577836164886,0
0.5081779207461468,0
0.03851782203185246,0
0.8703857834784243,1
0.8593531562135954,1
0.032497150535056564,0
0.033288913848185886,0
0.5740493798630093,0
0.27426684693290765,0
0.24041969710265326,1
0.0875233269141519,0
0.20727797649851482,0
0.1857873040330567,0
0.10224966738353898,0
0.06617033617092659,0
0.5384522919715374,0
0.6301113376233745,1
0.019515312775112884,0
0.0768488687774669,0
0.23940244698656982,0
0.7277717382518137,1
0.04024324518782218,0
0.014620166420554767,0
0.09682188067178804,0
0.16412877411200116,0
0.2653103362768049,0
0.156679967173189,0
0.19069542334949643,0
0.5589082120702603,0
0.08019419150975499,0
0.37617501735354,0
0.0009477045548888001,0
0.2590144835259984,0
0.3559174240991185,1
0.06084748637535076,0
0.11020675876209592,0
0.2037409251013399,0
0.022883975421197404,0
0.01074584388362916,0
0.02161607527845975,0
0.02789287250738587,0
0.07188408016413393,1
0.03621075085467848,0
0.08511341795680086,0
0.5084440730779068,0
0.003229273246116098,0
0.14459561254780995,0
0.05699235137640439,0
0.0177595885614053,0
0.09498442990862131,0
0.09075466143987541,0
0.023846411447993134,0
0.6445535680295729,1
0.511677567957673,1
0.10705339623856812,0
0.4574433488952837,0
0.19042198546573955,0
0.01792431606944867,0
0.12971785551165047,0
0.08601482927274788,0
0.37102044735507933,0
0.017478176542045955,0
0.017209007402623853,0
0.22865907725870666,0
0.06429896894164457,0
0.6613112879930056,1
0.05167193787207225,0
0.0032294930530925216,0
0.06162945876222169,0
0.025013403405789364,0
0.32102773096548515,0
0.617138511996811,0
0.11003602133403828,0
0.026252999992792726,0
0.13766569879315046,0
0.0073425613739038515,0
0.17417595260934685,0
0.1407897712597021,0
0.1549769960532618,0
0.04919586205179558,0
0.2997541454670649,0
0.06403219262705709,0
0.48791316981374455,1
0.34990783534821224,1
0.14085165010789083,0
0.02627437986829409,0
0.5939532536273527,0
0.03914811561108687,0
0.10019811437654699,0
0.1682566137287905,0
0.03652292750955214,0
0.9101137524764495,0
0.035947369214637655,0
0.025520284911919627,0
0.00475167968279139,0
0.00048375534574346824,0
0.8878424896884476,1
0.019554218968769792,0
0.04294238901644041,0
0.18865253718307035,0
0.08553069311096492,0
0.2369201068361472,0
0.7479258085896943,0
0.030571715838478647,0
0.21733470136328617,0
0.18196952900450325,0
0.004074823854749619,0
0.2516010264043038,0
0.21056472207167473,0
0.028501655632420547,0
0.2524251170717961,0
0.05945527630420658,0
0.31479365358731326,0
0.056255047940435905,0
0.005893400125697702,0
0.3384008405922941,0
0.8575919853545034,1
0.08497616625288602,0
0.19337852602801406,1
0.07280042378652987,0
0.6357370277761604,0
0.20799341781917563,0
0.17532770162811537,0
0.07719552356772812,0
0.7784363945493313,0
0.9038439566605005,1
0.8846970263833116,0
0.20763241389138787,1
0.02314487592545953,0
0.016787316052748472,0
0.33496184210773977,0
0.7371606891713615,1
0.3913744865806674,0
0.12391405215630961,0
0.31036489339235623,0
0.006000395318188462,0
0.7583985257476649,0
0.04106109985582484,0
0.0007218794802614785,0
0.07091686977651197,0
0.010455427731153261,0
0.3428877403531531,0
0.5012967643627924,0
0.062187523093111347,0
0.048147723708260426,0
0.6809465995105018,1
0.8320196944404519,0
0.006345069887020957,0
0.0027963401461940014,0
0.20159198947584564,0
0.010004093823972108,0
0.18778058245307533,0
0.06202929175219015,0
0.08170638268457694,0
0.003945630323601267,0
0.00046199812975122894,0
0.32448863315544324,0
0.010149904634030552,0
0.020217833938651182,0
0.08372747294003936,0
0.42802190094867854,1
0.16041371301999505,0
0.05472996761706273,0
0.029951294932975943,0
0.016590962714876013,0
0.050992821469087395,0
0.5084560862075177,0
0.0037375392802855415,0
0.009302145255576011,0
0.20344595042712627,0
0.3750039066666088,0
0.08745113782494403,0
0.08104710967657422,0
0.021619419998431536,0
0.018956368974533504,0
0.7181367742971124,0
0.09246163639514624,0
0.08218474054547206,0
0.00684378970990959,0
0.2210828749017525,1
0.003968488048214655,0
0.1970077517688677,0
0.09176780576385712,0
0.020333243349740335,0
0.29562702695902837,0
0.6127258930971187,1
0.05624010610559546,0
0.00968353377171911,0
0.20182295124613908,0
0.1965892858018941,0
0.2924782904785558,0
0.7831988236984017,0
0.003395161652460366,0
0.03490555446058145,0
0.01972883777630981,0
0.3241097488117217,1
0.004700509780815489,0
0.9271691953459733,1
0.0018006518343540638,0
0.048164114208981944,0
0.007708107117075509,0
0.20300846455330876,0
0.5427968380147643,0
0.667055230458571,0
0.1231295464722809,0
0.06142071727966283,0
0.5700330780727884,0
0.09229525383546769,0
0.24642185609185596,0
0.006291894685528756,0
0.029642007396501295,0
0.31040244679677265,1
0.8068597981779624,1
0.003608283516331129,0
0.0068963912891972885,0
0.8150780250532144,0
0.19384447889130876,0
0.6821331925062699,0
0.08981098153650467,0
0.6211174444727022,1
0.7300270194828965,0
0.04122262550769951,0
0.639034162876051,1
0.1198409779976387,0
0.009188775721293802,0
0.033810658879882806,0
0.48808807346998795,0
0.029144699736793407,0
0.10644429927928893,0
0.00518486908443582,0
0.9492268649596602,1
0.7058599737694043,0
0.9345558385236054,1
0.00048388493605237566,0
0.07386704858296636,0
0.015282860760273362,0
0.6942398616221764,0
0.024576925745076625,0
0.8653461259768188,1
0.1170275874077564,0
0.049018743958786276,0
0.11309963824848893,0
0.7619686469697815,1
0.2674266428920841,0
0.01710318578736638,0
0.011243186375219132,0
0.22583710615958286,0
0.1346820082966386,0
0.5710651582544737,1
0.0623456584771435,0
0.7050221626123633,1
0.12859988777054865,0
0.49479025508569513,0
0.08553438539583683,0
0.30515937950240707,0
0.11558181026092376,0
0.24599964922124554,0
0.0405648151832772,0
0.6730817555715685,0
0.47982045377705035,1
0.10383692147012175,0
0.4499586343861886,0
0.0002300225706935642,0
0.09391118316587008,0
0.3736786315363044,0
0.0006824362563506879,0
0.1894904983074638,0
0.6496256770106135,1
0.6527737278785415,0
0.06332272428334107,0
0.05806756474376608,0
0.0028261047974007334,0
0.1308354935322264,0
0.19770181054067582,0
0.020670994680031685,0
0.49806984409504396,1
0.11431453864916541,0
0.0005125467065582376,0
0.004415706755330332,0
0.028843312298898468,0
0.2089946439084613,0
0.012739534412867626,0
0.0837347295446173,0
0.24811669255901161,0
0.03594781032533205,0
0.9681945520077789,1
0.040890560076916764,0
0.2968409713543598,0
0.2769093432227676,0
0.0019528153434527397,0
0.006617913961830531,0
0.04875785070311195,0
0.24763707253904743,0
0.174050213917938,0
0.20382739069735895,0
0.28029936435343406,0
0.05657137637371635,0
0.1959655646012216,0
0.30408980184178147,0
0.0030470680416105366,0
0.2701087023870241,0
0.2091940770430909,0
0.04349722449454266,0
0.010499587094954134,0
0.07243041920244592,0
0.06093178770672456,0
0.2872817114465128,0
0.029851281482367445,0
0.05469935951108982,0
0.08889132054833151,0
0.03100364312456962,0
0.5798195794568568,0
0.23921376889962856,0
0.0910138192331562,0
0.2003997729665066,0
0.04568550227628249,0
0.31001134341185776,0
0.07252521384458993,0
0.05730115245317784,0
0.37002199982954015,0
0.3353181289239644,0
0.0027341374318470345,0
0.04683141628399111,0
0.006605159872032487,0
0.07583583822196943,0
0.21166922297071186,0
0.39809676004478833,0
0.010213410111634893,0
0.02318265798176347,0
0.011370376461985368,0
0.05443491365037012,0
0.1377412739229117,0
0.013792440306503515,0
0.6133702123872925,0
0.10058622692326732,0
0.09389651291995942,0
0.03887335403900135,0
0.009096024099202208,0
0.0601770790221536,0
0.6706673499386602,1
0.6532599799230699,0
0.5978913686107762,0
0.043840134165322585,0
0.251952118546,0
0.003052515241247547,0
0.4878849881829335,0
0.03932765831343028,0
0.1377067157744052,0
0.04042132655382824,0
0.7554629473098335,1
0.3447609012285915,0
0.024435307915487293,0
0.1592489541225603,0
0.020591963001866977,0
0.3546188641154103,0
0.728008872205259,0
0.256393669741645,0
0.16395202029560416,0
0.045768345092062325,0
0.045543110575400954,0
0.0041328529961192975,0
0.33660990969098914,0
0.00046100439340946635,0
0.11091173678712184,0
0.08592489054828363,0
0.13210208610610416,0
0.14541378479264297,0
0.02294762214900885,0
0.8576762477082199,0
0.4038451335160451,0
0.02661742815921125,0
0.33348786463084235,0
0.3195202516334949,1
0.018542028164222988,0
0.013318980367389032,0
0.5748791003222701,0
0.2703956454548681,1
0.015428103227144174,0
0.0019655471028439827,0
0.26831118281397814,1
0.006583373297319689,0
0.046163976912053116,0
0.026570447453753233,0
0.03346559021705506,0
0.10095718117286137,0
0.0007656072136886051,0
0.0009904512994920543,0
0.38091992099648414,0
0.07579034338833651,0
0.008236976078628251,0
0.07190719188618296,0
0.4067166350927103,1
0.2582398269493351,0
0.017554382614681778,0
0.6458144547339253,0
0.1406743336226724,0
0.011573041105313923,0
0.13884075615528155,0
0.08830325622196089,0
0.011145152574147284,0
0.015825496234297413,0
0.17997213655062544,0
0.4344118908607154,0
0.08935585454146547,0
0.04541516616630018,0
0.06531463916740717,0
0.5563688406103259,0
0.07702238393434267,0
0.5615253070192061,0
0.024254625181951654,0
0.40949305747976855,0
0.09712491682495555,0
0.0688271445914292,0
0.04933214706087825,0
0.3084876390868114,0
0.011536317605181496,0
0.0029737848529845724,0
0.2367669414669597,0
0.053209065519820894,0
0.31498887794341784,0
0.2766003348688349,1
0.14829375421184976,0
0.007646639758458566,0
0.8092033343767362,1
0.5097675905640915,0
0.1350633952844013,0
0.17672240747269005,0
0.11764268601407421,0
0.13372627061026393,0
0.21447190887481912,0
0.3796964780757395,0
0.26196320617628693,0
0.01730272550739404,0
0.11747953697759418,0
0.13797643015008448,0
0.012592331310188677,0
0.45380185637704656,0
0.18578000588785834,0
0.11253457158796491,0
0.10103684270962648,0
0.0021182511364023697,0
0.6704738139217805,1
0.027193863055975216,0
0.5043890144037314,0
0.952039810164693,1
0.226983208060111,0
0.28393048228216144,0
0.08377298786262392,0
0.04874603278459361,0
0.5314245977061451,0
0.28256476175904494,1
0.05994514407188967,0
0.018816489915437336,0
0.30996460505408713,0
0.0034676532013524597,0
0.06166847597494471,0
0.060948737824398955,0
0.09252777625592373,0
0.2773829649082564,0
0.08731514221445583,0
0.01767150774613543,0
0.029143540695065417,0
0.3463579817342387,0
0.01551344079621651,0
0.0760431042550086,0
0.29849362321440476,0
0.9445504290517338,1
0.312940884598178,0
0.30959499508588784,0
0.8517918988662755,1
0.044163352683613565,0
0.08577132803255502,0
0.39162789605685533,0
0.06775314016042315,0
0.5674674387592945,0
0.3203004675448637,0
0.001363201744881407,0
0.25691243007710246,0
0.14595637890051671,0
0.16671754186929738,0
0.9010586249574568,1
0.36796150425989976,0
0.707098578331337,0
0.5126564062230986,1
0.3066665760593081,0
0.02389878668970837,0
0.01852916350468167,0
0.11130639113322843,0
0.2956763858224193,0
0.49806807126816377,0
0.3043035720286736,0
0.01082476658673827,0
0.0857207375946105,0
0.2279822432490039,0
0.0022999874081416675,0
0.27528217605150457,0
0.7464848752083401,0
0.9615109343338802,1
0.31569935440011065,0
0.014805806766408325,0
0.5255352519258198,0
0.4097882370419352,0
0.0322205303685103,0
0.13078891359589448,0
0.04779854991677675,0
0.004814052086160361,0
0.3738461581678459,0
0.02301075548991228,0
0.7795711516144087,1
0.07100444145718025,0
0.006367427732925326,0
0.5025788412319179,1
0.12002302201477477,0
0.14809520570611592,0
0.03615277268051633,0
0.004174745302760078,0
0.0696763966389259,0
0.20120376440257046,0
0.05786148234342156,0
0.10517103944912065,0
0.14834069832732394,0
0.15685988300874873,0
0.17781306266201705,0
0.581950354260356,0
0.07708109721096315,0
0.12325763321629056,0
0.00767977190263265,0
0.07056988216260157,0
0.5608124097629393,0
0.022384301301959935,0
0.36865465786195667,0
0.557070271838125,0
0.00025750636556712427,0
0.028745453040993088,0
0.007413941648014343,0
0.1310874329115361,0
0.0004609036461549835,0
0.09394362006710558,0
0.37785276804563644,0
0.10694951358287398,0
0.04088185250829451,0
0.03660484485163728,0
0.8602274908400124,1
0.41584225648650075,0
0.28921593782005817,0
0.08493861260475273,0
0.014013615352538318,0
0.054601464173959766,0
0.1299291418492014,0
0.22660091501522034,0
0.023589494076874586,0
0.3641321303336827,0
0.5826751041315309,1
0.02633483793990093,0
0.22525117337751852,0
0.006854996385039953,0
0.014888194539817672,0
0.6277904079007027,0
0.027707594011256487,0
0.5227104983105357,0
0.8787164349615536,1
0.31547003729830886,0
0.593326506397631,1
0.010467783739883506,0
0.010551788513099698,0
0.29425196518803376,0
0.09410188598343924,0
0.7417697316173136,0
0.017992302577485863,0
0.011527426900864073,0
0.0073134690133713764,0
0.17530351457049453,0
0.16082484258326424,0
0.8663734626557218,1
0.020043814030825974,0
0.8620847771021868,1
0.12370466947117341,0
0.8392553251060917,1
0.22076785784215242,0
0.1864256703408444,0
0.23190935741540308,0
0.015632683818913345,0
0.12121118785742925,1
0.046782225462006256,0
0.005435118534444933,0
0.38251864900512395,0
0.08333671986199817,0
0.014321810111187449,0
0.0008313845846749541,0
0.0020125088548019637,0
0.24666167457701912,0
0.08855321515814536,0
0.7606088332129607,0
0.004311140666798264,0
0.856489938225707,0
0.003440959670896425,0
0.21452112065243886,0
0.8468487853910663,0
0.03929894383500553,0
0.09409268787575543,0
0.015000812254459995,0
0.01782894225974357,0
0.001520489891930648,0
0.738393985880452,0
0.5097382127624817,0
0.16256190923504948,0
0.2405963027227344,0
0.7663846720098656,0
0.007658992894360974,0
0.3876036148095084,0
0.17499665981602844,0
0.05611937282560158,0
0.9098441666722895,0
0.07399295657964215,0
0.6243341248531733,0
0.9361993784815789,1
0.08964915907654235,0
0.2685043253144133,0
0.9714822601610916,1
0.7516743368276054,1
0.08818827762622544,0
0.09819629796776513,0
0.027144412503777807,0
0.03554649551105052,0
0.024159872466525418,0
0.055949945048378344,0
0.6048166570753282,0
0.06171160500707366,0
0.2806607815184516,0
0.012560251850605147,0
0.021055268979072766,0
0.02761076234633377,0
0.057623055945483906,0
0.06968416584051014,0
0.030825063827984927,0
0.2038305527445823,0
0.12946053142114108,0
0.6736337783866795,0
0.0014023407934005173,0
0.0008718819463630807,0
0.55700299423319,0
0.025373903367896838,0
0.37895488137230476,1
0.01011483909454947,0
0.02566676189970201,0
0.6269600871495307,0
0.03786587284093421,0
0.08046654446104476,0
0.7536346491687616,1
0.04277699919146281,0
0.0006484509699918842,0
0.00204150754473562,0
0.06909031794497669,0
0.019178524453635742,0
0.8221898655451944,1
0.2994776972618704,0
0.08243929497464031,0
0.6223533051372461,1
0.001960799936625584,0
0.07125996843730839,0
0.19776591000275012,0
0.19699162772870962,0
0.5673205968321647,0
0.07263355857221757,0
0.008392702970970497,0
0.0014424733179711385,0
0.010214834295874687,0
0.1192676399407898,0
0.8857284556432986,1
0.09519502692755903,0
0.028534378270425525,0
0.05762840055932282,0
0.007156518049683408,0
0.017216939097131942,0
0.22470568568160798,0
0.14890512367829786,0
0.10795582648813606,0
0.22205902706272465,0
0.022652041655650185,0
0.030678676212617165,0
0.03659905714732981,0
0.02160617822756666,0
0.08550346866276995,0
0.8508550786002108,0
0.1944945246388738,0
0.26814922124080515,0
0.023119890126773495,0
0.6850862049061116,1
0.0013339141974942506,0
0.09675746024185813,0
0.05578674814836652,0
0.024743049214923804,0
0.015066486850335925,0
0.03426347961169359,0
0.07634831060058106,0
0.0022047315867679347,0
0.12879099673490446,0
0.05750247313008772,0
0.09610659124240173,0
0.20709799734323012,0
0.0021613768755349987,0
0.0068752454568787,0
0.17898663817592578,0
0.12927127540505173,0
0.7849252380548286,0
0.053542723790192696,0
0.07026682762702713,0
0.06919331565553788,0
0.0011876149218185159,0
0.18922339540919328,0
0.7853282514826335,1
0.13961071907550868,0
0.1849276394072146,0
0.00503621304828868,0
0.39432657998712356,0
0.05470617199768509,0
0.24885918302523474,0
0.23668571173187317,0
0.06542866350311678,0
0.03875779635374229,0
0.3103194863323749,0
0.0841914757051584,0
0.6090768640193984,0
0.03744277281425687,0
0.02413898018808902,0
0.002812938174765791,0
0.4700979282725173,0
0.38627140792192377,1
0.005136509723850156,0
0.34232953550786177,0
0.2659863868243499,0
0.06770979913887229,0
0.4372828865981506,0
0.13148875314802017,0
0.018154394230088067,0
0.0002967583195601465,0
0.8812594438042809,0
0.12203413396718174,0
0.3522409784730688,0
0.06760010545757163,0
0.1300556931897143,0
0.8969130381100231,1
0.09812524211819834,0
0.13709145032621775,0
0.09398409180476112,0
0.024204639076449336,0
0.6309637818314456,0
0.4468716661527072,0
0.7688486884596901,1
0.42898244120289614,0
0.023821526900747177,0
0.5942382796771815,1
0.07368830123240519,0
0.4538062457173054,0
0.6590825736346346,0
0.6317055239175757,0
0.02130278174401031,0
0.023367520967395517,0
0.20036308421246996,0
0.18735157326646756,0
0.07520817163845768,0
0.09999011236714392,0
0.17338992932854727,0
0.731735950853625,0
0.08244660887287812,0
0.03909216944205753,0
0.020328984094086105,0
0.12128416202092127,1
0.04198185960560615,0
0.3208497193514135,0
0.5023193608643404,1
0.15041363989197457,0
0.18411905452180977,0
0.035514824829483,0
0.03681695253034347,0
0.03308484194080353,0
0.003546294129464933,0
0.503962721629796,0
0.0626318656521921,0
0.13982746806697396,0
0.7721389156381927,0
0.003115928545794321,0
0.006863343909559972,0
0.6305794918631006,1
0.010086279654583233,0
0.08054217182928548,0
0.34542739443971443,0
0.04656211041421007,0
0.11282158775530396,0
0.0030372412275002847,0
0.44831318908297535,0
0.05438836163049574,0
0.9152835069033431,1
0.007324645621721897,0
0.08904620483215202,0
0.0028572964754237356,0
0.008430784847860369,0
0.813175669565076,0
0.29250864956278794,0
0.016362369807887595,0
0.02193714263129228,0
0.017926405271326776,0
0.6487389827074709,1
0.28972565292146724,1
0.1443984381095418,0
0.02051108927360245,0
0.16363601434858613,0
0.4653068618823426,1
0.7450397905258805,0
0.02878015125059546,0
0.09438929183946981,0
0.3707977872967335,0
0.11564522701428429,0
0.003452657746734769,0
0.015531397376422873,0
0.004856044361750245,0
0.011765506201849501,0
0.00565695333441362,0
0.260995022640862,0
0.18680603302707002,0
0.21046559249447336,0
0.13648593087636576,0
0.007817901742793338,0
0.05639482418623773,0
0.07222289204057011,0
0.6316537366247513,0
0.11740356421931093,0
0.007075265965788899,0
0.08326274762410922,0
0.10351805308768469,0
0.11370432953868106,0
0.003255105142070546,0
0.5404236970541573,0
0.4508363761329784,0
0.8430253173415914,1
0.053846966876802155,0
0.3979347795767917,0
0.10486775338020342,0
0.03002062779275935,0
0.7911265013069976,0
0.09361036373806664,0
0.002242497318848261,0
0.07672236983039656,0
0.018198197743234616,0
0.5331562588501936,1
0.002796696950524951,0
0.20202333846478618,0
0.0563666240605521,0
0.08004044165370239,0
0.6089473565413306,1
0.10177437978752252,0
0.7136418417725457,0
0.006525097594879121,0
0.16247232486025756,0
0.7136487057788499,1
0.0011071672937394226,0
0.09387597139434257,0
0.2058061068378764,0
0.7998707562753616,1
0.09408113622237879,0
0.010119701649036873,0
0.11818990489793224,0
0.08445514954758399,0
0.09065467005360062,0
0.10412665303161169,0
0.054598638329156506,0
0.032148310388304555,0
0.11643092401459637,0
0.029927324964337698,0
0.0276912490884046,0
0.7468826033601224,0
0.20256703553573105,0
0.5528232456857305,0
0.821514395764273,1
0.1771506010399822,0
0.026558877805709563,0
0.4562268193847035,0
0.08048670438284689,0
0.8396332270780873,1
0.6174420636669578,0
0.13970457639995842,0
0.018434465580396343,0
0.047418553530082876,0
0.04555555308869266,0
0.11101766348505199,0
0.23031211706195853,0
0.20260527725301827,0
0.00887359713115975,0
0.142401414269453,0
0.6140598288365444,0
0.10253201136503126,0
0.003360771535332216,0
0.25376544058959005,0
0.03647341274227406,0
0.030788589345440213,0
0.16483520604813973,0
0.9317910948667677,1
0.14234748319182075,0
0.2529507407094829,0
0.1303522867799734,0
0.04348510316082817,0
0.19897782390458407,0
0.5694887892951485,0
0.09146459644328045,0
0.4868697019391693,1
0.09961518101478403,0
0.022437660158277535,0
0.0009369079637266402,0
0.20000058003903393,0
0.5932368171423947,0
0.0010612249744093845,0
0.00026276521228750814,0
0.030407800487335372,0
0.03246557622347163,0
0.05167276811251734,0
0.13184894169909683,0
0.6918039093648539,0
0.9486078085791156,0
0.03981815013265968,0
0.11575035440949868,0
0.11937501316000378,0
0.060216874748924155,0
0.5672041156458416,0
0.25760802753169443,0
0.0701493308885602,0
0.00166477907479443,0
0.04938323851638175,0
0.047723689387997835,0
0.1988204878958302,0
0.0011923961257013897,0
0.018157037271057462,0
0.08926465844837056,0
0.04529576896089554,0
0.0016571044279056057,0
0.05568154660834838,0
0.7022214262709637,0
0.06939671474931398,0
0.010197304652899761,0
0.6991729676702131,0
0.7676456418735341,1
0.10013874668577029,0
0.41250044501995214,0
0.2190169715520732,0
0.001902455034111912,0
0.025314680946048742,0
0.010876231200764714,0
0.1999577337140564,0
0.3754784926676969,1
0.5990005585105563,1
0.004710753568453225,0
0.021354930802776565,0
0.048994979790685116,0
0.06317081014337494,0
0.533003556796308,0
0.5124982166136562,0
0.28063818280239045,0
0.11128947939741674,0
0.005796115847304804,0
0.016503676257227293,0
0.0029504785866532788,0
0.11274000872749293,0
0.09708264072976876,0
0.01647615197210304,0
0.007726065520761763,0
0.2603847630595676,0
0.19461925831852855,0
0.21640883066373984,0
0.47324906571035524,0
0.02975126487881628,0
0.13679869774566647,0
0.03789448409170573,0
0.00032655512674546077,0
0.005001842152402213,0
0.3059566721182581,0
0.2532120475382019,0
0.4267819380719631,0
0.08169371561658079,0
0.12048597469797882,0
0.01747067941488825,0
0.002151593523421849,0
0.02445432528946363,0
0.0581635375870172,0
0.8880501398338356,1
0.19478147904287135,0
0.0211811356010532,0
0.044818572652366925,0
0.005042286553110107,0
0.5079045431459283,0
0.002973718591907932,0
0.07783836847153024,0
0.6435078468233948,0
0.19560283827429198,0
0.0038941833140850573,0
0.05159669427378789,0
0.08864556811450604,0
0.2027487775940703,0
0.06328421977165606,0
0.28593450705813167,0
0.24428894941661072,0
0.1833106361154245,0
0.8564746883145496,0
0.5264405795993566,1
0.19744299582487426,0
0.0743856707581006,0
0.011560104315729416,0
0.03364157357975826,0
0.022172376011989937,0
0.03639955526630617,0
0.004036178266552671,0
0.28722061060677206,0
0.09023423894171718,0
0.1446968702228331,0
0.6735747224195966,1
0.55286645883399,0
0.19663881996488408,0
0.018360322653476036,0
0.7473118184375024,0
0.00404324163068586,0
0.33023147480632575,0
0.830180418265992,0
0.01940954380819276,0
0.08626522373421584,0
0.01711388615470008,0
0.15292943410334434,0
0.04883005130307471,0
0.014348011598571344,0
0.022160840467578043,0
0.09982650890203762,0
0.0034341256816603867,0
0.11350266834154706,0
0.7082550736894644,0
0.20044035112559735,0
0.841779303026839,1
0.1162976429919317,0
0.0628354080733221,0
0.525642209174947,1
0.02217158807741508,0
0.002857253689856446,0
0.17204066175733387,0
0.287331147285716,0
0.028902027940293857,0
0.009717928967310574,0
0.17660487119676074,0
0.019033538329712277,0
0.07312170000790376,0
0.20111560390151215,1
0.0672910286539648,0
0.21377634960497574,0
0.0517504652168718,0
0.001687919103838051,0
0.44892119165656724,0
0.004244561191482347,0
0.015592713774421302,0
0.09619246924846195,0
0.10845475918036558,0
0.30187690106414616,1
0.14390584830120176,0
0.0035293697856829164,0
0.6870621470092544,0
0.30366193313916295,0
0.5314546019927583,0
0.006479624982400956,0
0.6439586138651148,1
0.15638196295034998,0
0.08766320012782484,0
0.22806046608933048,0
0.4798903593076503,0
0.10684139630913964,0
0.18750993185572465,0
0.022991109724531344,0
0.2501851941019932,0
0.6800925436398427,1
0.15067711344622026,0
0.5929616428760865,0
0.34734859121059103,0
0.18354546494702115,0
0.16914757602579372,0
0.011857639693615316,0
0.6459871446873368,0
0.5997253423688762,0
0.9017919463442919,0
0.07475863305975342,0
0.5483564080988554,0
0.12631508045340803,0
0.6516722193605958,0
0.01157999269650475,0
0.0988213482665235,0
0.09374352232238128,0
0.029349803506996727,0
0.03611555796883818,0
0.3295798302142397,1
0.021125519508539442,0
0.6024287751914056,0
0.02000592951556417,0
0.01891421845082123,0
0.0003735155788331389,0
0.00523537358533304,0
0.5525334063959236,0
0.06838343935859467,0
0.05187173328043776,0
0.24070220459982558,0
0.002257999613964611,0
0.9420914555476596,1
0.42810705554367695,0
0.41402982469616545,0
0.16838570583529355,0
0.27522371170747467,0
0.04013648902915854,0
0.03331041481839274,0
0.07288678977158647,0
0.5292278834460038,0
0.12182545563748078,0
0.008561953496802466,0
0.4326067584293697,0
0.000514291655092486,0
0.17890687507773187,0
0.05666820879074617,0
0.1084562658699713,0
0.015370436738663954,0
0.7739426767204848,0
0.03637786716070038,0
0.7246174832574082,0
0.05115623462409339,0
0.004714788407564636,0
0.06743694386091176,0
0.19672276997450294,1
0.00490079131541182,0
0.01841692458223543,0
0.013313864260638191,0
0.032160836025995246,0
0.3333624713175268,0
0.13278295218820554,0
0.04445976535766497,0
0.5460338648251515,0
0.15152335392477528,0
0.0009216052342368581,0
0.04446082278957374,0
0.015970079142552614,0
0.08506740322225248,0
0.059849000519097396,0
0.018953904094033646,0
0.6647774931513795,1
0.4072248673799983,0
0.0328551864424764,0
0.07112301983572063,0
0.004853975611145452,0
0.004610112516088177,0
0.06658300759307015,0
0.0039535635795937725,0
0.4514230224114027,0
0.49059436677058593,1
0.12515368914774774,0
0.020673813436950083,0
0.1577751562750733,0
0.022441457663045245,0
0.27886428214812203,0
0.6514997291549639,1
0.7322610793582874,1
0.5295625486836547,0
0.01421355632893711,0
0.22419952990210798,0
0.06529210976280178,0
0.3914058398421889,0
0.01918870656704917,0
0.04145977147434627,0
0.026148329360152316,0
0.0014003447027039078,0
0.25689719306483516,0
0.2807625978531838,0
0.050253010772778696,0
0.22244972700297017,0
0.02138521686325596,0
0.10408498641414571,0
0.2802233029384737,0
0.12442121745968768,0
0.5293278754955079,0
0.035510793181267694,0
0.016733679500507536,0
0.02314132478873425,0
0.12603034313956535,0
0.014842883086354956,0
0.0341423624390372,0
0.009584798309393634,0
0.12062592196494032,0
0.5816048297825774,1
0.24566928556449424,0
0.001423552241832479,0
0.013239275034831475,0
0.18132480945576898,0
0.006026463007284211,0
0.8048312653596562,1
0.006733210400015049,0
0.9636110320084046,0
0.04008178376835972,0
0.4519090066280644,0
0.009877804675509975,0
0.25960577700740095,0
0.017248778461205275,0
0.009929274475759397,0
0.3074329162411803,0
0.1823468911853358,0
0.27769998709272786,0
0.13156232086458472,0
0.09947332499814636,0
0.10398881164631572,0
0.6834976463356881,0
0.005618317855752239,0
0.8303420028380917,0
0.36503895441275636,1
0.27008320049668305,0
0.010855170310384353,0
0.04701430020487976,0
0.12205789429035296,0
0.06515322720806972,0
0.7588559905950127,1
0.26195397024689704,0
0.025980917541505087,0
0.12105150436798266,0
0.09080457997289773,0
0.7599921135053762,1
0.05979945765028099,0
0.11328074299823464,0
0.13869492712048956,0
0.8481927488094422,1
0.6424334835255054,1
0.11258632714394856,0
0.5539796477960913,1
0.10083843402716673,0
0.7911250479054898,0
0.12778542481816638,0
0.22452921021863914,0
0.045565415444387636,0
0.23401559719720896,0
0.11987295384730111,0
0.16119945030218838,0
0.018191555407448302,0
0.6075221748934446,0
0.8714071630296204,1
0.6736132700828628,1
0.0042045725636046015,0
0.13679531711376855,0
0.010382534061688842,0
0.18585745811086687,0
0.0012567293575380782,0
0.3699166272358636,0
0.016111408987571685,0
0.1309236561863569,0
0.12077303011723901,0
0.011958907206169808,0
0.12712874100066346,0
0.10251944349639028,0
0.06810173586576003,0
0.42903708196460044,0
0.41332357476346865,1
0.05069460113461687,0
0.048747053948581844,0
0.04564988833217729,0
0.06759517306718509,0
0.2836660655663844,0
0.12118229074587653,0
0.13123620992332344,0
0.0202282174363687,0
0.04503139801640035,0
0.14662042584214266,0
0.009255330957691833,0
0.0025635816529538283,0
0.0097766019845138,0
0.004374137524803982,0
0.5558832824042742,0
0.03389628836415868,0
0.03409073686655179,0
0.21258841659505978,0
0.45397311709105387,0
0.0041441732850528495,0
0.10827202668611485,0
0.09612919768472847,0
0.01512719413898422,0
0.02754850249844766,0
0.893231762077314,1
0.5849696391455652,0
0.17695710959036712,0
0.15424391045852717,0
0.24673861729389068,1
0.21284471140677044,0
0.019191111731378285,0
0.866868320000166,1
0.17291072482700806,0
0.8707553658032119,1
0.19614316927341222,0
0.0002835596614970223,0
0.43644808099215715,0
0.0765877254014975,0
0.06962880756725902,0
0.1676853235551296,0
0.03173335123129544,0
0.4768779382389897,0
0.30906738394776617,0
0.027762178729724404,0
0.011253348449277785,0
0.8425205917093049,1
0.0011859242946408164,0
0.0754334225995947,0
0.015901958533905813,0
0.7326818562521578,0
0.3038485690227258,0
0.4464060630152184,0
0.004183912254642126,0
0.003936556698254196,0
0.06023778853776291,0
0.21906634985620765,0
0.3368901974401131,0
0.3052283820581363,0
0.030435239205233142,0
0.7556088292145515,0
0.014357025233985405,0
0.7487980533505593,0
0.24658078690373628,0
0.12637163433303275,0
0.1063035936036206,0
0.02979745800583499,0
0.00690925780723965,0
0.053593339863935226,0
0.0020978561315143237,0
0.006178143152140637,0
0.6030295623410392,0
0.02733314484429839,0
0.058134802663020194,0
0.00986890224277804,0
0.015444028836333125,0
0.1081230960273201,0
0.08991746674486684,0
0.027763356483856905,0
0.3190032628918543,0
0.38191680097220326,0
0.03579580742157771,0
0.826936483076598,1
0.11912876199323773,0
0.08551552547877668,0
0.03148306819274611,0
0.08590921792196629,0
0.23708214655308135,0
0.15075230665759037,0
0.19710951313367656,0
0.010583460730971581,0
0.46996404834538014,0
0.01747404112359737,0
0.014102548966999048,0
0.844833747769207,0
0.005410736348679112,0
0.04159065765690665,0
0.0015068951716092575,0
0.2556954315465772,0
0.9176555073489462,0
0.0016262223117171528,0
0.08833313926928846,0
0.09137409181434673,0
0.3349736123332231,0
0.3470599869626989,0
0.05258061059186474,0
0.0619669771770088,0
0.3519993455146868,0
0.2133651492032773,0
0.0009978328773725025,0
0.017966286014829618,0
0.6826893312549985,0
0.021933459243576533,0
0.5833101036694015,0
0.0003476173355065428,0
0.012366570609278791,0
0.009864886818024223,0
0.15901874230088617,0
0.0022764891343889375,0
0.74044575154745,1
0.018874892513779492,0
0.1882189042169354,0
0.10501123720925662,1
0.14379462507082497,0
0.9312423613682401,1
0.699062925054065,0
0.02477972730905996,0
0.21693352859733883,0
0.04081954407890088,0
0.6741490397392108,0
0.011069078368771001,0
0.09972476835358603,0
0.4960870333442176,0
0.7649731478957175,0
0.03186468145719789,0
0.9536590502924388,1
0.06311232641008203,0
0.3274507609239312,0
0.0745593522653699,0
0.2033831918766765,0
0.10869776106610549,0
0.018857434088361925,0
0.4198852652299792,0
0.0210798297160115,0
0.056261792679029525,0
0.001004945814369929,0
0.06230154926388095,0
0.15711679016452756,0
0.7909743837269796,1
0.18464199630157888,0
0.461949868020418,0
0.13212022341029642,0
0.027040615543146188,1
0.11711703843416062,0
0.41134365954317015,0
0.02081738997884302,0
0.12697797501641037,0
0.058535473619617515,0
0.055861915014209645,0
0.8151628789022424,1
0.059123295491173046,0
0.00016391817872568105,0
0.007377134207216691,0
0.6358012383058549,0
0.03808335813427031,0
0.2564896795159125,0
0.064914836141835,0
0.028502718655459242,0
0.028595999552789072,0
0.18673896136947563,0
0.5173804570403278,0
0.08982342550345372,0
0.006462993084120394,0
0.021840002685611506,0
0.04252932937353561,0
0.01127983672315093,0
0.08190268970570683,0
0.18136396080332476,0
0.10080752232630374,0
0.1406340218869204,0
0.5465957499250477,1
0.0029585412771590425,0
0.19619775956704016,0
0.24904744573239546,0
0.03928665630617889,0
0.2763693457781378,0
0.02407290406549416,0
0.23800214013101187,0
0.6229962594268347,0
0.1042829077548389,0
0.03387732509641937,0
0.4092653308971947,0
0.3632952319343631,1
0.23883385538721894,1
0.015511226869198393,0
0.15849441767867697,0
0.9496203680395789,1
0.03784868517435626,0
0.39800383506932924,0
0.4259701418510056,0
0.08694759709539346,0
0.07582907502540041,0
0.13256560382459112,0
0.023715393749877897,0
0.4301953800848859,0
0.17166361768245225,0
0.03401770820143684,0
0.08987815390298394,0
0.04231407312178858,0
0.30150057407839964,0
0.0065518282282806,0
0.04811349897330636,0
0.25063389490193994,0
0.18697104048362273,0
0.7540714900626382,0
0.3967393210244699,1
0.060648333020924844,0
0.007671876754850651,0
0.6282432334712471,0
0.09797791906971356,0
0.024843922135355762,0
0.5734885034817295,0
0.1259126735539494,0
0.005830335541789811,0
0.09998131171951612,0
0.09786034212988755,0
0.02089123182527455,0
0.024149083897688127,0
0.006175685193438127,0
0.49837941606981306,0
0.06887188250831335,0
0.06906326433306993,0
0.0738575304498648,0
0.6596404506368986,0
0.2855629990986151,0
0.8265879989740081,1
0.759290781266998,0
0.007704532960791367,0
0.5181499207832272,0
0.0017254956273389883,0
0.004410475011644173,0
0.3714044914108099,0
0.03126702040638307,0
0.11706210043671669,0
0.04206581279790607,0
0.1032586998229843,0
0.8084828886459055,1
0.1945925833304776,0
0.021987776428856833,0
0.02227573360969597,0
0.19082295354761758,0
0.1698475316995421,0
0.019918626269193142,0
0.25452964817652,0
0.1258566604571982,0
0.32447175139522977,0
0.7359521990283964,1
0.6275016246256943,0
0.020955151438644518,0
0.32408269094520037,0
0.2910240615896332,0
0.35288179020680116,0
0.00854908953635385,0
0.8870449509863472,1
0.3261953408253804,0
0.3833369762590934,0
0.14147247161340146,1
0.4881463293981953,0
0.008561775959675931,0
0.011907268622758206,0
0.249622229670065,0
0.0578920131016752,0
0.9483290138469666,1
0.06718834605520503,0
0.0012798092733210611,0
0.47521514305911106,0
0.0069454369786875105,0
0.016908594858911608,0
0.03795249524222898,0
0.5733600435478476,0
0.06176925539454531,0
0.704498049475386,1
0.5702476480519033,0
0.3333076046229049,0
0.5727388207035792,0
0.18102624716954216,0
0.6015143088614489,1
0.7878995619050884,1
0.024848657890486344,0
0.01889530281258367,0
0.846948826981657,1
0.03695084202877856,0
0.08169568357167013,0
0.106406470575609,0
0.024757128065755994,0
0.12427727889905044,0
0.5420728041756312,1
0.23324650876315986,0
0.04138825664178761,0
0.17426768166525428,0
0.02859213984359307,0
0.8975242214670975,1
0.05171434792750976,0
0.09282376190929457,0
0.1647950369808563,0
0.6543333963301617,1
0.8364475907625307,0
0.018554882076100426,0
0.14845509145117322,0
0.07705003436541857,0
0.1785863590511349,0
0.6524690605907826,0
0.020990213058070004,0
0.041242516511496935,0
0.06597628560117867,0
0.5807065461063555,0
0.11723923474842562,0
0.025210268819152074,0
0.10115802823787458,0
0.11996219747052794,0
0.05520680083692994,0
0.007262450897296214,0
0.017375365292603865,0
0.6259741979894184,0
0.006156843302407426,0
0.3155055448416957,1
0.02011311252022322,0
0.6398066573271717,0
0.033232207990767926,0
0.7899891276668164,0
0.20837387072545147,0
0.7792735180020873,1
0.015229156517565994,0
0.17565234226044146,0
0.0641948241116691,0
0.2497266035569407,0
0.48617840627754527,0
0.05943796609401063,0
0.5987170728088742,0
0.04281044908538646,0
0.14578699486100216,0
0.4597823822717431,1
0.06938531880094802,0
0.025745584589613554,0
0.6643038689750183,0
0.013212010902505004,0
0.06421574749730893,0
0.02906825402917731,0
0.6246215364527284,0
0.7626882427104095,0
0.011361860151022422,0
0.23897716523956475,0
0.7477288595431703,1
0.18202346951833262,0
0.026303546781539455,0
0.6400784162455544,1
0.08942750686495154,0
0.04008905406817516,0
0.08599802429897561,0
0.0022315264749338377,0
0.05703459864215761,0
0.5685911907940687,0
0.08902722549621178,0
0.102513737895955,0
0.011653508694897816,0
0.269031662985584,0
0.00288327523682491,0
0.1272642319096064,0
0.854759142647849,1
0.006557769688873918,0
0.010237698706253654,0
0.28354349483711117,0
0.8736484644432575,0
0.10352500608127749,0
0.04561935374151439,0
0.02079699317708428,0
0.5433541616566043,0
0.1580956501468402,0
0.7270855486902202,1
0.7249121555380004,0
0.17482975126254455,0
0.06032296163610832,0
0.0677441543599543,0
0.3937865404683807,0
0.5760850262999815,0
0.035551708318513245,0
0.8425770929913527,0
0.5335630352193498,0
0.5413414417669431,0
0.5608268966234077,0
0.016974607728166037,0
0.208240041767633,0
0.6977286912335359,0
0.1801785402526088,0
0.8143560506872844,0
0.060090162220771126,0
0.13992593113938512,0
0.38239582223895097,0
0.018724942727587766,0
0.4384416513983447,1
0.0008751726392648333,0
0.05176232216970364,0
0.03302625001825918,0
0.0006004689164618586,0
0.0032945450643924665,0
0.762098914333313,1
0.9016601955877056,1
0.07934728904652562,0
0.09276400556341992,0
0.2983170191415601,0
0.180054832348924,0
0.006611419159685959,0
0.05107824723366961,0
0.40442871724598245,0
0.013919398192870542,0
0.02866960458472916,0
0.016779873469960314,0
0.13019206691054222,0
0.47498495209292124,0
0.6670460852909876,0
0.015540527642124907,0
0.6689241848161502,1
0.20252587461808375,0
0.3789180012808427,1
0.13961677722468982,0
0.04149019264490254,0
0.049293565131245144,0
0.004844558888014291,0
0.01206516102951768,0
0.005328663656408414,0
0.04387810435379052,0
0.6665092782356047,0
0.38189976335821485,0
0.8663290321728094,1
0.32355074062598826,0
0.3162325328577163,0
0.5007608688739615,0
0.6021608167831168,0
0.11148577238885535,1
0.2653783457393103,0
0.6009027510645663,1
0.5750445711142506,1
0.45880924038506443,0
0.407390914831709,0
0.19912728282814562,0
0.045766948688704144,0
0.05555807582550472,0
0.21526790516327332,0
0.9113656001347363,0
0.22246169111774888,0
0.6565425400204478,0
0.0059611612670900475,0
0.1821726589846665,0
0.0392676911011893,0
0.554427249993553,0
0.04211457382520334,0
0.09483333383315168,0
0.054880483164690845,0
0.023129330518503403,0
0.007076174244451011,0
0.11390868847773662,0
0.9333950577382807,1
0.31332923785074385,0
0.007150194924521298,0
0.036038090043940686,0
0.5108037727596548,0
0.06324663925500125,0
0.02376934157631896,0
0.17858092040901322,0
0.07977176178963238,0
0.0067101246716450265,0
0.8306492018617618,0
0.5610383242812372,0
0.06309976635795297,0
0.6179558983559649,0
0.05910655733273734,0
0.5689592772998024,0
0.15732975316306627,0
0.020148618125469534,0
0.1039137199933388,0
0.12344137488781433,0
0.06452701933087665,0
0.15746079871531926,0
0.21841239782860114,0
0.0795717997595915,0
0.9148805505944541,1
0.13246415718229831,0
0.3784794808800769,0
0.02033135620591414,0
0.09265395796727804,0
0.20828922386330884,0
0.6232069596167397,1
0.03967435316082397,0
0.011334341327540132,0
0.0755797790117396,0
0.03933853373428231,0
0.23173393213354393,0
0.02530633386270455,0
0.8454040521313592,1
0.3866387036375354,1
0.0019480785653858777,0
0.9148326430954147,0
0.36928083179000054,0
0.006624568905935688,0
0.1352648286016725,0
0.41811554146166013,0
0.23299057038659265,0
0.014628891728179732,0
0.3252490100421606,0
0.1619628651888712,0
0.060716290447038336,0
0.043127894245670144,0
0.0007467256951290334,0
0.028196796173705598,0
0.03444604908998319,0
0.2074554788096595,0
0.07784844770354267,0
0.10137357166162302,0
0.1114038083166877,0
0.5942591645704542,0
0.16730550314928982,0
0.11829187630899166,0
0.4019486937577847,0
0.42507387553309384,0
0.33189578994440133,0
0.5130439502428371,0
0.02212449285812929,0
0.026418195840181433,0
0.12596471157504718,0
0.3655647576342824,0
0.15300323593327636,0
0.14816761230146894,0
0.02822116760701832,0
0.8331121668576714,1
0.10654926875764387,0
0.022382132775798324,0
0.25666775105832074,0
0.9183978315952213,1
0.01335738042271645,0
0.006253935902614222,0
0.3339225616550752,0
0.045003218028671,0
0.33049609309481065,0
0.09033112367027339,0
0.5176451689183459,0
0.12617812104030224,0
0.839119863603693,1
0.024346860226186363,0
0.7023466087022155,0
0.095468255073994,0
0.08298958005087939,0
0.10818999131511797,0
0.0217812829528712,0
0.26292071196854994,0
0.0499835596739435,0
0.156074013137331,0
0.027268079399990312,0
0.0065123957080307285,0
0.14646833282908286,0
0.4496343563478783,0
0.016109648911153757,0
0.030507431549885493,0
0.014501441960939585,0
0.305752608879269,0
0.018921378872387932,0
0.0259172513893103,0
0.04561892692115716,0
0.22359675650931454,0
0.41731869491890555,1
0.17375075647364405,0
0.48842228644314334,1
0.006651809143683523,0
0.030702468558518763,0
0.029438789557631153,0
0.1370831374219401,0
0.02528693244785063,0
0.031701236304292085,0
0.20807590252165886,0
0.37119421332082825,0
0.11880824265503637,0
0.014256689784447746,0
0.11368145128021641,0
0.23133370484009844,0
0.02577425885934631,0
0.19075518578845735,0
0.16684278451288748,0
0.6481983339469298,0
0.021570729262374234,0
0.8975687547943646,1
0.02842141030514908,0
0.020073235710281138,0
0.02320012587090525,0
0.12173687785667085,0
0.1908045685481102,0
0.041557869879320045,0
0.04455089699080083,0
0.1690028630112915,1
0.30924937973881594,0
0.04127278443253738,0
0.480392962579783,0
0.02463549295270655,0
0.02561849120435913,0
0.38509362272312586,0
0.02309157720141075,0
0.17755834027625084,0
0.06296528829041612,0
0.0022580671702073485,0
0.3339768106415703,0
0.11302502465311083,0
0.0055258853231153595,0
0.2916312234738195,0
0.8506501506754258,1
0.21920166846808853,0
0.1540179275145409,0
0.16616279959615532,0
0.004443469555422239,0
0.015369271115031736,0
0.17857897127727737,0
0.005023535236912487,0
0.19042370693310112,0
0.14249385358621042,0
0.04752775181548951,0
0.06839406648751716,0
0.008599784576525176,0
0.903989445812122,1
0.40460331747721257,0
0.6402878333604716,1
0.32215927807563505,0
0.004439142836818156,0
0.07695513709010442,0
0.19176999476405815,0
0.6456097353459551,0
0.42021129377150224,0
0.06314687907875997,0
0.0012896947682686296,0
0.02872835232890247,0
0.06880606988903887,0
0.01297590343987937,0
0.11737808897313823,0
0.17146935315509365,0
0.028646258066217893,0
0.6232337397328247,0
0.6805632338891584,1
0.014857696086266298,0
0.16160477963529365,0
0.02097754240329367,0
0.354518641214112,0
0.5004099936633573,0
0.8739348133605727,1
0.10946438281220987,0
0.024479283656998987,0
0.7001027760455805,1
0.1851565364845117,0
0.0057948401923135365,0
0.007493514296091751,0
0.5817065356655046,0
0.7460624558833268,1
0.026312547189344986,0
0.0029763725725925005,0
0.152766233850895,0
0.11256138596957847,0
0.06323592864969887,0
0.000830315715412797,0
0.08728783210968677,0
0.04808347460057497,0
0.7842500358881463,1
0.0007484716752502323,0
0.24597187632120238,0
0.0379575610588081,0
0.15553135277776559,0
0.17125332095429271,0
0.37907340179762294,0
0.09138423939705285,0
0.003241377497691273,0
0.2782321485025081,1
0.27069024995679847,0
0.11500342072035616,0
0.02286985914931924,0
0.05318136955236233,0
0.09237602648655323,0
0.10129941676619512,0
0.13585910632602216,0
0.6649284211230619,1
0.013590385389290834,0
0.007322193923893088,0
0.09618038168671002,0
0.10133560421483172,0
0.1551372084534187,0
0.149610957731766,0
0.0037072049851279917,0
0.09219451684978328,0
0.05545620904890555,0
0.08789878778185671,0
0.9298861035489113,1
0.2988733165759194,0
0.2363245060384293,0
0.05043449259338103,0
0.31022843686897555,0
0.043431572454955505,0
0.08767967889846938,0
0.05885883283355341,0
0.22989090110475732,0
0.013083112906110438,0
0.000350034809289734,0
0.06706658457944455,0
0.2748292992821916,0
0.21788456916886484,0
0.049275072561184866,0
0.1054279697205916,0
0.6616202488347425,1
0.13424341306238624,0
0.012732584091163793,0
0.8056313245899198,0
0.025443579943997697,0
0.2403057667511212,0
0.1360511147760262,0
0.34166241100244843,0
0.03164347743280478,0
0.2861974599322451,0
0.2697194564194404,0
0.10676601416961909,0
0.8323875815996431,1
0.0434221813183436,0
0.7151914216013793,0
0.80260969408629,1
0.06965199626407574,0
0.008140068091232033,0
0.0027458593949734617,0
0.7266906460468575,1
0.0999136087097623,0
0.2002172124353892,0
0.6768236521598278,0
0.6510701173291807,1
0.24328102497032394,0
0.6054265535081861,0
0.31401453882861763,0
0.22658871525539515,0
0.2385798135966158,0
0.25838730112765057,0
0.004439484247308464,0
0.4174370804986437,0
0.5865203266387548,1
0.12509641172584784,0
0.04928103623150582,0
0.24559604549116934,0
0.09915067030882518,0
0.08612603010436348,0
0.5475993943869005,0
0.1803231942577767,0
0.05222063859774858,0
0.10165552975564807,0
0.03296946524874851,0
0.7303237805072513,0
0.033550187839634274,0
0.04348894795100758,0
0.01104248193017898,0
0.013276589410615729,0
0.04893719462366708,0
0.004435397806131217,0
0.060577069750821784,0
0.8225172463921927,1
0.2919114743071043,0
0.8778161335701038,1
0.8374857616370488,0
0.4509131875940818,0
0.011945770463902813,0
0.09245113007557135,0
0.04021039761722161,0
0.005108309068857071,0
0.24900979077598165,0
0.37893172254347335,0
0.10549196546955102,0
6.339199413174007e-05,0
0.0004968768488127042,0
0.10629144182195199,0
0.4068337667105376,0
0.4724628127910475,0
0.01770110577012371,0
0.05308301953638339,0
0.013579378473925504,0
0.1128614927872914,0
0.6642571476256351,1
0.12370103232678618,0
0.32386928767767265,0
0.5425382386512285,0
0.36118468237783413,0
0.13062101872182838,0
0.013300771294008978,0
0.1490240135790607,0
0.7333046970708401,0
0.0398508771558339,0
0.7916000344920652,1
0.03135623362062708,0
0.02078199872389374,0
0.10568859765557964,0
0.009401903261676094,0
0.6823819381759356,1
0.09644480694732653,0
0.7078927533737535,0
0.034236304182113236,0
0.024552611523390482,0
0.0028053673838821323,0
0.23438097746460815,0
0.833671850283558,1
0.0022816580306397475,0
0.0067321640876296515,0
0.06126946834985917,0
0.1284774387902186,0
0.02904287555786218,0
0.019324132407393096,0
0.02600402987667399,0
0.028478880444392608,0
0.04225513733592158,0
0.48216169282193544,0
0.10230576847710586,0
0.2712922631151861,0
0.28142064267670935,0
0.5896048388185042,0
0.8902323059635148,1
0.4861499079918951,1
0.035114345822514235,0
0.006413099521656613,0
0.04609361244260454,0
0.9547562327580997,1
0.05908520508673641,0
0.012682160546542866,0
0.13505537980338392,0
0.1957996944291139,0
0.04229020913505033,0
0.10715342298153264,0
0.9401133338352956,1
0.7864505025907578,0
0.07750932236584142,0
0.010304088251679973,0
0.7340785688690158,1
0.8517645732015012,1
0.013336636448196694,0
0.6128741486939997,0
0.18872845645723024,0
0.002241060313484026,0
0.02932373936689115,0
0.2585364480499956,0
0.5380988262732471,0
0.16884814145835536,0
0.9232607572700533,1
0.4571629959732445,1
0.19602335013389252,0
0.28911934917988097,0
0.0202101110634008,0
0.5039088813283441,0
0.7215174906102316,0
0.29108609702321003,0
0.8324945777116133,0
0.05135254802308252,0
0.10054156741990901,0
0.017323418228413618,0
0.0008929103706986713,0
0.057219345173088285,0
0.02636636158982672,0
0.03971959322611212,0
0.056899420643574054,0
0.16175458784180224,0
0.007053861793451958,0
0.19516270165999824,0
0.007656357479835859,0
0.1438258864870192,0
0.03763532175128499,0
0.849000975795168,0
0.057755548687816266,0
0.42004136519941104,0
0.8088334085920773,1
0.3987934963708067,0
0.4512327221407119,0
0.0859781155873389,0
0.2855347086931428,0
0.5950475888222408,0
0.0058099678994965815,0
0.05268850097718716,0
0.6597371202856817,0
0.2833992758206127,0
0.7389714922682308,0
0.09777647729471886,0
0.3343464135235544,0
0.0015206700917141439,0
0.0036365873593549604,0
0.13769264242315993,0
0.026959212480856046,0
0.7134326924099658,0
0.04439255480051864,0
0.05189596934834555,0
0.0077712814484715885,0
0.1534692187214061,0
0.007951884401090875,0
0.8887337619340584,1
0.024619911961719546,0
0.49042180400313884,0
0.06060068020057129,0
0.038860443896674556,0
0.019879819201511023,0
0.06664822404927637,0
0.4311717440935146,0
0.5580136706213361,0
0.020988048686318643,0
0.004674383110018724,0
0.3651843997873747,0
0.6349991369147459,0
0.5931580882832936,0
0.9663500940728378,0
0.9267984334014593,0
0.005817823435529474,0
0.17939672338361304,0
0.028006235456170016,0
0.054146586886908814,0
0.3390533198714047,0
0.24653601063390673,0
0.018970165024800086,0
0.49642199803391523,1
0.4162924514528199,0
0.26879767154740936,0
0.21383826176640083,0
0.2540412279607681,0
0.25354435424735805,0
0.034867015367266656,0
0.022060111539677844,0
0.08822376780687034,0
0.776081524947614,0
0.16312011160371054,0
0.1048433979061089,0
0.33941272914428877,0
0.47196320109521545,0
0.733044149235384,0
0.0011078348741345063,0
0.09355939423656776,0
0.2058426321097775,0
0.1033987413453186,0
0.027154526194265033,0
0.3482150851711279,0
0.21300570632574914,0
0.05581995128576966,0
0.5439700012905804,0
0.0031142880727105253,0
0.2010150865783059,0
0.915284499899749,1
0.08456624445236792,0
0.0011177893589401906,0
0.17583328473545226,0
0.06905574588376773,0
0.10902124777268096,0
0.10788635833973083,0
0.2861206195482651,0
0.7771587920815907,0
0.003672451611723012,0
0.6236128520418617,0
0.15042736120922562,0
0.14839663161212097,0
0.4505517121971069,1
0.005716058633102351,0
0.6772875929493621,1
0.12138299670273948,0
0.29753782352779407,0
0.5900371776092804,1
0.3874651068060378,0
0.015926347065775028,0
0.24188394342748015,0
0.21217616201316264,0
0.08513722650328778,1
0.0023015283003217134,0
0.5748136884037888,0
0.911724048104774,0
0.0065094999681513345,0
0.2171693554746975,0
0.10768056358224151,0
0.01567766459032999,0
0.021403892498133053,0
0.5330563594769392,0
0.050379438143895665,0
0.5100185027516136,0
0.7274243258475968,0
0.05266823500298136,0
0.005140197040503085,0
0.06712046659964112,0
0.00469148728896319,0
0.5731233183389106,0
0.0641993282615607,0
0.06605603987789732,0
0.0500508235210216,0
0.5116769681431952,1
0.4366306297448989,0
0.12288920946519045,0
0.8174096286002406,0
0.048284327274852934,0
0.13534149201863785,0
0.025247694083395607,0
0.02892020500624936,0
0.09339970306837117,0
0.013078593708476992,0
0.20053503707137407,0
0.6591905935666043,0
0.1861314409396081,0
0.03946944912834032,0
0.14169327863201342,0
0.30707257112863623,0
0.1077059229272975,0
0.23166114220113296,0
0.4304592896834753,0
0.02694389879421703,0
0.2262479184356323,0
0.015960830049484894,0
0.10059354056644984,0
0.04317194329158016,0
0.6452679907375223,0
0.0012479113849044904,0
0.0005954027246223482,0
0.6750749333229303,0
0.04577403023665943,0
0.8328945542481362,0
0.054324580795193866,0
0.009782648525968309,0
0.009107430252786689,0
0.1622642763135165,0
0.08117113392018564,0
0.9091765796188567,1
0.8243160330276302,1
0.1883096742567117,0
0.010815525795219653,0
0.3021046630830476,0
0.05636263539173852,0
0.014181838783896884,0
0.01944412329362011,0
0.005734450229346686,0
0.574644262868757,0
0.40971070005190524,1
0.020599686510853567,0
0.05653552303036579,0
0.47819416195061276,0
0.013275477700629656,0
0.042019359514377526,0
0.6612387533979139,1
0.12971157696300512,0
0.005068227053873313,0
0.00664190130814328,0
0.00424316593638464,0
0.04744445810816671,0
0.007036567219079868,0
0.0340461214260249,0
0.12439110147024939,0
0.42515091629607704,0
0.003842258008354316,0
0.5121278678430493,0
0.07886916171551382,0
0.009265015485585922,0
0.03338710318554272,0
0.10018265964013812,0
0.8735354577946085,1
0.39583866280677404,0
0.000659353711793046,0
0.006971930591885354,0
0.02710181805531535,0
0.23344848354039055,0
0.6501454242500028,0
0.10115428919623562,1
0.09130839943504328,0
0.1133101637081756,0
0.4564685571946994,0
0.3819575889616564,0
0.0017382204076341072,0
0.29699804539464486,0
0.1493908375010165,0
0.03639042849280966,0
0.07632413907077605,0
0.8715407633693844,1
0.3085702226640797,0
0.2839020265266633,0
0.8924757104988054,1
0.005201418678122756,0
0.08165872074999422,0
0.019765988640609407,0
0.1756027298711113,0
0.008941938504090032,0
0.7250070866958469,0
0.09647901341236767,0
0.9353538284525816,1
0.3571665495238665,0
0.0028556794736147393,0
0.21548265959909915,1
0.21269698779020327,0
0.023964999955898732,0
0.09319284549781182,0
0.161525256428179,0
0.00039288662542953895,0
0.00019915592265483772,0
0.004966082406072756,0
0.9130606938654618,1
0.10686763832157115,0
0.4399508868869148,0
0.15329400104469607,0
0.06060776900185173,0
0.5548754266890353,0
0.014259396338062938,0
0.06656939788643362,0
0.0014388564536628487,0
0.012402901026268672,0
0.6373127969102748,0
0.07302460780398763,0
0.09815015527371251,0
0.13246193442473872,0
0.1261759583276742,0
0.008767492837222453,0
0.050949333838135456,0
0.05994111777015277,0
0.03055042638837688,0
0.6987019956758005,1
0.6133914576814145,0
0.04065391512149502,0
0.07171747304743165,0
0.24455344490274228,0
0.015604433591385539,0
0.05157972080179416,0
0.003716555363644285,0
0.030118504061023364,0
0.04317647772671284,0
0.37879994258030714,0
0.869047406714133,1
0.1870373899275193,0
0.5815771055681445,0
0.03607605404123927,0
0.2555863747211655,1
0.09832148039795381,0
0.0022984963188533232,0
0.01829093902186018,0
0.2647892314289717,0
0.010742667080664299,0
0.03372461686491882,0
0.009761331398271247,0
0.026146220920605246,0
0.8663328963367474,1
0.06296898367035297,0
0.018962847880551453,0
0.21855195269391933,0
0.8507711518356166,1
0.1926528156358268,0
0.015176034346294123,0
0.6104955406679032,0
0.005509050801045803,0
0.021901005816822753,0
0.04545478032082853,0
0.01498306140232983,0
0.08504343801794859,0
0.06207498950094349,0
0.0019496441246267884,0
0.08689212840576077,0
0.10031782082014151,0
0.022465466046322026,0
0.08796226390544287,0
0.0960711948266088,0
0.028979880851818903,0
0.2963175960262636,0
0.5526902953964973,0
0.08261025726957805,0
0.014393392794127291,0
0.023342743811005994,0
0.01024290063969817,0
0.2581119405811006,0
0.1987755520650837,0
0.010093290924812395,0
0.10514951826905816,0
0.006320219314207289,0
0.0011333823567351493,0
0.08808505838013223,0
0.00596468759101354,0
0.007007183598400626,0
0.0037886230738298516,0
0.47077683010425314,0
0.8719463346168326,1
0.041749092911287464,0
0.02303081619347319,0
0.020143719338499105,0
0.017241316178202758,0
0.007409195750454475,0
0.36006911117774454,0
0.0689356021329318,0
0.011162159965165463,0
0.031983894787383144,0
0.00996585112332183,0
0.16269921489913988,0
0.03742897304921133,0
0.7847473158113831,0
0.5303704369909449,0
0.8266469634906596,0
0.7785614343020953,0
0.7665938577493556,1
0.03420248113230612,0
0.32553221875524335,0
0.6785566686447035,0
0.009455244293335736,0
0.17822647294316785,0
0.7565739709645667,0
0.02849498340231382,0
0.9204026379250798,1
0.12441461953828861,0
0.026789942266655195,0
0.12714890850692784,0
0.09512766183091399,0
0.49729286354668545,0
0.06879030461601056,0
0.0534355336568461,0
0.2842008650602502,0
0.10963629095305305,0
0.3687040676201773,0
0.03686094290324429,0
0.8477046891515859,0
0.011621013799665644,0
0.8746253444949189,1
0.21490759089924916,0
0.07476155144159098,0
0.0024099009203683904,0
0.0406348155605244,0
0.07885545490215368,0
0.15272370785601272,0
0.14297207570482504,0
0.014164381531036751,0
0.12088356321423513,0
0.010334730765171055,0
0.1257403481956456,0
0.020052447259511164,0
0.8536947401556543,1
0.23422691611043484,0
0.663408311060053,0
0.029535246719811878,0
0.0867425898686346,0
0.6921554218218124,1
0.003672282633840754,0
0.8386941062577952,0
0.5917640521085062,0
0.0037293509762709553,0
0.017174963126398407,0
0.8294076038072592,1
0.3762239979540406,0
0.15559515749309472,0
0.005156305294493009,0
0.18692934664793745,0
0.016804383545460138,0
0.4805930901654995,0
0.07180540902655724,0
0.013450187518081608,0
0.1332045980468735,0
0.43634333471026043,0
0.034265094830238964,0
0.13179632242298603,0
0.0941900540650026,0
0.03760883034037792,0
0.6171070442373511,0
0.011365124153689166,0
0.14943272791998016,0
0.40308247119293883,0
0.0687072786232295,0
0.02665913071665568,0
0.7999015496382159,1
0.011579200801861292,0
0.6051801076776414,1
0.6520939223819964,1
0.1762140000215403,0
0.02601589280656229,0
0.027591788219285072,0
0.8537754929690353,1
0.26190062523590046,0
0.1086372597845104,0
0.007773952916825002,0
0.015337237155311888,0
0.08138619320282409,0
0.11183397324320614,0
0.10386327562434633,0
0.11571393370036291,0
0.21336861975705065,0
0.002672958150169896,0
0.24932949182477399,0
0.11909851050556865,0
0.9291676039420115,1
0.8019741530366,1
0.04753842496258907,0
0.0003982580391742425,0
0.09728645704982161,0
0.15570754516028662,0
0.09129182521846739,0
0.09986197369472799,0
0.19390270337113655,0
0.04883066745418715,0
0.08938767699152755,0
0.05907644264309429,0
0.29205262664502923,0
0.02457310336424134,0
0.111203809570521,0
0.6040271242911808,1
0.3458247416902787,0
0.06538574235377305,0
0.14957440390690718,0
0.17444670942437615,0
0.32599102860876167,0
0.01899415530737079,0
0.015867036780292738,0
0.35928046268419095,0
0.3674069063516253,0
0.07054138189253976,0
0.49894659721988666,0
0.03898348446091026,0
0.0060625736118469905,0
0.00029426030372010627,0
0.0069651377496800825,0
0.41482208174491486,0
0.21379496262791958,0
0.7310567524604757,0
0.17715421655151328,0
0.015329963212393279,0
0.025917376776377232,0
0.1311919411798177,0
0.5052276086997123,1
0.23880275609124757,0
0.04448883181598306,0
0.022640965353161364,0
0.30602971673102547,0
0.029792411291365273,0
0.04496029862382619,0
0.6531321090853092,1
0.14936280988703757,0
0.45749471973619615,0
0.07901096395822642,0
0.9086582981402638,0
0.17047197184193208,0
0.270304680957087,0
0.3749675232280347,1
0.19300565504536407,0
0.015742704843812422,0
0.0032925376662005508,0
0.029463647624205506,0
0.2920768197506164,0
0.8530626104242363,1
0.004682796600378132,0
0.06036153864477163,0
0.03572254087240929,0
0.11674192287344495,0
0.049334796396484616,0
0.19066892153708442,0
0.044284539783716166,0
0.007715248442546364,0
0.48719934485071803,0
0.40424280989830264,0
0.030381592714640606,0
0.05418115239768442,0
0.4687798742342489,1
0.008352879767820795,0
0.3879663571417352,0
0.8393235740178346,1
0.01334577453041274,0
0.0035187695138468684,0
0.18469933615847844,0
0.020732859807507685,0
0.16208891785724888,0
0.18861609011981828,0
0.06339662597112236,0
0.028879304063203475,0
0.25084078657684095,0
0.021407461110909225,0
0.2270527053075408,0
0.07629639396689941,0
0.004365817371011494,0
0.1610311255463863,0
0.03179250147441465,0
0.8380508649232455,0
0.21797557350818503,0
0.009971070466417587,0
0.016709750314796632,0
0.004312105582296841,0
0.16300595000559287,0
0.12084333716651945,0
0.7978554330043635,1
0.19069264582330173,0
0.0021206092529449084,0
0.006895023377072211,0
0.780095532373956,1
0.6336688578637841,1
0.04871104323611579,0
0.6985892994277559,0
0.5184605299092772,0
0.07841253463420379,0
0.004463662195596055,0
0.3180876161101636,0
0.006972600182335411,0
0.0007801916855949511,0
0.016261274053813665,0
0.031462174140479714,0
0.44769234572015115,0
0.0050773741971192835,0
0.14184777898671314,0
0.023335820868423632,0
0.4740466131136871,0
0.49876524160160945,0
0.1331958093522555,0
0.07179486240905669,0
0.5511565503993455,0
0.033050723096604034,0
0.239145442091277,0
0.18603979286390815,1
0.8880197489925816,1
0.5322128665691892,0
0.4807990023549114,0
0.051501229596510954,0
0.061778356118045163,0
0.04293929851143924,0
0.6187055970416623,1
0.14962384530577336,0
0.20403130714359546,0
0.27553030947736334,0
0.019367224707422,0
0.01466562369554253,0
0.5145148370821647,0
0.23481343709230515,0
0.037264061995800235,0
0.3858492356312518,1
0.1261774777242382,0
0.005501107030180749,0
0.3660719984076124,0
0.04167670306522626,0
0.015566983240786583,0
0.11086901921367891,0
0.02027075534278052,0
0.5093106902303938,0
0.009185551882597428,0
0.48513542718838415,0
0.0035387933735436675,0
0.05196945826022423,0
0.08904160988960401,0
0.020078181859135874,0
0.8276980413232389,1
0.14263510163552057,0
0.09951667106831788,0
0.13215146578590686,0
0.3575219072553824,0
0.21979677164325434,0
0.017633141150785046,0
0.10159085449133494,0
0.15844887742007524,0
0.030255928741984107,0
0.03980923892493849,0
0.0014187896027236125,0
0.0014620143278496255,0
0.3499683093474871,0
0.18106762759931752,0
0.25674904321330877,0
0.6573850813930027,0
0.14147799341069173,0
0.0007735398159979348,0
0.703511426668671,0
0.16486182526415286,0
0.09003314438095987,0
0.026775303090679273,0
0.26268475305448036,0
0.018374610776527033,0
0.12273405203814085,0
0.5735493402762061,1
0.3057872597557385,0
0.05474974748191414,0
0.031714808170027586,0
0.5302153399127039,1
0.2579032379980372,0
0.03647560878967717,0
0.8503600780422064,0
0.9274293878888762,0
0.016752281435300338,0
0.03367295309104219,0
0.056199320560392466,0
0.23846900032112786,0
0.06157574406762942,0
0.05438793886753911,0
0.630398844319876,0
0.047176506012316495,0
0.45404639256373547,0
0.45911381956119585,0
0.2361980449429446,0
0.02400378683403482,0
0.002510309840188688,0
0.23446469930571898,1
0.05751313358178875,0
0.612190602575614,0
0.14585386215737473,0
0.02714360584065913,0
0.010903534482525892,0
0.07939036692049274,0
0.5780071665390171,0
0.10736556512557592,0
0.2002710182538344,1
0.8330543171841939,1
0.049472800018522424,0
0.2665382470138307,0
0.5219354176792611,0
0.1630284704692592,0
0.050895168985622644,0
0.1912304785745295,0
0.2255694555361379,0
0.7629903634204145,1
0.09230862609270371,0
0.036210279013748715,0
0.1374955368461535,0
0.005843160169640925,0
0.18122495585058318,0
0.19093235411821916,0
0.18031713043101227,1
0.20224554614982104,0
0.01495489528441578,0
0.3137904151366715,0
0.06747839617942944,0
0.6894546156892839,1
0.6169334899484378,0
0.21321095866357143,1
0.05442439210220396,0
0.6100760543754048,0
0.028830429020597,0
0.13867726437897201,0
0.26004883592290456,0
0.9586832708269408,1
0.016139179193662912,0
0.008481718924222628,0
0.040608188124879666,0
0.2703210686616417,0
0.7723289259397885,1
0.1241709083067335,0
0.10708972683844156,0
0.08321531324532427,0
0.07381918327909258,0
0.02292111135181122,0
0.6122488182272202,1
0.012890958488205163,0
0.0984269840322863,0
0.04790291575801778,0
0.013725443496820153,0
0.005621956868971366,0
0.6051059633638695,0
0.6028290631051327,1
0.15433404876319626,0
0.0016007331275836136,0
0.009981354721660016,0
0.0005002001200943652,0
0.021057966073503364,0
0.08027005456435815,0
0.5191361288200433,0
0.14218337117710547,0
0.1437438549358607,0
0.028055258396180012,0
0.17207092986643321,0
0.5856350462544474,1
0.9296759086202323,1
0.04679625964505091,0
0.5778257352515239,0
0.005336767553828006,0
0.11864063325321077,0
0.3027531156318975,0
0.15749485310581493,0
0.05074768474252645,0
0.04473541381915169,0
0.02760904089316858,0
0.05207648541010981,0
0.29237353089791507,0
0.1655129188812789,0
0.7083057708504628,0
0.18952426102855582,0
0.36605994743406384,0
0.051481491394003535,0
0.037203670037734324,0
0.023115270008789067,0
0.23649565456108765,0
0.1478064335484137,0
0.08626296576522494,0
0.6471014221983784,0
0.3300936437422884,0
0.3252908047953709,0
0.9129369051842158,0
0.3952040411014013,1
0.00852616549717531,0
0.05025961317344337,0
0.18871545350979768,0
0.26453831499132546,0
0.2963743669039929,0
0.03207388825612943,0
0.022985502757235175,0
0.005700857954801925,0
0.7641980988020105,1
0.1514791282878364,0
0.016738906850313515,0
0.09038761679184604,0
0.06614344998670757,0
0.39974472868898225,0
0.042183713985775334,0
0.2521021207937811,0
0.012209717600816518,0
0.8215418680913443,1
0.06732829645301294,0
0.033005924361102626,0
0.806794980282916,1
0.07123738251705519,0
0.06031986013621918,0
0.5522665820701252,1
0.14049955556542287,0
0.9401122325969303,1
0.01246802863624994,0
0.18113191740985843,0
0.029411776067534052,0
0.12557660732823137,0
0.07062585685769458,0
0.6949376804363098,1
0.03286200317574808,0
0.0029532617125116374,0
0.24271255458766405,0
0.8078685725705569,0
0.5861999964209588,0
0.25325727665574604,0
0.21937297403566658,0
0.03625160515868515,0
0.09149370279637035,0
0.006930867356282339,0
0.8927850130822471,1
0.05256925517804114,0
0.1460430148359827,0
0.25993929014828837,0
0.1363147952891708,0
0.00897751285709757,0
0.027648263989687723,0
0.013776934094058006,0
0.0292947857050649,0
0.004080454259751018,0
0.9079658539937966,0
0.2183250116359826,0
0.44963621818006827,0
0.5582636762706292,0
0.14375449767135381,0
0.007428352752476511,0
0.030225750732715342,0
0.4528318367481476,1
0.3748261407411082,0
0.008000090580763255,0
0.051555437459535974,0
0.24273206063102878,0
0.05164880916782417,0
0.09381904458302566,0
0.03569699875063407,0
0.0025868044938829647,0
0.0399536081716365,0
0.9191590277728381,1
0.167009145028454,0
0.2485299821358045,0
0.9315433006767355,1
0.1780957330417367,0
0.006072091735222996,0
0.16170688532311053,0
0.005053204798110185,0
0.6989777310643642,0
0.12172255015874166,0
0.11728068719772176,0
0.020989372081227132,0
0.27422237146503814,0
0.3981307462185366,0
0.03460526517908767,0
0.05840150138695049,0
0.024036449754900713,0
0.46532353228144746,1
0.1345863638272083,0
0.7042161246208645,0
0.03125126148133285,0
0.19707281590295586,0
0.049798656791003273,0
0.40748442585901884,0
0.008945332795456765,0
0.00026041424507020864,0
0.025583387864528066,0
0.08617578671279653,0
0.8079294612118141,0
0.0030751270988695436,0
0.006663088909079228,0
0.0679216985609808,0
0.16670534602504125,0
0.017728448641083104,0
0.006875344222623183,0
0.0032748140333713357,0
0.02636531411820209,0
0.005804279826742512,0
0.7623050961930092,1
0.29745662785628346,0
0.4503517305870856,0
0.03912876603705272,0
0.4442894782980089,0
0.0017933004987080582,0
0.01811338824796893,0
0.6535515609259431,1
0.29583138149651084,0
0.7906910077808297,1
0.11266009896320914,0
0.04235303508629052,0
0.061010395692106444,0
0.2815435767682581,0
0.06709666742588151,0
0.07574688219738294,0
0.07359087824160765,0
0.9040996034052676,0
0.29792567355052285,0
0.29305745369618813,0
0.8133205023589082,0
0.3298754995576426,1
0.38221785755651844,0
0.08464938592021345,0
0.9364350615636561,1
0.561185100645674,0
0.002847435717668109,0
0.03798979232384494,0
0.624701275722201,0
0.07526216368384553,0
0.09796408808169722,0
0.69293621094371,0
0.0520092865715596,0
0.5305458498328264,0
0.05384200388001862,0
0.019098653991675922,0
0.004853291980528378,0
0.10632724391469872,0
0.28430988322705275,0
0.032958846121837,0
0.14561695659409482,0
0.03159146467698384,0
0.286295364338684,0
0.0073228721418399,0
0.9280535569039806,1
0.1683721657148739,0
0.10958554480276819,0
0.013369608599971274,0
0.06508520320236633,0
0.17090172178139823,0
0.04826607040698838,0
0.15595454193520886,0
0.8521857328244766,1
0.5439519109721492,0
0.06091276495403806,0
0.0022262592622147074,0
0.7629721474083406,0
0.10016213701497267,0
0.24211254711467134,0
0.0001718794118628696,0
0.0018281239540717546,0
0.3704708707163897,0
0.5519005954569689,0
0.01245014745466088,0
0.33027919661831207,0
0.6381673811407184,0
0.10263167471573363,0
0.6066773680163167,0
0.23728099902811492,0
0.03991387349134208,0
0.8004980219128686,0
0.09375214707844007,0
0.024542171021128108,0
0.06312448670711676,0
0.15244723798901266,0
0.22621029258631242,0
0.0507050891481831,0
0.2563628661064521,0
0.0946483991689257,0
0.05605046439508803,0
0.1027676198521851,0
0.0448183591755344,0
0.04629238168091813,0
0.09856217648513502,0
0.03257724860447242,0
0.08254095987696519,0
0.0037578301304524663,0
0.010778789146394567,0
0.19391406057117155,0
0.17218494486103278,0
0.021838324580300845,0
0.06818332605010796,0
0.12856309418219733,0
0.07423944920273687,0
0.5390279699585795,0
0.409621728769463,0
0.09106146853242228,0
0.01010113769324766,0
0.23854193081712483,0
0.596298310550605,0
0.2118491814092108,0
0.0710953322698259,0
0.028931515879048735,0
0.0034541219272685034,0
0.029937575673062655,0
0.7432108564407036,1
0.02098202654389448,0
0.003878553096833279,0
0.05918233756788971,0
0.1948161173604268,0
0.006664880026753379,0
0.02504602609354055,0
0.12228332131001432,0
0.004507564515056974,0
0.00530467698558505,0
0.09877377986937502,0
0.006802279041063896,0
0.48002664499238257,0
0.16513175847085826,0
0.30532918104852913,0
0.09971473794047662,0
0.005585232932494097,0
0.006292720414180919,0
0.07097636890699605,0
0.19748272356935298,0
0.18424961585576352,0
0.6859404273747085,0
0.5488047908043066,0
0.8690947768917446,1
0.29948670624096274,0
0.019775281621794198,0
0.018505758110948987,0
0.02673341590568193,0
0.13613214980670038,0
0.8529744223658623,1
0.01926901565463867,0
0.23665065916996814,0
0.016897363535608292,0
0.005649612128678668,0
0.06254849614216414,0
0.6439144154749554,0
0.543410976737433,0
0.012005838979560948,0
0.3478402009110001,1
0.16357399062254918,0
0.12640618138220944,0
0.0064546516196873445,0
0.37224379399211105,0
0.010908965127160506,0
0.08307840571631984,0
0.20375642711667352,0
0.005187194196478448,0
0.07321226210962051,0
0.009129388232920334,0
0.013878703326362261,0
0.06269445329207883,0
0.2996069580176442,0
0.012526520385423316,0
0.11162915841785961,0
0.4036650541497567,1
0.04961365284702698,0
0.0025037575523126823,0
0.06130559239168481,0
0.20175189348700986,0
0.6976042355813328,0
0.5969270446345495,0
0.8634694363641403,0
0.0892039206281348,0
0.14221137305305026,0
0.5411478093773127,0
0.023675090474514323,0
0.09084267627946697,0
0.11547322599988791,0
0.527713675263992,1
0.03816667421421739,0
0.008892793825851536,0
0.026861764737835147,0
0.023418436940507752,0
0.8396139163906127,0
0.4813334566998279,1
0.02911193241506602,0
0.43579448064259685,0
0.15606744751124657,0
0.14422540603888198,0
0.7175768563598144,0
0.2610611749740383,0
0.03627443237531511,0
0.5923342308900593,0
0.1608832989746763,0
0.047534123703884434,0
0.3919379297030681,0
0.38579924101448215,1
0.5808834004043442,0
0.7633923777772184,1
0.03825822003316763,0
0.0006562898172600528,0
0.012415494949299031,0
0.7225904758475349,1
0.004836833176275523,0
0.039007187580425234,0
0.5319712212177141,0
0.5418631164066087,1
0.02480233371896463,0
0.07300338474968651,0
0.41812129240596996,0
0.39461118789763855,0
0.11612556032671362,0
0.09670027165465829,0
0.5167829726621243,0
0.09528230431034641,0
0.0018156480490103563,0
0.4093034359268473,0
0.10303166569788792,0
0.01829326885887631,0
0.0314588040720288,0
0.16709984618257864,0
0.8243389196335632,1
0.07854494662486529,1
0.10004785604302412,0
0.5329622337801321,1
0.0041990715587344775,0
0.37385899045569176,0
0.029566501544855954,0
0.05059337904718632,0
0.17475870121064654,0
0.5826109474200826,1
0.05077466878488294,0
0.23730309860625898,0
0.05167820514830319,0
0.7120784788227029,0
0.4162974785439242,0
0.06806022079564145,0
0.11988498579849327,0
0.8428443711727653,1
0.32509880795080853,0
0.024535918852459208,0
0.02271312423547215,0
0.08730936817248625,0
0.18609489278829483,0
0.5269182624553269,0
0.06996728644904714,0
0.00805421245843404,0
0.002667730842796034,0
0.20496257947303803,0
0.013933401845597665,0
0.42079191827088686,0
0.0295781815356007,0
0.34107785761977205,0
0.009815857177582089,0
0.4709269240657904,0
0.6492025792624945,1
0.0030998921943130365,0
0.20189023627948308,0
0.378711736538854,0
0.004189725865744565,0
0.08250424553007267,0
0.6500576194645065,0
0.020553472966787962,0
0.030434484367448843,0
0.3367908768718521,0
0.09125175865066407,0
0.045644909816964764,0
0.0896702032795608,0
0.032791189691373096,0
0.6051540011520452,0
0.11663861473311313,0
0.1688576734643311,0
0.6763729645968825,0
0.21850871991382292,0
0.6822977154484022,0
0.002011117325300125,0
0.0019383793696383517,0
0.014186606308396073,0
0.11158967420007845,0
0.23458406145423613,0
0.497304317829101,0
0.5984446818351759,0
0.11129027088800614,0
0.06333104951788386,0
0.021321503133354427,0
0.7657291862251906,1
0.0318019445175272,0
0.14071542015977778,0
0.5484686114674404,1
0.07681284732296219,0
0.2724623943202563,0
0.3539485963675197,0
0.32995508181478295,0
0.056144716825605706,0
0.27268658245939836,0
0.007332381385693512,0
0.13689621477444547,0
0.004916103045957803,0
0.6096718704122578,0
0.007528835484492779,0
0.03352915462635227,0
0.48390823847104497,0
0.004366192882358061,0
0.719880876837796,0
0.36278123057571504,0
0.7279417434840589,1
0.23118330638049975,0
0.4266882918085144,0
0.37640557754755155,0
0.02027662354998172,0
0.004084936056146792,0
0.22096943638466568,0
0.11458262210502855,0
0.10223989057184181,0
0.042066368295868614,0
0.4117464637247054,0
0.09820731995753224,0
0.2914729322343888,0
0.1932254321854568,0
0.016066147647281974,0
0.35628342677868613,0
0.004187672549940568,0
0.027362972380222342,0
0.05951872701695106,0
0.00879095468618932,0
0.3091787968827083,0
0.0499893964853527,0
0.8172737675004497,0
0.416971990610029,0
0.5710602336769922,0
0.3087512631073754,0
0.7234041995309956,1
0.06111918265536157,0
0.10421113679101095,0
0.07686259376057236,0
0.014141639118247088,0
0.11116327303156383,0
0.6998626546992948,0
0.5398907250626791,0
0.2435651538314568,0
0.0021293632341741926,0
0.12399439749519299,0
0.5571260746752086,0
0.00011745490334177502,0
0.004175071100962212,0
0.07425389865148954,0
0.33407471739749506,0
0.12840434465822992,0
0.613236473903837,0
0.2209816143131012,0
0.011934906554300937,0
0.08150129886563558,0
0.3691813191598678,0
0.1607964234331455,0
0.010264078436922222,0
0.2955088206723825,0
0.16312593181283624,0
0.34191189217812445,0
0.038024766200566426,0
0.012850487478257783,0
0.4745747942526903,0
0.13736466222555765,0
0.6981665510259096,0
0.32198266549583365,0
0.18120129209705965,0
0.0028308769536195856,0
0.3954075254073498,0
0.24272999499310957,0
0.04819046681050471,0
0.011460674152194249,0
0.008497870436690546,0
0.05631644557138853,0
0.06056091778177921,0
0.0011607987177580598,0
0.1187621836747833,0
0.40579972067111186,0
0.09264722588443008,0
0.014556914773697345,0
0.019420420985943355,0
0.4344100242485133,0
0.05408674690945866,0
0.09912716586884444,0
0.7308234110203526,0
0.0005005089950551875,0
0.7379716583031899,0
0.04891336764353673,0
0.0734783945320199,0
0.7792315367689618,0
0.30797843411769493,0
0.32239698420226715,0
0.021021518868822434,0
0.8695978855559369,1
0.4252730606169712,0
0.005631268348711002,0
0.06662845542492402,0
0.8506649154882779,0
0.004396064764903658,0
0.5202995754914482,0
0.19543081889144265,0
0.23847531216490106,0
0.16407016474746744,0
0.1384853220938979,0
0.180186927311529,0
0.0641507423378343,0
0.32618028930179577,0
0.0008148087059139134,0
0.21688704558029176,0
0.0054321822477667436,0
0.15073059390543644,0
0.30033334560973024,0
0.6297227613059827,0
0.46946836639973866,1
0.2682595888909406,0
0.18325492501180327,0
0.002945259972865895,0
0.06189187957377975,0
0.016352648173778003,0
0.13091931177652974,0
0.02914040984851807,0
0.07058759760126072,0
0.16477830598168183,0
0.2856695206379444,0
0.06746964818174665,0
0.05100419284061359,0
0.7330831248028847,0
0.027880014144585782,0
0.09675063008877864,0
0.016640969198941247,0
0.00541122662455934,1
0.031350450240751386,1
0.01224819994462539,0
0.08928100771737292,0
0.021193091394517242,0
0.04710367511698515,0
0.6466989391325358,1
0.185380143015001,0
0.06851813449529517,0
0.0004468477346959873,0
0.03184414108707195,0
0.8045376806604211,1
0.010049956008965705,0
0.005122284624134641,0
0.09811235312169539,0
0.0672680651696021,0
0.26157447128018574,0
0.07403565216832608,0
0.0006711279494301873,0
0.2846892239133594,0
0.1455606473027629,0
0.649017332234428,0
0.07007376414128824,0
0.07093346740126794,0
0.002229538693185058,0
0.368259048992568,0
0.060691900455813616,0
0.011164550010332001,0
0.4951731284384244,0
0.1312440394254007,0
0.22441392894972528,1
0.12615282408818673,0
0.24405374066951982,0
0.020836536697361772,0
0.25085873165650757,0
0.8481504731818456,1
0.36690320874427423,0
0.7884332241085217,0
0.6999109982546855,0
0.654828034713705,1
0.07330597831560132,0
0.25306951576982034,0
0.012433049454395972,0
0.08826257404424814,0
0.035828333357469384,0
0.032893125327885214,0
0.045967921853694894,0
0.05666554268478778,0
0.5483562935255171,0
0.012581490510796914,0
0.021835137636743957,0
0.4054959475349257,1
0.34565383860276966,0
0.5805675182053803,1
0.13346124170852788,0
0.7644305269501351,0
0.02188505906513309,0
0.176382135154676,0
0.22867006385601035,0
0.05141235343609267,0
0.004754519563094695,0
0.045779348984977986,0
0.014647123654801322,0
0.7812409593796906,0
0.5020947017367243,0
0.0011167285295656958,0
0.18826614308424477,0
0.7846268174457013,1
0.1065720205132245,0
0.1776904740648255,0
0.07286897112642395,0
0.023241570340109253,0
0.008886427123256862,0
0.054332071662646066,0
0.6066439399740456,0
0.13386970607220625,0
0.03612071641506654,0
0.07000880234971169,0
0.07913292922432495,0
0.029941359612719636,0
0.016269649186526947,0
0.1860816566645235,0
0.17751554867113142,0
0.005666530119125103,0
0.6968344698174751,1
0.7076100017141281,1
0.018918366447628093,0
0.4702225364486014,0
0.06520457901372818,0
0.050039505006974384,0
0.024094632575714498,0
0.6029046925336323,0
0.23931688171796534,1
0.007704782438590231,0
0.02074696662295786,0
0.14003833692855683,0
0.07737830756284772,0
0.0474271969669756,0
0.03954618022658603,0
0.020536937859411533,0
0.02749773269546333,0
0.05460825954717438,0
0.5576777751827712,0
0.13298652323103155,0
0.6744185578193904,0
0.07228132429726898,0
0.746780412096224,0
0.02679984126754756,0
0.5853731211849791,0
0.28000552414423774,0
0.5539464703416538,0
0.051301985574887826,0
0.2828170740554183,0
0.10857053813873294,0
0.020365871286647796,0
0.002411346062595419,0
0.0033443301186510577,0
0.0787480700027982,0
0.08521328644980568,0
0.018573524341284512,0
0.00151003898720168,0
0.7764968318724734,1
0.03248420503337543,0
0.012044040753369014,0
0.11363222076096997,0
0.49802960017460296,0
0.30650456400876697,0
0.019232427201331493,0
0.08857114168591235,0
0.2534238867673412,0
0.30708249614632704,0
0.002115393647142878,0
0.7119398934948874,1
0.18455672613245785,0
0.07610510265691639,0
0.05123829335779191,0
0.13470378977931735,0
0.3115351190693586,0
0.0010311128598166136,0
0.24685108749984572,0
0.9460179260595428,1
0.04422132038082425,0
0.6564688374720695,0
0.0019980720312441896,0
0.37090454029918,0
0.3291371218827778,0
0.13129153016269432,0
0.11731245466487071,0
0.02162401137255504,0
0.008317527005367614,0
0.15620313245288825,0
0.027067598537400588,0
0.023394299989467814,0
0.44247848309055515,0
0.4555508330418522,0
0.12406759695109343,0
0.03615955049408892,0
0.19216561394084006,0
0.05700195532999712,0
0.038264690718860836,0
0.00791644354322665,0
0.3241604850922063,0
0.6279608309641803,0
0.1690448480396793,0
0.1811115163403776,0
0.163195040939615,0
0.002480277340532988,0
0.033830976442974954,0
0.7221085989387674,1
0.2884385739395012,1
0.058036807959259244,0
0.06013931999307286,0
0.08338329216768328,0
0.8874314174771724,1
0.002435866839438867,0
0.7087705787700511,0
0.1363196761929619,0
0.0014102399835578083,0
0.09631631456861217,0
0.048349844081632204,0
0.4138816555029006,0
0.006004982137222415,0
0.719041504252888,1
0.12668776013803504,0
0.3656503899925429,1
0.07169972781276829,0
0.4491817985572147,0
0.04127342457275491,0
0.8423776875542539,1
0.06236663857822539,0
0.03043103905486821,0
0.022666228698823777,0
0.02880064410115802,0
0.008988379900922865,0
0.06517495836388719,0
0.5843569045094797,0
0.4207871832491004,0
0.09137288773321901,0
0.12631098702655819,0
0.1153403775037883,0
0.032613192530812504,0
0.06706964324188452,0
0.12083222657016761,0
0.8546959487479435,1
0.11385931019355097,0
0.9420901995341254,0
0.05649431216503702,0
0.09858246288756971,0
0.002733779884235486,0
0.7056010798891115,1
0.7576906731568765,0
0.017614699894906688,0
0.2141918486022223,0
0.2955749263440078,0
0.18237721441310925,0
0.1072187462605519,0
0.01194169954737761,0
0.001969358017299818,0
0.4246471853722654,0
0.1991105099758343,0
0.17840454955292262,0
0.5903470504606562,0
0.024119721151896104,0
0.11195522935324591,0
0.06862062039448634,0
0.13213289045880758,0
0.06676481194016913,0
0.0371152987740662,0
0.7944420986846745,1
0.5272256451615327,0
0.03762035471749853,0
0.489281288339957,0
0.16312582706481063,0
0.0007175498001002736,0
0.5721298787861573,0
0.44423136321504414,0
0.09122744157813516,0
0.003503984708202483,0
0.08061807470894877,0
0.4457067506218379,0
0.1637104282908364,0
0.03556177656925168,0
0.017845477680209887,0
0.167253688027663,0
0.42549264640168144,0
0.18231449301516697,0
0.009942913681685045,0
0.0015043160365260427,0
0.011449592423514053,0
0.2592120308282689,0
0.16780599025401388,0
0.09052769494546974,0
0.08955411764322382,0
0.1351555284475662,0
0.3061796515088811,0
0.2783980462053529,0
0.025511143737263226,0
0.40516907396569024,0
0.06773396006830736,0
0.007552540711171391,0
0.2362389527962259,0
0.017093846014095797,0
0.39682569575132554,1
0.17072630425287771,0
0.40023836057073336,0
0.025540576911766758,0
0.00882532384343085,0
0.041391018804103695,0
0.11252513067510861,0
0.27788179564808124,0
0.006771478409410585,0
0.033529567363642356,0
0.032821879090204044,0
0.05205339672463629,0
0.04263889759829054,0
0.49265395135953566,0
0.10086287266178796,0
0.29031404516542186,0
0.004723096420870545,0
0.22155791953646953,0
0.2421805487632468,0
0.11144005068321568,0
0.016594284031638186,0
0.08727474734055568,0
0.16857115069107162,0
0.2232073784401015,0
0.006897870867342701,0
0.02935508497522978,0
0.031618338316907135,0
0.012589760894018736,0
0.0043290024657447485,0
0.1365796064664545,0
0.10032669370146773,0
0.08043390042245882,0
0.06731854143633809,0
0.27398704564196896,0
0.3681780818514846,0
0.1056116652891217,0
0.03405031470406725,0
0.21535413117483101,0
0.557906949364239,0
8.949405599091757e-05,0
0.4857786167450862,0
0.001664672931106112,0
0.8577422854695582,0
0.7789093911949595,0
0.6619132120324027,1
0.027729049500591407,0
0.15165672572570538,0
0.06513345884854294,0
0.2891281156788534,0
0.010747412544727672,0
0.6070047356423,0
0.26002035291336034,0
0.12272010840715471,0
0.019381873082440222,0
0.6392323870449559,0
0.16403694558859683,0
0.761848920101025,1
0.037501635741848297,0
0.7438723594055282,1
0.16341778917946317,0
0.6005312312846651,0
0.11557311501073675,0
0.3807110274062497,1
0.764512191006932,0
0.9390275636052108,1
0.21634240998372553,0
0.08141408306642069,0
0.3217398847517927,0
0.15985524095258202,0
0.0064162643597774505,0
0.7373519845004216,1
0.07856312257887399,0
0.12137362378906753,0
0.27339105837444005,0
0.11180136001633306,0
0.11977516760483141,0
0.013950484428835114,0
0.09126542363385766,0
0.712245948040338,1
0.002852170188372065,0
0.08296714493671949,0
0.0005787244713247287,0
0.003963572151776645,0
0.14401741690156225,0
0.17954839911903084,0
0.0969251915321125,0
0.030476952686784478,0
0.47819916638990817,1
0.88489425836157,1
0.24222524447263585,0
0.10762938285927198,0
0.10294480578162044,0
0.08130178345955853,0
0.1564000161324641,0
0.03889475429320318,0
0.0006824452028008,0
0.02269972563833946,0
0.05607704471448161,0
0.021298959782551946,0
0.12381829838168751,0
0.6775562861026817,0
0.025364015379031084,0
0.23738980361322237,0
0.4876746555829568,0
0.17110559075796983,0
0.15748318883827825,0
0.13315453976305344,0
0.0008356606359335641,0
0.7038839494549005,0
0.01912210286213619,0
0.7875254339405994,0
0.8307956807925042,1
0.8585021674517709,1
0.026431783316324342,0
0.41426228236455714,0
0.2796232750160315,0
0.03721415584307548,0
0.06803770647316315,0
0.05579386643940198,0
0.04748802151769683,0
0.1021333536754479,0
0.18455713790427575,0
0.1334370695385334,0
0.03305398580319156,0
0.0017503672607523425,0
0.017286974928477965,0
0.08244978473727206,0
0.007850851913124965,0
0.053931597947506404,0
0.004395004869660629,0
0.34763870304278266,0
0.2352512092145994,0
0.01462002286562754,0
0.23510227208175652,0
0.252695078339013,0
0.001374138461024008,0
0.0970420123058679,0
0.7718947162407516,1
0.00270866585186079,0
0.1708945996131315,0
0.5399575269325838,0
0.7149620319739542,0
0.007401591933484675,0
0.06496350211579337,0
0.16455562501155044,0
0.017528680891495032,0
0.02235573345304758,0
0.24350909158546977,0
0.5419611942525235,0
0.00833894619871076,0
0.07367443451460551,0
0.029621018996631217,0
0.02753208530807202,0
0.5681187395512073,0
0.020857295366131946,0
0.11605075529241574,0
0.026184710101796436,0
0.07695583293964818,0
0.050809382364306016,0
0.0013839081863324587,0
0.7793837561712266,1
0.05921099328651515,0
0.41739742840753136,0
0.14574367408747554,0
0.06466118658110748,0
0.008452820538655334,0
0.22996500137432616,1
0.048747725379750424,0
0.004994880439614293,0
0.5076314097490835,0
0.035664994542581985,0
0.12458551483741333,0
0.577759383027832,0
0.34634203718812306,0
0.04931024586982802,0
0.3293214016607875,0
0.0829303662608169,0
0.029264441120120287,0
0.7481758490295117,0
0.7446743241638518,1
0.7687735107642816,1
0.1367616236627299,0
0.08582712496361529,0
0.06265365092882288,0
0.07464549792689512,0
0.0013919570375824602,0
0.3487681799542756,0
0.06287273116071374,0
0.6608210132445561,0
0.016187652444142536,0
0.09351363023550165,0
0.007197866719631958,0
0.10594876831628097,0
0.008924211248383294,0
0.06384831157301436,0
0.8243196877296781,0
0.08661813598860428,0
0.0017299505131246433,0
0.006081123769626863,0
0.010096100483751628,0
0.017651835346623283,0
0.5092828235193431,0
0.41584527564433504,0
0.01061228372176333,0
0.13829950376985448,0
0.39181252661997223,0
0.8788160451923153,1
0.014835133836753351,0
0.005856257288194064,0
0.010458185156997733,0
0.11017236817170789,0
0.008269975005534762,0
0.6504330641957895,1
0.1743523080543386,0
0.027683394019926543,0
0.2869550710744223,0
0.03528751575160504,0
0.06084135609781047,0
0.20311848341007332,0
0.19175023791301835,0
0.047394463543428515,0
0.08923264703703666,0
0.11838330876405297,0
0.011133524611487686,0
0.7930243250902199,0
0.008483021307537943,0
0.003373689438141937,0
0.11375193321387102,0
0.011221237886501985,0
0.010321061026316133,0
0.10471539746263783,0
0.4028717035062129,0
0.272889449224663,0
0.026340220339253713,0
0.6142402835417095,0
0.026105247438526408,0
0.018850191429177543,0
0.020017384420729988,0
0.03967581953613924,0
0.15452545662090988,0
0.5860223723181108,0
0.006267594337921048,0
0.16411166263330249,0
0.8368511596205497,0
0.062311550449273785,0
0.8726429895622483,1
0.050314993090465304,0
0.08689247344955331,0
0.15770964124785117,0
0.21916364244558892,0
0.14934492560520948,0
0.00617859553822362,0
0.7699426790669432,0
0.06919479661330813,0
0.2376585600415884,0
0.10000901819862126,0
0.03383136610243653,0
0.031005413220685493,0
0.16468100195181146,0
0.0727027002384489,0
0.020152237967325126,0
0.45537301293800775,0
0.01488551349158962,0
0.03324948489911308,0
0.026045819335425446,0
0.1433025207871997,0
0.720613408695511,0
0.026202202124166084,0
0.6121786548890247,0
0.011261165408150593,0
0.5175354959082158,1
0.030056938230059504,0
0.43780574840797387,0
0.0013184202081199367,0
0.011574412603349994,0
0.04028027108251267,0
0.8501233170316761,1
0.019407085521622507,0
0.2522229755678933,0
0.38990545337961413,0
0.028205917088372813,0
0.012835628991658868,0
0.12290667553788516,0
0.5434141944978612,1
0.21030563060278903,0
0.007864088798682752,0
0.8856734987058433,0
0.02910458300907204,0
0.29548004919961507,0
0.11855484288645995,0
0.0024930922572486704,0
0.12301313002760816,0
0.08225782968325336,0
0.2004739188722662,0
0.009503133035574068,0
0.21717284860144168,0
0.08530388963721681,0
0.08735109639548345,0
0.08592881016572668,0
0.00276889222326068,0
0.044493562788230176,0
0.0507027046099755,0
0.06988934662100632,0
0.8078176821468653,1
0.001008206016445105,0
0.1351925523752834,0
0.3534632120623523,0
0.7675728265182306,0
0.6431710455360674,0
0.0458487017382579,0
0.1756172994747693,0
0.0756554668074763,0
0.18125553039003214,0
0.09033455556246152,0
0.01336537640656878,0
0.7158845982116578,0
0.2772227967289808,1
0.06483538020114851,0
0.7924154114788965,0
0.1847726821700063,0
0.5397101648146645,1
0.5882477802201921,0
0.0005162316892319193,0
0.17945801078971452,0
0.06183399836023275,0
0.07690998580110975,0
0.32929628407509215,0
0.4802590305882066,1
0.0033229131372611376,0
0.015102921228860434,0
0.057530936185270054,0
0.7500457379675973,1
0.3545604517228573,0
0.8089944853292048,1
0.9194157949810179,1
0.053136940910077,0
0.5627231429402737,0
0.062127239304282586,0
0.3203928610563209,0
0.03047763079445563,0
0.16582370959409598,0
0.02398005569693232,0
0.6556181322930488,1
0.009519906887221034,0
0.10731750472464885,0
0.34455482681898464,0
0.013236911819696478,0
0.29902385978769025,0
0.004833805198490358,0
0.09183813944541569,0
0.09853756609276018,0
0.9351255332131078,1
0.4233399613746791,0
0.4968029791079655,1
0.3699964957805172,1
0.7430978839903287,1
0.046116488299153394,0
0.8208567890407088,1
0.6249486241340131,0
0.10249733742773055,0
0.08327827588365891,0
0.08887939810747456,0
0.027747828559889557,0
0.012555840993870313,0
0.9588272620556748,1
0.4169495818590487,0
0.4340476435508694,0
0.03857684421959467,0
0.1702675527564978,0
0.06981758431358089,0
0.052995249725722664,0
0.6036845663865117,1
0.18439066353604555,1
0.23223259390951936,0
0.019270531153442294,0
0.04471290550462199,0
0.34686688990000314,0
0.09009384827901513,0
0.07579011316850061,0
0.14498445600910792,0
0.0764374759183786,0
0.010371585618222214,0
0.3501463354318237,0
0.008602060477838331,0
0.05151660117127491,0
0.019127974184711082,0
0.044597345479885614,0
0.1248230631022861,0
0.15788917126227167,0
0.006469138462944812,0
0.6852156860485312,0
0.09769353075097113,0
0.02316548177581572,0
0.21602171831739905,0
0.007228989973150218,0
0.08322650038568806,0
0.08133705921830517,0
0.10156118421359372,0
0.2528323828081045,0
0.36651058232978634,0
0.15039700920688162,0
0.019536628729547114,0
0.047823469390912074,0
0.03896870255950432,0
0.0019232484048516403,0
0.46995038406217166,0
0.0383662155099292,0
0.021751726597403504,0
0.27780817633278737,0
0.34365648067980187,0
0.09769608197655934,0
0.023019798234058288,0
0.03914422203392195,0
0.0030595328671236565,0
0.04751974402237518,0
0.01875247366023416,0
0.004515611430245936,0
0.04814120872966977,0
0.20568416206444243,0
0.13945058948173555,0
0.06972889957352149,0
0.10654988293847585,0
0.03320301047203528,0
0.1733522380585996,0
0.302793597852013,0
0.8238845958696371,1
0.09604647769720538,0
0.2081390420079638,1
0.363536962205877,0
0.03566188244643522,0
0.6546789323907595,0
0.12301071833143411,0
0.04628088083903619,0
0.030115398530561922,0
0.49934781905797326,0
0.015665964797074265,0
0.09553899795317551,0
0.5864090735742942,0
0.036154928741735454,0
0.4233341905174306,0
0.27572936402661924,0
0.07862884001814148,0
0.0006190361744364939,0
0.00757843439301906,0
0.20731265451432387,0
0.11261468377239826,0
0.015049398378660294,0
0.01685098977548875,0
0.16162978461790173,0
0.06672012640594885,0
0.03041122582961882,0
0.006647052335404263,0
0.019715751573444528,0
0.7203493731218743,0
0.014213037747118105,0
0.17234500913558004,0
0.39563873463310617,0
0.15572746948378385,1
0.0824829831400394,0
0.21703889102399235,0
0.657566189881027,1
0.015486944195551392,0
0.20504877385255804,0
0.002097660651738067,0
0.9447318982722438,1
0.5342861441283382,0
0.024748241013352,0
0.748659782274149,0
0.003294805134422414,0
0.011934110473233108,0
0.5324425658394856,1
0.13748787901615078,0
0.16762237077847247,0
0.1703606564189088,0
0.00468206826603398,0
0.03885753673400928,0
0.30051291823474513,0
0.03268626896160895,0
0.05425959197435456,0
0.3338651368568003,0
0.8433873621968238,1
0.7711034433471816,0
0.050163040832378,0
0.012844603391310168,0
0.04397416945552292,0
0.0795046041600115,0
0.06410196752273324,0
0.10994871737542974,0
0.016126954882996376,0
0.11026612251711404,0
0.6268575585633331,0
0.046300786400216364,0
0.026138220733883957,0
0.28945353537021007,0
0.03319382352645692,0
0.07304242864733253,0
0.22095045821061085,0
0.17445728514262007,0
0.5249596289737067,0
0.11345878594049402,0
0.15386016039885367,0
0.062488137700453014,0
0.018090994778039583,0
0.04680473093846056,0
0.5099659545679989,1
0.09330332950262123,0
0.013220048151140727,0
0.13369584877983187,0
0.028452297993101047,0
0.04390491851985701,0
0.5870995634770853,0
0.006562286171675638,0
0.2655931760188615,0
0.07202679393534005,0
0.09824721019352815,0
0.04608779848015247,0
0.01679966445428174,0
0.23512338030133834,0
0.13554752371501072,0
0.025181933817227182,0
0.8340083010940117,1
0.03210146437264654,0
0.8573231967820214,0
0.5799867272924158,0
0.009599824307376045,0
0.022116611608108037,0
0.111580454758115,0
0.12393715400796065,0
0.32064520576456296,0
0.6671912923322177,1
0.1197799204903859,0
0.3941112767060845,0
0.0015147788149985767,0
0.5165679390916064,0
0.06814060150014255,0
0.023971669140145258,0
0.02671012342330379,0
0.5075621531709928,1
0.1564009071153427,0
0.026618053654741597,0
0.06977987694083852,0
0.3715958201405395,0
0.15612927341976335,0
0.11766443524136887,0
0.012212259858679039,0
0.1304614638010343,0
0.2723228583276994,0
0.8894223496178806,0
0.04271230423852593,0
0.003008742340851369,0
0.01699367441034578,0
0.004801692272974859,0
0.09150851095952751,0
0.23811673467314065,0
0.10307184655578096,0
0.07395029811895636,0
0.4042349613868515,0
0.7015593455948139,0
0.01101232371349749,0
0.02237982438131061,0
0.7089258511073897,0
0.01328273049405479,0
0.6373380578911371,0
0.9076455325331041,1
0.4383971005793948,1
0.09809316727357774,0
0.24763167822580656,0
0.684095774371658,0
0.016908922685923363,0
0.10648257639859966,0
0.8022339983323316,1
0.03493436682164631,0
0.5440391648600351,0
0.06925231663591859,0
0.03835320805562259,0
0.01590840716493021,0
0.7096801110513811,0
0.09482476346038145,0
0.15371821542796688,0
0.07008834325547428,0
0.07766356087003846,0
0.5708485859860841,0
0.1025968322026012,0
0.20725627105813618,0
0.04521100389898823,0
0.28217899599642904,0
0.018782594517555016,0
0.0016954843668478287,0
0.49363463193031837,0
0.006297817859486383,0
0.11544688393805778,0
0.16193595827015272,0
0.7141186244155292,0
0.007452946035476709,0
0.03303713744080081,0
0.1325302102677988,0
0.8035811293074522,0
0.1587146522880638,0
0.14113375382087004,0
0.9322508019897028,1
0.015609480767860447,0
0.07489721595997197,0
0.1617980874936585,0
0.8007995111878463,1
0.07604368231731494,0
0.07071119734213188,0
0.08515231890385148,0
0.06170625627666255,0
0.18788481799697812,0
0.7290664311892954,0
0.35152078545198157,0
0.5041818693281852,1
0.0018068553681935976,0
0.9631189491658673,1
0.03483212756626711,0
0.016950846976516235,0
0.04390117433314666,0
0.4317262849686497,1
0.005810425498055065,0
0.23068634851529646,0
0.23684215920583024,0
0.03431705528503051,0
0.8450118386876585,1
0.189224927231696,0
0.3895395443884379,0
0.08457738881632192,0
0.7214221890140975,0
0.03108319837225974,0
0.04809707915850806,0
0.0005065536950932315,0
0.09393138190826403,0
0.011121063750637365,0
0.4540473213196615,0
0.04655555579266083,0
0.0333121188348916,0
0.39719117208928184,0
0.0038988864134403478,0
0.5429963899338102,0
0.5787277597804641,0
0.8566616353733151,0
0.0781900634691608,0
0.16956975986253758,0
0.8719030195379702,0
0.0759150014457609,0
0.7990433197376187,0
0.03198254242040304,0
0.7071903935904272,0
0.6406024750635253,0
0.14046537685060845,0
0.003125623611188518,0
0.47916958759383527,0
0.6667468160629939,1
0.423095716240364,0
0.1408546544237917,0
0.5271637287021032,0
0.24360031953188307,0
0.3326867437506585,0
0.2913831254369486,0
0.026341310789231326,0
0.16690353471944847,0
0.13081679963816015,0
0.7305315197198101,1
0.6839637458664592,0
0.028737032641186773,0
0.07262547159952341,0
0.19917096686390656,0
0.13551788149707839,0
0.2847703264074427,0
0.011127466305925912,0
0.37535712662632303,0
0.006639234158265316,0
0.0007921607433487361,0
0.5607594678573143,0
0.32079227186192644,0
0.30428644918004133,1
0.00985168700998148,0
0.3776285513547997,0
0.1147634312192513,0
0.1579888605718215,0
0.17898521016026103,0
0.037284277599620295,0
0.3533208411897334,0
0.1298346081144435,0
0.11483766939825843,0
0.830781534809968,0
0.7149035622940234,0
0.18354492979029563,0
0.17006714119823377,0
0.06407642684766592,0
0.01620015694845534,0
0.2516925505292038,0
0.042582778165102704,0
0.5488928784913483,0
0.08625154407840019,0
0.3088637838024146,0
0.04345937053261806,0
0.04001950892351145,0
0.06448840809786979,0
0.5507276520048071,0
0.04619670437619999,0
0.18055655260499118,0
0.20291392048524334,0
0.05502560861996121,0
0.05850285768864809,0
0.02075790616579394,0
0.17656243178983058,0
0.20969490071634986,0
0.04613602879051462,0
0.01662608824902881,0
0.035857018947421763,0
0.3103404680487928,0
0.6186144937472385,0
0.01250953729635673,0
0.5789940070726978,0
0.014983917845698547,0
0.19914230164967325,0
0.1264528594044642,0
0.044921396862145406,0
0.0038090322928419906,0
0.0036653950927223056,0
0.6094245829809342,0
0.1490529987999854,0
0.12112059503022993,0
0.08028387681664727,0
0.011417875317133232,0
0.0658411673087494,0
0.08323188790127084,0
0.07108609460957586,0
0.025964243023209564,0
0.05075239913888233,0
0.13642724498870457,0
0.05008988045974118,0
0.010984768766899704,0
0.2843771004371779,0
0.6970044850334474,1
0.23607987319492815,0
0.023991489649400777,0
0.012693492752146786,0
0.0009178695119923795,0
0.49146515264381957,0
0.08263742454317963,0
0.031612927945868355,0
0.3501144539603241,1
0.17384906825221902,0
0.0004713059888527487,0
0.23625417425738413,0
0.06381751360029427,0
0.11883316128244065,0
0.3277186046415552,0
0.003760094251502608,0
0.12712199766937432,0
0.1530478691956091,0
0.05121294804039742,0
0.5510986176567054,0
0.06473988415266475,0
0.025764095433757017,0
0.000956279534388363,0
0.05051084791102921,0
0.5591964843603086,0
0.21018233190026353,0
0.007407253283804688,0
0.07477834658776873,0
0.035729075990260026,0
0.06589331405583701,0
0.6803005269736577,1
0.26411759463736706,0
0.056685727350346375,0
0.6698186936135708,0
0.6903096764462823,0
0.003714797477711865,0
0.006141631598118481,0
0.26422675363177134,0
0.5826309858286239,0
0.03848311599615365,0
0.6427565169005829,0
0.008441846495863235,0
0.17132872870457708,0
0.3056898591401637,1
0.075416532998117,0
0.025165551014894497,0
0.0007831030246302678,0
0.41615123056577213,0
0.05458245319569325,0
0.004532277054327881,0
5.79481675973774e-05,0
0.1536217454642468,0
0.010016014720239639,0
0.030809411334249186,0
0.2292913800833271,0
0.003644804515285636,0
0.3851494692165453,0
0.02068681208024766,0
0.06537169313323343,0
0.029145197830117302,0
0.30088890205542956,0
0.03982022477509788,0
0.03405909436351002,0
0.19779960598921334,0
0.02006551230875382,0
0.013298033834207917,0
0.05657534154952988,0
0.12121829222340032,0
0.06772464744340592,0
0.09763653320118983,0
0.2584236146425328,0
0.16693905876443652,0
0.525047459352583,0
0.0592303809498432,0
0.14145336430264296,0
0.04309899822686892,0
0.8258417876248957,1
0.5171260770856296,0
0.2211411613928819,0
0.20316114071859212,0
0.27525837173779466,0
0.062023555958185074,0
0.06162378338403191,0
0.27285690061779194,0
0.4560889151886095,1
0.03821115077080943,0
0.21776640286984764,0
0.10075387464999734,0
0.6847993678877901,1
0.020688631341039192,0
0.30771544268724366,0
0.09018379779480125,0
0.0007126994049819009,0
0.29075446073340533,0
0.013319602780021244,0
0.4944829567445144,0
0.008117041875450001,0
0.490998477041159,0
0.04818722703810478,0
0.21935712520237832,0
0.1358151826239197,0
0.04594328133160838,0
0.03886622515502205,0
0.2992308347153179,0
0.0773617876920315,0
0.4864216120481993,0
0.3108956113979267,0
0.03174066574110933,0
0.008971463473145988,0
0.06268127321487688,0
0.17784699176324031,0
0.010286483566113256,0
0.016450557971311192,0
0.6179028776354648,1
0.180888882518348,0
0.023384604577473572,0
0.3994623209516993,0
0.536020926105443,0
0.03294883534854176,0
0.009016405588475232,0
0.15174164177961186,0
0.006547291198776268,0
0.0574890423512696,0
0.009156795670828463,0
0.07787953687386126,0
0.36492704708220536,0
0.02540017224117498,0
0.011732203288734687,0
0.02869570416923571,0
0.6116126940581011,0
0.05050861727638254,0
0.26243868270541365,0
0.06654225634461489,0
0.08338623632041507,0
0.20230734007136267,0
0.0007911049291878062,0
0.2535397756503722,0
0.014587244300540947,0
0.3613960735311373,0
0.5953938073941328,0
0.2012062218740217,0
0.050544515243643603,0
0.08517740727179629,0
0.6028671512230431,0
0.1248502844870294,1
0.6756202734475799,0
0.0455830051794173,0
0.09202647168587168,0
0.08950554317490471,0
0.0957294436652775,0
0.11397400309056696,0
0.5465035923939375,0
0.010229894915935542,0
0.19753627289781475,0
0.00321746551674896,0
0.24854317767467982,0
0.029486066623905908,0
0.6863453199181332,0
0.1134977541541092,0
0.002817085426986626,0
0.1844334608051587,0
0.7542576354488622,1
0.012585827756530317,0
0.7826519096256715,0
0.05991488362042157,0
0.001343961235445974,0
0.08996328658958863,0
0.2501825670804579,0
0.00954764367305222,0
0.46024590255242803,1
0.10136161850662558,0
0.03336432434256986,0
0.030424283386117648,0
0.8319939309835134,1
0.1196014226080201,0
0.05944433114029948,0
0.021029548251099435,0
0.05269004633598268,0
0.037458161852434585,0
0.009353033354994841,0
0.29212567651015187,0
0.006279671931376357,0
0.22173459132046183,0
0.9029822164195845,0
0.10659760854834732,0
0.09313585472480267,0
0.05123233926036427,0
0.03345436334264647,0
0.29697104017031056,0
0.07051782924980067,0
0.06688885074637774,0
0.19805198161993323,0
0.8903132039921573,1
0.015573058525778212,0
0.013872107037981246,0
0.10825466098880066,0
0.29459463313350276,0
0.21263754596551443,0
0.014427306872494845,0
0.41904332467423555,0
0.9506357221307442,1
0.5602311088387674,0
0.04338019220570706,0
0.047465627841474824,0
0.6593523060023636,1
0.8924319169588805,1
0.1554402889080162,0
0.009768264202836927,0
0.13484920438344178,0
0.020857888403123977,0
0.07709540923045823,0
0.11211144783620838,0
0.5474864157561529,0
0.7235022786413575,0
0.0937847622839956,0
0.26948386231340477,0
0.31477941660912373,0
0.7370848777284728,0
0.052089214465139644,0
0.19434347745079628,0
0.06654852350125377,0
0.1233231618258,0
0.10008229807029911,0
0.1383049800431956,0
0.06927336051593702,0
0.017343845964463075,0
0.039285283735407094,0
0.5787409793785446,0
0.06409237129350902,0
0.0339452037901253,0
0.23128571025692318,0
0.05721857802387098,0
0.0019926728452976015,0
0.025398981190955794,0
0.4930059714193549,0
0.3761549822913116,0
0.03652482903243345,0
0.4763694502718266,0
0.4124680828862505,0
0.24013304410519767,0
0.8398768945221085,1
0.13577577596708554,0
0.10000733951764137,0
0.13315715696010164,0
0.02119847277720475,0
0.04717823815423839,0
0.44604546724258237,1
0.005628109294734377,0
0.007003613027528971,0
0.04291103797628368,0
0.04666048995668116,0
0.3291861259708992,0
0.002551366817096181,0
0.8082608060313613,1
0.214636619546961,1
0.0074206778669124816,0
0.04517351217365673,0
0.6059483874909927,0
0.19896105996089802,0
0.018181353315065162,0
0.06494809150195754,0
0.10651542172347443,0
0.017232578335164544,0
0.7604004804581492,0
0.20738785122952436,0
0.2360349711524708,0
0.147394823904643,0
0.012622300402964227,0
0.058304041604139406,0
0.5308219121232959,0
0.1536688843445487,0
0.09328265860891508,0
0.2848739290461218,0
0.07006592091493866,0
0.15825223772928787,0
0.0028531049666535597,0
0.8211647038967649,0
0.01289030677873742,0
0.8636178075908736,0
0.06294860750607834,0
0.7713752493831527,1
0.09892614765566629,0
0.020970769622431554,0
0.34860134240817875,0
0.044269348764749916,0
0.09425249558816245,0
0.2709802458801088,0
0.008852165848018293,0
0.6221695799443783,0
0.15663096912818453,0
0.19499380653477236,0
0.032694630752690336,0
0.024882409100244075,0
0.06598322931772754,0
0.48465657447443006,0
0.05497231417949176,0
0.7916151007446779,1
0.2265429944029628,0
0.03468308471231763,0
0.03886373152401963,0
0.012531819396800066,0
0.025853861200367888,0
0.14148090256187468,0
0.014100860896064278,0
0.6194601741705424,0
0.021832417658222674,0
0.03786622876987141,0
0.14687876984247503,0
0.057363934059305455,0
0.5026233252724044,0
0.2051043808421628,0
0.4545102219844746,0
0.06471847343251426,0
0.09824965076132862,0
0.4754318285683058,1
0.05138718137305421,0
0.018180107315230037,0
0.09066783375911784,0
0.03685410232372038,0
0.19712396581560962,0
0.2938485981988402,0
0.23330621280266212,0
0.48224453944298745,0
0.036084906017409706,0
0.18236418174280483,1
0.7282408338505603,1
0.799461093635331,1
0.09158668606585378,0
0.18966896076628742,0
0.4494183664735366,0
0.1643405500593365,0
0.13112365570757933,0
0.10201050760216651,0
0.21221558255725106,0
0.019616440870731448,0
0.04018379444686354,0
0.11036819290105064,0
0.05245086794013295,0
0.00141138877989024,0
0.05854283668989224,0
0.7905522259307631,1
0.9070855783018041,1
0.11116806332633766,0
0.0612908396307579,0
0.4923831002844289,0
0.00798180036459103,0
0.01020743901435269,0
0.06312768220818772,0
0.16473230288864463,0
0.5749559016898439,0
0.0752567847807727,0
0.004212106607453356,0
0.32651095435544963,0
0.04207504281286894,0
0.6376054384577234,0
0.06285795801263398,0
0.21959186966044658,0
0.23143091161182514,0
0.006161969094655743,0
0.03134765594659914,0
0.047078886770173946,0
0.7020577546656358,0
0.6503147517573236,0
0.018343227680685924,0
0.08155305616114464,0
0.04273611915705688,0
0.0059280024636384565,0
0.14638715630863292,1
0.13963689221395442,0
0.007098458929665657,0
0.043508109392605805,0
0.02997998235026469,0
0.003843035427043622,0
0.005297527528208877,0
0.6246847549400623,1
0.0010641004268131336,0
0.14357521470224244,1
0.3175218732720905,0
0.0013215332724505976,0
0.17182182719126812,0
0.1592724445611275,0
0.23157928423362825,0
0.28495069408678947,0
0.0500177988198869,0
0.14035972704056285,0
0.18770822421305308,0
0.39807737751716604,0
0.6481180044334368,0
0.2265634442941685,0
0.10590408122746751,0
0.02808777600760656,0
0.03788077848071901,0
0.0968630190661403,0
0.011126703147487973,0
0.8446763256712424,0
0.10033975700152056,0
0.8288313867692579,1
0.07854322906585907,0
0.0494798669701835,0
0.012627061722310366,0
0.06620347433505674,0
0.4492449480607915,0
0.006739400419635858,0
0.0783835204002567,0
0.04121051539972838,0
0.027073370474561244,0
0.040881157590561136,0
0.019640749067297424,0
0.4805544504555257,0
0.049790607623706185,0
0.5063023478830417,0
0.41076379730232043,0
0.04642975376484178,0
0.0011780287736601195,0
0.8155596092070988,1
0.06588336290122286,0
0.28945529429420996,0
0.06439730316266941,0
0.032843597410301906,0
0.07213190484409582,0
0.025974959940030507,0
0.00744783663976575,0
0.561473615666082,0
0.7504655483374953,1
0.03184146856941979,0
0.02940119002577924,0
0.32673060551258665,0
0.017468049204721506,0
0.9226015888397838,1
0.09184028104935373,0
0.04393163425791914,0
0.021581269414772255,0
0.129938271668449,0
0.8703703115954392,1
0.022093678699821952,0
0.16286344823860086,0
0.4651979500709824,0
0.10209373557739418,0
0.01783900828136293,0
0.09173635727760864,0
0.10077213940494703,0
0.2581757025470322,0
0.03162113328449453,0
0.1787687907837801,0
0.005895275472152159,0
0.0664307472276383,0
0.007755577857363109,0
0.43223400672292184,0
0.036082168528989336,0
0.07990145648358923,0
0.010698170470918223,0
0.07429218275745475,0
0.5243593708898621,0
0.030175637730672167,0
0.21493549820048943,0
0.03554320967036384,0
0.14071109893139105,0
0.6448362751227873,0
0.8803214569235113,0
0.015164290599393206,0
0.18189448539478312,0
0.19503974473776603,0
0.38708494081423717,0
0.004437248629651877,0
0.6825830775081687,0
0.07729409693279952,0
0.026009743489771857,0
0.541556933179228,0
0.08265731539544355,0
0.3020696993988728,0
0.001086112302769671,0
0.3732068569747444,1
0.2067676422834275,0
0.17950913383106695,0
0.3801896298871047,0
0.28636776003541575,1
0.41956922352733783,0
0.011156573166422077,0
0.0023158874956342537,0
0.1480837739197677,0
0.2148138687686349,0
0.18847331245978646,0
0.0002490132160439403,0
0.004196740928827732,0
0.023332697635720354,0
0.725505027340664,0
0.05781848225486322,0
0.6804879339568355,0
0.31733790107487075,0
0.01956938389195661,0
0.39632451982786965,0
0.008031885193449582,0
0.6388286792967691,1
0.10332682838629771,0
0.7601822301178544,0
0.024065620948210124,0
0.41773530573548545,0
0.023044046587443048,0
0.10463181781896716,0
0.02237437259597651,0
0.5222323543321997,0
0.00243315846365911,0
0.8704062226634188,1
0.26933849650473174,0
0.0005341351874748883,0
0.07290259656953428,0
0.036278184607297925,0
0.061619563013168364,0
0.04436168590419397,0
0.6358222728253417,0
0.45114760685972066,0
0.6051032131849435,0
0.3343249704566607,0
0.22088860066893812,0
0.6127822852949885,1
0.05183219507471782,0
0.015371967931842832,0
0.45493771735804217,0
0.26886825743682724,0
0.11785045886414264,0
0.17745304638500228,0
0.7942320089916066,0
0.8230029406104402,1
0.008112740548680995,0
0.27212239433477703,0
0.039451677756907354,0
0.006237393090402142,0
0.05098210819923108,0
0.07016235016943038,0
0.6125348773317977,0
0.20240595728877364,0
0.27768345911108344,0
0.050135947171079207,0
0.03351652207905119,0
0.04073326951394,0
0.5415454006695845,1
0.1322573238773055,0
0.006476742658092963,0
0.07887286688957026,0
0.4957385746742449,1
0.22241215323716013,0
0.09104141127288211,0
0.39463630572441527,1
0.1250885281839513,0
0.010871788402172374,0
0.2822547860761625,0
0.6702701461596553,0
0.00043282052153842187,0
0.08562912626578535,0
0.38118718500406756,0
0.7485339033699278,1
0.05104763142198923,0
0.05257058654835058,0
0.08257402260486606,0
0.05621493886796206,0
0.14322019260462385,0
0.7612679296631562,1
0.038213164846868375,0
0.02282404729861328,0
0.08149314031111494,0
0.05427157846611338,0
0.17936234946356056,0
0.3138068938157952,0
0.03464739074371692,0
0.5224029680269051,1
0.07919357673078883,0
0.29572864728814197,0
0.02562263575306339,0
0.5836971553225369,0
0.13129951891109157,0
0.11974662094551775,0
0.007203447981019549,0
0.45336712611263397,0
0.013656899361233784,0
0.06419328685279252,0
0.8615883872219364,1
0.08266029680149864,0
0.0722750999742949,0
0.2521818132487064,0
0.10249403282110761,0
0.5316064864870513,0
0.05927228050761486,0
0.0759295241003035,0
0.035763437617355634,0
0.8276822001960464,1
0.01266923610237209,0
0.06861300112622787,0
0.11419890150422608,0
0.12458762225005687,0
0.05120398571649007,0
0.022416958126816915,0
0.2530195712335015,0
0.07079397838902349,0
0.0007652506663236814,0
0.34069052888818313,0
0.00532566782850482,0
0.1501966352061954,0
0.09076249456214065,0
0.5341897663557319,0
0.09924778300026044,0
0.15071547539593744,0
0.03700806489076471,0
0.11265679579475169,0
0.41736725920913026,0
0.8168819656681303,1
0.7784625325786763,0
0.42624446334085847,0
0.5933607700425023,0
0.5274332089961514,1
0.11290228948626214,0
0.07141870862638275,0
0.030840667681997,0
0.07166083579785719,0
0.09574107068489203,0
0.42159263143631615,0
0.5562917859340153,1
0.015004788203363465,0
0.060641787556174886,0
0.173750602023591,0
0.046933360280286635,0
0.8647490547927404,1
0.11364223458121674,0
0.19312711249008357,0
0.06131256480633872,0
0.03774772342557456,0
0.10415232506978603,0
0.0042977347219689665,0
0.031738037908171965,0
0.7529321832023442,1
0.7081724729129282,1
0.02054957427492483,0
0.021747642457179972,0
0.49322756376470245,0
0.06526214744799622,0
0.27142185863218493,0
0.1308275638569889,0
0.12478937839802291,0
0.0015433356712146417,0
0.06383237232718687,0
0.44031426161931136,0
0.5771867391467338,1
0.0465992061901485,0
0.23271256063259677,0
0.002903680232987087,0
0.35572551114210615,1
0.19344281070357844,0
0.8730563149759767,1
0.08477565341288779,0
0.0016051268297708264,0
0.17682604717305223,0
0.0005705891329865814,0
0.1007770353116667,0
0.0731554643327666,0
0.07759067738235297,0
0.17884686380734235,0
0.00426454570267455,0
0.15501844339319537,0
0.062079795387321134,0
0.028777574646036762,0
0.3178170910316752,0
0.31949300850939727,0
0.0017445620388708168,0
0.005615007797728284,0
0.03312445428436577,0
0.47035097574959905,1
0.6128959577281072,0
0.00328418278215925,0
0.6592232064744249,1
0.17279660771113306,0
0.12535504988211532,0
0.2049998486055592,0
0.6011497174980505,0
0.4749093802552998,0
0.019980980050050827,0
0.022431385515314817,0
0.7402246446553973,1
0.19968185089393392,0
0.8879592055333853,1
0.03823282311926114,0
0.5210565061978115,0
0.06363586236378317,0
0.5521263977982676,0
0.0018270402899437706,0
0.025400467969876998,0
0.014790675055012383,0
0.016711341303837356,0
0.07363251485900651,0
0.2506408850954094,0
0.023317772747252795,0
0.893253586898194,1
0.867837013672235,1
0.8953393262352248,1
0.045136542193354084,0
0.01617946854145113,0
0.1730889573531702,0
0.2039582164198307,0
0.046021952776734334,0
0.21130150772124676,0
0.3672926390294888,0
0.26127481159619864,0
0.022780200953012125,0
0.8465771700714636,1
0.38147495653633745,0
0.03595330263482641,0
0.2540379484017658,0
0.7666832088365612,0
0.060737278110010104,0
0.0032661242975021024,0
0.021943601080227873,0
0.05055267162533719,0
0.09129634782416336,0
0.06386585543842352,0
0.1330155949844374,0
0.20060490449770874,0
0.009720565753310872,0
0.01871306284207171,0
0.15388949769010601,0
0.041619401446350464,0
0.3638787509768305,0
0.20177846446992173,0
0.7636841089892303,1
0.238178015521051,0
0.025962778930970123,0
0.9161255378579368,0
0.2724213316130858,0
0.027590876272853143,0
0.9035581812038985,1
0.128971703672792,0
0.13359359670594625,0
0.02784715450850175,0
0.17285493650005238,0
0.39967705552200866,0
0.2421233071697541,0
0.12231661095813239,0
0.06559453984040568,0
0.03962510322105282,0
0.004603097984480569,0
0.0938442118048608,0
0.8422755448127962,0
0.034679482350016444,0
0.0035724516030460843,0
0.03026724353981179,0
0.4170438539116403,0
0.0923867335467487,0
0.08411235474152846,0
0.1497943181005629,0
0.0719494204169325,1
0.31945450789035373,0
0.29586268318065007,0
0.04058145745244876,0
0.9198461914476928,0
0.01999240096508513,0
0.12317597682874003,0
0.25485163281414436,0
0.36972383597172886,0
0.06449849139479687,0
0.01796134343753338,0
0.06683592894701694,0
0.04120468364963874,0
0.02532000722238882,0
0.5316960014038125,0
0.08916197149506425,0
0.7895581485441788,0
0.6462437652863732,0
0.052720896671139106,0
0.006322487879245868,0
0.009482884020943591,0
0.030342715574485517,0
0.29868059357486776,0
0.18186706694506719,0
0.4403987527674678,0
0.003523857745138647,0
0.3672872601597661,0
0.1379250318484533,0
0.3075782591287071,0
0.0691257708601111,0
0.0018349517182747188,0
0.004046568876717878,0
0.20402509334073074,0
0.11485869767756225,0
0.3966407842736748,0
0.07347056797141095,0
0.38939251799617897,0
0.17084453925311618,0
0.10592899610958335,0
0.03843891706594998,0
0.012768501817638528,0
0.6613583365879415,0
0.1765815888038256,1
0.6706002543569883,0
0.08525454137571196,0
0.0034838973510670996,0
0.10487059229784369,0
0.04871691114540557,0
0.11095824306911443,0
0.2147882138307487,0
0.04590551476909042,0
0.008289451803542154,0
0.01994233759542537,0
0.2409909836895153,0
0.46874598268815326,0
0.5147477253927215,0
0.20792129318976527,0
0.36885417398555354,0
0.22816717639078812,0
0.005790449676856039,0
0.010621495367733689,0
0.2691801810115525,0
0.024324229109386884,0
0.01384589721766177,0
0.06466635000460329,0
0.027712358835844435,0
0.29232842618846405,0
0.0030272100594273582,0
0.29013742452229585,0
0.5944829661055125,0
0.07516565419392225,0
0.6876200440681933,1
0.02069247441857711,0
0.06910522490489238,0
0.01721925971585723,0
0.18487423324389501,0
0.4495798037044855,0
0.014012237008105536,0
0.8528186397921146,1
0.2707653970757026,0
0.6182392390044353,0
0.1551131811555202,1
0.3840078855843799,0
0.7914883037624016,1
0.0015222816321354244,0
0.003938770654224651,0
0.23231687746508847,0
0.07124842240342676,0
0.28825436234713914,0
0.05217854399482538,0
0.05002579155914475,0
0.3548806822419463,0
0.6857627050171471,1
0.7418665180505841,0
0.08793930407535157,0
0.02571084980947706,0
0.010075910506566402,0
0.020886166679007376,0
0.02060330569391549,0
0.3229721298925227,0
0.040278792970819294,0
0.12841293582085186,0
0.21877418399737816,0
0.012609714637175815,0
0.5856541165516939,0
0.128079552158747,0
0.09159804646122867,0
0.11184648053607975,0
0.07064973684226315,0
0.0467761611469864,0
0.04779335719464435,0
0.7331321647286225,0
0.031103067931128665,0
0.2887320794400907,0
0.012051604921461269,0
0.13011263612580373,0
0.7106630826765953,0
0.3177716404576668,0
0.12377108753728999,0
0.13139122184739602,0
0.04000301865595871,0
0.4949233308776487,0
0.11207719901739202,0
0.02029487945700466,0
0.045067621183475,0
0.7232316949297461,0
0.18848830843159403,0
0.004412530369095158,0
0.32395399447771306,0
0.6810262605710067,0
0.09410294944801381,0
0.4863361450320489,0
0.5454840077571597,0
0.011586929693319495,0
0.40632953989667,0
0.20900120881736428,0
0.011262482233235425,0
0.8993726219398702,1
0.08803976776170572,0
0.06663309682364274,0
0.19645330550389106,0
0.005412841339000569,0
0.15594459672817573,0
0.17095299077207432,0
0.02638192457120284,0
0.4744074775653864,0
0.012455156940358938,0
0.044816102837293204,0
0.449245272809466,0
0.8250657863640878,1
0.1633292784864872,0
0.3842871203803432,0
0.059336540206075296,0
0.007384409598812933,0
0.03077587084371847,0
0.18924171308955604,0
0.12012173590325166,0
0.14767524219381134,0
0.6580983040012802,0
0.02130478400215677,0
0.9040653062660692,1
0.0025733283184038243,0
0.01814103298569963,0
0.8351996643968885,1
0.058750379090525044,0
0.012854655150660326,0
0.017302286569809044,0
0.034490719992442534,0
0.0006600937491496065,0
0.002578611686198547,0
0.01392194429478357,0
0.6618943570240967,1
0.049591199270213916,0
0.021846963175826198,0
0.15960754502295943,0
0.06766004738393792,0
0.7272812769587502,1
0.031550068645939205,0
0.04664153767251597,0
0.07719328857868583,0
0.8214126718665242,1
0.002362151121531535,0
0.2663584784429462,0
0.5994803779269858,0
0.9013551991857612,1
0.18144053130777615,0
0.31091792547060126,0
0.04251371084647119,0
0.4605352133558828,1
0.08748964245260624,0
0.15003556408820926,0
0.02577978080424173,0
0.3331548291992966,1
0.10313117582889497,0
0.0033718503299495547,0
0.6842785224643869,0
0.44142275511142337,0
0.11441857147532791,0
0.4018614045448253,0
0.14118423645682834,0
0.0013793729714469654,0
0.3342082281423775,0
0.07260728777647986,0
0.04299165496752031,0
0.026300594476581327,0
0.04887863926196834,0
0.273405019703429,0
0.0030675201423705084,0
0.004334957922518429,0
0.0663973289010048,0
0.031470230678024215,0
0.05863229574266646,0
0.20778744045445216,0
0.29125244532841954,0
0.10980908164790965,0
0.3433894426477302,0
0.008510869053913463,0
0.04608600337217456,0
0.02739212070265511,0
0.21874853840478134,0
0.4883979484593918,0
0.07286575276330934,0
0.03574435278618236,0
0.6877443348866245,0
0.25324265225453135,0
0.0031017786328194413,0
0.045775529064539945,0
0.04380443903042013,0
0.014184550368440286,0
0.00809682027265709,0
0.17458781246664093,0
0.8091902109069017,1
0.004706646683203285,0
0.755269822605832,0
0.15631650199328523,0
0.18066179548738898,0
0.5754656660838791,0
0.15639263455637278,0
0.051279393390771845,0
0.0736287503823497,0
0.17848826509374363,0
0.08386557940835415,0
0.10512259086674174,0
0.5600461968670934,0
0.08892985143091547,0
0.05840260336709725,0
0.11598588416995352,0
0.028800604041387266,0
0.7793731584746694,0
0.13096366286212782,0
0.29087454157051673,0
0.01002882119149417,0
0.5752742374181655,0
0.3614490797184978,0
0.005927325406069574,0
0.15933811516773547,0
0.043189812737017226,0
0.22040389000992522,0
0.8183038861732035,0
0.5842999167947047,0
0.5138851711779036,0
0.05925267974299385,0
0.7189168321906674,0
0.005254420692167257,0
0.0011868710439639101,0
0.19058029064648518,0
0.018149729192321926,0
0.33792845072587374,0
0.01605191088121466,0
0.2558598803252753,0
0.033111518626230914,0
0.0020154508763947786,0
0.18010029340193695,0
0.17663104043370845,0
0.6901628919693872,1
0.7110401442329489,0
0.3148181500819461,0
0.045040969247672605,0
0.03290433458845769,0
0.41514589540318875,0
0.0969039497505898,0
0.4190696583488291,0
0.6387651138130677,0
0.026749500508430245,0
0.0029849898631402047,0
0.6040889458108483,0
0.08932697887484767,0
0.05279897628863764,0
0.2576903361127161,0
0.07756611635772807,0
0.0008386735158843481,0
0.00248559586585852,0
0.04502640298276248,0
0.010911194907630163,0
0.20388660873050474,0
0.0716384312345736,0
0.3364159739364124,0
0.2026378499112598,0
0.5341038339580508,1
0.018510267411711755,0
0.061503876007242636,0
0.049927136760642504,0
0.06705890531160166,0
0.03624157794771907,0
0.12222282775975653,0
0.1025393033166995,0
0.5741353771249287,0
0.01417944010737411,0
0.47176941491844937,0
0.7549799530428525,0
0.008268461017951917,0
0.07823707796599697,0
0.08158548940174225,0
0.3140722148962863,0
0.008235782326727932,0
0.29828169376665065,0
0.007920101345505385,0
0.03151361569529465,0
0.8585613141175498,0
0.42790132020251903,0
0.004148366852090595,0
0.26889922500410296,0
0.21984345541941538,0
0.35963988540865716,0
0.45006550950065255,0
0.10144355978027485,0
0.052998546662131205,0
0.046828056121521584,0
0.00014059788706174392,0
0.030574114476527074,0
0.2577551751141793,0
0.03610274728353231,0
0.22244419668441576,0
0.2259409581741421,0
0.8609919003722938,1
0.026123495884101514,0
0.0024531256463651285,0
0.00777716539051814,0
0.0021436890428635736,0
0.1483301750936162,0
0.032157832876725544,0
0.0013772966745941551,0
0.24573365107214507,0
0.03160476036001958,0
0.0248641678499954,0
0.2149461792282957,0
0.046286561754876415,1
0.7243057226873815,0
0.013507669011964466,0
0.673229307362002,0
0.024882625720339856,0
0.7521909175829693,0
0.18679660324989777,0
0.16665567692958916,0
0.392302840883489,1
0.16625622457066228,0
0.19602048035929998,0
0.05521944463873108,0
0.010796535055300462,0
0.3372940919776499,0
0.06960123748447485,0
0.033152060934163376,0
0.049357483437526974,0
0.5865332664463875,1
0.4088647215504366,0
0.13405179539810405,0
0.42523341930034214,0
0.3640415218833092,0
0.3832662741155742,0
0.5726776097997844,0
0.001423037650631485,0
0.06984953227166983,0
0.2896765121452223,0
0.02544614372305277,0
0.04210323494332699,0
0.00048803201311432723,0
0.016300669102608672,0
0.18148637277513266,0
0.4348514751333199,0
0.8058944798046482,0
0.06707457172595606,0
0.023693582050743216,0
0.004682426422569184,0
0.1443754665246265,0
0.02551867640082537,0
0.01858023138940156,0
0.5137099257966301,0
0.04319996366084126,0
0.27465254209522544,0
0.06177786135047114,0
0.08381719561433287,0
0.010028658447250696,0
0.25149615957235055,0
0.04885033105629981,0
0.021384890549169998,0
0.00025893365558688457,0
0.0058237978405863144,0
0.030368759930014217,0
0.6898913363534828,1
0.00586442194323267,0
0.025889390763831677,0
0.0025175726240624042,0
0.0012617574413779646,0
0.009518845296096015,0
0.1582321751507026,0
0.598035142455333,0
0.22613851973114873,0
0.03435353765894369,0
0.07365664340847862,0
0.7581793953557332,0
0.19711115867890683,0
0.003512235624834365,0
0.07004575249977338,0
0.020407322870826305,0
0.05507875748753129,0
0.14355186498596673,0
0.37619188503779516,0
0.7358470793766627,1
0.2531391947952765,0
0.020281804223323294,0
0.14167637882449416,0
0.7096420926241422,0
0.07803754647536636,0
0.09117860496295176,0
0.17591429893573873,0
0.006450176625114437,0
0.05401988022825417,0
0.1375930308727693,0
0.010062828092362221,0
0.16665221468627936,0
0.1461344035270485,0
0.550500651716065,0
0.24760241454524248,0
0.0021313097638566494,0
0.5278686346034146,1
0.7356371947497483,0
0.2838770303192108,0
0.05114705956412018,0
0.6737634922179697,0
0.7416479019346426,0
0.6476968746342291,0
0.15751759224763554,0
0.006908426496076718,0
0.004509161177368444,0
0.6198208365162698,0
0.8273171073815677,0
0.04690206060534088,0
0.03420574122429377,0
0.8036031783790303,1
0.8074690190869629,0
0.07184804316398612,0
0.016405837054199793,0
0.26740212425668514,0
0.08566431239047766,0
0.2861647924944529,0
0.05123400632028412,0
0.10196444967625688,1
0.009608534236030463,0
0.9158986253888716,1
0.7015330460468914,1
0.6690262560424887,0
0.06743100477325449,0
0.27218727309220914,0
0.25815015259367874,0
0.5602112794112539,1
0.17768316312878044,0
0.1228140722657565,0
0.059713837395423616,0
0.226487647128082,0
0.050614053367766476,0
0.032375205706224965,0
0.34013934646409383,0
0.11481085153718586,0
0.8467738767914043,0
0.013299101197356444,0
0.3222948444613202,0
0.18016230924298726,0
0.014831404624494384,0
0.06180281811567164,0
0.03874292160203984,1
0.04451399511474019,0
0.19141188708607,0
0.6710203955237716,1
0.051580275727538843,0
0.056262885818372764,0
0.3439149874968215,0
0.5393405807781827,0
0.5661144783201493,0
0.16965493173227789,0
0.007354877471041141,0
0.8314130811230281,1
0.013453148910614415,0
0.0009652841797390883,0
0.051065757732775455,0
0.036369644483540596,0
0.21127441420143467,0
0.08336926768122854,0
0.008322387578443103,0
0.4614462932495021,0
0.05871936326962729,0
0.21107587718002624,0
0.5014359948010424,0
0.0347217130823133,0
0.6494970490041138,0
0.7648454203190868,0
0.18923023773037453,0
0.25147793005637714,0
0.09511613296897994,0
0.256028907916167,0
0.059714281243139704,0
0.04652758576428755,0
0.10588067271960915,0
0.012894166832730897,0
0.3841409151724433,0
0.02480163509906024,0
0.28574567526895644,0
0.21655563479309056,0
0.6115271026958129,1
0.4657367116231207,0
0.0642397630901558,0
0.01048398914946503,0
0.04773379952582454,0
0.0026680526349330156,0
0.09462747907052271,0
0.022086403999591928,0
0.008534434863603634,0
0.3078246867798408,0
0.04347100832738867,0
0.006838911174939198,0
0.014646422284606752,0
0.14785943754644862,0
0.09760052007994668,0
0.0053489254203614904,0
0.039828981438821694,0
0.02230646018077028,0
0.10317506670468347,0
0.4808212997459361,0
0.0059749681036295335,0
0.1654736102416297,0
0.015529325427574531,0
0.6091081695562428,0
0.01721695591745202,0
0.07140288620535726,0
0.20152942231235269,0
0.393931229156832,0
0.23338175566519445,0
0.08576074053894885,0
0.006415583397246877,0
0.06359009092898198,0
0.35849288593424516,0
0.050910512815787075,0
0.3133595199671901,0
0.10578148822623742,0
0.11746531771986844,0
0.02401136424569322,0
0.6578277063630201,0
0.5828463222879574,0
0.0009990265794438905,0
0.06770369174583252,0
0.0022218008815986755,0
0.05405898793505838,0
0.2594308900445806,0
0.17368952423704034,0
0.5334619470011872,0
0.02475219549101605,0
0.25667858970712826,0
0.02236171173180338,0
0.019026393365111464,0
0.03403257802121142,0
0.6410731187221018,0
0.0635199274117553,0
0.11623443674603158,0
0.6537879932404714,1
0.12380879681087115,0
0.1399285993585475,0
0.0019277721377686265,0
0.07454941839358349,0
0.04816265912592249,0
0.006433813432763175,0
0.02630972328870573,0
0.5242936794489366,0
0.02149048458527793,0
0.8607264241236553,1
0.0027411528459480887,0
0.10292765792463812,0
0.0006264272993022077,0
0.029536995837684214,0
0.19298409427637558,0
0.18706871128227226,0
0.02391369489425222,0
0.005627211262920851,0
0.0041880650046996985,0
0.07700140404191019,0
0.6182474070853066,0
0.005089420184447858,0
0.2871767598745846,0
0.16031663580859992,0
0.014495454998589077,0
0.5952877404909604,1
0.007999279113842654,0
0.49741276489907943,0
0.24591805308811776,0
0.4140708369525533,0
0.0016652947912844974,0
0.01609023355040522,0
0.6329036040091964,0
0.04912515254711819,0
0.6599263649676962,1
0.4091329809042669,0
0.7341084779862322,0
0.228536654046078,0
0.7746385039413552,1
0.05200653955486816,0
0.5177181130668084,0
0.3525199688571297,0
0.8591844629633517,0
0.07180019072050185,0
0.07306179134070145,0
0.02737455733333425,0
0.023897005648400603,0
0.37623588930712526,0
0.01028828287928533,0
0.03874436888085733,0
0.25528878715384007,0
0.9648276379664799,1
0.376389084001866,0
0.22414538285463714,0
0.484791529497379,0
0.26192010513329056,0
0.452869209596853,0
0.009613534837501107,0
0.02309307261121133,0
0.08472332753844111,0
0.5336388492515037,0
0.8260756013246567,0
0.011198040872973058,0
0.2491681123178926,0
0.14125005231767632,0
0.07120323160423067,0
0.026037096861550382,0
0.8534348364236933,1
0.24191880288009984,0
0.06896556976515929,0
0.0050741136562724104,0
0.6302967838949438,1
0.728586680525541,0
0.15281334960244264,0
0.0028184488483697467,0
0.06479368996035241,0
0.4247565499178995,0
0.034306841281108634,0
0.45140835031884524,0
0.008193995295985548,0
0.026380469369389592,0
0.2855723313066711,0
0.29533623599239384,0
0.053057171386840685,0
0.036200628559941744,0
0.006002085556653293,0
0.15427097769641765,0
0.1201811574031244,0
0.8489035389303489,0
0.07137762728903796,0
0.030700912073990633,0
0.24828280427295193,0
0.06144316253948129,0
0.36548989384280683,0
0.023760515152291585,0
0.4536212584197813,0
0.2937334769198095,0
0.23764627900160995,0
0.02287523420648816,0
0.015327518915184269,0
0.16026136402497052,0
0.13788366728374368,0
0.08520265120467,0
0.11990370488259554,0
0.8822513652663135,0
0.3540548644799011,0
0.7070492052617514,0
0.13133012915843506,0
0.009545120230963518,0
0.005732381260562022,0
0.0055423504772757655,0
0.07112192805830879,0
0.5865838450005745,0
0.0886856353647606,0
0.09146845858719345,0
0.01611091142631394,0
0.1860845425934821,0
0.05714043041531794,0
0.04747918380649809,0
0.5862501031733117,0
0.008891949162284645,0
0.04923775329290966,0
0.6976284896243464,1
0.04029691115592572,0
0.10911041830178238,0
0.7003368548886245,0
0.14849070136346088,0
0.2193780143064846,0
0.7916322095869147,0
0.005058441556855997,0
0.1405879535113485,0
0.286624319127688,0
0.06238097153450751,0
0.014765782957018091,0
0.07942852302222761,0
0.033088901086790475,0
0.7434790718309281,1
0.06782463026377589,0
0.13711249585479413,0
0.30951478479906186,0
0.2856325254728811,0
0.8133992164991001,0
0.697487703533985,0
0.31186328244275785,0
0.755710922267527,1
0.34621234532005546,0
0.12217886990050048,0
0.010946404817456177,0
0.02963373088062271,0
0.6509427662938548,1
0.6238752762904721,0
0.05870347552854614,0
0.2736318299782904,0
0.022467337304831317,0
0.1350817655722757,0
0.03432792855510614,0
0.24429278135102356,0
0.006131378907408358,0
0.02026946552657346,0
0.18670726574890542,0
0.7472701602291165,0
0.05119772368751086,0
0.054981438325534066,0
0.18754199587947618,0
0.5869466993997845,0
0.2775845708741724,0
0.012517204133379579,0
0.31640505062442004,0
0.01916638974766866,0
0.05843168207247977,0
0.5614525437878135,0
0.011480487336934514,0
0.006187519742066213,0
0.048546933869638154,0
0.0447991894712994,0
0.650464354552047,0
0.08993936072127195,0
0.23978346513645257,0
0.027110837340347155,0
0.0006886252081387416,0
0.23383205821242947,0
0.34705891629299407,0
0.15787651590717397,0
0.24964134664985835,0
0.3421502917062832,0
0.0985438469119162,0
0.002997062554503884,0
0.00305158942643405,0
0.11468230995124794,0
0.8404564564071942,0
0.009998647236869695,0
0.02486906137797242,0
0.6341953059925426,0
0.0393963852604205,0
0.056580864136971734,0
0.0632925530300756,0
0.006110436597492601,0
0.14302130051215642,0
0.9141123867758846,0
0.0010929003378614716,0
0.1675384954422853,0
0.2637206029759347,0
0.550611260696858,0
0.07423915880444906,0
0.017792797191406903,0
0.0177664265930715,0
0.06703730771610052,0
0.5194167608663433,1
0.01060089638889955,0
0.024726270384213413,0
0.9042007390520111,1
0.01810876881181754,0
0.02090746257954571,0
0.111301944794939,0
0.4642668443478222,0
0.051292760174214275,0
0.34866825371840604,0
0.05008757840848529,0
0.030054197006971966,0
0.08058871900775982,0
0.02689590095043761,0
0.06472151306358641,0
0.24212314779140912,0
0.06656685166909015,0
0.32509490341149083,0
0.2339806460346061,0
0.09835424983479701,0
0.08694199838488326,0
0.13839461273077294,0
0.010845977286778021,0
0.19814883625806037,0
0.22993307492382045,0
0.018722070210489477,0
0.41378761895291233,0
0.012960828738382467,0
0.20057831116092448,0
0.07058684647321994,0
0.9345970297611674,1
0.07613197786560395,0
0.7432373048013311,0
0.09561646533938627,0
0.004823551750707958,0
0.06967392519681108,0
0.7179733095877078,0
0.011290912644275071,0
0.02863893795414195,0
0.14120456606605414,0
0.92047637714589,1
0.6623657579433126,0
0.7095746434060899,0
0.29570802744184116,0
0.6059430966990903,0
0.34545145876518657,0
0.4776619074861907,0
0.0831484045426265,0
0.116509976022264,0
0.015310153880479738,0
0.06578844840261357,0
0.7750762227206719,0
0.009686132706044168,0
0.007579333083392018,0
0.10467216518781815,0
0.020935295535914396,0
0.03851419276568177,0
0.47557898273774163,1
0.08349498959155043,0
0.008013275081172099,0
0.2829374614448533,0
0.05316502757943594,0
0.25118920344852563,0
0.8500976582279799,0
0.22563495358357488,0
0.045138126355389725,0
0.0062006656001994094,0
0.03316661105179795,0
0.0008521285467695245,0
0.4751440099968853,0
0.5781599648068706,1
0.4956587665080304,0
0.09297200969428826,0
0.137674021975256,0
0.9222786855336388,1
0.7670877145665962,0
0.04049426059706082,0
0.9124978342327783,1
0.04303315307811762,0
0.1258862765029234,0
0.20278273888322,0
0.44965815171273904,0
0.21853118971885155,0
0.17202696660920241,0
0.021899434274084948,0
0.2347523491392761,0
0.018576930118103494,0
0.05918920553292412,0
0.20647465955560984,0
0.27052737369064617,0
0.7721100579421267,0
0.4958893687033312,1
0.09587412594773541,0
0.03069463804046451,0
0.07585559424108174,0
0.00875730982299802,0
0.0016055570365917013,0
0.09565509292472492,0
0.07778744438865726,0
0.0008324426543797945,0
0.4362275124615175,0
0.056801171623719345,0
0.13530994694331722,0
0.3442352409680347,0
0.07251346069455325,0
0.0808128508797066,0
0.05294844376836042,0
0.06043936073659942,0
0.5783658095683708,1
0.2823627785410383,0
0.16495006928810105,0
0.3404463103943922,0
0.1638443333546402,0
0.13421512344995895,0
0.19675726179925532,0
0.1506998833315811,0
0.09019107426371442,0
0.015627474106910313,0
0.13496008755562233,0
0.7706861343222979,1
0.21304950481484589,0
0.0011502235625718087,0
0.01328289951664981,0
0.20491239302046832,0
0.004764994047500887,0
0.867056691574223,1
0.3093548302454736,1
0.017403646113605797,0
0.06732145882030967,0
0.02419721456695003,0
0.17828798325552972,0
0.00205682049075126,0
0.3060423572123869,1
0.05415686951306153,0
0.01434770517305684,0
0.31506626779034025,0
0.8620229804007157,0
0.04108053725861616,0
0.006310449083259523,0
0.049622589263693825,0
0.1778378026753797,0
0.0668301437957869,0
0.05224511978745629,0
0.09886464120946191,0
0.06989416826379677,0
0.5871513470507325,0
0.8740474156110729,1
0.05122153515546174,0
0.6259063706957264,0
0.0878834883476448,0
0.014563037383359087,0
0.6234606319827782,0
0.1690808488118062,0
0.32566160280754275,0
0.2680960853986429,0
0.21801377231701277,0
0.07784933427429244,0
0.45723914210072825,0
0.023431569490253764,0
0.05185289783641301,0
0.0020619005977756196,0
0.0004778061651389479,0
0.06360147027050497,0
0.868478597019776,1
0.062264975010625195,0
0.0016316806085625618,0
0.013422560837738885,0
0.07743973608428857,0
0.08234536096726214,0
0.3899940145401507,0
0.004800626954662678,0
0.2395026034072081,0
0.019224138761956566,0
0.032745585637700365,0
0.16501322452030462,1
0.1708862954650183,0
0.6967340624921249,1
0.15068446393254892,0
0.5788062696766356,0
0.011643564813013482,0
0.08736221648600406,0
0.059979857035136926,0
0.15422664493203303,0
0.021742435775863232,0
0.0013709299285698333,0
0.033212314954959216,0
0.008012674038587093,0
0.0016825555560363965,0
0.07505261210750368,0
0.4921787238995838,0
0.4528975098437732,0
0.8213183641515825,0
0.02162485944387362,0
0.04755733696455882,0
0.1806289417149795,0
0.015328820968728098,0
0.2642836365629738,0
0.6640480414824704,1
0.000504239009453462,0
0.1168591856568012,0
0.03682538560100849,0
0.07589045713332641,0
0.07117705264492875,0
0.13960412263192032,0
0.0009014110493161888,0
0.04551474026959558,0
0.011366901979728013,0
0.8809247026823365,0
0.199211115792637,0
0.5408270773799677,0
0.0062250716236038894,0
0.010295408946798278,0
0.458620588452531,0
0.5517152045480999,0
0.2412892318966278,0
0.005691918376551427,0
0.2343005908757976,0
0.008888238540835376,0
0.009203082228011951,0
0.2958788722002439,0
0.2203632698831487,0
0.07232086065892067,0
0.07041138821847617,0
0.40366469057185017,0
0.3904349006541027,0
0.2554423827242557,0
0.0038451840775996517,0
0.05379206412103451,0
0.33091881840927745,0
0.011949722826397087,0
0.18815189366019508,0
0.10995026742963966,0
0.03478181320487731,0
0.047725603950264976,0
0.24642022510708442,0
0.039984902699616166,0
0.08316594831917645,0
0.6071764217186333,0
0.24093571406771536,0
0.3379894434514205,0
0.2404019789210528,0
0.05802115393894599,0
0.0329772002045831,0
0.562895593357646,0
0.0067724860897929815,0
0.5914642204284725,0
0.571686391008567,1
0.19070330953820205,0
0.0016606690302014544,0
0.0611516088103838,0
0.04522517964971083,0
0.18681998563083255,0
0.3357460013988351,0
0.03234284782818557,0
0.5886738603368918,0
0.030163590477117846,0
0.13951250972860565,0
0.1436739453989767,0
0.8315636401591199,1
0.011161331970002792,0
0.06041984141807792,0
0.07843888309937877,0
0.0035329760787161366,0
0.11112126072908034,0
0.014034987551850531,0
0.12597167537847953,0
0.883104585134165,0
0.08867872813599054,0
0.2771655553431154,0
0.05142401164478296,0
0.004937618217392778,0
0.11891219515437251,0
0.5446469589461361,0
0.7662186886985952,0
0.07851938504512294,0
0.6296165702284612,0
0.6934777169560341,0
0.9329034146739439,1
0.014095468525959581,0
0.009686017010482051,0
0.024796455817493845,0
0.07072553683884523,0
0.4805372087566285,1
0.007643098204332072,0
0.5003072296835566,0
0.9490399654956361,1
0.17503295638090666,0
0.03932476120959423,0
0.021633616921162606,0
0.07393770216903674,0
0.0458355578512977,0
0.11703488499527355,0
0.6397841932172336,0
0.7500248041323319,0
0.04013658062301064,0
0.037389132168970024,0
0.04752325718012944,0
0.8514807392083884,0
0.026791960992598222,0
0.011650627897414634,0
0.10705498211752598,0
0.18659643213240465,0
0.1048835106851602,0
0.44165609578071663,0
0.07288313022822815,0
0.065208639734867,0
0.17089620670893582,0
0.043503005786594974,0
0.3253960815013076,1
0.011281934135982007,0
0.015009439124095742,0
0.47693612810440067,0
0.45107178834940875,1
0.025103714343235432,0
0.043634413077932345,0
0.8496327684846552,0
0.02688354371624828,0
0.002449978783823385,0
0.30692823282401366,0
0.004859849711290627,0
0.4402950940212698,0
0.6559216547473724,0
0.10540364219492644,0
0.7868517308969636,0
0.2545532928087165,0
0.17276708207085834,0
0.007912718466490136,0
0.00042093270640039646,0
0.04486233766711428,0
0.18312259789589064,0
0.008295972465459,0
0.06730483770664232,0
0.002222168930792693,0
0.07468184098636557,0
0.05845280328190515,0
0.0014722202198742562,0
0.009300040554529888,0
0.35249525330687687,0
0.03200720398655321,0
0.1275691297278705,0
0.0539963663069855,0
0.03193517089300224,0
0.25131752651105077,0
0.04416448246503808,0
0.04131299267785976,0
0.691475086527141,0
0.024316500294837232,0
0.008203110622016617,0
0.03578001786646153,0
0.8061304220959566,1
0.8478819631415386,1
0.5732421426862571,0
0.08172603546779353,0
0.054811949516905226,0
0.1053944591774561,0
0.07949941861479415,0
0.4550751665197966,1
0.36327882995748306,0
0.7153750456917832,0
0.08154671257686329,0
0.006034011402652858,0
0.042599399225272394,0
0.13257576130367937,0
0.43968248193752585,0
0.7389264428204197,0
0.30207105616516855,0
0.8488035794488121,1
0.23283123725859278,1
0.029048270968111255,0
0.039145353880187264,0
0.049247233288020234,0
0.29561287105831097,1
0.037544114032660066,0
0.00731838469617506,0
0.003313004094320026,0
0.12572971382606477,0
0.07582796308029577,0
0.0026249885177106603,0
0.12142257288555136,0
0.01597881290054884,0
0.0004503041825975868,0
0.1357853888925562,0
0.20331788170677378,0
0.533065836109688,0
0.20361632518055836,0
0.04420347045647189,0
0.02603026513918281,0
0.03207537037244043,0
0.24564486744240707,0
0.1808130242790443,0
0.007595030086940271,0
0.8679611399799957,1
0.052645681783610274,0
0.08267873378463651,0
0.1463636476517902,0
0.0018214028859993706,0
0.006394998912092656,0
0.20796277494032078,0
0.7016121798778141,0
0.12942522805774423,0
0.0216409388834224,0
0.0012023696927267072,0
0.1685269910268767,1
0.8618375883783178,1
0.810077653419683,1
0.31307633663293954,0
0.16624179481969723,0
0.21784000045701657,0
0.00762929608240857,0
0.037567880664699564,0
0.8290804989004286,0
0.030472024462439226,0
0.012992748708886396,0
0.11451422760599814,0
0.23156035673141884,0
0.01489493773494621,0
0.1443203520775826,0
0.07749562102267694,0
0.08871668243288568,0
0.02996261952763153,0
0.05607286664423097,0
0.653809766748374,0
0.828856855832434,1
0.3172076680640537,0
0.23665119537124327,0
0.13376880304950609,0
0.0494721306048986,0
0.7760173276314206,1
0.05019305218482717,0
0.24327306318432537,0
0.0005142922699618471,0
0.9558633954434554,1
0.6839597710926612,1
0.12970876522414895,0
0.008856102355598326,0
0.02654908629966498,0
0.07593835949125,0
0.6087790334486277,0
0.06466692800679034,0
0.5723737286138955,0
0.2514912491981695,0
0.004910022210027364,0
0.020994006199576712,0
0.9055759783333762,1
0.03232387519449409,0
0.18804719072888276,0
0.04088764215630928,0
0.22764194748008576,0
0.059348793547905954,0
0.059511949933213355,0
0.007410994689746851,0
0.02158587681682051,0
0.07423049480529136,0
0.011094293652300106,0
0.10101320850054707,0
0.20981032369096633,0
0.30823078955222055,0
0.13829707849244863,0
0.13408081970910662,0
0.07625428272706489,0
0.7953752590370278,1
0.27911816068142753,0
0.7868340794654792,1
0.23508360398980857,0
0.07876701778393527,0
0.45329164302624886,0
0.6314959784667925,0
0.3932032993130146,0
0.6110655743441572,0
0.1957703221366629,0
0.0938638121085804,0
0.01895538983967561,0
0.3475073618088889,0
0.0034279700199096475,0
0.0029761309151866114,0
0.44297745729572013,0
0.26430331145896085,0
0.01778610024326414,0
0.0912621014016098,0
0.013856275265102982,0
0.2607317328721638,0
0.03428400518262492,0
0.09223567985011,0
0.07659593646180018,0
0.036962596057883775,0
0.04905066705695953,0
0.12943080487594125,0
0.16607245239205157,0
0.20667481876355304,0
0.6817554390909458,1
0.0024941411337879526,0
0.2571470380894119,0
0.447061441584616,0
0.009247567621819401,0
0.14667492444479888,0
0.9583100350818956,1
0.4043157675190017,0
0.6765567947872317,1
0.11031678475712382,0
0.0077569820772488375,0
0.08153500792196598,0
0.4942962884559103,0
0.41435675691789153,0
0.46092683008147434,1
0.16698159910891508,0
0.06647507737627624,0
0.23711967767586492,0
0.9328046677609588,0
0.13638055050678816,0
0.0005154489538070026,0
0.17166274409228416,0
0.5420863501644896,1
0.8233249757122595,0
0.5123224537295714,0
0.03071530740941931,0
0.11188225700221321,0
0.21139767081640942,0
0.3123224710357351,0
0.03972482560195244,0
0.18725448735093286,0
0.004949122065011333,0
0.0030981526841613372,0
0.0642608622261608,0
0.04152519581512413,0
0.0009829487446705969,0
0.028039993204859233,0
0.025921058868095603,0
0.13328363936683413,0
0.6749880852206558,0
0.32470629064580253,0
0.15058866019250108,0
0.2655722175834773,0
0.151318165938096,0
0.02959819263492813,0
0.4745837313102157,0
0.01435869478390643,0
0.266572592040604,0
0.03666349920402991,0
0.36414307678931446,0
0.1244618402458137,0
0.6600742036607206,1
0.02067550110191587,0
0.08740226576204728,0
0.1841914978861157,0
0.02373492736999042,0
0.41519295438982595,0
0.0446854135755814,0
0.009600492628786275,0
0.0012060884489690643,0
0.736863139927056,0
0.351999369949128,0
0.013810996726039387,0
0.02435443822502211,0
0.014182772676987943,0
0.24601210453123704,1
0.061834455571077133,0
0.022404116788340686,0
0.0026107616700571175,0
0.010500074540759154,0
0.05811107375722885,0
0.11618805455489538,0
0.005447863813377879,0
0.07534961709115659,0
0.015184096966918215,0
0.438449375725781,0
0.38308066365551874,0
0.0776346417223047,0
0.0020411336946519385,0
0.13168308153374406,0
0.2870733994870952,0
0.29447415798987875,0
0.006018829711763445,0
0.7791077216789362,0
0.1294342310791445,0
0.014570766999292302,0
0.6043274308801364,0
0.2205442493971114,0
0.07462296420652334,0
0.0008388143676222797,0
0.01741638917260441,0
0.6297822028283286,0
0.010874260560519019,0
0.3234337008629296,0
0.8046147366964109,0
0.09410569419830896,0
0.7155066070591909,0
0.30199994921483875,1
0.018539391912873307,0
0.03922401900132275,0
0.01192258290409808,0
0.2133518776856174,0
0.20624242902111076,0
0.007151412208375195,0
0.6104316069013922,0
0.7868306467559725,1
0.0030270306671426024,0
0.08725662121452905,0
0.17782040103436428,0
0.6189384698154027,1
0.628873010878117,0
0.8089937925302736,0
0.037255322196055006,0
0.3752664267151597,1
0.21950976883843118,0
0.039739834433120534,0
0.003533672920344189,0
0.06410459413289514,0
0.6282568191251124,0
0.0533593729395622,0
0.004143505162798628,0
0.44281647891464265,0
0.00881211077634797,0
0.03929023429389795,0
0.15660341442345851,1
0.1320164567183274,0
0.2277958843282846,0
0.294427528398405,0
0.8372508903655481,1
0.02285633898404575,0
0.17735881945806728,0
0.44407850592268133,0
0.03122246590952665,0
0.17310983332435678,0
0.039508741533389936,0
0.49048320003210377,0
0.03450014067931938,0
0.30373006819294207,0
0.7002013232376193,0
0.9666333262907895,1
0.0048656658514463855,0
0.8290844784322086,1
0.10662795169380082,0
0.7633978737603829,1
0.9149224261537845,1
0.008727862368530058,0
0.009803969947785467,0
0.46327600483480896,0
0.006173781232847384,0
0.058055398100275254,0
0.010752461846896183,0
0.3625861655526068,0
0.1714671464327101,0
0.09940187680755774,0
0.7081570786654465,0
0.008311388798524106,0
0.1395926156020163,0
0.07601280276366258,0
0.08351080585184156,0
0.04029042041473934,0
0.02227335598371315,0
0.7457878686149196,1
0.04191577082367992,0
0.2857477019269249,0
0.16443264558985227,0
0.3080526082911711,0
0.15441197942992677,0
0.050215738374571155,0
0.014712788789286337,0
0.19315405879802683,0
0.6005072787035133,0
0.004411801525136443,0
0.36974036520346215,0
0.04278138869618012,0
0.025087802624063748,0
0.04612736833822333,0
0.27912724768611635,0
0.10492802658347314,0
0.1319985398002579,0
0.03463534108816477,0
9.317252440824923e-05,0
0.5710159753692297,1
0.1537886347345603,0
0.32754742890016725,0
0.013095178985222179,0
0.004709385178420984,0
0.049660324083919793,0
0.20351627918545767,0
0.05747066695261797,0
0.2410536142380378,0
0.037426900894110424,0
0.7181314605505517,0
0.1214167000199275,0
0.5686104843177759,0
0.2506973127663615,0
0.18366187164942555,0
0.011959942555627082,0
0.06378565911136509,0
0.06635372485141176,0
0.005126719627522664,0
0.7464016934282616,1
0.35052427885812626,0
0.06191224460080458,0
0.21630859735910257,0
0.303505123502034,0
0.0025735638652262375,0
0.059031353364962354,0
0.02066464298733212,0
0.6483835112991216,1
0.447561003265201,0
0.30161639846101146,0
0.20978931584686691,0
0.6427094023062231,0
0.553206204383189,0
0.001617831083874011,0
0.1680841056933318,0
0.06562211758743965,0
0.5496681019104622,0
0.6916093993956507,1
0.9734894930236894,0
0.7686443506532075,0
0.024197527806047316,0
0.006195133837217734,0
0.28205059245977526,0
0.30906411775737064,0
0.026824125956318865,0
0.4683063098823621,0
0.0007870149145922619,0
0.783819186347346,0
0.6371882644672059,1
0.0957589726855205,0
0.009706966815920537,0
0.08736413541367727,0
0.14768216154786082,0
0.04152915072905059,0
0.0001673450188119446,0
0.16798493536095122,0
0.818602713771792,1
0.3747564313710189,0
0.07375947946817268,0
0.14642472741590554,0
0.04273973526870049,0
0.03423884727067764,0
0.03647462963362286,0
0.1390344973259842,0
0.05530418595452238,0
0.0057822119530274345,0
0.030564005298727045,0
0.002644411234891211,0
0.18909533767093176,0
0.4771068717200646,1
0.027422614044522092,0
0.1616377199756148,0
0.2197164398882275,0
0.2588553126402515,0
0.06895300927000851,0
0.08779449902394541,0
0.0028889597020208173,0
0.06351333857928264,0
0.48770292724271785,0
0.008222223458133691,0
0.80341392334346,0
0.0034735710194796735,0
0.020204852534439426,0
0.024771641028149282,0
0.31169050387456854,0
0.8763692918439435,1
0.3113473815933775,0
0.06587989248179256,0
0.6888303857351741,0
0.28919553274141585,0
0.2406674486170198,0
0.0205826411414341,0
0.2657680120666787,0
0.01647761400779374,0
0.11084963813467655,0
0.3771162202483292,1
0.021301088651351243,0
0.04130649028255348,0
0.010473324106276027,0
0.6994985354471757,0
0.01231115257192777,0
0.5203219510619548,0
0.8794397440532807,0
0.7316513202974723,1
0.05862560731361533,0
0.20378394322299906,0
0.23942275301598928,0
0.6756466747665261,0
0.17841125781245895,0
0.0011391427623625979,0
0.0018005173014431018,0
0.3191380489046748,0
0.0033527370318118914,0
0.482706912796727,0
0.3832133101084793,1
0.005842627292826061,0
0.0022723779871644334,0
0.3701540748647399,0
0.030572015055673342,0
0.2754843497668376,0
0.011409608142705249,0
0.018146877289255528,0
0.22918745047346117,0
0.07306790145370881,0
0.7650736750917129,0
0.4522194989233486,1
0.1669286276662721,0
0.3776913140736141,0
0.004145911649544129,0
0.07735959319528109,0
0.06936668920597028,0
0.7563997747178238,1
0.08443640749995035,0
0.01939562313982207,0
0.15883109639082316,0
0.17844300660858273,0
0.013279029237339004,0
0.8071124138753953,0
0.30472611340003036,0
0.6441548714157926,0
0.030945342534885893,0
0.11172511217408017,0
0.002665750662947039,0
0.2724731186143132,0
0.07218081782255811,0
0.09941829508221964,0
0.013373666794342145,0
0.41173187793318006,0
0.3431443789681996,0
0.15685879810946157,0
0.21290459515421106,0
0.027238153674716017,0
0.651869868370594,0
0.0345132012817617,0
0.137905629203775,0
0.3391757967785416,0
0.021357564622430186,0
0.02672852859475848,0
0.014951944131006744,0
0.16119167182220984,0
0.21011662305869355,0
0.6546333593888367,0
0.06360310874051893,0
0.0009590579236762145,0
0.007991999090138459,0
0.10084162764526552,0
0.7982354278850494,0
0.5344931986843777,1
0.260821839832551,0
0.008523922013279627,0
0.19945181928551736,0
0.2480068945453032,0
0.030003286865232816,0
0.5721899094044702,0
0.19218497730111725,0
0.6153935102050568,0
0.568550600005146,0
0.3093702056577935,0
0.3267587117728574,0
0.11359507208782116,0
0.8149539227745646,1
0.09321002609018272,0
0.12091221107165293,0
0.4234613523116125,0
0.052220337015122555,0
0.0751765521324745,0
0.5766185071528327,0
0.5234506624735247,0
0.3901545158400185,0
0.010823298570159593,0
0.25512012001396667,0
0.05561290059341109,0
0.010541488994729295,0
0.9017243538084686,1
0.004925416312886956,0
0.5348883200007702,0
0.12167098720455248,0
0.7363054651353693,0
0.04936080773404406,0
0.03984450826402243,0
0.028751178388760252,0
0.17145974309277223,0
0.026088161292182836,0
0.06802307396936613,0
0.4807214538309922,0
0.16976777486765765,0
0.3923697729386064,0
0.15898156772874206,0
0.019835593106212454,0
0.6594656069264234,0
0.11013480076063305,0
0.9791798210663581,1
0.8585753865155337,1
0.027231391294446343,0
0.2872462627328616,0
0.0019304747077269796,0
0.25703880395299733,0
0.7862103232862127,0
0.14668272081681513,0
0.05773578842270629,0
0.3484261165944308,0
0.012684012822985117,0
0.20160530983336333,0
0.25884795531576527,0
0.15621438507042748,0
0.1583518772706936,0
0.199599698468225,0
0.18889882084003232,0
0.790614870920244,0
0.7849846628720837,0
0.6510151907379634,1
0.0037852452007127537,0
0.2246462182362205,0
0.13239225048267464,0
0.02265419917197858,0
0.23628059871649987,0
0.023506743827853314,0
0.09837888243914072,0
0.08327208472109511,0
0.06818447738273763,0
0.6327945128495897,0
0.1375537818544006,0
0.22376864119599446,0
0.3356095457381968,0
0.0230975241439215,0
0.16052518939646382,0
0.03486115214901296,0
0.04034108896149231,0
0.00697882451136521,0
0.08251212830508847,0
0.13824358336429476,0
0.019328588182429517,0
0.004161500005896259,0
0.9121950539840066,1
0.026449624925597635,0
0.13565981191942428,0
0.5495940522603131,0
0.20507559413171914,0
0.005776313565035616,0
0.004005681839494328,0
0.9801128166513865,1
0.9204178078149828,1
0.719356519770784,0
0.1650537121559077,0
0.037144018822077074,0
0.008287753788856534,0
0.1593879304171196,0
0.13388204291283548,0
0.24619931782965448,0
0.8120511772594287,0
0.031592674085968823,0
0.24194105288400614,0
0.08665769282187152,0
0.5757280006235987,0
0.4964074808994616,1
0.43370623326444524,0
0.0013466957857315128,0
0.07989260769331119,0
0.13094317155196786,0
0.8824346830545777,1
0.18242540239411245,0
0.0030298874963454714,0
0.09320683048334252,0
0.0010785680731635284,0
0.02608501537578436,0
0.010958032527490431,0
0.043004455857447145,0
0.14744595590362192,0
0.12784704331610056,0
0.034804569007077735,0
0.12673340057193921,0
0.0523503337063105,0
0.41409416384277253,0
0.018262038836111428,0
0.09601237151002291,0
0.2033995613329976,0
0.022481442768207075,0
0.01452243386375948,0
0.01661386295020699,0
0.29634753443708806,0
0.022971328605011998,0
0.17435258915959997,0
0.4875530985968467,0
0.04187179910194627,0
0.019001614300372335,0
0.040357773592742154,0
0.27851156665675164,0
0.3418934644092175,0
0.5255124496760513,0
0.15418382651126428,0
0.162992631931196,0
0.09353337460227648,0
0.010102140265618322,0
0.792867193527533,0
0.14013049956862164,0
0.11190845794067475,0
0.010928141706120697,0
0.8232894667157488,0
0.347949868489839,0
0.018389301878240366,0
0.10425030314237942,0
0.19074516623158877,0
0.8548233096552258,1
0.9700387411287352,1
0.026770870322526043,0
0.10296753917682706,0
0.32767500631559215,0
0.0011983558854289501,0
0.032276643302081534,0
0.10279464409715902,0
0.0667341521323197,0
0.1776861496420174,1
0.1607263813564231,0
0.17632097410446423,0
0.027999937965777634,0
0.026922038101755,0
0.031239542053010164,0
0.35440086651295916,0
0.032142442574652944,0
0.08995906088407689,0
0.062157497217055296,0
0.8126459252340305,0
0.8249342236745545,1
0.01716061299913756,0
0.8072118770312504,0
0.2163249981255628,0
0.0035517458764368964,0
0.191519872653468,1
0.4335895555864481,0
0.189028233069902,0
0.21024898399416528,0
0.05164670234107217,0
0.11941224551669308,0
0.19958623069373352,0
0.28052009557627916,0
0.0018853757885051669,0
0.1842496878778432,0
0.23027824863030227,0
0.3498299319881056,1
0.2387025644654692,0
0.4964128741283391,0
0.19483683071488667,0
0.147292172853212,0
0.06481098063437878,0
0.019801921245850528,0
0.4233022759027943,1
0.042062436036727956,0
0.3999284842557125,0
0.00934526689145926,0
0.0360017083555945,0
0.09341788810909049,0
0.09313752809738927,0
0.16660822107040266,0
0.027184113999004507,0
0.06922293511869937,0
0.8969263323716168,1
0.07888787353158884,0
0.6621020897546234,1
0.021136154416742922,0
0.25137298699146543,0
0.006919028413557596,0
0.31735291354450484,0
0.2572458854768493,0
0.03520775583456983,0
0.030267689628829197,0
0.0650359727054128,0
0.08118867554927126,0
0.3330082521193421,0
0.0896184442997237,0
0.08135648332690215,0
0.19330617629583813,0
0.21893670018365569,0
0.024237550286242564,0
0.010670903661233433,0
0.08676991579677255,0
0.06168901354504379,0
0.03632852838758114,0
0.04473274340075626,0
0.02006416264809514,0
0.08962330472784985,0
0.4689004357906481,0
0.0015662632355768894,0
0.1332268059130402,0
0.17486942405657444,0
0.7864625139883812,1
0.048695472732993274,0
0.03222201658582601,0
0.8244298254576583,1
0.043531925985334445,0
0.4463406396642113,1
0.02023621253473042,0
0.4711433168628258,0
0.0015201086081834496,0
0.03077110853405,0
0.06615787957623301,0
0.5080854399928028,1
0.093025848717755,0
0.8023925659352956,1
0.045904266157332216,0
0.4619335894538009,0
0.1272305247276908,0
0.8023747996368477,1
0.8461402584840761,1
0.003942726163856756,0
0.9675033415577514,1
0.6270169992773501,0
0.07576876807318937,0
0.011768854937486582,0
0.005276308391604296,0
0.8021999306347654,1
0.12935914273681778,0
0.019054544903059186,0
0.008474014886373095,0
0.08246663331441477,0
0.479025363530262,0
0.7595234761601979,0
0.04645091513013284,0
0.0010742748699671693,0
0.7945139480082712,1
0.05738025824814852,0
0.3245231954810383,0
0.4558637438351487,0
0.1217058712078006,0
0.06872552921237571,0
0.17245592284157915,0
0.005207555669069151,0
0.804099914895823,0
0.25641985761619285,0
0.10548242744356094,0
0.18092582361741547,0
0.03642882154287315,0
0.0035220841203074753,0
0.5287659046646148,0
0.18917364663747216,0
0.29996999594244983,0
0.2093557970251998,0
0.21722728312816872,0
0.04233284355046524,0
0.17363903345125556,1
0.05883308263154745,0
0.061523597877803746,0
0.17430909471153633,0
0.11446402423581496,0
0.09184296537176458,0
0.07876350884748919,0
0.041793012007788725,0
0.37501031278581076,0
0.02223634460588033,0
0.27872410343464327,0
0.1883650739266377,0
0.4265736667030384,0
0.017253521390685415,0
0.2610639598639135,1
0.9281832906155396,1
0.17402479293184117,1
0.0724226163172185,0
0.2725202560575161,0
0.6923706471119676,0
0.016188633221208955,0
0.08758544626780868,0
0.051672434397991074,0
0.47334075049190916,0
0.2997813797736239,0
0.09010503117823833,0
0.06160814387167432,0
0.126118615761667,0
0.7008718545229419,1
0.06968134413693024,0
0.05248791914705996,0
0.1601299747881333,1
0.0003973588944941985,0
0.6037228450949523,0
0.021997333608311236,0
0.8111356122600243,1
0.0355517420565193,0
0.4608324537220098,1
0.12700680067977158,0
0.0022814021575445704,0
0.5295839124134132,0
0.3388100903405934,0
0.20999146171257088,0
0.22124465210266542,0
0.1363327459667802,0
0.40516506055540985,0
0.047458260364154944,0
0.15569761001677931,0
0.9141132070080091,1
0.03599938950046511,0
0.020185141085787436,0
0.011161189540164136,0
0.4452092393650423,0
0.00673119382918218,0
0.027300294176935642,0
0.7826596674881505,1
0.014247400212736919,0
0.023546063359965917,0
0.14768929830621344,0
0.003227273439256151,0
0.018719102460587094,0
0.2760087130170049,0
0.208555855121411,0
0.06258944241627007,0
0.03859431315260993,0
0.06277109188371377,0
0.6762402252013562,0
0.060300107468173894,0
0.3460889680919069,0
0.08316294714079568,0
0.048792896682135295,0
0.4775396045434229,0
0.5563282841319679,1
0.03441757416526685,0
0.002289799628873498,0
0.007545624412918638,0
0.4859625448235104,0
0.6822223369209108,1
0.06603315186600377,0
0.09124330090974547,0
0.3353604106993659,0
0.030026227597924164,0
0.03769143985482108,0
0.0007804599630050233,0
0.06003182959601087,0
0.17408109407014116,0
0.21058257638604122,0
0.01797230315235993,0
0.3432698378803183,0
0.02454682655142025,0
0.006063181067849839,0
0.0036292779614884676,0
0.053437967522837644,0
0.02010895603273994,0
0.06641009598244273,0
0.059542038905853356,0
0.24780704241013668,0
0.016677005934345526,0
0.8631566960331002,1
0.012920998310340673,0
0.06318990074152907,0
0.083879447387246,0
0.03968730845593517,0
0.10830891997551784,0
0.3418387623329471,0
0.7165743827467368,0
0.11934080602525234,0
0.03868456986798143,0
0.10909674052316241,0
0.005758741523105888,0
0.028623248442224785,0
0.013464653406163506,0
0.15879040552723261,0
0.2853332530188672,0
0.01188446254962442,0
0.009220092381635042,0
0.24346531488725354,0
0.004908093040481097,0
0.15982289614098366,1
0.2191325656436945,0
0.011547308910172173,0
0.0012258369388572132,0
0.00898376915415165,0
0.038945493953913016,0
0.3367956097831284,0
0.5183074162114797,1
0.2533813035929808,0
0.007371382704522419,0
0.040761294440227185,0
0.008921461407718916,0
0.8522106365404576,1
0.34715594347069306,0
0.10385982629899844,0
0.7684235035879612,0
0.2100068711015198,0
0.13025493815114983,0
0.12039888806387446,0
0.7683114305633119,0
0.007932471438719172,0
0.18270326395178232,0
0.1421272193025974,0
0.19878556060870176,0
0.710129384657202,1
0.003519657366642791,0
0.24692308761476753,0
0.03229968117040692,0
0.7733353901640281,0
0.41624412590408927,0
0.10336221749983228,0
0.8393509824043882,0
0.16225235070928212,0
0.04936335239337762,0
0.019299704917418392,0
0.1519296333211617,0
0.4386509053729888,0
0.11769378651996854,0
0.1399410047362503,0
0.47101126325870274,0
0.7868665280560404,1
0.22460897164091262,0
0.020743470114428494,0
0.4623648232521129,0
0.01918471249464534,0
0.24276881225644387,0
0.023828462530456455,0
0.08734751079440922,0
0.12575733892887717,0
0.0671489922268002,0
0.9664095503626827,1
0.792289045399447,1
0.1775730694799532,0
0.06893448403249672,0
0.05060777043395416,0
0.00307456823899212,0
0.24033661242127163,0
0.7476648161492288,1
0.02841872869097796,0
0.17527049282547094,0
0.021059964812593576,0
0.003144006061295791,0
0.08254190421275627,0
0.0556460682290569,0
0.04499436049897574,0
0.019743032788907044,0
0.0245624099068688,0
0.00939685130909003,0
0.16684279901689322,0
0.24097316885816206,1
0.10383671510025608,0
0.26844176251026675,0
0.18049464365783083,0
0.044441913307850335,0
0.4921315092282602,0
0.02900784088806054,0
0.03316840021715122,0
0.05719235618659921,0
0.044908838294990136,0
0.06074966079610841,0
0.30715767444035286,0
0.11184536276694179,0
0.07672293691021921,0
0.012219929884480502,0
0.007307161384651041,0
0.5337213515328525,0
0.028456072433592695,0
0.13973044512427252,0
0.01876637956734875,0
0.0010583449435546837,0
0.23528653050876028,0
0.15289889612040178,0
0.054645388240333576,0
0.07791034729269879,0
0.012723440306133583,0
0.16930628247874918,0
0.40024080964282327,0
0.057573694727279086,0
0.06190590333045812,0
0.060973304930704776,0
0.07590310996453606,0
0.8945041751497634,1
0.1797454444025948,0
0.03466603473011763,0
0.013861863413502335,0
0.10740456627284946,0
0.010101051875068172,0
0.47453367416657544,0
0.3824362148127456,0
0.004132397598944304,0
0.5257058090654457,1
0.3887659460365159,0
0.175128630820397,0
0.14696481401456857,0
0.00876310825256423,0
0.15146174636500678,0
0.34654215047019304,0
0.14956223732047788,0
0.22031333275854253,0
0.05382889036357843,0
0.4459324249592949,0
0.5081079007175381,1
0.0013271341084530807,0
0.0383787311522966,0
0.17115707869873642,0
0.4890586462723969,0
0.7073855921959545,0
0.025053925223884183,0
0.03042776108472547,0
0.04748600430963004,0
0.013759596457584086,0
0.03120579695440932,0
0.6234143258089919,1
0.028847358850717448,0
0.06836829874954954,0
0.03058883221892857,0
0.024279875323096674,0
0.03313240554306221,0
0.0019751971441223245,0
0.769250964319818,0
0.010779115923020985,0
0.12088851809441004,0
0.1991541047121627,0
0.11127864273924924,0
0.0890719498141374,0
0.01760719170310356,0
0.00895019552020958,0
0.3999339890425309,0
0.04151891925645253,0
0.37418997391941744,0
0.037563563138995476,0
0.12512169499601206,0
0.025284427086357763,0
0.07230404059266261,0
0.204699431572234,0
0.11781762855682093,0
0.01543268553821085,0
0.008426603219103386,0
0.039197419725815044,0
0.00837117499409744,0
0.7508526490215658,1
0.13215724293584244,0
0.0007094288276207118,0
0.006912302711955549,0
0.0007665813304411466,0
0.06125739567761457,0
0.21655986851978137,0
0.027782643906057853,0
0.22626725773057582,0
0.04524199298581847,0
0.05403309476729443,0
0.21826128084390142,0
0.02869645199106507,0
0.7161936710876934,0
0.2597514858826206,0
0.1810976791884598,0
0.4419737655100724,0
0.3949174289226992,0
0.6424131945441062,0
0.020074268730669254,0
0.0487217410991287,0
0.5478487091178567,0
0.10228010375199516,0
0.09335518877464083,0
0.0063258357115483135,0
0.056030242175448615,0
0.779500512427646,1
0.01749301830994911,0
0.015054766683061566,0
0.06818045621184156,0
0.1721200075658331,0
0.28784788931203525,0
0.009030419905887696,0
0.11486889616519289,0
0.040222355500908615,0
0.011430572906130554,0
0.008500552510706217,0
0.02152699116070035,0
0.3934389545704571,0
0.03384283363321748,0
0.5054417938060968,1
0.0010204912066712568,0
0.008777816118506004,0
0.44147217509330006,0
0.8378260400706391,0
0.002305786760590642,0
0.047922588444288636,0
0.5865164184987525,0
0.0015632483011171923,0
0.0056418332359694815,0
0.11527767814153532,0
0.06579021880595688,0
0.0037755276182476,0
0.10359171256367924,0
0.08538875633076877,0
0.025868270706586226,0
0.045122932239389395,0
0.04461046247726455,0
0.13332907020008675,0
0.05379363980314866,0
0.03515192623998549,0
0.32900126091829585,0
0.07619636664807881,0
0.10531491550345377,0
0.524186365298735,0
0.41976849646549397,0
0.03840623366847183,0
0.00683813596656419,0
0.06881398576737142,0
0.37971225241652534,0
0.8305120978240057,1
0.08818869788725824,0
0.5937581689346451,0
0.1615865261415804,0
0.0034341468744147783,0
0.01611499707658932,0
0.0005000634759635811,0
0.0042422404788204655,0
0.3890273969939573,0
0.7220093219051932,1
0.8286092916919953,1
0.01238480455270319,0
0.04348877661971937,0
0.7427656138043867,0
0.0675300605039253,0
0.27796619098937314,0
0.09282390252066335,0
0.5895438364313187,0
0.7326968272165991,1
0.3873183935891357,0
0.173935757850842,0
0.018774355651532904,0
0.0014464991182240314,0
0.46670975004438514,1
0.09007309316019906,0
0.02241680321264615,0
0.38050735532234903,0
0.0003887458515796619,0
0.1259241222894346,0
0.6489970264337617,0
0.7291230133366525,1
0.12250536207255887,0
0.404805708098645,0
0.12209325931781588,1
0.02917895596062915,0
0.05179803507720738,0
0.3720262607216674,0
0.6186817470416472,1
0.0041639894524984275,0
0.05192209059156973,0
0.3050533748995104,0
0.0075933460802118736,0
0.051879031994339166,0
0.03347455798567561,0
0.020210944329191512,0
0.11930202336567286,0
0.024740961955958526,0
0.21800295883933374,0
0.17119803956035212,0
0.0557966390488732,0
0.07731941037255999,0
0.15954781932600565,0
0.14874359807971846,0
0.004297069654523768,0
0.15373651224237822,0
0.03347653755115267,0
0.01846180737682848,0
0.12905878289452946,0
0.06358741341934837,0
0.513469748455951,1
0.16724429782481695,0
0.2865045658374294,0
0.030840626612305383,0
0.0935002446999113,0
0.0687577267578914,0
0.8158717501307932,0
0.03622111959604089,0
0.04085175707748365,0
0.27995869518485106,0
0.09118199148985089,0
0.2236789818016674,0
0.35976297493472814,0
0.7902691768606112,1
0.3636104801066208,0
0.15908635912537525,0
0.2784315451148177,0
0.533461731728898,0
0.909575696967279,1
0.037363820457521284,0
0.0448048876867915,0
0.5077394070481096,0
0.2883597522405668,0
0.0008715480272835485,0
0.9355013508998217,1
0.006399225430923183,0
0.7954469070298109,1
0.22877895572447834,0
0.048678708437349234,0
0.028843842875610846,0
0.026973822103351475,0
0.04835510263974995,0
0.006005710087390746,0
0.006220533215413437,0
0.23821715883488592,0
0.19776752688707247,0
0.1077014310641715,0
0.029310336804274643,0
0.015734537378125538,0
0.6594540567566838,0
0.3557117336995052,0
0.5986808009676154,0
0.12144218243705379,0
0.9181850720393501,1
0.04556595626575759,0
0.43061821135795303,0
0.2254561336785056,0
0.6847327339328352,1
0.406473601464515,0
0.053598744276680516,0
0.17668511880578378,0
0.2216297459474185,1
0.029835782352729545,0
0.044137919968886434,0
0.24613821260966504,0
0.05545697530053983,0
0.893752926879441,1
0.08786621622426914,0
0.4678170544725021,0
0.0916112800498802,0
0.3715998382427106,0
0.2639985982043786,0
0.4450273914061471,0
0.010097247247587192,0
0.12724380866665969,0
0.8648365108712832,0
0.6571240089540232,1
0.11886473639898609,0
0.4443802422146942,0
0.35228401116580405,0
0.05164845306127389,0
0.0974466447982606,0
0.09590641163928135,0
0.017724186864202122,0
0.01104578021007772,0
0.855287824337364,0
0.04179991226235732,0
0.02862992748417382,0
0.0019636019217769848,0
0.6638493816833045,0
0.020463723309149973,0
0.08329891873915134,0
0.03281942801837798,0
0.5721083689928571,0
0.015479480340149003,0
0.6114164371896741,1
0.3366328403751201,0
0.6625811278313162,0
0.0328368394187155,0
0.13843458357146027,0
0.3709490744452172,0
0.5315843553459109,0
0.15315884221006104,0
0.8754216084216713,1
0.5891224053810917,0
0.12319820051576787,0
0.7500341698766047,1
0.010086291708518446,0
0.4255517415808146,0
0.12686309286580805,0
0.03717110596083034,0
0.005372630419978099,0
0.018603775087562474,0
0.11884792288231452,0
0.11560511235255135,0
0.2680713774617697,0
0.6471994959560843,0
0.8084002922090865,1
0.05142350639202114,0
0.5656456775941932,0
0.25840329659875777,1
0.10395504003810571,0
0.28871312346071115,0
0.27332895691454856,0
0.8362288868482672,1
0.5690398435347677,1
0.695043799448318,0
0.038061432750321054,0
0.09297496650320143,0
0.06326742616884377,0
0.0719730260475851,0
0.3388214847637255,0
0.009828173553396014,0
0.05985403977064643,0
0.584439496973229,1
0.0025519136949042494,0
0.5277219560053287,1
0.00356814730931018,0
0.08126968527570518,0
0.5492683838942285,0
0.027262123288887528,0
0.06422174749701887,0
0.21990305743821303,0
0.02125693032264603,0
0.0209020578358124,0
0.2645732701016343,0
0.039770441800526385,0
0.5540840431339636,0
0.09455962289531966,0
0.02342264339357901,0
0.00669371241334566,0
0.01111398503747184,0
0.030395508060089203,0
0.556697085563668,0
0.32287310604360886,0
0.01962701865160246,0
0.0172084010216587,0
0.27514913733942015,0
0.5136046975670436,0
0.0656697971460749,0
0.003260862086352735,0
0.024110490084736844,0
0.46893982394876677,0
0.43159909384065864,0
0.009429261181328728,0
0.10800947521149669,0
0.43620937786728514,1
0.003027185845688226,0
0.18820211122410357,0
0.26144187435686544,0
0.08755361979826404,0
0.32048904546653373,0
0.03243925639113467,0
0.6003664271575233,0
0.03121707261334054,0
0.0647055726655252,0
0.03793669805366654,0
0.2035394717962141,0
0.029238058178897845,0
0.029670927363741446,0
0.18855714020446374,0
0.04934779198524163,0
0.04461952365387356,0
0.13573583363678068,0
0.26154688454441577,0
0.0025956446338458294,0
0.17984448762458355,1
0.17595504228724987,0
0.670316441174196,0
0.36285609531348356,0
0.0449711223285251,0
0.5507431133633666,0
0.0017888229147602329,0
0.038398326137049306,0
0.008201577535016057,0
0.3090256105993191,0
0.02947201946274869,0
0.02243930757950725,0
0.10897957310494653,0
0.08915109702081066,0
0.7742976561493639,0
0.0632983167331546,0
0.3467332597392977,0
0.10401226775952645,0
0.41391447355000127,1
0.18750028056570586,0
0.0830818488025802,0
0.03744278610262662,0
0.03216239990487771,0
0.08355027903376737,0
0.025463288992977128,0
0.09810702694124887,0
0.12460995413448689,0
0.04567464193983819,0
0.8140658035470006,1
0.06784368136375668,0
0.3277308156639639,0
0.013849165014041208,0
0.2607884511828482,0
0.011102578377741354,0
0.02989042215409221,0
0.021584109334296803,0
0.036722922612043345,0
0.16689742696919002,0
0.5194532871263269,1
0.7141770442567066,1
0.8232856738577141,0
0.1385167018969664,0
0.009667564705711127,0
0.31900843893830105,1
0.0734698064660767,0
0.8111226263775192,1
0.0004129720962192118,0
0.10849750426500511,0
0.07300413200250959,0
0.05199289362605554,0
0.6435719176667796,1
0.8130492312781111,0
0.5196768034893406,1
0.1900658649364977,0
0.07639814201180918,0
0.03600669117793793,0
0.5998474467776759,0
0.1773553270277993,0
0.0041074065896114465,0
0.5092838148596978,0
0.38526184719110695,0
0.24575738382048196,0
0.0868461812177704,0
0.49766764349722475,0
0.020514423619765788,0
0.286346173409381,0
0.07713548005057413,0
0.5197145399244802,0
0.15748851834480046,0
0.44506139741972944,0
0.16513183936911388,0
0.10393185731708367,0
0.22191107456796366,1
0.4032390637860848,0
0.009029229079226063,0
0.14403079673172922,0
0.08421294508070577,0
0.00045480390372684996,0
0.01686892754425825,0
0.01195862044085038,0
0.31649229994458766,1
0.08141769493206442,0
0.11487164743328424,0
0.1802838540835463,0
0.06285260138814594,0
0.01623232519346581,0
0.4074251803011302,0
0.1820971618157909,0
0.7741845750948769,0
0.5363269892002476,0
0.13723368088065588,0
0.6868031845440449,0
0.17710078144673014,0
0.06323617016419887,0
0.009951499658626468,0
0.08060286643071012,0
0.9029055849475683,0
0.12958048046849066,0
0.23566036628379344,0
0.191701189044664,0
0.07418199994481316,0
0.029783950805250925,0
0.12527783154592909,0
0.2293947341917279,0
0.014590711808158003,0
0.013938904820510653,0
0.06928084910232885,0
0.2280795124359701,0
0.20176227384859943,0
0.004391654941106487,0
0.04386124471698637,0
0.03801023282529264,0
0.00549732389696421,0
0.054494189903778044,0
0.19933376289812876,0
0.05980133231150756,0
0.6828341988754442,0
0.23147070852189838,0
0.8310365041603882,1
0.009936976663977005,0
0.03348482636055126,0
0.16929606294940458,1
0.009038767314585803,0
0.25019676186867884,0
0.2426219591914763,0
0.22160624112537988,0
0.051263891193253655,0
0.13230977912388123,0
0.49487237391543476,0
0.033189833801984286,0
0.002141338814365614,0
0.008797826061116579,0
0.06757905785842772,0
0.04220205307457582,0
0.051904107180974816,0
0.39073046572965525,1
0.4901754178697661,0
0.3035990648578615,0
0.10431080229349761,0
0.013339653576134773,0
0.860094503528698,1
0.16772359010457044,0
0.005044221508520092,0
0.36718037665420156,0
0.17182373665272876,0
0.05241526847278781,0
0.28380016283540777,0
0.31469128669040386,0
0.645584780010433,1
0.2516481989077496,0
0.08139815246451117,0
0.08418739089359717,0
0.4770142532537047,0
0.39807563246917854,0
0.0821234597810022,0
0.09987071529708427,0
0.020198243143480867,0
0.2337988892022193,0
0.010890330682204425,0
0.15413277993579463,0
0.3013734891696645,0
0.01703909943324536,0
0.06519389940123363,0
0.04515937231515427,0
0.07360462877351961,0
0.31430228719717,0
0.001488567390309649,0
0.001189207939708844,0
0.02903597386675764,0
0.7982802093783473,0
0.12295021755837526,0
0.1335752331178688,0
0.31755513450821965,0
0.12138211669639468,0
0.11483283798219521,0
0.0568605305534199,0
0.04019721951768723,0
0.02928136449196462,0
0.6363101469447149,1
0.01259600743766119,0
0.5516274272873113,0
0.2520287020441605,0
0.6132069347072814,0
0.3330945014848607,0
0.8334993881103714,1
0.04134983085249035,0
0.021527259627349304,0
0.13863493702847537,0
0.0364160231871483,0
0.2932297899233725,0
0.33245450415186895,0
0.06260273276290668,0
0.0650841482528291,0
0.0011854117864169753,0
0.8949322460538014,1
0.46861795336530493,0
0.024600458774759925,0
0.1553130201507081,0
0.2679979411986046,0
0.2103906399316188,0
0.3218973282801079,0
0.1872796607272444,0
0.8833079136112785,0
0.002351431345672407,0
0.11147775311129114,0
0.2442708840041682,0
0.9323808500950566,1
0.8116885851771463,1
0.07770131151290152,0
0.13844084657611655,0
0.024525390119963957,0
0.9055723656921422,1
0.1365006523056991,0
0.04472259708535491,0
0.8224330689115494,1
0.02232296752833382,0
0.018098519144656534,0
0.0033719800214774462,0
0.11047157173967102,0
0.322768682948553,0
0.6520307944252193,0
0.19487544883838118,0
0.005183775756865367,0
0.6728273573839507,1
0.08889671303570276,0
0.9289819620416255,1
0.3347228461895241,1
0.5927062829170933,0
0.08874524370184442,0
0.0899557146007412,0
0.5787558039403453,0
0.5032835615855478,0
0.021844705756882164,0
0.026809457674327478,0
0.428812650329242,1
0.7332076623628088,0
0.8527141524531114,1
0.011436518418953436,0
0.02111154032157168,0
0.5282462619812747,0
0.03428814271942262,0
0.15417476693349802,0
0.009769798943185023,0
0.0020681251534805565,0
0.32881622571089875,0
0.7758188601373925,0
0.7447928231452607,0
0.6548165656179935,1
0.01589809355365959,0
0.10383957072904672,0
0.520173427834678,0
0.7248663161978007,0
0.2767278589877534,0
0.8202278421463101,1
0.8244113878463987,1
0.22635431055519206,0
0.015553952114625373,0
0.04065029537891891,0
0.044866280182094,0
0.008699971705140724,0
0.04045146991399911,0
0.3577060885736372,0
0.08779762457660946,0
0.5660470180197179,0
0.10319438768460715,0
0.9162010493803204,0
0.4519908564936404,0
0.02570974566827786,0
0.022616273465683418,0
0.021953428935514337,0
9.785612626687005e-05,0
0.9251013669921633,0
0.3227616036326592,0
0.04295354501988379,0
0.33950222116430206,1
0.8552501869093239,1
0.351273606283569,0
0.5825640638362621,0
0.36263630198337293,0
0.6427778417352099,0
0.2215815775209324,0
0.1255736471573231,0
0.21527107325122793,1
0.17624151183527162,0
0.09061943535180358,0
0.4415179830851681,0
0.591820758074578,0
0.08949124816994679,0
0.015884094896532266,0
0.015763143945753795,0
0.022745159174689437,0
0.12427085146958892,0
0.008677122915873943,0
0.07031294115803811,0
0.04566896068308228,0
0.018803474350001056,0
0.03498539405047968,0
0.36456890647773027,0
0.03522332471167242,0
0.7800238655285198,1
0.5903366036763084,0
0.04825229052364953,0
0.07565683473207287,0
0.5750957444435438,0
0.04547986419833175,0
0.13649643515220253,0
0.6881948971430717,0
0.8034992065233709,1
0.615724436628846,0
0.4791098439659697,0
0.0781098617615055,0
0.17225918694955916,0
0.6040082565330617,0
0.25849422695440705,0
0.11314341376731143,0
0.000138410308157869,0
0.33839182708700066,0
0.05145504341727208,0
0.0001286086424477705,0
0.8037585283771413,0
0.03403251698205885,0
0.047823261666669566,0
0.06647485679827207,0
0.021260630178904283,0
0.300514871809237,1
0.10520352226640967,0
0.16186025137247945,0
0.05507192771299578,0
0.12436660939280478,0
0.1379235442501111,0
0.019494694794429425,0
0.13054825713611018,0
0.0775039260604121,0
0.005841623868202641,0
0.03222430684927305,1
0.3573651266936939,0
0.016896524723587554,0
0.36667030850613386,0
0.07342361990712545,0
0.28051422530091924,0
0.04004800279182033,0
0.004459837363667316,0
0.010206090497939536,0
0.0003860816732623763,0
0.5407922679909455,0
0.01528074633935058,0
0.004839294622890927,0
0.036505678350051106,0
0.011195526485583859,0
0.18828898917147893,0
0.11535923450931447,0
0.03860475779671333,0
0.011335990927645206,0
0.004249166577523104,0
0.28648649787753794,0
0.07167373847287149,0
0.5251196595214969,1
0.23026827675643077,0
0.6393079934157865,0
0.3296585356456666,1
0.56997631922422,0
0.0020013085183113863,0
0.00531871811022648,0
0.1148557835460615,0
0.1168925288688285,0
0.30505164739069474,0
0.026612292099956508,0
0.18305435470260606,0
0.20059818970402535,1
0.20257243493396826,0
0.7202262937876842,0
0.5291201367914699,0
0.0019040301859700496,0
0.4667012077608103,0
0.07979456906021856,0
0.36617569886258505,0
0.47224899858684766,0
0.5898989555770231,0
0.819547324950829,1
0.8180635908873068,1
0.1586720960325573,0
0.16346793759276643,0
0.7917525134189364,1
0.11281796861002874,0
0.00982279388172984,0
0.279871222618585,0
0.06681912660066557,0
0.05191720658139386,0
0.02344163691170181,0
0.03237467428321186,0
0.05639094460190777,0
0.8124626302378601,1
0.4863587160771734,0
0.4816574887059998,0
0.19078838106559382,0
0.1090967938436565,0
0.04969055712885574,0
0.4754108818051128,1
0.0067550756589256095,0
0.7565811807522661,1
0.3229100358389228,0
0.5817799267616836,0
0.4744680518281397,0
0.4601949935059022,0
0.025298855493246897,0
0.007673714944351342,0
0.6692892861812791,0
0.021874622121508168,0
0.04095446866708005,0
0.18531157781004984,0
0.5173306246992726,0
0.07721756496047125,0
0.8057815751628075,1
0.027786677015500548,0
0.966381370050488,1
0.021471954668012834,0
0.17733208574775106,0
0.3505851682727864,0
0.0054238491276397275,0
0.16746991421603866,0
0.15642389181284588,0
0.0558603642830784,0
0.18101523690322582,0
0.24437402479112902,1
0.1825378999864221,0
0.04978975688522968,0
0.6284278894937808,0
0.32546526437947904,0
0.0025705136482701064,0
0.22367254476736526,0
0.17816405592945947,0
0.04707404109133192,0
0.07143869428025736,0
0.7972890413911903,1
0.09644659784572414,0
0.7075457153101735,0
0.02164455958338445,0
0.5036180878023283,0
0.029367489041689274,0
0.19571418675866453,0
0.09417163872686783,0
0.8088801071532019,1
0.6478583472569526,0
0.24798877769232386,0
0.2830318253264824,0
0.0012671388376396238,0
0.17138795152342284,0
0.31549022951501,0
0.0306199205058388,0
0.023224266230819936,0
0.05498482424183916,0
0.3431561208625986,0
0.0378200313589681,0
0.11766338530940304,0
0.008200678773123199,0
0.0015273654782733145,0
0.6582958833185725,0
0.37208569283983206,0
0.16308629294024993,0
0.04680641094991477,0
0.0015097169128724022,0
0.048884911914496496,0
0.018362558103332014,0
0.12207259172745612,0
0.057280473435850285,0
0.028175596280554983,0
0.0031068787452286136,0
0.008085761868536668,0
0.20835589102830623,1
0.489533963859668,0
0.0030056390739501854,0
0.07665497399660645,0
0.6725292530116495,1
0.005485827783198553,0
0.001670808740813392,0
0.050235935466060755,0
0.08644904215711817,0
0.16990215761295638,0
0.5453886756062086,0
0.03988879553832428,0
0.030105618413250042,0
0.035332967222148924,0
0.01870092507854584,0
0.13931173742679187,0
0.013463853422231544,0
0.3667776029264288,0
0.1111510815108596,0
0.18826786444529897,0
0.1457450885439954,0
0.2627177473275156,0
0.09207445923025458,0
0.8381228916003901,1
0.073495398539,0
0.1739584349126835,1
0.0275906753012337,0
0.016689647258101917,0
0.32045336928279167,0
0.04179757177676505,0
0.02745286937724533,0
0.02661863578067965,0
0.7757493587111243,1
0.0009612686381144677,0
0.014946735162453593,0
0.02585484728426185,0
0.7312204886056228,1
0.24580976312836034,0
0.003038235765698568,0
0.19697240137530125,0
0.006105891957533711,0
0.010248769188155347,0
0.56197485943254,0
0.051812105915617544,0
0.5791053630690572,1
0.13218784099629521,0
0.24073049566768628,0
0.032271984216945514,0
0.014628106182429488,0
0.01183447971049145,0
0.16007819991426286,0
0.54820742907682,1
0.033035273049352464,0
0.006183581487760721,0
0.23596934012430051,0
0.06218204917836899,0
0.0024323727666467326,0
0.06725596032273706,0
0.5166544655489084,0
0.1389172483016385,0
0.002799553138776898,0
0.05045712843788929,0
0.9164207755087128,1
0.3632970977452283,0
0.9705747081552512,1
0.07888164771328224,0
0.19622846444505934,0
0.004272959631903356,0
0.08963387022784411,0
0.885281874916352,1
0.00537870124224047,0
0.15780001007510278,0
0.7919707983571603,0
0.7553477692789925,1
0.043470318103244886,0
0.0012205520001377732,0
0.026529944196637033,0
0.05033897878601559,0
0.039478292869361054,0
0.020754530100962742,0
0.0007765366364299233,0
0.14966988700446726,0
0.37626616349512787,0
0.3517098512562771,0
0.3603286683917209,0
0.08594323641314944,0
0.09236260532247284,0
0.5155200860477738,0
0.3648198495340347,0
0.38589785438831664,0
0.09082992627395091,0
0.4313703990713545,0
0.25543938504405195,0
0.021998356251739112,0
0.14362770279596887,0
0.06609470192226495,0
0.012170329176950575,0
0.3040847017947154,0
0.17819279583715453,0
0.35662025159064636,0
0.6310692328507937,0
0.08155094403879128,0
0.012511103235583215,0
0.28539070403649075,0
0.005189100094611015,0
0.6865601658285326,0
0.014791868882064818,0
0.7459374139085708,1
0.8953818227839284,1
0.09476157258306121,0
0.014658961109356303,0
0.04892797680533416,0
0.34649891653062453,0
0.16419581613924872,0
0.5536633386734943,1
0.05740341598061215,0
0.1164413919388962,0
0.06578917694139519,0
0.41453353449473307,0
0.004722658935861949,0
0.09885791876147342,0
0.17868879862777173,1
0.25491289387990523,0
0.016085319533021784,0
0.4378994241146192,0
0.14237687443443717,0
0.10198978212823033,0
0.3406040935910141,0
0.8182131405935005,1
0.8026981328396284,0
0.9192670482882077,1
0.015285765864647612,0
0.16172551687023143,1
0.0008319836541256715,0
0.0625634738578897,0
0.26038100728746505,0
0.42350827897917,0
0.03413094083288672,0
0.23423968694110625,0
0.3012070336236342,1
0.03858506700232183,0
0.04418389279725447,0
0.5347459774359822,1
0.007388892994801196,0
0.04259649440360577,0
0.5222028937177424,0
0.11569040777488862,0
0.4461540731855141,1
0.8149888201940739,1
0.07193822415001253,0
0.024958021194753363,0
0.17545565966797091,0
0.017696891131612526,0
0.016352308618153687,0
0.15773762666029328,0
0.16676654960645784,0
0.006483185218690546,0
0.3251684545627428,0
0.12470198658073706,0
0.71923627237131,0
0.055713920152649254,0
0.036140546523728875,0
0.6133156938583114,0
0.11603552597356859,0
0.6463165802833337,0
0.18608254804402968,0
0.5556394356451566,0
0.0021459999011234254,0
0.14116565601772812,0
0.879537950620786,0
0.32587093914428855,0
0.011024235751158969,0
0.025425059904010863,0
0.010299941432400102,0
0.2634849720586329,0
0.03535030207603013,0
0.02360622781215798,0
0.2326262948975354,0
0.6158559096472705,0
0.28062200452340424,0
0.013321454724166203,0
0.38780677316703166,0
0.3945412560370808,1
0.360600570619235,1
0.7547914341803612,0
0.6917188386929777,0
0.07844245990778637,0
0.08153306353273192,0
0.042383991792576486,0
0.02354524733559014,0
0.01731445357510095,0
0.41935003969911366,0
0.06813311326158385,0
0.6458652032966579,0
0.002480930874441434,0
0.063735826154791,0
0.07886403849873609,0
0.08586464456366574,0
0.14875363764872288,0
0.5605618997868729,0
0.1821307527163516,0
0.03678880375691222,0
0.5438660853018151,1
0.9418558254156135,1
0.391019836482358,0
0.04494338556266772,0
0.005796362614308079,0
0.16478138345251866,0
0.1214262877469137,0
0.00903035810759535,0
0.256643629648812,0
0.10678249527313963,0
0.05462382336484574,0
0.07899763675504926,0
0.0676922692112825,0
0.6507389353844234,0
0.7901597211488494,0
0.9761128242441252,1
0.26666699005425504,0
0.010691823849057338,0
0.039277575327023015,0
0.016278955165712906,0
0.33989473542202103,0
0.04099817882305978,0
0.03394996122126678,0
0.0023364824273399195,0
0.13721681320327395,0
0.40075528621643575,0
0.2499676059334365,0
0.07596214192419169,0
0.39710618429446004,1
0.4518727967264184,0
0.32248887210462396,0
0.09023235934671436,0
0.059919892444385066,0
0.015541077168958315,0
0.11642566277021313,0
0.010863289861271429,0
0.528016816434483,0
0.049157367256105255,0
0.01117133555823647,0
0.11906868003621336,0
0.04190902577539529,0
0.31203783707830923,0
0.07731960395733854,0
0.008225037870384304,0
0.41396692983336886,0
0.41269949621093377,0
0.22339948034795087,0
0.050674183184840384,0
0.12200466111872128,0
0.16601240715537402,0
0.30182532752245766,0
0.016349311971077234,0
0.0017845273359856472,0
0.01973433149911792,0
0.8229794801347406,0
0.2313250194317904,0
0.02471510520253823,0
0.04266885098195351,0
0.0917063168515234,0
0.34507645402947645,0
0.020183503074455295,0
0.15625436437642287,0
0.05207787824120672,0
0.012068105570904009,0
0.022656950512959014,0
0.7210660821288086,0
0.9366136587273223,1
0.8708838991731381,0
0.005663091757718344,0
0.8758287987601846,1
0.1349436310184463,0
0.04754626925569652,0
0.010749274070182644,0
0.06782348219534992,0
0.012249106997870296,0
0.04505196431803191,0
0.011263509001516922,0
0.8649151932591757,0
0.062465363119305194,0
0.046676915799811605,0
0.0019396962080413952,0
0.1779096199652524,0
0.6883549632365188,1
0.10407834467447459,0
0.07246060822880164,0
0.1514283510960016,0
0.06966442282555159,0
0.007214579204624831,0
0.06934324775602191,0
0.8638278684847851,1
0.2091018866238909,0
0.030627239237695555,0
0.7774477391334574,1
0.09333898197043744,0
0.010048724121856492,0
0.1433155886882999,0
0.04439288997962126,0
0.13395750951593266,0
0.04671468215163143,0
0.9092501926958091,1
0.8910983710548177,1
0.9090602461432605,1
0.7794062933246279,0
0.13520435969580363,0
0.16521052322294894,0
0.1465758107670653,0
0.03518890106275335,0
0.3431748330097517,0
0.1419460869542705,0
0.034961968669351924,0
0.0007451099136539382,0
0.1527744442747616,0
0.01126860706347012,0
0.032568742424524226,0
0.04684842518999542,0
0.0909815208363967,0
0.05690308136678732,0
0.7720534635527441,1
0.08523172612080683,0
0.10425359965384585,0
0.4810664464213248,0
0.3802109696407899,0
0.9172497817838688,1
0.24128861204037166,0
0.3757019411520279,0
0.4757295930575492,0
0.006199110185745899,0
0.0188178066220639,0
0.4992717332936294,0
0.005937618811408148,0
0.025669958610995563,0
0.11540378864907072,0
0.013130527370273398,0
0.7370598859728363,1
0.005583294827363074,0
0.16252799169282178,0
0.7119102354634472,0
0.0023591179365414043,0
0.8446550551122156,1
0.024842444542688198,0
0.07641135261323677,0
0.012121834179995187,0
0.7792769293991306,1
0.16896913328132926,0
0.06194134723245336,0
0.02408827013714631,0
0.10102226857601773,0
0.021109382073539514,0
0.12108550459144515,0
0.005681212028895762,0
0.16315737054950602,0
0.020041894271186803,0
0.08685108179769355,0
0.004708034552431666,0
0.36233577876550604,0
0.008791229320093812,0
0.27476893621909515,0
0.0033077086568822495,0
0.003216150088699501,0
0.5003294896301433,0
0.10745888948823565,0
0.04048640332372235,0
0.5588867942102075,1
0.15684769261509335,0
0.5117043968220027,0
0.3603815331789929,0
0.5632382271936511,0
0.023013029460692433,0
0.475917053892775,0
0.05081656236509539,0
0.034892414163744286,0
0.04488715019004259,0
0.05144890257427889,0
0.005869248720050328,0
0.038432151061421345,0
0.17028067109862163,0
0.0485050116780349,0
0.004123574994909898,0
0.10313163036658045,0
0.2527071057709949,0
0.1032019921411811,0
0.29367744302586385,0
0.15192623777285147,0
0.9372411036561457,1
0.20880025342492806,0
0.001263341926623288,0
0.6508109116929723,0
0.06261063393100887,0
0.07845570821006813,0
0.0402038451446156,0
0.027388003390926997,0
0.11381215079685883,0
0.009589445550566992,0
0.0071168437202223855,0
0.1852508884905398,1
0.10927241471074017,0
0.0544442375809562,0
0.33329704655110143,0
0.8616037775640187,0
0.03765727512591698,0
0.2831340253027205,0
0.18790878833988442,0
0.40282678101141967,0
0.03133502907197348,0
0.1215723087799522,0
0.008539955507022853,0
0.04174280307385923,0
0.9223009060425325,1
0.08253576966002614,0
0.1678330285259766,0
0.14050860036314375,0
0.01738889436842186,0
0.024895688091528496,0
0.16392354131339407,0
0.7721322599702651,1
0.03402638845542272,0
0.4592939727615521,0
0.7754001588859726,0
0.059628111485724625,0
0.10348009158281338,0
0.34040130284344255,0
0.013727821201187089,0
0.1747629368972493,1
0.2248725943798967,0
0.0005785785578569922,0
0.15928484248044003,0
0.05955175011288838,0
0.21016836445154105,0
0.9486674015311809,1
0.732584378183736,0
0.274476009517988,1
0.1413815321333555,0
0.5311858685493355,0
0.571411452176445,0
0.043937694186233785,0
0.3044457081876171,0
0.04247185579469513,0
0.08475696810118365,0
0.07256237040112037,0
0.06252599152084114,0
0.036361010947124885,0
0.01586489067312592,0
0.03370871021654597,0
0.00516941190946493,0
0.04223910841355035,0
0.8016262439180191,1
0.6463026272455329,0
0.13923476100147872,0
0.016516164527075376,0
0.8986260778873646,0
0.020799050721426918,0
0.05331398449147889,0
0.3694783276922445,0
0.06487726869542568,0
0.07308691247842984,0
0.012365455455100755,0
0.313024295873559,0
0.8337305093028831,0
0.5909841983130245,0
0.120633044537959,0
0.04742755533093767,0
0.05814240940676448,0
0.43790023057472116,0
0.07342974039887963,0
0.45683525817554926,0
0.07388438953216402,0
0.04252865332885047,0
0.3015865147058644,0
0.439466434307232,0
0.050415924039913664,0
0.3143687780222528,0
0.12956440825881807,0
0.114152439321233,0
0.4374401942197855,0
0.016273999757484163,0
0.8576855789562814,1
0.17855497204137505,0
0.4603735095020215,0
0.16198020860146609,0
0.09572441126760005,0
0.01815188961258236,0
0.4624359640584988,0
0.09357331888400867,0
0.09016310786999167,0
0.4941036807027936,0
0.04619447735485632,0
0.01553587154992601,0
0.1113398115053544,0
0.8296704855458914,1
0.20253810264666466,0
0.17656379418102003,0
0.15725785967024852,0
0.699520277306427,1
0.6663004602723938,0
0.402867018487585,0
0.016668459516570193,0
0.21799554817454622,0
0.01467216108365156,0
0.09740235873297005,0
0.40123670580637694,0
0.025848842842347765,0
0.008084116239479942,0
0.7867015967609563,0
0.06185658398031348,0
0.06377814865867464,0
0.03311533384770912,0
0.8879918212642677,1
0.025187237324617483,0
0.02233663563670349,0
0.5654044937523357,0
0.16333883515411857,0
0.03076665802451757,0
0.26623462751524246,0
0.25090773227263014,0
0.29894860711273835,0
0.13819805397995716,0
0.14466583876933065,0
0.5307442881562077,1
0.000394735798719896,0
0.2291893920616436,0
0.5429220716570161,0
0.008244339086827842,0
0.4880636840396335,0
0.13479854329362534,0
0.028010787780849148,0
0.18336269926245172,0
0.027530944365003498,0
0.41191353966372724,1
0.1701620618761839,0
0.057635101102360066,0
0.472876210214564,0
0.04353906532601522,0
0.07085992222205542,0
0.18730986128945568,0
0.1712210583932579,0
0.011633646381160401,0
0.021148136428849967,0
0.02473072938544853,0
0.0016154612107289364,0
0.17985546279959896,0
0.7376602451019247,0
0.2805504056648503,0
0.00924546530239114,0
0.7430147983336622,1
0.1419952594666614,1
0.2575120782957097,0
0.05708081688900837,0
0.03920946915299781,0
0.025758925044222527,0
0.04007421502112822,0
0.43063770111674504,0
0.02978548791571126,0
0.3621564102258059,0
0.1999026952928172,0
0.026055456117834094,0
0.16034184678152247,0
0.9433729331903292,1
0.26091172568532495,0
0.004677347980284477,0
0.09557032033075834,0
0.033234470171132256,0
0.07220755558451424,0
0.1828676518460497,1
0.019216816573453175,0
0.021584529046467286,0
0.2436527463909873,0
0.0007234042010339033,0
0.004672039547781478,0
0.23261274850977331,0
0.15204104658355438,0
0.9119974513887452,1
0.14909435089509085,0
0.7022361550884288,1
0.010174331609187817,0
0.15299092597343214,0
0.02643703377538433,0
0.22138476809712154,0
0.6477518073202804,0
0.06952813172973211,0
0.9384735867109945,1
0.5067425479427567,0
0.02016243954708571,0
0.10289086721729454,0
0.04038582599214644,0
0.20066043492742985,0
0.7939212926829425,0
0.02629952663136728,0
0.42190111977666106,0
0.6839793560942897,0
0.14273805490150895,0
0.005238499039227168,0
0.08983470975742047,0
0.0010019392025977746,0
0.46323759177699414,0
0.02813107856374182,0
0.049910018747767584,0
0.3492496511813038,0
0.40147768139776224,0
0.14759121451497967,0
0.053544557963681995,0
0.024343346646950845,0
0.0299045825774661,0
0.17835107064489492,0
0.6864845254385981,0
0.4011792330907577,1
0.018196962416845302,0
0.08041244120094167,0
0.30866921406827225,0
0.5079195949358177,0
0.16694664087415814,0
0.013309065894806375,0
0.018274980955759357,0
0.006274576041452823,0
0.07497569285285652,0
0.07539829951991435,0
0.20555071831436972,0
0.02763099092630536,0
0.8914293008488705,1
0.3358848820068245,0
0.0810799102738295,0
0.416354306547513,1
0.18492259410722953,0
0.08589627089334444,0
0.06672308151877838,0
0.06896595710499843,0
0.01414892956547088,0
0.060961758839786113,0
0.02585331421193283,0
0.5546931338864542,0
0.134684178735881,0
0.015863452087598172,0
0.5454872168205135,0
0.003987889801187721,0
0.0916446953883816,1
0.6394380582221284,0
0.2159435440657839,0
0.07814015732004725,0
0.16660246430757839,0
0.8003835083056229,1
0.22202292180245906,0
0.0053637277964866245,0
0.019650133288638266,0
0.09238997549328247,0
0.19995141794759136,0
0.1247588749212884,0
0.7292676123987187,1
0.014163821468133405,0
0.08725405923975715,0
0.6144177508225853,1
0.03509238684939326,0
0.09586883375872182,0
0.14327539163925573,0
0.007668007418910743,0
0.6871711523239068,1
0.06194074291511779,0
0.6792149130618881,0
0.33197043858933195,0
0.24479451281626824,0
0.17312025484100263,0
0.014623047418579092,0
0.2326087102291039,1
0.5499426855716628,0
0.41721239885863903,0
0.0681573020538143,0
0.0049112537075047535,0
0.2482704427693753,0
0.8684170827749305,1
0.12099801735862702,0
0.10469738773112458,0
0.003050690599355981,0
0.46271772528237515,0
0.644482902184529,0
0.570898191384608,0
0.1439903199579659,0
0.017272933024011027,0
0.08203125370254483,0
0.1260395444798126,0
0.0406968703556781,0
0.37988618396393165,0
0.7501775840003111,1
0.007520670792237463,0
0.0460658784909625,0
0.014203920061669512,0
0.1201232536438188,0
0.8919466163183943,0
0.739399295531873,1
0.8084762722535843,0
0.019135592054476323,0
0.5714719075110751,0
0.7113522441372983,0
0.8577302310785389,0
0.6184635640292402,0
0.8009538021290152,0
0.6950588862952962,0
0.2084377744753268,0
0.08600904840306685,0
0.354165416465211,0
0.01632689053398153,0
0.023497571566432434,0
0.6972649620493027,1
0.2663473508031748,0
0.5108968240414034,0
0.017142312589666964,0
0.08363181960618524,0
0.057304854877323834,0
0.23498359550260503,0
0.6877291321779369,0
0.16552746691163625,0
0.03604522803048088,0
0.41943784607338785,1
0.022710394593104852,0
0.03773871665339777,0
0.0302225897692069,0
0.030023422348971793,0
0.1343532650281506,0
0.059725211139414466,0
0.03480036965989481,0
0.6528227890918565,0
0.4943116802523984,0
0.14884502259673227,0
0.6798913190086632,0
0.3414111444364626,0
0.07872803602372329,0
0.32685218453015613,0
0.9209190079603571,1
0.0410824590278754,0
0.25581847720066375,0
0.023450551792145283,0
0.5495768794454584,0
0.724388383816282,0
0.7835626714360726,0
0.14062706060620894,0
0.03267453866875443,0
0.0019115942483880696,0
0.028315865829997067,0
0.037671182690997056,0
0.018265808796108726,0
0.5322676339359871,0
0.049185626433005926,0
0.009509812815615196,0
0.49589090384084134,0
0.392676061700025,0
0.011526592883722245,0
0.7809308836591315,0
0.3394176967162349,0
0.6492862382510249,0
0.09508418872897936,0
0.007497427632245476,0
0.10775544936836357,0
0.7069468664224013,1
0.31400529347975137,0
0.08477370060103477,0
0.043729121723490014,0
0.019634861919567287,0
0.5173522810540848,0
0.4259176105847582,0
0.04557582394264467,0
0.4858090506924711,0
0.29413156190643863,0
0.0024229350011046764,0
0.028346490207978015,0
0.2581501574506556,0
0.036538976526323666,0
0.2235362381556671,0
0.03419830605428026,0
0.4793126277887809,0
0.15396773880004316,0
0.14454435050912876,0
0.026858708763200272,0
0.0652141440321422,0
0.19407069932327745,0
0.40868174603268914,0
0.1707365448414776,0
0.22550638402134135,0
0.018020338089893673,0
0.08232986857443647,0
0.032651385814208025,0
0.009658732518468011,0
0.06158498418966606,0
0.0012262416348078366,0
0.0016168683215012753,0
0.1173581371898316,0
0.5133760486243568,0
0.03216886053135962,0
0.8090066490900467,1
0.1870570687589839,0
0.5113365547311344,0
0.04859420106320842,0
0.004763221666594291,0
0.48926909211220176,0
0.0727743584353103,0
0.013173539112877285,0
0.01308335851718514,0
0.4250945242023625,0
0.06545614307616741,0
0.062024669004087,0
0.002352558192512398,0
0.5875501843747265,0
0.015154971302944343,0
0.6306838585922931,1
0.05745856776390756,0
0.10598967958536283,0
0.03348086193665356,0
0.008281307442493752,0
0.48195031000826904,0
0.009940983837226894,0
0.08864390802425404,0
0.5784272331365988,0
0.14863071081076148,0
0.022141195206088024,0
0.050094303602519374,0
0.06200392483456147,0
0.269591900700647,1
0.5714874089499963,0
0.4025216324160217,0
0.030814181605474385,0
0.0015905682846579139,0
0.15573265281459056,0
0.5063458421720252,0
0.8012354303487129,1
0.12153684524535897,0
0.8685873099120465,1
0.5907926677123806,0
0.15212447205250973,0
0.7864329223030161,1
0.4044412027444959,0
0.22170904348524853,0
0.06065148538291869,0
0.05263073420724514,0
0.2701549936011339,0
0.4019422267594513,0
0.10840043020767784,0
0.2301382395914967,0
0.35088147998786634,0
0.0673041614798612,0
0.011154458510362857,0
0.5552709068882068,0
0.6259460423544596,0
0.8400150666577663,0
0.34878229084805984,0
0.5445288290799573,0
0.03129593147821227,0
0.09207967586571786,0
0.005208998725968271,0
0.6583566213926455,0
0.8238628762253555,1
0.1478604482608664,0
0.7793004625566362,0
0.020734877556030543,0
0.06525814917449907,0
0.029012385014175083,0
0.02252623082054094,0
0.6578124746581111,0
0.3745685492844667,0
0.4429541121453699,0
0.002529323942777062,0
0.20537987391259394,0
0.11533601812439222,0
0.05610701743739645,0
0.0678040155348378,0
0.8337260375511996,0
0.07001653257566333,0
0.020623128669523438,0
0.08452001055415219,0
0.03187301199046335,0
0.013069717531631803,0
0.14025716009069414,0
0.6026779666216298,1
0.7883122078042007,0
0.08327366240469418,0
0.10766955986746898,0
0.0644949869804407,0
0.10433904734459687,0
0.43563729029209625,0
0.35524756802408686,0
0.4097257460958001,0
0.02719997755287599,0
0.05815508079639381,0
0.3037081564978477,0
0.031418779687474425,0
0.25976027661822765,0
0.06582933602244428,0
0.5444186227010541,0
0.03295741139749107,0
0.7332649908898765,0
0.008876112815536739,0
0.005134409398119005,0
0.05034281476453606,0
0.008427344318686508,0
0.04561088527161669,0
0.05489314540267594,0
0.4117090756205676,0
0.15921812126115864,0
0.2242319705372784,0
0.7177191798137946,1
0.46981203195224974,0
0.04846236059203151,0
0.5775922290561707,0
0.021734099533516026,0
0.44237853206346345,0
0.006933901040625233,0
0.12552822621447748,0
0.004639793651579949,0
0.10003730592148123,0
0.3451931763764885,0
0.025038825577453228,0
0.018008846280977653,0
0.02443648378648011,0
0.0031490686341562974,0
0.06800248002763006,0
0.4137108063264042,0
0.10237268066749225,0
0.27718159554114546,0
0.023464321140790792,0
0.014762672725572438,0
0.016914698958702783,0
0.051833935978786334,0
0.5990400690920027,0
0.0496583859750259,0
0.09136764905618035,0
0.0037024469420911484,0
0.06481781942082902,0
0.3965008797824992,0
0.18073492327730242,0
0.09298423326212993,0
0.013868880700390041,0
0.1664903109286437,0
0.07115495723392701,0
0.025591996221845357,0
0.01201040391388849,0
0.7010246789486214,0
0.0036837619247025123,0
0.29278774047475586,0
0.04705759690918897,0
0.21209805187902986,0
0.31500985002978793,0
0.5421614867923402,1
0.09492561705836054,0
0.053104546820836415,0
0.012710599411602314,0
0.23719820688114107,0
0.05093533586849844,0
0.004841805887914771,0
0.1867575998490489,0
0.05675893004625831,0
0.30516837823840387,0
0.025100784854288963,0
0.5098798423151876,0
0.06567854991623051,0
0.13077508095248033,0
0.02302284909980125,0
0.03606733467035376,0
0.07961033302309196,0
0.4256765879795456,1
0.20917145812025556,0
0.012484551712131881,0
0.1806437672709154,0
0.14747010198098215,0
0.4554053278586253,0
0.0022340013413556163,0
0.11712048785151906,0
0.7423842452518051,1
0.7386609593274436,0
0.5281734857549628,0
0.016860678419764803,0
0.9559810165745108,1
0.033514901585732726,0
0.04107221919304692,0
0.26782608192992985,0
0.45243263153048474,0
0.0016130026738998078,0
0.9004399738208977,0
0.08208468342178254,0
0.02406738157123311,0
0.009831913009320481,0
0.4028258981560358,0
0.0020254284265716887,0
0.17808281344680743,0
0.00928449401589084,0
0.06381408062980436,0
0.14413271817880557,0
0.11447436028961092,0
0.02527643934548496,0
0.4605931506096615,0
0.011079183555508734,0
0.9377720436027175,0
0.0727687504615758,0
0.7464701218523461,1
0.18748295863312237,0
0.801931380952093,0
0.02016563957429165,0
0.3314297692683682,1
0.00044262544959153104,0
0.5738208805295704,1
0.1276193140339144,0
0.011113403716268292,0
0.5284155960275541,0
0.27443844279917373,0
0.07245795873908113,0
0.27290336560667366,0
0.024538959717249093,0
0.12683611636956346,0
0.7748133969878177,1
0.14348488988287963,0
0.4669906721859083,1
0.7774664346256924,0
0.36597878284690794,0
0.320984140534945,0
0.8048569961254292,1
0.012540876743426221,0
0.007782107204195741,0
0.8044489228147959,0
0.0657885912642158,0
0.0020168232321985838,0
0.5110200514400388,0
0.5781637716312963,0
0.33428849115903503,0
0.09227269763737737,0
0.056274453571835546,0
0.3804281283557597,0
0.5694269481723876,1
0.1723912196142117,0
0.139597664559025,0
0.08421770616053095,0
0.004353913296571251,0
0.7932438834636969,1
0.19246451753785127,0
0.4744844124761073,0
0.04194392880368442,0
0.4529245193351476,0
0.21853473736647772,0
0.6773223080469374,0
0.20501954293919783,0
0.6012550702394991,0
0.06377107666396888,0
0.1275837812673933,0
0.03313173886516843,0
0.2446148030340235,0
0.05204380315222088,0
0.016628425197974046,0
0.4103120015139027,0
0.07532369277082755,0
0.8286188953141355,0
0.859531767048809,1
0.23484003420648256,0
0.8244214197389014,1
0.1279661300100065,0
0.43038391432596274,0
0.15588266936252718,0
0.6675310982640443,0
0.053663109606009805,0
0.482850017497754,0
0.8002458310311835,1
0.2603091520131722,0
0.00723227331732616,0
0.6997427276664421,0
0.004528087703280833,0
0.8493433142308797,0
0.0018398867745094008,0
0.025685464000094787,0
0.5227137929561223,0
0.012962410847534283,0
0.733637106983381,0
0.02728523088117892,0
0.09949501594818679,0
0.4640597584301637,1
0.09433521442600792,0
0.47779047805787805,0
0.0022768803409293123,0
0.20684276360301415,0
0.7657739612497556,1
0.3830524092248401,0
0.11688853861892505,0
0.013050410038932692,0
0.0007664348632845285,0
0.6059014771252207,0
0.10448975159464666,0
0.6973675499856199,1
0.01120433118008512,0
0.06948439592768413,0
0.5592098965290518,0
0.36778423766974105,0
0.3381562237937771,0
0.6229605256749333,0
0.010009970473876464,0
0.005571737097725875,0
0.06838311446796813,0
0.08363264805322021,0
0.03202103896463901,0
0.004447598354546413,0
0.10154675885198132,0
0.5431573731530439,1
0.8632216304320642,1
0.04509278290513483,0
0.8031071417750086,0
0.03372663761542079,0
0.9255198707281871,1
0.10389108567257165,0
0.050279744714170474,0
0.6809893378382849,0
0.13308898669922112,0
0.2623395764939762,0
0.37287143423294916,0
0.15492940953187778,0
0.7649415866284404,0
0.012769533559138293,0
0.43740584762555645,0
0.007814780792724222,0
0.6512413731865287,0
0.006594763981369628,0
0.0008803762471148277,0
0.2992717715891505,0
0.2917723383224752,0
0.05007349094243855,0
0.3587119823045688,0
0.026690639569964043,0
0.3494508311494273,0
0.0715056048437945,0
0.24859904884530362,0
0.5959859097904802,1
0.27667368850611573,0
0.246132250029819,0
0.011663359202782404,0
0.02466703382691105,0
0.10711922363431918,0
0.7217209618276941,1
0.004270397161250936,0
0.035569090862669295,0
0.01728190831507714,0
0.00396604759891162,0
0.17628691310466113,0
0.1584799079064723,0
0.006820740552450666,0
0.011038298122551029,0
0.2196551884584265,0
0.0016592082520749032,0
0.026193123117000706,0
0.6765114533119856,0
0.2635310809387132,0
0.7685700850305206,1
0.4452316688031024,0
0.11527885460042497,0
0.033977658404973514,0
0.013859106455109226,0
0.07711785998502593,0
0.8475751868726815,0
0.01350787118418308,0
0.014793613573050497,0
0.043212168129049676,0
0.30761857692674643,0
0.025758059558288384,0
0.6295916764089453,1
0.07777462121567356,0
0.26417230241743767,0
0.00562518762620919,0
0.09680472864459373,0
0.002255685583730793,0
0.8744694550379813,1
0.5825762578657285,0
0.00450296948882903,0
0.6899479903243911,0
0.36703211254387,0
0.3754011560896792,0
0.8132715617507088,1
0.7832329806117315,1
0.052476454281993636,0
0.5324115838587297,1
0.02470927522518209,0
0.005174808856092075,0
0.0029916163391690512,0
0.01709088237605274,0
0.4982885553757313,0
0.01583493328963556,0
0.43610560536905674,1
0.03450055781343471,0
0.08441016380642193,0
0.24762675819326274,0
0.09084006751994733,0
0.9127143449106792,1
0.20793651750182074,0
0.08989402217930166,0
0.5499761691743783,0
0.03089491955065322,0
0.13874758615282604,0
0.9400006843917479,1
0.008652221398276542,0
0.23459244469349613,0
0.6981129822677093,0
0.07430320087590032,0
0.022279000364132526,0
0.049296477481553934,0
0.5221735516444843,0
0.0639849075841513,0
0.35654202121206197,0
0.7095305602094767,0
0.044056221400742765,0
0.19126400355743056,0
0.011244674649603104,0
0.03414308871667592,0
0.046133330349026266,0
0.04731271794194842,0
0.4768853173479302,0
0.08074846346863496,0
0.0539130790094114,0
0.8429076635176181,0
0.695119594895847,0
0.14001423939384758,0
0.9101789087422704,1
0.7362109787975083,0
0.2313614901903667,0
0.07950139587445822,0
0.48917342704238714,0
0.0029021951653859053,0
0.0063524591114052405,0
0.0172655791200011,0
0.013845997975855076,0
0.011261236918237202,0
0.2940110828269439,0
0.2105741728257198,0
0.2263265424088858,0
0.2570073902278855,0
0.2245338326430791,0
0.017663153738992944,0
0.29754067347073226,0
0.010503335510876661,0
0.142519070452933,0
0.284316391039808,0
0.2851288643769975,1
0.0163997616953708,0
0.028807367169498138,0
0.17642924998789186,0
0.10478307775431797,0
0.17867631267892037,0
0.027321720769123224,0
0.02980317358211782,0
0.019554271007764638,0
0.08980283259884088,0
0.005737745893503557,0
0.058374013545545944,0
0.15157190273716398,0
0.11283919883319701,0
0.013671329677418803,0
0.5787988153890522,0
0.26150882001735987,0
0.02094167403262134,0
0.011312478063894767,0
0.000959930945788115,0
0.02066741816304356,0
0.8936551520741179,0
0.40800801673622916,0
0.06011187389149512,0
0.14471109795784726,0
0.2114773274679751,0
0.11484620971719343,0
0.48966971898650336,0
0.015405344934920052,0
0.08934263474529124,0
0.21146466015008258,0
0.6007702949791693,1
0.8976563274961098,1
0.12244541607895865,0
0.015058770425830615,0
0.16869841662413973,0
0.7682491215056789,0
0.38626054292823647,0
0.04276169778533869,0
0.12149881513788337,1
0.016427500053329953,0
0.0039049465820353278,0
0.005304162588392074,0
0.07126750558002307,0
0.9310406744286956,1
0.3832225165482709,0
0.005811097237105896,0
0.0033850373948427926,0
0.4320530705027131,0
0.02175425440441794,0
0.21908014254343194,0
0.06215911602009554,0
0.9327006041693158,1
0.06065323318992956,0
0.15706753866773068,0
0.09762448637284268,0
0.6620271070022147,0
0.004565796307517185,0
0.8184745325324672,0
0.004048924861714378,0
0.43539806404414627,0
0.5780313644593467,1
0.17066794253958936,0
0.8173218005907764,1
0.7116189229807678,1
0.25167970451716726,0
0.8747620081837237,1
0.5000106902043671,0
0.07432592241834647,0
0.48618510925419195,0
0.117268385521524,0
0.004461434371117319,0
0.4440708117161007,0
0.12509222222130656,0
0.17683955335182047,0
0.004022248677364275,0
0.027568776976886374,0
0.1166063768227843,0
0.01054044474940732,0
0.013054063766730784,0
0.2029216778232803,0
0.021878375556766957,0
0.24568152385536204,0
0.716295228734314,0
0.3461785044508891,0
0.004749432510041312,0
0.18829898263977074,0
0.007602048764873329,0
0.14287185872612856,0
0.27382792761546704,0
0.8717609304659277,0
0.22044795610639872,0
0.034923723545509495,0
0.3031141815533287,0
0.022195973092013776,0
0.7613254943259127,1
0.0999546210971749,0
0.048786195399870676,0
0.3285923529322701,0
0.5815336588203676,0
0.08383665828660221,0
0.05628844080881892,0
0.0028759084970891124,0
0.06056878622443856,0
0.17162658177450224,0
0.26975552633656275,0
0.15967716757926437,0
0.4701663576836243,1
0.5758554983862484,1
0.618314263743376,0
0.8905455096764566,0
0.3763312923905603,0
0.80018844041753,1
0.07797773025374291,0
0.2729568413590403,0
0.12191501370938128,0
0.13881795826393867,0
0.14235612886965354,0
0.05382804858204378,0
0.05494470699676481,0
0.1674636160928185,0
0.21302119679151754,0
0.2214701573130488,0
0.19397123229335916,0
0.15147828119252021,0
0.18533512045876635,0
0.19832093245846097,0
0.74011302632842,0
0.1437163788409626,0
0.09988430952487329,0
0.08030392248991848,0
0.004253424075689335,0
0.01435191970107978,0
0.011223449851808844,0
0.09335307856402668,0
0.9029198809861684,1
0.3104462560087967,0
0.032956945460291105,0
0.2228076327276052,0
0.02896776270559077,0
0.4410592776807189,0
0.008410704220345821,0
0.01598078605140287,0
0.7463898432580193,1
0.43521012292268557,0
0.12003445719179218,0
0.042909363734404536,0
0.22560018659950754,0
0.049155916333887495,0
0.039747593369854235,0
0.5508705007755202,0
0.016824275329152177,0
0.001333832303201369,0
0.7425038168892302,0
0.007065785643587963,0
0.058786196375212596,0
0.06462952474028864,0
0.008350933284077931,0
0.021307752638252655,0
0.17747080657929853,0
0.7590299053424686,1
0.013170111731198041,0
0.04809831787793608,0
0.03170603656612119,0
0.6436426747536296,0
0.6234946754027736,0
0.0764931355255237,0
0.2843363310952199,0
0.01839329135782857,0
0.02220131708568811,0
0.009632497633537972,0
0.04877245835304715,0
0.3278646795583291,0
0.0137397630409409,0
0.9365659000440946,0
0.0012134235558169122,0
0.0648872555660679,0
0.07193041294960503,0
0.09080100380707307,0
0.168982122040723,0
0.006034037880239351,0
0.2506883557583679,0
0.030670272952979003,0
0.06169603939189543,0
0.24047399986809057,0
0.24703210668930436,0
0.1439591685056924,0
0.30972399311562343,0
0.2672061260368711,0
0.009932352503802255,0
0.07305013478452085,0
0.11688626874793354,0
0.13921720344606975,0
0.00038165830493718645,0
0.0031731426883105664,0
0.17097751725905783,0
0.0006475399082622385,0
0.5151331130835347,1
0.18049692491751487,0
0.1435287448740553,0
0.007077292938667617,0
0.585503379552217,0
0.2391613221332783,0
0.004025184256226793,0
0.40703091291887833,0
0.0013694611686064164,0
0.03269297724653894,0
0.21026152331413947,0
0.37623475614352664,0
0.013096158632112621,0
0.014113666734450364,0
0.03229902293792456,0
0.005828281681912146,0
0.23782068699841374,0
0.0057410002748114605,0
0.2880534770864166,0
0.6571175979104374,0
0.29167676387000907,0
0.033932815991823816,0
0.722192719513134,1
0.11026970792484882,0
0.0055505030442562844,0
0.0009518999905680573,0
0.022922811361928072,0
0.24027198279151427,0
0.19440647415004625,0
0.6938787650335548,1
0.9059592178059246,1
0.0046327292021290335,0
0.0765835560900766,0
0.0015008659728540134,0
0.005699229760927524,0
0.03467722592104871,0
0.2725754644435605,0
0.49586192198565604,0
0.018452661218155312,0
0.4275325178466993,0
0.006527012047339689,0
0.09333483832975001,0
0.6468016512130247,0
0.2696605192124107,0
0.27198842581358085,0
0.05940684189046017,0
0.003020772634435035,0
0.035729492041904266,0
0.0940361815585666,0
0.012218146583145082,0
0.09041604583591423,0
0.06198821248350084,0
0.06079553287707967,0
0.004091051752328939,0
0.017484037527611473,0
0.15571658783631007,0
0.095094481608611,0
0.01336042189756757,0
0.3702705432824089,0
0.02996183315914502,0
0.02151651460103578,0
0.6208593202969247,1
0.13622784982997008,0
0.07152971690978331,0
0.3420143949828493,0
0.0629033039653206,0
0.10436024255348376,0
0.1983495588650254,0
0.004706571568489365,0
0.12389222708331313,0
0.059396416716486454,0
0.01734907229492733,0
0.03183602154392382,0
0.07335495275325976,0
0.023802508742105575,0
0.27551361566967725,0
0.4023922303987797,0
0.2224774097141896,0
0.429545431986134,0
0.024936644824643354,0
0.209340420995142,0
0.8324211451561979,1
0.11714284794897872,0
0.011663179252783921,0
0.44660003618038074,0
0.16595081672288295,0
0.03331609320760087,0
0.00876129788910317,0
0.33890859128532314,0
0.2521202347260171,0
0.12222767840395113,0
0.546285332912667,0
0.5317275308831163,0
0.28163925737855394,0
0.020185831233202434,0
0.06614912160814401,0
0.8241309035485339,1
0.027079110682464817,0
0.021409230708940998,0
0.06401343611372494,0
0.16639142219610284,0
0.22465014752335016,0
0.5484060347328924,0
0.02992390989781429,0
0.13814096490381553,0
0.697633120207308,0
0.010919066391011452,0
0.05894389979299504,0
0.030164100849238942,0
0.022894334895880542,0
0.012900353115542468,0
0.09299173463243574,0
0.9025594946218313,1
0.0009259586430862463,0
0.07370313028340748,0
0.10066753824369301,0
0.07843390525061643,0
0.16658143571785902,0
0.7377912824211204,1
0.007113407412515972,0
0.27734011447669993,0
0.004063016922509232,0
0.8237554505667226,0
0.20777952024618543,0
0.008481463455754347,0
0.3155201728438328,0
0.030357316523309502,0
0.04468520023006997,0
0.24483957368227374,0
0.714682759526737,0
0.02179005699657824,0
0.07185423416842493,0
0.010291174861278778,0
0.1811025000070748,0
0.32826629078308744,0
0.35439223362051864,0
0.0007838172627763232,0
0.16258909421658788,0
0.18657350271812345,0
0.14799970978576354,0
0.3153497638378962,0
0.6403854791968806,1
0.23450371011696017,0
0.04930958854898467,0
0.49082155649935816,0
0.5956148724659827,0
0.01577379019681148,0
0.2857424952677561,0
0.030569842909477885,0
0.6825690871350136,0
0.20739235100958117,0
0.17753273479833095,0
0.9401452615632805,1
0.46350182809697216,0
0.10302183798859796,0
0.07633879619344337,0
0.020294995307215482,0
0.9098171306904472,1
0.3683204142392467,0
0.15291830050715857,0
0.10136921210921662,0
0.23495022311679134,1
0.0023662175907530557,0
0.11025858381920994,0
0.10429607459700592,0
0.46905658604449235,0
0.05729339391440317,0
0.10132196094339391,0
0.40011296293645826,0
0.007469304351172974,0
0.03660336592749341,0
0.07318561216920466,0
0.10454941194936067,0
0.0768628198240685,0
0.9526672853433601,1
0.03244245751519772,0
0.038549108622105206,0
0.36836588935772,0
0.5751428093292329,0
0.6584844718715108,1
0.1907110355232279,0
0.002006852368879172,0
0.0077471071919266036,0
0.37890461263815933,0
0.3811346042251222,0
0.011614714510361427,0
0.24497499400938386,0
0.037539762503194796,0
0.7346962363589195,1
0.17207251784122599,0
0.2890623318913544,0
0.05859114320286392,0
0.5338029312536434,0
0.35792125721063844,0
0.8199978531462212,0
0.0030310450219223624,0
0.06828556004550647,0
0.011240794025429936,0
0.09532955871901198,0
0.26317880799676446,0
0.17923765864203076,0
0.021226531190563596,0
0.11855257850964313,0
0.1858558872219019,0
0.04938848184366644,0
0.20526340946949373,0
0.07172238655757567,0
0.004474377937630462,0
0.3685860244569607,0
0.04723018778585333,0
0.18096831275835704,0
0.1508762708781041,0
0.014786631915127921,0
0.008071370576883903,0
0.38829321605344014,0
0.5973432250121157,0
0.08534097704685764,0
0.001287473858199085,0
0.07939651694869575,0
0.08822513208190577,0
0.005384782485973645,0
0.07705070353532342,0
0.7842225656675679,0
0.1058590916137647,0
0.04356909742240725,0
0.0940628736120891,0
0.014203388269420896,0
0.009590167800530895,0
0.0006240408355591273,0
0.14299835940581831,0
0.008784338481233035,0
0.04692374821270148,0
0.058956049770357455,0
0.5698862304906326,0
0.03216302534744888,0
0.38040301154688316,0
0.14688264227707745,0
0.05957671672179885,0
0.11455369681806801,0
0.7909267597250516,0
0.5457307921288648,1
0.321432842982585,0
0.3763923213457978,0
0.2920518440716957,0
0.2971700566362938,0
0.01573726642716431,0
0.10794505208915178,0
0.21038348728672032,0
0.030843119183648175,0
0.22270903186593632,0
0.05362211465175635,0
0.08232632808124586,0
0.07793031539261917,0
0.972676282335991,1
0.06202289723080994,0
0.9291032494913872,0
0.30897679226088065,0
0.09420847179771373,0
0.2699954583762756,0
0.03711071689650767,0
0.04475780508882079,0
0.024793554234938703,0
0.10166054881399407,0
0.10820046746481579,0
0.47543600031904537,0
0.11812595337496537,0
0.6336446797378763,1
0.3479692243584554,0
0.014246092545734662,0
0.032642483969835816,0
0.3108194091782433,0
0.03921343406875927,0
0.059315437117425866,0
0.6264458717995445,0
0.08293230955837992,0
0.009813537088232488,0
0.20871040537678928,0
0.14441318638885203,0
0.6145613293469698,0
0.5384522682093271,0
0.04652139463702673,0
0.05596918624472288,0
0.1930114374006085,0
0.05509372409199871,0
0.8216826866354794,1
0.2940950864892577,0
0.15874414777586388,0
0.06678105095917494,0
0.8117216619218351,0
0.3844384887462809,0
0.24447552732052458,0
0.8870908072102246,1
0.6119151061532225,0
0.7037018531725165,0
0.02034238417609772,0
0.10653907175795797,0
0.007559599969006783,0
0.0074673264460219544,0
0.0993337094714465,0
0.07331068581377327,0
0.14776585694560376,0
0.20151585662754207,0
0.3014779272267679,0
0.7785265995255121,1
0.023690150649592352,0
0.0604578836643769,0
0.23220615052273888,0
0.07073194923276127,0
0.7491053316151384,0
0.16148613182451557,0
0.2551775236620981,0
0.6303862509869351,0
0.05966676856880377,0
0.02206207601335994,0
0.14101507611746728,0
0.005272222499555657,0
0.37555819226031917,0
0.04154539159828862,0
0.014127237438629025,0
0.07420856608469673,0
0.32315858088426264,0
0.13516576060073043,0
0.718109666549122,0
0.4408577160408234,0
0.016505641455853294,0
0.12610009030406535,0
0.22123530948741937,0
0.19883921270508514,0
0.012647469642042568,0
0.5949085054084542,0
0.29402004439986834,0
0.10356108480258086,0
0.039757509215588606,0
0.04344524980232779,0
0.0003101864864672166,0
0.4006607542089895,1
0.03777994364128781,0
0.02379817482673263,0
0.024043930790886004,0
0.02804114224443718,1
0.4077084950294835,0
0.5398608059662474,0
0.14217723304837962,0
0.09747429137992011,0
0.05073268166589986,0
0.9568721961745156,1
0.09099572640774801,0
0.6827731939069217,1
0.11471471540102046,0
0.0035328994885276714,0
0.13190237756679257,0
0.425770480274251,1
0.7449610547568191,1
0.014654842549966782,0
0.4569426587851902,0
0.003017323612704882,0
0.5664287530157004,0
0.0684880767229405,0
0.202447439426052,0
0.14313575094761566,0
0.01567940375973103,0
0.1929305094540614,0
0.5409221358882402,0
0.10668313661878874,0
0.32731497988629965,0
0.43375820146445415,0
0.22284845988515045,0
0.9410616980304702,0
0.16593332557673046,0
0.01223294992907423,0
0.12086482634905057,0
0.0700954143213208,0
0.8198212333885629,1
0.011115680250799563,0
0.000603162225264792,0
0.010573737133104858,0
0.00030400246074673086,0
0.21989009442911372,0
0.06782965729584027,0
0.04649175580459128,0
0.09641261928916564,0
0.027686311005554944,0
0.32374519024365345,0
0.9508863120698655,1
0.4493709150174736,0
0.34344918749979003,0
0.39184384059772365,0
0.06983481044954701,0
0.0007090436186647739,0
0.6427962208910967,0
0.8492969396447361,0
0.04296790307205481,0
0.9561837707555494,1
0.1212548196340512,0
0.007192680688324705,0
0.05685845325460973,0
0.2356825541763665,0
0.3069003760044921,0
0.03533941034637456,0
0.0069994684624440735,0
0.05570554596243505,0
0.06468195622736156,0
0.6812924092230126,1
0.014896499246756728,0
0.12337745451311188,0
0.6972938334204005,0
0.00035906934393814885,0
0.03309739296216435,0
0.3994588177350142,0
0.01753985792281625,0
0.23946786049910201,0
0.4356967758332327,0
0.2446452279258586,0
0.055275152451824384,0
0.4305303160761217,0
0.42913107822239815,0
0.27940910643553246,0
0.059095088921692365,0
0.8119910616495907,0
0.01309293138316715,0
0.019589610351866602,0
0.07295909544284473,0
0.24621634922096966,0
0.6322389920617215,1
0.6206265587008292,0
0.00984833222253989,0
0.007568860575552006,0
0.017249965348611274,0
0.7894061388461094,0
0.024364643092795672,0
0.11871755452126145,0
0.18420992492444846,0
0.1482862214864608,0
0.1097096986188241,0
0.006461781474726106,0
0.03795623573720011,0
0.5089262980683498,0
0.11347931919299732,0
0.0037085151288846914,0
0.029827021103488734,0
0.04810443546068848,0
0.013187162346514885,0
0.5593891522467122,0
0.04620434983308395,0
0.5009209226938455,0
0.5542852639445283,0
0.01841991182332638,0
0.36090853505907566,0
0.12101458832550713,0
0.03496096278545497,0
0.05620548136242874,0
0.1151094338550843,0
0.010751798321101638,0
0.10238767241380409,0
0.02915888652436857,0
0.09751914370916068,0
0.0037102564583723157,0
0.11248000229184946,0
0.6232346975397867,0
0.6264404666037121,0
0.2813619489262109,0
0.021530430195768602,0
0.23716649161241612,0
0.9329173647863055,1
0.12372191903548667,0
0.8631205565218054,1
0.18906262945782146,0
0.2803388333631004,0
0.12914116265650127,0
0.5299071170209271,0
0.3484460777503239,1
0.3378329533204081,0
0.039725204931191166,0
0.0002458865428750689,0
0.062038814690974935,0
0.04921728866410456,0
0.8986214775271408,1
0.22262422996843015,0
0.13455347010549534,0
0.043118363353308625,0
0.08473662614704261,0
0.04067298940312216,0
0.26305985639384655,0
0.004762049929509805,0
0.42568229949135705,0
0.2931940485882321,0
0.6081248784928261,0
0.32736178439625024,0
0.44323481149725386,0
0.06241521074530647,0
0.009202472834748267,0
0.6293028280917748,0
0.01731818736907101,0
0.19940917204781403,0
0.06833305025434261,0
0.2834303898558876,0
0.7398862183347201,1
0.6751757386595926,1
0.9269712317116917,1
0.02403334470562345,0
0.15893486712491986,0
0.1401818757419082,0
0.1989510343279524,0
0.029076325105228024,0
0.008743085843412839,0
0.08199737233744898,0
0.298797861752068,1
0.00662335163026438,0
0.09190744997232618,0
0.15782473717535195,0
0.09946658183058181,0
0.4502984549436141,0
0.04371190678365134,0
0.008501732342739873,0
0.02501905713839807,0
0.07257345268707595,0
0.15722408152215553,1
0.780807367490781,0
0.2686986963677276,0
0.009118411781406707,0
0.7464312963620149,1
0.05465995754994731,0
0.007753736369713905,0
0.015085177348409298,0
0.035942330669099055,0
0.11411413377708993,0
0.005563795410592185,0
0.43922625529789505,0
0.03336821220789227,0
0.18984899954808,0
0.019173431438340355,0
0.06959416254073754,0
0.36501142385126856,0
0.546433759109255,0
0.15670027064094832,0
0.0008614466558007729,0
0.0272724977277447,0
0.13975519840226977,0
0.031929359664074654,0
0.9662630274185973,0
0.34278372914552063,0
0.012437736696752822,0
0.3917633287985108,1
0.10968115400783963,0
0.37176769737873755,0
0.036627586557480225,0
0.2167706164456902,0
0.34366353529185023,0
0.006776297870196619,0
0.1595672501539844,0
0.03290313999028387,0
0.16015303434307174,0
0.07569457185331734,0
0.02264026286459095,0
0.008866026003386523,0
0.06649281983134409,0
0.11149083411408428,0
0.31936515630655204,0
0.7078977660898982,0
0.5492898803590872,0
0.8420475409134565,1
0.0654546199284996,0
0.46653081515776657,0
0.2457000491476871,0
0.0032144361276444594,0
0.16990748891456503,0
0.029667462503995445,0
0.09058830084226303,0
0.3262939183911811,0
0.04605034079045577,0
0.689889540006609,1
0.08094477959450283,0
0.3377170931907226,0
0.5601268175367643,0
0.31880774216649627,0
0.003615936993247262,0
0.1263705507633784,1
0.6417722982153,0
0.23173376376908442,0
0.249136199537441,0
0.05517321580182277,0
0.05964226916760318,0
0.024513405447192545,0
0.039790550167854925,0
0.05938912167971436,0
0.017307277907212416,0
0.02010471573889192,0
0.4113109236593495,0
0.5086017614583583,0
0.05230739601882545,0
0.009325359083608443,0
0.055682297661188325,0
0.7956225111280452,1
0.050383525066758555,0
0.29953272782483764,0
0.8748870273120462,0
0.6133039936245316,0
0.016080080100643736,0
0.027724535878966925,0
0.24642775501185346,0
0.06782592815741723,0
0.03100203373855824,0
0.05017264554525355,0
0.2508359246901548,0
0.012386237317603159,0
0.7457433598020249,1
0.1310964092457742,0
0.09487743828281107,0
0.8423204291886581,1
0.02057693074354465,0
0.32713543843151366,1
0.010941926230452237,0
0.3858808862569715,1
0.09029147828716866,0
0.34799284073591535,0
0.305820656982474,0
0.6301332687121458,0
0.40078523969635527,1
0.21039338970818702,0
0.030995405899865953,0
0.005773574559371287,0
0.0010326737435925669,0
0.22831624357064162,0
0.4326217741385896,0
0.1771143090385439,0
0.10404707158767398,0
0.047966568497007034,0
0.09267086554606029,0
0.7555639547269002,0
0.011410739966791268,0
0.5520520316575749,0
0.3391230551475431,0
0.10446020173013706,0
0.04369501086233454,0
0.8402006518904671,0
0.01894850273021638,0
0.17578198904878728,0
0.07313067352647976,0
0.3375272650061944,0
0.0075825488142232085,0
0.02305280694348424,0
0.006836133580466982,0
0.01994123659963725,0
0.1259506908316227,0
0.20312288786769983,0
0.8219281650686638,0
0.03251125049195341,0
0.2259590323270409,0
0.4680008839180954,0
0.09008089026508484,0
0.02195890485897284,0
0.09240385507912541,0
0.3003197798248962,0
0.018064002733021493,0
0.010831442109037338,0
0.27559216106155787,0
0.011581018481350144,0
0.03376116115768719,0
0.11532848340166436,0
0.016409339135951106,0
0.8141028091186718,1
0.11711927534288773,0
0.018778758096688566,0
0.5906398677813542,0
0.5719376368757518,0
0.10887239320622218,0
0.23849941888709322,0
0.36763447066578164,0
0.32421705407824886,0
0.07159783055426786,0
0.01053666426049283,0
0.03474720753410315,0
0.0809389663355322,0
0.07078157264080288,1
0.3471759035019209,1
0.010818732136899203,0
0.11856712598230082,0
0.3911727330657837,0
0.03158855573249998,0
0.009374927155407513,0
0.2770799227073997,0
0.00997453077485842,0
0.12488395600925378,0
0.20744827286380102,0
0.4539062410058889,0
0.1964223280049593,0
0.10210521485700781,0
0.04114449838942773,0
0.9219048034881918,0
0.2374849116652128,0
0.549552972650588,0
0.7675437977857278,0
0.02907632273802433,0
0.640036680399746,0
0.04147825922865692,0
0.060944347655836506,0
0.10704479634726277,0
0.0006118323245581477,0
0.0865653739896808,0
0.005657780105807639,0
0.0072710016287874735,0
0.025614241355313743,0
0.3349419653783475,0
0.04356108224555543,0
0.03630327657735544,0
0.02399768147613878,0
0.007107654557399493,0
0.8702581305159629,0
0.2093141471302411,0
0.061442684158687824,0
0.051162824805831716,0
0.8272247489714973,0
0.05663227968029725,0
0.3836215770489998,0
0.31675572052273315,0
0.000722798937561891,0
0.014294244395879603,0
0.07265946970320225,0
0.05309336162033327,0
0.022379499171281993,0
0.05624594053479855,0
0.19551944777271243,0
0.0062447715526675615,0
0.04848808799253705,0
0.39592084323183624,1
0.04200007312940307,0
0.03956237898803874,0
0.13575581218999383,0
0.2715225030567577,0
0.3502449825697116,0
0.07967969607520244,0
0.4905486042091941,0
0.2566041364933393,0
0.0172516235195209,0
0.00488849573562743,0
0.0742549390018712,0
0.11845961865150001,0
0.7991072987461086,1
0.5285663723960738,0
0.00320947958442989,0
0.037322232164184635,0
0.007014311745759202,0
0.7157700228343055,1
0.037026877096385656,0
0.08678265609543369,0
0.01566831391796001,0
0.3478682228177952,0
0.11080951644803032,0
0.09565433949418509,0
0.013059405591494556,0
0.037629007759321695,0
0.3317205049732905,0
0.011069826140119473,0
0.13083839890307358,0
0.03587164500699954,0
0.07547937600934264,0
0.29854400762950295,1
0.1033596074086934,0
0.20241226593778613,0
0.3388415973444609,0
0.18675455198871835,0
0.729640878532557,0
0.3692195183240273,0
0.9245209666496887,1
0.008805808603044155,0
0.04436129627280968,0
0.05406625488130812,0
0.06264232957148466,0
0.5169570642293879,1
0.9030148626300916,0
0.32129528774665783,0
0.058294645858374475,0
0.23189417233851708,0
0.18261330227956293,0
0.008212353672887697,0
0.06860848202746843,0
0.007046311733079789,0
0.2972289507910322,0
0.9038479932338825,0
0.32153072615550926,0
0.0008178758748915615,0
0.010389097733465694,0
0.007915951524795557,0
0.03585815120462888,0
0.07733475215319043,0
0.008315225835392697,0
0.08586549616767829,0
0.347588486149487,0
0.35355962152424036,0
0.014467603702343793,0
0.22128724056880414,0
0.9072810651398482,1
0.2606551456378349,0
0.05807433500622565,0
0.4331477481633743,0
0.15248509466608112,0
0.013327777748333304,0
0.010872692833505917,0
0.04872095390535539,0
0.1298830941396506,0
0.4506694388502144,0
0.04269245705672998,0
0.4206234798232396,0
0.15738192954581845,0
0.5301111474465794,1
0.25075732855559496,0
0.002020086546972885,0
0.8749085320711614,0
0.015190293626571594,0
0.4324555690329694,1
0.26118363856871496,0
0.7695420240643778,1
0.004775952246587181,0
0.01916823296518898,0
0.02233333204744427,0
0.14568848484151786,0
0.007261533372453187,0
0.19329007595905623,0
0.0753265572243854,0
0.927914236014376,0
0.682489175037838,0
0.15354167054640924,0
0.00977589528671005,0
0.04689627861942977,0
0.5160096254446198,0
0.6742012319907016,1
0.47260896889682913,1
0.20554196935625232,0
0.4232769855276332,0
0.8097263174833434,0
0.017431605778358054,0
0.08432649037836581,0
0.04096695104299742,0
0.29186358849291066,0
0.007047371133768597,0
0.3365262072506929,0
0.019165624642026226,0
0.38226513410811974,0
0.9449137076053905,1
0.47553442399240115,0
0.03059555697278692,0
0.002825735653372918,0
0.010918840303138616,0
0.0989799072684961,0
0.023197997211506536,0
0.2432519879751432,0
0.04535615243124092,0
0.0001230669830120619,0
0.0263353092650123,0
0.7749806306830697,1
0.1396371350263021,0
0.04547536196010186,0
0.7943085060062812,0
0.8586404630835952,0
0.629943560999015,1
0.43172247584995127,0
0.07565102810581271,0
0.6692932848493763,1
0.03568155756178212,0
0.027591428530609977,0
0.2983565071009496,0
0.057969505972082724,0
0.003250707758236132,0
0.6726981131815624,0
0.29347001659635247,0
0.08617741419140329,0
0.5041992924460529,0
0.6743060438799914,1
0.47054813091178804,0
0.1693119051445004,0
0.06125229097899471,0
0.05532857881880789,0
0.09284107348244701,0
0.06646225751397591,0
0.00888112961697076,0
0.10685770404239817,0
0.009410149178589533,0
0.09780350841559418,0
0.0957642121422968,0
0.0612398787159897,0
0.04643870867225376,0
0.201906237320005,0
0.14369584383104658,0
0.6355312761748655,0
0.2546527789514835,0
0.36157170175915126,0
0.7077661948605467,1
0.0449202465431321,0
0.012826693851968133,0
0.03903225231065272,0
0.132813746878865,0
0.09599270216354679,0
0.05704808400443882,0
0.003258538753524388,0
0.0025888003830467797,0
0.10954725415447955,0
0.9171393382832623,1
0.07399704831729426,0
0.021387580739048555,0
0.36609312354062223,0
0.20818528063949124,0
0.3586610197701486,0
0.02355497387850347,0
0.06387934045323233,0
0.3723471952473509,0
0.004702069723985272,0
0.3176055924246695,0
0.030996146416607806,0
0.5032373511200464,1
0.03738270314716814,0
0.12410422873465317,0
0.1901626441402242,0
0.5128198590116023,0
0.762622592041333,1
0.002780102372762366,0
0.5617997778261825,0
0.023102690696691495,0
0.6284279748700652,1
0.1484139509255464,0
0.016283883379898632,0
0.02528145623757453,0
0.04553554819933299,0
0.42323910967740186,0
0.07077713021209191,0
0.0007874421859376978,0
0.4317960267835628,0
0.22884908095158124,0
0.0045800798368632965,0
0.3181649347874602,0
0.15377102392312594,0
0.21709912550549948,0
0.9248052599172039,1
0.12893656051615404,0
0.2739957578245821,0
0.19012819250181903,0
0.08996674064772119,0
0.02616746089495311,0
0.28599317758962306,0
0.3864740302949851,0
0.5484634323266357,0
0.030285978302431835,0
0.0053845589269976455,0
0.05608623432096152,0
0.1708055216564518,0
0.07979338707805346,0
0.07361924142346152,0
0.06043520447212286,0
0.05131839594743379,0
0.29032171241364035,0
0.4595505983484326,0
0.4482995657726916,1
0.08155116327366119,0
0.07536593318153936,0
0.050370224234925286,0
0.021858396741425083,0
0.024495045517824804,0
0.001731395040956472,0
0.07800956116972661,0
0.04372608520753217,0
0.676686435246319,0
0.016866138717563747,0
0.608513584654202,0
0.010467918488315625,0
0.011783199231495671,0
0.010072014943525215,0
0.05838919184491338,0
0.046363670337834874,0
0.42123383094894357,0
0.21542077923766592,0
0.012211966688409273,0
0.7035696480233358,0
0.006439951987336507,0
0.9423771336961305,1
0.8664596746989546,1
0.02402480811034477,0
0.039808742020202854,0
0.8851322006283097,1
0.14252493996280907,0
0.04233601370874579,0
0.06674154184748277,0
0.10218058857744461,0
0.8694310199820453,1
0.0017821889064696336,0
0.046319412301903444,0
0.10726073943386889,0
0.0032914936557995786,0
0.1873808508578975,0
0.13344677090833792,0
0.04464685600127435,0
0.09716408655078326,0
0.22038195197976682,0
0.008685651483649354,0
0.006025812229836804,0
0.27162261583388614,0
0.007086403614410297,0
0.009152952575924873,0
0.14598179473637815,0
0.03170657756723048,0
0.06440308743724843,0
0.3493688940830673,0
0.0009788658028184985,0
0.08127027318598345,0
0.1447341240280348,0
0.515474495634532,0
0.03902180467731732,0
0.07082086998788492,0
0.07316351006221107,0
0.2722891611239967,0
0.13670898131727166,0
0.04417286788415619,0
0.8611969519146397,1
0.08360768075686026,0
0.20657352836740256,0
0.012110302975038472,0
0.040797156504358265,0
0.07411057833393662,0
0.08688524783358967,0
0.13404074512383,0
0.0026973647494584353,0
0.5394150254579508,1
0.06886186734435415,0
0.0037721239274308652,0
0.09262910745138075,0
0.7364797444650085,1
0.02606941390543672,0
0.009388526112513635,0
0.02511590093037967,0
0.013139893409792474,0
0.7378646700508225,1
0.9251780908143794,1
0.008247612256464056,0
0.055815211361039466,0
0.607859573900281,0
0.21751049126621433,0
0.6965827031749946,0
0.07197323386267442,0
0.017697228148716403,0
0.15244998759640807,0
0.4625114725700469,1
0.024346985410129408,0
0.013808632340298378,0
0.16533675034125483,0
0.0940955467732562,0
0.1536178077228287,0
0.004332226317288217,0
0.058529318693866614,0
0.06956038367228437,0
0.7543388636101663,1
0.010165098798353443,0
0.0357699969851314,0
0.24850931023781278,1
0.030515008948894397,0
0.048477748405012885,0
0.014720881033241066,0
0.05308275074595225,0
0.16650394518758724,0
0.0573194168277458,0
0.24073694231547582,0
0.1500749323680404,0
0.3594651455193261,0
0.18137957728155957,0
0.1975586176419356,0
0.10905965776819083,0
0.42706242167717695,0
0.340816004447211,0
0.037034676935159494,0
0.0321056279454031,0
0.5968872374172008,0
0.0019144113940238474,0
0.006160231037989318,0
0.0026958419254788256,0
0.030055569497442324,0
0.7176689825041479,0
0.3722319116505265,0
0.2142459550249817,0
0.12194059994702657,0
0.09745088653863239,0
0.06363871509542732,0
0.07088012972918739,0
0.05251667240527871,0
0.46059362129843723,0
0.0029040692748744045,0
0.06296028931079281,0
0.13762248610503228,0
0.08883841322761876,0
0.19811852416512887,0
0.01570284361023994,0
0.08954734456248513,0
0.5787640040421399,1
0.1874178998098448,0
0.056549669787153034,0
0.35140626054152774,0
0.2909370962044121,1
0.6965592622614638,0
0.004969301053890953,0
0.06447919553055942,0
0.008240939487570674,0
0.4827225176847217,1
0.0344022129970184,0
0.11084609137866873,0
0.1474815194404945,0
0.007371653534325236,0
0.031026266524386555,0
0.04905936165945134,0
0.0012552894303860048,0
0.018991133299486426,0
0.3381132987627351,0
0.005077072931331629,0
0.6575592867970033,1
0.19123934282473934,0
0.1172542856631081,0
0.2778367250832972,0
0.6676318342410735,0
0.4571463298782824,0
0.034672156199496915,0
0.4347178543972062,1
0.00659336589257476,0
0.003201875039206364,0
0.3333003247017597,1
0.19889337813424254,0
0.0018135866136904987,0
0.2886365097645076,0
0.05737936347414116,0
0.24176606737563683,0
0.09004274767516034,0
0.3004815915385271,0
0.06147690992916182,0
0.01570306200356354,0
0.003372508478231508,0
0.048715787940067395,0
0.01934598138063448,0
0.06283826930725099,0
0.01604004704148489,0
0.012531146394708433,0
0.6001110171995829,0
0.011649478443587992,0
0.06039564357254716,0
0.2703972118305744,0
0.0518928290192791,0
0.0626013891110363,0
0.0333870973874782,0
0.00018669483623021937,0
0.061885863144738186,0
0.016263686397342037,0
0.9478527554038997,1
0.24526998695692398,0
0.4520475795805852,0
0.14468645467212554,0
0.7328532558349052,1
0.14777473393126217,0
0.6103218189454324,0
0.098521121006039,0
0.08824691378687347,0
0.001990496993213152,0
0.5950619602042895,0
0.21337823234785425,0
0.009618105608068132,0
0.5299981718061532,0
0.1752919225053299,0
0.006099672496454959,0
0.24507452490552287,1
0.0903452500986089,0
0.24186853606971456,0
0.015789192774326426,0
0.7522477667901242,0
0.045579877375971814,0
0.018584230782760593,0
0.4074671065111258,0
0.8443161909087712,0
0.6718101126247829,1
0.052926753652446264,0
0.026471710392843056,0
0.6072931354028657,0
0.3841496444470383,0
0.134391369028918,0
0.1625021451530575,0
0.6711726403830484,0
0.12218101237454665,0
0.8052325754119531,0
0.17020373062998526,0
0.04266214334457198,0
0.2793075124062015,0
0.39383920446284715,0
0.0005677895860435976,0
0.8108929951197675,1
0.10627039759044754,0
0.342845998076619,1
0.00791679068795551,0
0.04200911591035222,0
0.8131778422010386,1
0.002305118197880551,0
0.11271592831576904,0
0.013141512547436228,0
0.08615829874132044,0
0.30100212351591477,0
0.16389707798189196,0
0.04650773146970136,0
0.5530025841943272,0
0.008518674005323737,0
0.04109459679175716,0
0.6413419610955362,0
0.015797461489807877,0
0.015648925438397097,0
0.15204880952552846,0
0.0902775721823842,0
0.8369973757579016,1
0.14667135173501256,0
0.048671244221773345,0
0.6628286741632352,0
0.007546772648102261,0
0.28096213057711844,0
0.00833070758801711,0
0.09899646028942204,0
0.7448101104608325,0
0.385184875855854,0
0.0035605335305051206,0
0.11513447022688192,0
0.029580940231083624,0
0.11382997145222036,0
0.05774670704011372,0
0.7184885658991544,1
0.06582523685010339,0
0.07756454417142028,0
0.02482887505794908,0
0.020453271263278536,0
0.020167102642476228,0
0.3983871451061288,0
0.04573533952720931,0
0.8275207837559792,0
9.208339510864297e-05,0
0.20023148442317829,0
0.02494751877840156,0
0.6270001924513693,0
0.7751225915462274,0
0.02502430196447162,0
0.25938062122614397,0
0.0291807572871958,0
0.40141869617809806,0
0.6420469455734146,1
0.20937393512036834,1
0.1321476321198801,0
0.1379489821529498,0
0.0027510133677479554,0
0.011874926870307629,0
0.09698053184891482,0
0.39127390537002454,0
0.022055099244421107,0
0.07761558038852422,0
0.13402420418159905,0
0.6100797063936315,0
0.14187136267244577,0
0.0961537202511136,0
0.04645267615259452,0
0.02720607063222104,0
0.020172826209959773,0
0.012274012032176464,0
0.16417446621693318,0
0.13438992075459713,0
0.04610223125086239,0
0.5981211613239594,0
0.7231822046804082,0
0.10444427865213307,0
0.02199049160281945,0
0.08446274913034521,0
0.07922011297079778,0
0.10378412166881962,0
0.25586341023043907,0
0.8757008468802023,0
0.1258675437458949,0
0.41558270606445347,0
0.7445764742308024,0
0.019263577423762973,0
0.08477998084630206,0
0.4487600563241857,0
0.17904656394946192,0
0.5408459649974837,0
0.07410765431134864,0
0.8093162575103457,0
0.017467421594734172,0
0.034079816821401404,0
0.4106006171115878,0
0.5040128097831684,1
0.13943992233977878,0
0.4836311216015305,0
0.11176623659494035,0
0.21593267079495346,0
0.0733136813634413,0
0.2766379830375009,0
0.053452281463241526,0
0.6941961355542726,1
0.02277975601132206,0
0.4566940414239169,0
0.5547110548107493,0
0.03926802014137556,0
0.005504509981409128,0
0.49493255155188143,0
0.9093425973247995,1
0.5145268193010736,0
0.174131384505151,0
0.10191366565451616,0
0.00426086795554398,0
0.012816085563245714,0
0.02603439411914018,0
0.016762819492460345,0
0.00398880279009414,0
0.7438020498551072,0
0.2846590619616446,0
0.4358098953471049,0
0.7123697430646734,0
0.44751817779732506,0
0.06551326288673678,0
0.19692550273382933,0
0.5340802221652936,0
0.09209149544917944,0
0.006007119544201636,0
0.002822219920582244,0
0.24314842996675265,0
0.0017885014367803973,0
0.00741053791976903,0
0.014950960286143861,0
0.19775446226798638,0
0.5237553615954946,0
0.17328229242596208,0
0.08914281348951901,0
0.06567353738023066,0
0.1133122531792818,0
0.35417013285439325,0
0.008003944344566815,0
0.028460153433336185,0
0.26436409486672663,0
0.554106189248972,1
0.778593039170594,0
0.18302130081159906,0
0.0014136919396725513,0
0.09455539518255197,0
0.006380445467717514,0
0.28317078817094476,0
0.7574140050460154,1
0.14757386541557116,0
0.3983939048673188,0
0.09664758305398184,0
0.05646402414603022,0
0.8554596729678943,1
0.022205588707788985,0
0.14361042530218437,0
0.3894046922721356,0
0.09582279168126248,0
0.25945296317593763,0
0.34849021294083854,0
0.6361330013195167,0
0.03447075337088644,0
0.24229753346032548,0
0.15581328464364105,0
0.059593492238549914,0
0.27827097163445214,0
0.14218551460258033,0
0.6626225485235994,0
0.17161525205202727,0
0.4492752094694627,0
0.22130145927083197,0
0.07721578778927034,0
0.00560189009409075,0
0.04712070862175344,0
0.04590547041419095,0
0.09639101634303882,0
0.09591995410106526,0
0.030244943466106105,0
0.3376566435733455,0
0.5268150242793787,0
0.18726787268893216,0
0.00556094496073309,0
0.40665917351734193,0
0.024299197320836817,0
0.6115876880175748,0
0.7654447237656518,0
0.650361748723594,0
0.020002001703655146,0
0.005391976472229199,0
0.892871672200926,0
0.0908631523256742,0
0.9631631490559146,1
0.0008685322989235255,0
0.668877220678525,0
0.12344199535402607,0
0.06435713329213592,0
0.0019219842566652336,0
0.08550351507734981,0
0.046443021617462193,1
0.7179662576672637,1
0.11037177033963554,0
0.05619907482554404,0
0.009420857928667977,0
0.1696391499573966,0
0.0796855862434211,0
0.026591650962324572,0
0.3094445980557692,0
0.18465347352534384,0
0.04696152045182754,0
0.03104054893584997,0
0.07772937795029526,0
0.025875312915491708,0
0.7773796380872148,0
0.026477096604468814,0
0.5754361503838741,0
0.43321941930474367,0
0.018342951292194872,0
0.019875940813292668,0
0.32758842587874515,0
0.06263366946871152,0
0.6226114568331202,0
0.05279577417945914,0
0.028810506593737614,0
0.020187986874942256,0
0.23248695450101642,0
0.1555068062989533,0
0.2785688959172398,0
0.06534684156296193,0
0.09531138153496416,0
0.035177405330478584,0
0.3903746698751008,1
0.017526521217087462,0
0.13816934629379782,0
0.14216457667274476,0
0.1623735024645616,0
0.02475185800569106,0
0.3395241157655595,0
0.09180410047577695,0
0.5042354191971977,1
0.1475664661904896,0
0.0007465656694899447,0
0.008149198212586908,0
0.728338531446072,1
0.7320805612299989,0
0.31698790823289263,0
0.06270478888372838,0
0.3032192710917847,0
0.6003641015169102,0
0.009242522454828048,0
0.6869423770023365,0
0.051160024039088335,0
0.005365522224194077,0
0.007677689317668531,0
0.2774855176618521,0
0.16432813453647024,0
0.08565651180851716,0
0.037001533280105525,0
0.02695210752302409,0
0.05401952917847687,0
0.6801597474565915,1
0.07626958155839113,0
0.07412245495683631,0
0.05382810909390858,0
0.005464664738714977,0
0.010892337911365233,0
0.0619982195637689,0
0.10479073841276149,0
0.01932305230681198,0
0.16797269500396617,0
0.09854036200664766,0
0.46501443888028543,1
0.018504356263540606,0
0.20497544255981862,0
0.2416243087856792,0
0.049076845815380646,0
0.07504374507491665,0
0.03944560044513487,0
0.07375450904433858,0
0.025252785532046493,0
0.008985106911567968,0
0.06517609082928238,0
0.1709101025039821,0
0.13037933043759165,0
0.787313019048042,1
0.3145789075009238,0
0.2354921097769157,0
0.06363768934974179,0
0.8061176381274432,1
0.5130981296560511,1
0.12507613904027198,0
0.002152415724900808,0
0.3308680860825152,1
0.4249828268313904,0
0.03785563358776601,0
0.32387997027281046,0
0.3203703511640759,0
0.001402375413284466,0
0.28254299828559776,0
0.3885156399361982,0
0.14716259284742475,0
0.3649801013365543,0
0.1713756059771466,0
0.02669927307558772,0
0.08665419073380035,0
0.6927993905601115,1
0.023722893867631375,0
0.6489453861543322,0
0.01678041845531752,0
0.5921213494309425,1
0.014391338760668324,0
0.0035345200418471917,0
0.015321140269585108,0
0.014241585346198722,0
0.05010091971854021,0
0.021030811937878313,0
0.8116188911526518,0
0.003143987460650461,0
0.012400206607939085,0
0.11713159309077904,0
0.29712012151789,1
0.031207488574147187,0
0.22356890511261063,0
0.17653094928001486,0
0.11501306424357412,0
0.8906280635258609,0
0.07629756249940833,0
0.1019305123468354,0
0.5963436052357406,0
0.8901455291846667,1
0.5729053464718082,0
0.7707160754429525,1
0.07165442213694054,0
0.3038955548112871,0
0.11076453749781394,0
0.6104382351986317,0
0.012725393758801558,0
0.11656272739500427,0
0.21084306286689208,1
0.07273875317442201,0
0.011574240012699319,0
0.22574377186201589,0
0.30242521426044855,0
0.5877766645683603,0
0.002910588523655002,0
0.8570875099521114,0
0.035798789538351236,0
0.7439455457426334,0
0.5137702034268234,0
0.06699648555855885,0
0.291676035991814,0
0.5561573486885046,0
0.2889291517658311,0
0.005913280356674297,0
0.22999418964887783,1
0.6761532246658649,1
0.2627639314954724,0
0.926718614414992,0
0.7729376578967785,0
0.3771207768092984,0
0.09542817901474203,0
0.8816460112169681,1
0.20666459903398865,0
0.012837499466237374,0
0.028436391035938195,0
0.05826513927465353,0
0.15854985390795784,0
0.9415871449087397,0
0.02601295098505254,0
0.21546131036235242,0
0.20463811568759965,0
0.9628853562106797,1
0.3600427719765409,0
0.9039154796138397,0
0.030447966224221155,0
0.7167307837194219,0
0.0773158271702321,0
0.05073624157486003,0
0.03327378511625011,0
0.13347149750492115,0
0.011125931605713901,0
0.2694715166073711,0
0.015555536148017033,0
0.7037990451320477,0
0.19271904870572223,0
0.20037618109490374,0
0.30852613685275104,0
0.14539864178169204,0
0.14919249315100702,0
0.05831633003001876,0
0.6411446982757303,0
0.03157949839874345,0
0.1498529469768632,0
0.011177124641362066,0
0.45419985310874694,0
0.22263151016442873,0
0.1640979516788607,1
0.016553950085088344,0
0.22894430062448784,0
0.0036628035940135515,0
0.19005764207815212,0
0.3906231745832819,0
0.5451884403866349,0
0.8009649838811745,0
0.2576681293058111,0
0.4791926433333589,0
0.08234039814010014,0
0.2825890685138247,0
0.16290789236182265,0
0.11804036717810128,0
0.018900762038860437,0
0.010402010229207378,0
0.5237582651771083,1
0.42490702515985057,0
0.03470073339420685,0
0.15579479798738813,0
0.0500568424976238,0
0.006092426046217029,0
0.002219526183134178,0
0.05156190514555397,0
0.8802915704427914,1
0.018848595273852554,1
0.6653874947342863,0
0.024911839770207708,0
0.19802164148496007,0
0.6442599152714319,0
0.2704236773872612,0
0.22030766230502546,0
0.5139106412792587,0
0.026393477527428936,0
0.024410540948754816,0
0.12081121195924374,0
0.10655459465117988,0
0.024038605003024124,0
0.012336080270340243,0
0.0844870723519268,0
0.006728553770500137,0
0.021546172334399417,0
0.023887885426776674,0
0.9351985779368769,1
0.1421482977672789,0
0.7856538989360488,0
0.1509390989616653,0
0.002093602793766769,0
0.37305391548232586,0
0.008600071993440372,0
0.14636015421345078,0
0.09708487271745325,0
0.18393254683545562,0
0.04023625582076408,0
0.3549880848622815,0
0.020646275883548202,0
0.265571211470377,0
0.1303395887476246,0
0.2252534833807755,0
0.001357269580876637,0
0.08763207778484593,0
0.1767891572834793,0
0.5594027112199021,0
0.03100750572564712,0
0.00635560226064421,0
0.005993557832168745,0
0.07833080477929419,0
0.0019254482767274593,0
0.013417601839896268,0
0.21508344067427929,0
0.4602971851358914,0
0.07091316925777753,0
0.0403461639846213,0
0.011961053366350768,0
0.03901888561630084,0
0.10308984249130314,0
0.020577335575660157,0
0.0439140156572922,0
0.005064167872408496,0
0.43968780954370235,0
0.022022870645649208,0
0.054600926118821135,0
0.043587336380815606,0
0.6092594519314336,0
0.43599342418995396,0
0.09491519612661577,0
0.11192410782901634,0
0.0014695844905858668,0
0.10345168126727473,0
0.5824879319370456,1
0.00833400493416565,0
0.009673774180976511,0
0.00639672331451631,0
0.0013087506345239284,0
0.00672136139576375,0
0.015669715083935637,0
0.9406083138665495,1
0.01210006080779585,0
0.8321973948784561,0
0.05892684053405225,0
0.14432261123810358,0
0.5891412084502066,0
0.1712078323163993,0
0.6822728483667798,0
0.07368171347936628,0
0.4127146059301099,0
0.0854695217533669,0
0.5120016035480413,0
0.0698082481633582,0
0.026622129987558276,0
0.03059421285499772,0
0.08259740845807838,0
0.009781962354721566,0
0.41684458355061205,0
0.33317627463274596,1
0.009343959719309331,0
0.013325405571911053,0
0.03078877785830714,0
0.41760764805085115,0
0.004721042725157647,0
0.030317166778942764,0
0.2999112200948945,0
0.003042478285465397,0
0.24964192701317986,0
0.11292839525274992,0
0.05045007853163611,0
0.22495131574727947,0
0.6792654226203864,0
0.03575556143787383,0
0.02796836228569627,0
0.6517972507334655,0
0.2450230566807861,0
0.04715676360188202,0
0.12819341429610132,0
0.041387662916850546,0
0.14446122325706567,0
0.18773177739410082,0
0.007968419924385746,0
0.12260018719027022,0
0.27739483814091254,0
0.05574397901057847,0
0.036193008552371016,0
0.0010291353798339287,0
0.3813138740606303,1
0.05412331276266119,0
0.16621692504452928,0
0.6793625599454085,0
0.44596985123601796,1
0.008063660371626827,0
0.6097550790579078,0
0.018679413791987374,0
0.020043388312468782,0
0.08424387370113282,0
0.014806809958611684,0
0.27293109573361507,0
0.19142586224807603,0
0.008642915065938308,0
0.5742618960666228,0
0.12604274387958628,0
0.1876018804910718,0
0.7174833679556285,0
0.02261876928656576,0
0.3207395716156793,0
0.11761070872744368,0
0.03657311985759649,0
0.01907214126858374,0
0.04124088938107649,0
0.23767038985797265,1
0.22704797204423582,0
0.009646296380288537,0
0.012443424827790428,0
0.054396617718219575,0
0.04924817339497756,0
0.005802605234925081,0
0.028529932906755002,0
0.0961301025938251,0
0.8500697561819133,0
0.07627855623808424,0
0.018594944453050568,0
0.29812124628714526,0
0.5320764438325674,0
0.1635235278610099,0
0.9465256627756532,1
0.02140862255954803,0
0.3028719746698665,0
0.338305651832199,1
0.014816337544077587,0
0.686003924534616,0
0.14413546823316747,0
0.2819064478936264,0
0.1732771858473113,0
0.22203697296620997,0
0.7904999577073307,0
0.20421664760188626,0
0.09024561697386602,0
0.044494424642568524,0
0.08365949880869206,0
0.04450530509017851,0
0.13374170115508552,0
0.05812726845695193,0
0.9620071745657082,1
0.00958040966282838,0
0.11729372229530899,0
0.5028928088029778,0
0.0012386702555244708,0
0.36025316965208626,0
0.34711467920535033,0
0.008999067542574088,0
0.028758947548856946,0
0.0024712775387238425,0
0.1578543758267286,0
0.02264204805394337,0
0.043183907491328506,0
0.27311126247716444,0
0.8997040384367987,0
0.6816532241122788,0
0.000874361800403809,0
0.03200904539218084,0
0.04916593039344543,0
0.5442603026097165,0
0.1119072195055575,0
0.11009769903486312,0
0.0041576420833628926,0
0.553784467757517,1
0.20141049411377482,0
0.004078594522720017,0
0.017495119498044626,0
0.777546903797681,0
0.04000983713030226,0
0.05104783160219351,0
0.011491679492024837,0
0.016255027606135414,0
0.2958472863488185,0
0.44984682211817745,0
0.2848409308375686,0
0.016138331517907018,0
0.9499885317908965,1
0.10100020143004385,0
0.14373559110557632,0
0.04036027173047918,0
0.9748553347361076,1
0.079511107388314,0
0.04142980320231665,0
0.005664106233786303,0
0.6347339145461117,0
0.2933816686405138,0
0.3114328808557526,0
0.010269048733746641,0
0.035517871525712175,0
0.17516295843223767,0
0.00813081115632634,0
0.1322999535885783,0
0.11089331259178832,0
0.3514955858847664,0
0.09180314161473258,0
0.05784368817747275,0
0.012269015558742226,0
0.03967415259123765,0
0.06432707893590589,0
0.30515061613938615,0
0.05769058825949438,0
0.39511461313629864,0
0.11667585924480503,0
0.20070648327701632,0
0.5395574962305271,1
0.31705018195839174,0
0.022424614545702503,0
0.8210107606438043,0
0.024986914324547794,0
0.2809361224789179,0
0.07951402367194463,0
0.7767741479139763,1
0.03537301186415993,0
0.13593776940429347,0
0.8689202810776931,1
0.48122783287375653,0
0.40086678566290146,1
0.7323359488217956,1
0.018719172871524647,0
0.03522717728454126,0
0.7149799769407568,0
0.1976133599676414,0
0.5617003279844252,0
0.3972375232453693,1
0.26186636838412436,0
0.07345484527139491,0
0.4846229472038283,0
0.04534582821000507,0
0.06647653902334864,0
0.06518271357655524,0
0.024845253077815283,0
0.8004583936063673,0
0.038833062438411184,0
0.27319390975142904,0
0.8402256713812148,1
0.09489257729003783,0
0.21520046587230157,0
0.023880028134485497,0
0.002014958338555559,0
0.6706812112176913,0
0.10678618947071687,0
0.2893806537407735,0
0.18828599557266715,0
0.788143657896219,1
0.004697957053817999,0
0.012366268730102194,0
0.05889014518421655,0
0.06455830109008642,0
0.14211918871385487,0
0.8504161496013452,0
0.23278159895707642,0
0.01703157584220008,0
0.04006723084843201,0
0.015381715847038298,0
0.047809002064090146,0
0.007697498804299793,0
0.14019931702804994,0
0.07208388816750741,0
0.04257117758218187,0
0.005354162151826993,0
0.8259926193842058,1
0.7130180443133334,1
0.0932406697214073,0
0.3884818443334539,0
0.9564638473922648,1
0.030141527903900307,0
0.0005836666872709465,0
0.031272845318450315,0
0.0823889210490183,0
0.032716274084045475,0
0.023940316310154777,0
0.7163037195638061,0
0.20860301847449017,0
0.010522817265606086,0
0.051924370539483206,0
0.5061278945063594,0
0.07751879848168086,0
0.011962720396583292,0
0.9451947971452782,1
0.9451756282458588,1
0.037282126882077465,0
0.14530353983864058,0
0.030091979891801027,0
0.3637649746582917,0
0.05627115022314365,0
0.2885125519200227,0
0.03250776898906803,0
0.02135334077220342,0
0.017064965931351185,0
0.8027918697805134,0
0.17979678116152914,0
0.2804721360455859,0
0.11113350566782436,0
0.0014827471775134904,0
0.3376790885242994,0
0.42362002669836796,0
0.007335450811878997,0
0.00411757964897474,0
0.0008866970191914997,0
0.13949208876069866,0
0.06628734236477289,0
0.018808652689160373,0
0.001141223117395217,0
0.6876709321799263,1
0.9661189935824164,1
0.30996436355490486,0
0.14963023704641112,0
0.007750463059546402,0
0.0330873797114196,0
0.6312435167608873,0
0.0497713856109123,0
0.4963257046173362,0
0.09344800528996564,0
0.8338494156396005,0
0.1218043677106513,0
0.04006967734629951,0
0.6619593159861235,0
0.05591906124565517,0
0.003913666900112178,0
0.2949366188158466,0
0.08582487813140674,0
0.735379521080937,0
0.03683931124654456,0
0.026083558395463637,0
0.0862250095989322,0
0.17351194531696784,0
0.02448676734792736,0
0.0117009224002322,0
0.17354073853821358,0
0.006742883689902317,0
0.1405507508362659,0
0.7403975765177008,1
0.05456751533148545,0
0.254881800108284,0
0.9175114664303592,1
0.14630683688814744,0
0.22537264212938501,0
0.05216894181221278,0
0.11186788179304555,0
0.00047455089935682617,0
0.9318568437968365,0
0.3544843826879081,0
0.9737684961204895,1
0.17773832908584547,0
0.025862740749313003,0
0.09611131718910695,0
0.3433209844079444,0
0.07709241982777179,0
0.5004645945383168,0
0.002200237292742953,0
0.0017327837647584034,0
0.034123197522099635,0
0.5792152790086218,0
0.08431275902415959,0
0.11880120494648555,0
0.02861423553024818,0
0.9654053166848948,1
0.24379525639682198,0
0.09625454113652288,0
0.20430476810823892,0
0.051028184513844,0
0.15400715848381683,0
0.011230364478679361,0
0.49769617867319166,0
0.6921639884112525,0
0.5911771713473144,1
0.5089660262877531,0
0.7537380964433862,0
0.11652649544008893,0
0.027827780756137392,0
0.02040662053207746,0
0.047162330306673224,0
0.6893923356311589,0
0.2267637098203129,0
0.3114796323529908,0
0.10396858387831916,0
0.169641570994551,0
0.009486741825721933,0
0.2791125698159865,0
0.015726689110196534,0
0.3180924537788056,0
0.9528377103367921,0
0.05997122719691881,0
0.03461047994941451,0
0.08510093608189295,0
0.3544084481008852,0
0.5354948925856304,1
0.011207497505972587,0
0.7600349523108488,1
0.2864010085097852,0
0.025811066924854284,0
0.003477578787755849,0
0.048599182139216573,0
0.01680983261152845,0
0.3096365566418779,1
0.2911277120645466,0
0.0011850508682682605,0
0.0053616893829017374,0
0.4404772439447088,0
0.6759356264439019,0
0.030423437436789817,0
0.0026521869210818145,0
0.028585600770869028,0
0.012327550851868995,0
0.07134601418533704,0
0.012716797140774923,0
0.35366484976888307,0
0.05436438019239657,0
0.08838413767277727,0
0.10021017009355984,0
0.0005761810090578979,0
0.04548249796250731,0
0.6396138891116168,1
0.6626475705297954,0
0.1099512947500874,0
0.10378048832545789,0
0.3178372995987389,0
0.19556043598219577,0
0.009594869205892404,0
0.3203423321062534,0
0.5753280887598005,0
0.180816298737197,0
0.04683502791159018,0
0.5528713275374157,0
0.17403501169281288,0
0.10616107393689495,0
0.008128300167716051,0
0.7363780008668789,1
0.01183880745568077,0
0.010701032204778832,0
0.7031294659079697,0
0.06041412922911384,0
0.8825360072117276,1
0.2605418030414876,0
0.6574733767970101,0
0.3344318324814363,0
0.002608849760761853,0
0.3154814866396875,0
0.098757095157226,0
0.09718209960742419,0
0.7002940649279442,0
0.13203267092124332,0
0.24510871622056907,0
0.3989513362857277,0
0.02238898928539157,0
0.27584951046063366,0
0.015271180358497267,0
0.0170494404261999,0
0.4409091859292779,0
0.040142314254907586,0
0.27265776010744397,0
0.030653913058837676,0
0.006759041503912181,0
0.8638745821726652,0
0.11984950679974642,0
0.8851924868661164,1
0.02008169254096523,0
0.515671544029282,0
0.10550735317071307,0
0.1499915954365723,0
0.0330336473592858,0
0.07043390185157976,0
0.09250155007257656,0
0.9238036860860628,0
0.02115082369643302,0
0.6941393947247373,0
0.048415346396473956,0
0.04729907994547106,0
0.08775908411566843,0
0.0011654291894331755,0
0.0391530289411181,0
0.07752390781569857,0
0.7436715345441816,0
0.11249973302107524,0
0.8057758788097082,1
0.02545823486179505,0
0.5203347726577066,0
0.23705953943966065,0
0.4590263912484267,0
0.029091604145586442,0
0.023595513541826225,0
0.6523036852490299,0
0.6927295657073277,0
0.5481597291710912,0
0.9321591431133768,1
0.46025806502144073,0
0.014228381704397134,0
0.9079160093471597,1
0.5573608984555414,0
0.2291717453938202,0
0.02797679484437313,0
0.011334279200831899,0
0.1781916104111996,0
0.0863705033937968,0
0.11866418568113066,0
0.09466318475954918,0
0.47714809691589827,1
0.008408392385830217,0
0.046158214139821026,0
0.012751269224076909,0
0.10796491431429837,0
0.36460687313206414,0
0.298506577291087,0
0.21939404016914482,0
0.24901898304338277,0
0.29313810494747544,0
0.0260422380429326,0
0.0025255116772406523,0
0.19246573151913424,0
0.5170877550431087,0
0.011686960636529721,0
0.6230724402436963,0
0.023903752485376874,0
0.05452507836497832,0
0.09431760500854862,0
0.06335265204725078,0
0.32389605558930507,0
0.29972890726012563,0
0.8851680774843814,1
0.751046672997864,0
0.5639129767791471,0
0.02374969277065931,0
0.16228986525517602,1
0.05368365987579966,0
0.054123822714186046,0
0.6383870923188789,0
0.4231803327058438,1
0.43905858346792725,0
0.21939636396079415,0
0.6153096642116089,1
0.002990011446787717,0
0.20840715620640166,0
0.2768511563896425,0
0.018123838433933098,0
0.04805191276068709,0
0.9291414073110675,0
0.000627104322700404,0
0.4763783961327722,0
0.1269384087455059,0
0.5283645694345527,0
0.08842586712910515,0
0.3475218399062874,0
0.04557693765135232,0
0.8697934674171516,1
0.14923320568429088,0
0.7542922668236786,1
0.38687091683811053,0
0.150572787503398,0
0.23955683840358935,0
0.15774176329310519,0
0.6126919003367476,1
0.14366785583198688,0
0.0017640873926828711,0
0.7014159719203683,1
0.0010592623142868913,0
0.0024890728397604376,0
0.17136279635446514,0
0.002982498864222183,0
0.033357723038787944,0
0.1374050718595777,0
0.10412425277377164,0
0.6662548935156383,1
0.07172813749812938,1
0.05798718333681878,0
0.008199828574070074,0
0.14592547053288665,0
0.08027636067920801,0
0.879211195796517,0
0.0835822508604729,0
0.0009465614882361334,0
0.02561218610999022,0
0.07690317614267342,0
0.014761385582311253,0
0.11218234070741306,0
0.03191058931657225,0
0.05273996677891029,0
0.03047433481169458,0
0.7063179092966783,0
0.490914054628049,0
0.03666247622251827,0
0.6260854267815626,0
0.02288746074271116,0
0.5430439804113607,1
0.3151170000467407,0
0.002011684398114156,0
0.0019490618483630209,0
0.6743679594758409,0
0.02373082756769884,0
0.42991869891827555,0
0.6143966554649455,1
0.5057488437953674,0
0.47894380023183514,0
0.05999636411302967,0
0.27245095018327437,0
0.3810451166731221,0
0.11449763672004208,0
0.14996101155507474,0
0.033716818812972366,0
0.5413232038888963,0
0.04798741423984692,0
0.03330704225878569,0
0.011678779473695146,0
0.5775671593954231,0
0.11625342957625515,0
0.16248521429950388,0
0.6550037568863805,0
0.34382589393551605,0
0.029296478375618943,0
0.001219495957106452,0
0.07177380873771419,0
0.004031515779358468,0
0.1094395463581224,0
0.014472176278117147,0
0.10020307154796633,0
0.5123322011481525,0
0.12370306238677294,0
0.12124604279725557,0
0.7485374631617858,0
0.23781110405984718,0
0.5470128974264353,0
0.13369770603417847,0
0.1172624167102675,0
0.04584501994745471,0
0.4749513477839109,0
0.39611625776154613,0
0.006461980098467053,0
0.012161884754555173,0
0.14661215266001984,0
0.01483431481422299,0
0.011880950924886611,0
0.41649385951900647,0
0.07212297199978006,0
0.27575034347818256,0
0.08229980293196956,0
0.03468797208233467,0
0.01284768695330122,0
0.003511703680949593,0
0.009256831775569132,0
0.24123067620886032,0
0.4409564457417407,0
0.0533312606924448,0
0.8565461249556462,1
0.014305530688795224,0
0.3401008228904946,0
0.0378157107926525,0
0.6816877654592819,1
0.1446831203831456,0
0.10956552177724382,0
0.1945529380049303,0
0.02264975452797051,0
0.760541422447665,1
0.2248910736956861,0
0.2667257035848153,0
0.1102332097573086,0
0.017715317369633856,0
0.02343386037505189,0
0.037690524465812746,0
0.2720007742522434,0
0.0028870423519068004,0
0.4678843716848351,0
0.1625243731798168,0
0.2805279775734733,0
0.03154509706577393,0
0.8558392048816401,1
0.7092793926496844,0
0.43162437661931113,0
0.02061077707298157,0
0.8594108837987076,1
0.1541575096270482,0
0.8451221955700753,1
0.6547081965805429,1
0.17747440982440987,0
0.425274729956806,0
0.009948120385775316,0
0.0007973207646749843,0
0.443333702192084,0
0.5547064619762846,1
0.2615777189918859,0
0.07326940317747736,0
0.5375452669346609,0
0.14671471772669387,0
0.0077130749817744815,0
0.043418763220227065,0
0.09241854587575028,0
0.044747273707427315,0
0.8685627981883915,1
0.45673435405584994,0
0.024665147273285056,0
0.14227412273412132,0
0.15152773253022886,0
0.6303146166135198,1
0.2995523631842339,0
0.7629131556568651,0
0.16226409909629957,0
0.015455287930917464,0
0.05189479132651181,0
0.032419362554287096,0
0.36953992324864016,0
0.10112257289890118,0
0.010532482554077278,1
0.04085526140272966,0
0.07921746131227363,0
0.03932579383058052,0
0.05133914529760776,0
0.43691891125665266,0
0.2761570234635739,0
0.17989185923373943,0
0.08317054304594021,0
0.23506316971470037,0
0.29040668084888577,0
0.04619628741057148,0
0.7787515624835339,0
0.003556014449992963,0
0.18787765017785543,0
0.06638672598419809,0
0.10684831198290164,0
0.5444097344740358,1
0.07053625050082968,0
0.9083692559042216,1
0.011766428531234734,0
0.039264732763420414,0
0.23874559366734346,0
0.4074148995534878,0
0.2793286173794576,0
0.031086961752883197,0
0.8715012514019108,1
0.4171894465040589,0
0.0009178219006328728,0
0.18408573718634613,0
0.1581150977186785,0
0.0008046631241614786,0
0.5333653367650097,1
0.007219093027003352,0
0.15178768434598974,0
0.2547950655142222,1
0.013162182248246473,0
0.18986811439698845,0
0.033544906970218176,0
0.506952289698622,0
0.5118488938538067,0
0.013028823276294912,0
0.7805809763470734,0
0.1285286092948469,0
0.03395114692213761,0
0.05667460859511186,0
0.03848284332168387,0
0.014750024334564009,0
0.034618123289927735,0
0.19030633307534472,0
0.009281836231992623,0
0.00838648610715056,0
0.0785936952027304,0
0.04107643603191556,0
0.4548078325974967,0
0.39678965398511357,0
0.01929436004194567,0
0.0401761258908637,0
0.16941849256657243,0
0.22246151456509322,0
0.5872164356161154,0
0.1499626461131019,0
0.32139043619398844,0
0.39152607282859037,0
0.24941815656487912,0
0.3211489868181783,0
0.7806296015865634,0
0.3831722668966362,0
0.0003400940392862089,0
0.08842128112880615,0
0.8671745915588599,1
0.0345417916029183,0
0.21610695562909188,0
0.1313307180434963,0
0.7639725347657486,1
0.009754245194293406,0
0.027312220783882773,0
0.015660876674806628,0
0.02317271239752728,0
0.74495660411719,1
0.2634760707743144,0
0.17307490079761936,0
0.014546643563499153,0
0.11508334905587751,0
0.8476715600213768,1
0.06492521062489619,0
0.07101059098633482,0
0.7245492226222665,1
0.6298397437016459,1
0.07471677943439839,0
0.297629924132917,0
0.8975058049610568,0
0.23320683925794683,0
0.6796578772798879,0
0.03887197613488047,0
0.5463365559727594,1
0.05569263499964602,0
0.48410920874618346,0
0.00953196426773789,0
0.0006185993041827875,0
0.050234845658325124,0
0.056442447236154415,0
0.7955940338097761,1
0.09414498490783522,0
0.031936531537854335,0
0.00010132705405387258,0
0.014285059318047898,0
0.03467675618408339,0
0.4389454086828782,0
0.2730559822833406,0
0.3084797690293322,0
0.04135705177364455,0
0.2011271042050758,0
0.053331978673905565,0
0.0787284931950245,0
0.08846663962073632,0
0.2585057655423469,0
0.6274240750910132,0
0.19177472689711972,0
0.004960864572666954,0
0.7992296077375443,0
0.03179288903072286,0
0.26360510671811443,0
0.10835838454053894,0
0.04398992789868774,0
0.33084039266484033,0
0.03498363026810846,0
0.035049816211498545,0
0.2057138521801618,0
0.36229341870606546,0
0.14561656013995747,0
0.5888700922880171,0
0.29144226413040947,0
0.6368698097438805,0
0.23074434320194773,0
0.009722218385782029,0
0.18150481246879754,0
0.19221251303882803,0
0.40658467592484404,0
0.001967564198043424,0
0.6448869105410278,1
0.0933989379054758,0
0.018915175990471374,0
0.0315603958353107,0
0.06352558239804341,0
0.004518929678249262,0
0.9086733712512832,0
0.15826304587903564,0
0.5498042270114258,0
0.016339112821547624,0
0.4524259310743971,0
0.6448091904055727,1
0.30348620236411566,0
0.02417629205104125,0
0.0015108729414137626,0
0.17893128736942654,0
0.04754520099224361,0
0.9001482835342115,1
0.07515302097218851,0
0.07751827239049756,0
0.024561151556090795,0
0.1451625641749894,0
0.002681433189678951,0
0.009664860814338486,0
0.4732034558722589,0
0.1937723116577239,0
0.6920072372455739,1
0.0038655482601404846,0
0.01875852954998006,0
0.5506932589433078,0
0.044228542047559376,0
0.04174899835844402,0
0.0011147935938859294,0
0.0004964037362484524,0
0.5419143483887987,0
0.17050789382675585,0
0.2718713882667059,0
0.29299588295371104,0
0.8577736241311932,1
0.7521657915076841,1
0.03116757482070464,0
0.00284202994069301,0
0.05729410704038005,0
0.7113232105644361,0
0.012842164668360903,0
0.32555365094925837,0
0.06966513724341915,0
0.6540315819305876,0
0.7904264502074354,1
0.011762386656273672,0
0.7702042272643691,1
0.22677636123509895,0
0.8698456104687158,0
0.060977531618308864,0
0.4122735240939672,1
0.3292744456344002,0
0.020535160426821263,0
0.030150584678209344,0
0.04420002529759978,0
0.4554893183689892,0
0.3314268339961519,0
0.015093646894133951,0
0.038563081772063926,0
0.015386942014602672,0
0.4958622092777419,1
0.08641669568996134,0
0.08319173823533682,0
0.29784334240734694,0
0.08409378812727882,0
0.011788557437165323,0
0.09544857074868988,0
0.3367878061881106,0
0.01538100791483902,0
0.0007515861040227608,0
0.1053153871443969,0
0.12030812794319233,0
0.029999402533047982,0
0.16232777226574613,0
0.06900815194002569,0
0.420211337008743,0
0.06209217702978958,0
0.2349591777567502,0
0.045949289241961296,0
0.03211177903190105,0
0.7901013490845272,1
0.25747346980890984,0
0.11956468226025074,1
0.04690204719498911,0
0.2816172341377497,1
0.21196925322239704,0
0.42637964719496446,1
0.1484939669318874,0
0.6440743938854663,0
0.241117251645545,0
0.026435400700252493,0
0.4416851033999245,0
0.002978192857367231,0
0.22271523786806371,0
0.016115481020224823,0
0.0002616840478897355,0
0.43768787547805377,0
0.03708169822545434,0
0.15000769404250489,0
0.10772907221013898,0
0.6599369046294312,1
0.6057594834536599,0
0.09731031259132032,0
0.02688970590765397,0
0.05923520814518575,0
0.01332823631915601,0
0.21170289795560873,0
0.04716058586424932,0
0.01579911383464576,0
0.12019654328951056,0
0.11464554193740578,0
0.010195149805000012,0
0.26640771754213016,0
0.3018928952444703,0
0.02513569555115029,0
0.45034488393993194,0
0.09494401559514286,0
0.07986331947182074,0
0.25923155084563626,0
0.02802394027782426,0
0.1390769934471938,0
0.03251393450468958,0
0.0004484750817033168,0
0.03538988913547138,0
0.023859361982769233,0
0.17983481818579353,0
0.42461379348716655,0
0.13560944441580838,0
0.3848897965428983,0
0.13343376401366958,0
0.02083382118538452,0
0.0209711116611578,0
0.23951474353137053,0
0.3132477872040217,0
0.03195009607217721,0
0.6897817284776968,0
0.4894374928232463,0
0.6673768763054524,0
0.03597585341206911,0
0.036183949172303186,0
0.04090948828119343,0
0.1343611751214808,0
0.20936503003746162,0
0.010583803336522877,0
0.08162068260881777,0
0.14763217384605967,0
0.1664811313931101,0
0.0010193025005591752,0
0.09398511530960664,0
0.16418049814757055,0
0.009145312896521544,0
0.08347170116020604,0
0.029403883402924685,0
0.8858706157633608,1
0.2251658637837813,0
0.26545893588302666,0
0.6389517346618773,0
0.06299486422877904,0
0.02295610881873083,0
0.00119738416604,0
0.10524945314118696,0
0.6499360091014557,0
0.3936941215414776,0
0.32953029889147023,0
0.059614144114406124,0
0.017633375869647,0
0.01786273005684361,0
0.3606480879202852,0
0.3249927585499751,0
0.3674266733963309,1
0.13535267784923466,0
0.02508949654630283,0
0.09829102121758561,0
0.6619990654760396,0
0.4361476907559383,1
0.6446576636577396,0
0.2469974227544861,0
0.018265174472218915,0
0.027648804586060827,0
0.5405751878427109,0
0.25037732946095664,0
0.12649264514648237,0
0.07890718015509865,0
0.1356726300721604,0
0.7754355294405807,1
0.003194636239777242,0
0.7775503786210166,1
0.016928768091794336,0
0.04787990043600586,0
0.1970348500168742,0
0.017602028812399598,0
0.4054134079036341,0
0.02077953442128852,0
0.009725692446207922,0
0.007316922887896425,0
0.07036190523799121,0
0.005233834564327039,0
0.5350072433177124,0
0.04573268705505824,0
0.06731028172460898,0
0.4877819503148935,0
0.5230760321118333,0
0.07590058397739151,0
0.02832833296555979,0
0.8662988794749771,1
0.013980228224051145,0
0.004011179959036714,0
0.06211278063452661,0
0.08138966586528931,0
0.012593575069182112,0
0.24822851719885472,0
0.058061916975187144,0
0.055199298643796114,0
0.0979762456373098,0
0.7667445670572332,1
0.17476060976615918,0
0.580859730712256,0
0.20352711387966346,0
0.5872828881486797,1
0.5576261776106832,0
0.097209402787961,0
0.027017788913208097,0
0.5371042321554095,0
0.4547017229979792,0
0.6264661602992007,0
0.11147318949089578,0
0.09651888680092317,0
0.12194428568547068,0
0.0037144052641966425,0
0.0690747142996563,0
0.12562569474990978,0
0.012600336054749412,0
0.1998494528142105,0
0.0017792504352027302,0
0.058230943236706634,0
0.179535888410293,0
0.02510441524174286,0
0.13168308416926444,0
0.01060884440100626,0
0.01572132719375306,0
0.13091167260780354,0
0.010907810369266798,0
0.29374579291785724,0
0.32892395138419467,0
0.0033540985708945467,0
0.5558629821761154,0
0.12250567925126843,0
0.15088445163323683,0
0.830036688338536,0
0.002045863459206744,0
0.10415428717101664,0
0.021987793056709556,0
0.2442795503077561,0
0.02228957373750135,0
0.051312488332354134,0
0.0039397678142030984,0
0.2831252608761921,0
0.5014704524286565,0
0.009521158851245768,0
0.17186254789043626,0
0.8533487524498599,1
0.22141011333115335,0
0.14243980357720712,0
0.2083053470031213,0
0.11197524374247066,0
0.10313236491736627,0
0.17558067728656387,0
0.09949021694871904,0
0.09668569668613326,0
0.05710202753050406,0
0.011488144548455238,0
0.011378430887815651,0
0.05084323039665066,0
0.0578397586185687,0
0.07703469521404618,0
0.06864659690419492,0
0.11469068127066503,0
0.7725385298928582,0
0.017753745532626396,0
0.31038115650732895,0
0.30737820412183464,0
0.01568399385169403,0
0.025169116691392778,0
0.031006388387922704,0
0.004062402708240434,0
0.7013118503836405,0
0.00014497300159954773,0
0.19797345524118995,0
0.2146026614622029,1
0.31706974202109534,0
0.00457472072134643,0
0.019488843491482076,0
0.011116633496632406,0
0.010940897021528543,0
0.05293833831240633,0
0.40197900470137876,0
0.002208305957788862,0
0.0064732734678719225,0
0.00030088750215794463,0
0.17582575433115974,0
0.06570649292789404,0
0.0006409658227412021,0
0.021705506048071616,0
0.13533650883468765,0
0.46641446075338183,0
0.10665408641448129,0
0.19151091499759051,0
0.4364677550375419,0
0.5281883907262381,0
0.02459441489826984,0
0.013367723778630578,0
0.23513039125192697,0
0.0015874354709858587,0
0.14725148888441467,0
0.085696396143488,0
0.0226062632310327,0
0.415159097961065,0
0.30362957032920407,0
0.13145326672166288,0
0.00905620953569581,0
0.05250225425585603,0
0.005985885827990265,0
0.05858271921014438,0
0.11836206038056862,0
0.21666906970129746,0
0.0898738768278027,0
0.03374309860048078,0
0.017704888055806313,0
0.06685887976326921,0
0.09050151787068178,0
0.002626812204840018,0
0.2382488845346118,0
0.25506383904184093,0
0.30831701491168606,0
0.05970520133649661,0
0.0013776138870815011,0
0.2426950110317326,1
0.5611170925349221,0
0.0003058389038621676,0
0.010874104678129288,0
0.004600714100587682,0
0.10042653332366562,0
0.014232987107482357,0
0.9211844969580492,1
0.05131851653300637,0
0.04676072638117567,0
0.41619937371146765,1
0.0039524407721116496,0
0.009668685285641694,0
0.05031645886321653,0
0.01195952441611735,0
0.15561750065297253,0
0.4525578894635072,0
0.04975736457310911,0
0.4375655905318319,1
0.00708469748961705,0
0.002696945530636628,0
0.2570251174705407,0
0.09610495421413287,0
0.19891616974812001,0
0.2609270203778876,0
0.026342091126076526,0
0.10968928809993975,0
0.3026729981882154,0
0.5193150761119373,0
0.0005706777670760552,0
0.022807404361687628,0
0.07816758150078622,0
0.11998615086546573,0
0.21717741462642776,0
0.009403874768074666,0
0.007253210439712115,0
0.656878574925125,0
0.359559202007868,1
0.002532306289491495,0
0.037719064937116104,0
0.36115913917270304,0
0.011827834086409432,0
0.008773933576375018,0
0.05153676830843795,0
0.05090883265945867,0
0.1544681432468215,0
0.029458701618660023,0
0.0007278697083584137,0
0.2640605162805483,0
0.36543670776999854,0
0.004405214741506349,0
0.04886081200130549,0
0.009771383391533026,0
0.2191350291263792,0
0.08153447029110131,0
0.30798610912033175,0
0.005847348211929064,0
0.039026965292468796,0
0.001521004901713384,0
0.19903230904747646,0
0.10670617433860051,0
0.0033147348259324138,0
0.48149890743514157,0
0.6170864567686175,0
0.06158875996198919,0
0.7966711902901623,0
0.004857640854982357,0
0.053270019487964004,0
0.041486802324123766,0
0.7500962702664085,0
0.011938127808754634,0
0.47473186137720963,0
0.03730317208771396,0
0.06502310696185266,0
0.06729432959494674,0
0.017645616752746944,0
0.4503896712716693,0
0.7348427186879066,0
0.13806664860204426,0
0.003762954189195169,0
0.14883386993547176,0
0.016132456005892137,0
0.7954580815405983,0
0.017029642330572546,0
0.32907025638377374,0
0.01988438224491986,0
0.03342488740814533,0
0.006218795830054704,0
0.042546266065976356,0
0.5261977334710407,0
0.774555350466064,0
0.06793373338055779,0
0.017306289438036825,0
0.04821746850357171,0
0.0056726832096870294,0
0.3370019558512448,0
0.0010670791430406985,0
0.6438524985640544,0
0.008831630280505941,0
0.21608059446352243,0
0.43679153878667215,0
0.23318548334385814,0
0.5155729974021774,0
0.6323267726762288,0
0.01452608176949684,0
0.002551287983130755,0
0.6032796652126968,0
0.5285488357828049,0
0.5054817517728837,0
0.010554819936547645,0
0.14791958367601,0
0.49134667323846243,0
0.035801021737052734,1
0.03086327773447488,0
0.09748419172929351,0
0.0011131961236984607,0
0.9321989621084529,1
0.004181779535112274,0
0.5141322824033047,1
0.15632716104411692,0
0.06258181614220179,0
0.2717331812286509,0
0.08069341901100693,0
0.0926006549935987,0
0.19077605036308665,0
0.024364777314483377,0
0.6904371231338307,0
0.10896161475841203,0
0.1399427759122847,0
0.1885826634633027,0
0.010866914871949216,0
0.34563993303505597,1
0.034064443104158966,0
0.04119826975843645,0
0.9364730878712958,1
0.010832106832613878,0
0.1143554184419712,0
0.05637241416048972,0
0.20462072264138467,0
0.04797176093553577,0
0.05989439025199304,0
0.1139595155915673,0
0.22886134897493954,0
0.31051620707604366,1
0.08241559572213751,0
0.141469100587735,0
0.04219146357510552,0
0.41843656639628973,0
0.672453817632414,1
0.587781138310944,0
0.08193073756834568,0
0.007938808717058128,0
0.052827718188960635,0
0.2626667207090215,0
0.2625599002437001,0
0.02185696629143811,0
0.12242968695120748,0
0.30852841113355195,1
0.0164507403625921,0
0.5551974128739667,0
0.15718100971667442,0
0.7105239214339397,1
0.03478507572797337,0
0.17811250500095382,0
0.8813893768675214,0
0.022995830354570482,0
0.052179848491599574,0
0.5534554074500508,0
0.01696744914786224,0
0.00045002088557759035,0
0.10916157601244048,0
0.06778988408770709,0
0.7031451204586474,0
0.12731679818891878,0
0.028603090017276393,0
0.01127301238054722,0
0.11468421057843423,0
0.7633156424738797,0
0.49267718028051416,0
0.03711182652889266,0
0.6840858262864755,0
0.3154554852060977,0
0.2935611629271274,1
0.10721745211516988,0
0.010162505087035518,0
0.07180059696397365,0
0.4292117741640399,0
0.06559601291505067,0
0.0008841038433504517,0
0.2108688432038679,0
0.37629702389969205,0
0.1786103257196345,0
0.19662304685071416,0
0.45933734785320185,1
0.5192295574330567,1
0.3237844617269652,0
0.0043571496731876205,0
0.10055483989673422,0
0.0849482332572408,0
0.4474675428721426,0
0.17520720284385566,0
0.9360717459376007,1
0.01105994171973275,0
0.4458550638467317,0
0.035654290315432706,0
0.32767898680796864,0
0.2729637862051042,0
0.39607811133208737,0
0.08064246954767176,0
0.5377633410633494,1
0.4740500265074814,0
0.1158414178397103,0
0.0009549858843372746,0
0.20399922476417426,1
0.6311553907371412,0
0.7742950107693168,1
0.5155374159704201,0
0.4905462296925468,0
0.029368402317656948,0
0.06187864090329153,0
0.008563627748221357,0
0.07189677790882616,0
0.323770644827441,0
0.70303644586191,0
0.0071314960621456855,0
0.09731579374811178,0
0.13652750038777817,0
0.015900848522668275,0
0.8380360165362922,1
0.9352445032303184,1
0.1060014707034605,0
0.23660133818561693,0
0.12121756529391964,0
0.11545947183344063,0
0.07668750255034015,0
0.17681900296114597,0
0.11027140359806288,0
0.02522131342530255,0
0.29411544717260335,0
0.027150723455840253,0
0.6081971535433226,1
0.18875037327978378,0
0.431474557346383,0
0.35273119471576014,0
0.32203254922468405,0
0.07370185777362499,0
0.9022171550688741,1
0.14243247708365928,0
0.36749015569790444,0
0.18446337470991192,0
0.13739776710640053,0
0.2700817095794573,0
0.006490393351233284,0
0.5551186714665239,0
0.7467047800541707,0
0.0009615549344340672,0
0.05050219692352363,0
0.47629256241202356,0
0.2057019512841147,0
0.23128072689800652,0
0.01904361616196836,0
0.8044401172640183,0
0.0077188083962330956,0
0.03112337212628165,0
0.031591169425863944,0
0.03964355069999637,0
0.3082104179804972,0
0.007838168206533318,0
0.22542516314435948,0
0.21012569335176004,0
0.29915912833985486,0
0.27759570913012754,0
0.27363689115059514,0
0.4360586689073215,0
0.839441341749621,0
0.11362862953728237,0
0.05015129467002506,0
0.8033229344414875,0
0.011769507630603995,0
0.5834588953828558,0
0.14041655189212618,0
0.040837029922375194,0
0.017964152120137734,0
0.5239503092838849,0
0.5340190187063114,1
0.834207026107565,0
0.3673985009486958,0
0.9443146994654652,1
0.05908674803697103,0
0.7779223586962584,0
0.21969792580567823,0
0.7056919895946602,0
0.4282972170097023,1
0.13813800339072366,1
0.3431997577907094,0
0.06001445443268228,0
0.8489662564550825,1
0.30492023353206854,0
0.024243013669358604,0
0.06429254327677258,0
0.0521338127625541,0
0.7174613713479528,1
0.5932207469401085,0
0.005566114529904172,0
0.6580404472856682,0
0.12699654421136652,0
0.22668422270824432,0
0.11262615719251659,0
0.112332243011671,0
0.058851275998433907,0
0.6849740568397084,0
0.35592856484528174,0
0.4250527204101568,0
0.014010732170380756,0
0.654347554206302,0
0.022123342829421893,0
0.1560050219886633,0
0.15049059739945445,0
0.06168253687285767,0
0.03664783123186285,0
0.008297386374453531,0
0.08775162730736322,0
0.5692463223361519,0
0.894756791702804,0
0.2753762490770897,0
0.3074485709097512,0
0.16035609307788223,0
0.759075275940747,0
0.1546897036332437,0
0.8201502271395911,0
0.3094157338187459,0
0.27926093266979934,1
0.41637670011405264,0
0.026268729946725387,0
0.5438961431112911,1
0.03255994165595888,0
0.008465043097661868,0
0.11859525976132955,0
0.6784288924433399,0
0.6811090209903953,0
0.32605590706094484,0
0.0021313023214608938,0
0.0789024152065801,0
0.12809267858488244,0
0.44134806641039,0
0.12056594706494897,0
0.11470480798050581,0
0.006784598792223482,0
0.22764229581652362,0
0.02250625030605262,0
0.4262735104789074,0
0.5283549580560148,0
0.020201514040652107,0
0.84951044578136,1
0.01439664946484017,0
0.7152678330255935,1
0.023456179098739503,0
0.029300906574180854,0
0.49428801646293696,0
0.4065693677878229,0
0.5135041641964253,0
0.7528464060868002,1
0.05492799979687763,0
0.02829085761565315,0
0.5319185014228544,0
0.8364025515196069,0
0.29244485437820195,0
0.06346269083033682,0
0.4670699510920329,0
0.10461246651270396,0
0.1553186982742183,0
0.4632491231139414,0
0.015888998364187758,0
0.3443997316020298,0
0.03225544328058333,0
0.20277488344565028,0
0.061648088321098915,0
0.4373433016070707,0
0.035520385730187426,0
0.16184465267144973,0
0.057892401909663306,0
0.2920330829012794,0
0.865521039620407,0
0.050350175951334494,0
0.09655186066774081,0
0.01556091814802632,0
0.030663437280746393,0
0.0028142030707689596,0
0.008589968957820722,0
0.004676228811820152,0
0.06118400136413717,1
0.36543109126154366,0
0.47390297865648384,0
0.5618234448581971,0
0.25656948297895427,0
0.13225573122833045,0
0.2304892557722351,0
0.011405013172372542,0
0.004017904863803479,0
0.24546705168807356,0
0.09534091726775666,0
0.027767145330741122,0
0.16157658371960396,0
0.16918569661039437,0
0.23088692500502206,0
0.011379952090944691,0
0.01697535567768586,0
0.1652315969732609,1
0.030842857110685448,0
0.0017193846957511247,0
0.5283902842208633,1
0.02636146568841822,0
0.08331821075474785,0
0.06580937090714722,0
0.0032982087857019128,0
0.07970181977883377,0
0.1409648302257828,0
0.3920625565286534,0
0.2183627458522881,0
0.041196644824483764,0
0.041361234625843755,0
0.027125169529585283,0
0.07736594402199215,0
0.08392804543297672,0
0.7125868687980186,0
0.29642352035796926,0
0.25112290794153813,0
0.0004978227701033046,0
0.10023467334896302,0
0.818186406904104,1
0.12208900124288295,0
0.5438499879685396,0
0.002376747873384001,0
0.7054412416983076,0
0.2364813719960066,0
0.4391088131564207,0
0.3446810619554904,0
0.058164081741033484,0
0.3174550760548018,0
0.0055087978391454495,0
0.4030182615140128,0
0.029819506066956283,0
0.015269592036436247,0
0.046039899751252646,0
0.01024539838488951,0
0.5983568507399476,0
0.32834753634166575,0
0.07269326791333763,0
0.10638257301789288,0
0.7612327309893533,0
0.38884638939193994,0
0.02680917564839672,0
0.6401836138298083,0
0.5643704979929759,0
0.04675527369644492,0
0.11373216613940135,0
0.002571319965006127,0
0.3880095341063141,1
0.029615902350711647,0
0.125126192678812,0
0.6799907994788477,0
0.04549128089041365,0
0.7242590407896614,0
0.02455174433545525,0
0.11260973246537753,0
0.08313815102902931,0
0.02517896770355287,0
0.546803174019419,1
0.810289089223679,0
0.0642227643866661,0
0.481985677697176,0
0.9122031801521437,1
0.06379799165284354,0
0.32605694902088894,0
0.00644144132390796,0
0.43503173007102847,0
0.0023493328235733384,0
0.45954304136847324,0
0.2802824754091873,0
0.2972141461535333,0
0.677014455260606,1
0.03457105127830745,0
0.16608470220586175,0
0.08025218457836139,0
0.32407493508741825,0
0.016513363515002214,0
0.24556947666679585,0
0.07464260275444533,0
0.006253682890437499,0
0.059434930170342196,0
0.02590234750331057,0
0.4714676817316454,0
0.3608341147914043,0
0.25392084003724547,0
0.008718201048056706,0
0.5464826015441704,1
0.10557376776798064,0
0.37107126695911485,0
0.024789658768705893,0
0.018952440132622612,0
0.0998791441033306,0
0.0016207295280388726,0
0.01408983797796912,0
0.29122311500976567,0
0.17344029507180336,1
0.6965379602962816,1
0.0030361214999503412,0
0.13416093578055252,0
0.02599914764965108,0
0.6845524340985626,0
0.3896377194800844,0
0.1060541725340666,0
0.23623266457774256,0
0.017819560446501407,0
0.05354529413599179,0
0.0971373092488024,0
0.23951880664364358,0
0.8659485439144559,0
0.9531375438114295,1
0.1418257726970343,0
0.247080918773139,0
0.814379330205188,1
0.40703129708328617,0
0.006395212349103367,0
0.7481470566714439,0
0.11171962546128852,0
0.05182274938558891,0
0.037213748598334734,0
0.41991793200451516,0
0.09644785567528966,0
0.09427008439386862,0
0.13183365257271862,0
0.9086194640186479,1
0.12062991600808745,0
0.0052658858653331225,0
0.23179012325133438,0
0.527221761163734,0
0.32622465187075855,1
0.07905722032343818,0
0.00029374978794233046,0
0.040227591828923596,0
0.49942491230073416,0
0.13067202890238555,0
0.3364046363509245,0
0.7055004141204454,1
0.11820048802904813,0
0.6245011260526013,0
0.5919001422719671,0
0.6530245352538208,0
0.02347711445202183,0
0.1251853346642931,0
0.0033380527410676723,0
0.5145426963435012,0
0.3109646395103796,0
0.023659825113226833,0
0.1637281157962864,0
0.19817803833522465,0
0.33126154926020207,0
0.04381567467951983,0
0.09218035323825913,0
0.09282193885487058,0
0.04931105196429949,0
0.03355585787917072,0
0.04675553928205369,0
0.010698189415713134,0
0.2029002915851325,0
0.15088417959315942,0
0.020515143931869418,0
0.030879405590157425,0
0.017330726481991094,0
0.023679896783600725,0
7.533909453250555e-05,0
0.7355897517086698,0
0.0073365553848480074,0
0.027517448065899664,0
0.10922758601593589,0
0.019257356877088398,0
0.6119615094875036,0
0.0211041566047627,0
0.053722957052329795,0
0.1766524501625649,1
0.6206416722534384,0
0.15361195030328795,0
0.03910101640888147,0
0.11844373405773165,0
0.0005173392808768857,0
0.7131732782418542,0
0.05269634523167817,0
0.8529014722727709,0
0.02177739696350219,0
0.08705796999181586,0
0.06974794615434272,0
0.7769044895398474,1
0.0008958777417816276,0
0.6953985654735334,0
0.003495814101769228,0
0.09591120041211415,0
0.11996374649133387,0
0.010060219568390058,0
0.33374764776132904,0
0.03371925987496559,0
0.0830382698958345,0
0.27744613284015973,0
0.004715135939321708,0
0.1681769307354007,0
0.07712611992806348,0
0.23282097085999426,0
0.6042655615043355,1
0.11534650179940105,0
0.6626865084487715,0
0.004018901498503648,0
0.327544817328532,0
0.001882310190038928,0
0.06799613855502055,0
0.9172732193740512,1
0.30019701982773267,0
0.06478092177375232,0
0.12259613211656832,0
0.08392414174781054,0
0.3706748064498896,0
0.005916285234630352,0
0.17773651412107433,0
0.14521319799278964,0
0.8317401495158703,1
0.2370949470657109,0
0.0019463677826163993,0
0.020613835627153954,0
0.6334618569227907,0
0.027821301005005607,0
0.05536968543613803,0
0.05358471563093237,0
0.8600867816173627,0
0.576632955966824,1
0.26336162340288327,0
0.015625604577174074,0
0.31979091722642466,0
0.32410955341531833,0
0.12497871850586295,1
0.06528814578684594,0
0.3428328912020444,0
0.04017250838292133,0
0.8832088132398174,0
0.06154161549548213,0
0.5588450926159916,0
0.00827786705616115,0
0.8831773789967371,1
0.2747338921029919,0
0.5642430009801221,0
0.51140022798731,0
0.037286457761193235,0
0.10349262786720947,0
0.08869248711690964,0
0.10135102109566178,0
0.08635467539291289,0
0.1263641583938952,0
0.1274314514891568,0
0.023975059919993894,0
0.12540313412633514,0
0.11038867766535926,0
0.09378268670195801,0
0.06005564669961914,0
0.03963706693281279,0
0.7314160172192814,0
0.3147716173935663,0
0.36341948276456765,1
0.15588062615992523,0
0.07317909178773499,0
0.8767879921939591,0
0.4759806483211908,0
0.9650164453359931,1
0.010290522461543578,0
0.058390437622653724,0
0.06504668459274203,0
0.15540830021143315,0
0.055964240594538826,0
0.08824527464428761,0
0.047055534687065095,0
0.07111178261367064,0
0.019453243952177793,0
0.6436453883350939,0
0.028127049883587628,0
0.7829132901971756,1
0.6493315644677649,0
0.5622817639147066,0
0.05789375425392318,0
0.8966202468705274,1
0.02205171082088734,0
0.24039878060223321,0
0.4744539895154068,0
0.3181095412739934,0
0.0066711176542656025,0
0.054977720347012475,0
0.2907749915412233,0
0.7921758494540766,0
0.5770848992962294,0
0.026522473395093678,0
0.06901996134700276,0
0.04055223560559888,0
0.09381455239968804,0
0.0233514890136962,0
0.2382073726991442,0
0.008543381719640458,0
0.0674704290904275,0
0.14475519179105287,0
0.04218255872700943,0
0.1615132284076013,0
0.44564553828469927,0
0.43950889532558113,0
0.0689774060026616,0
0.48457576878069536,0
0.2234279850737311,0
0.11464325264778467,0
0.026923706123760133,0
0.36400208537044015,0
0.05047589825551586,0
0.3675224743303604,0
0.816638839382126,0
0.045923494624404516,0
0.03279387547294023,0
0.5241378004730873,0
0.0169543793617608,0
0.20243846590361153,0
0.0123027243066679,0
0.1967261083741342,0
0.10186635741342207,0
0.06601770139590922,0
0.3575108534322162,1
0.410447009034575,1
0.4092509434193277,1
0.03829840159527064,0
0.10472043364721634,0
0.720571729793634,0
0.03182478699611296,0
0.022061729130098663,0
0.382577763082905,0
0.054699926939773595,0
0.8021171921973035,0
0.03902683218803327,0
0.15038432735952265,0
0.06644443859379774,0
0.07680211185639348,0
0.07501530500267711,0
0.1364641871316613,0
0.7138315301015906,0
0.015326768804443322,0
0.07379495859709473,0
0.034244170455959594,0
0.33539662385805635,0
0.0011666944872751764,0
0.2629291278077223,0
0.3573167537637615,0
0.01000996226944025,0
0.10149989592368583,0
0.00604753571746166,0
0.13269702207862663,0
0.04090550250040953,0
0.033547115704609456,0
0.043081431409403126,0
0.02542067410671453,0
0.06832381705351531,0
0.040130110632087074,0
0.25251063542494423,0
0.005922609371093589,0
0.5381210333836645,1
0.11952072581744817,0
0.1636280895324782,0
0.10927167033213928,0
0.48232504512640356,0
0.3385874853517816,0
0.08365541306607435,0
0.12226054994109384,0
0.28617897830549954,0
0.13490600137541986,0
0.3058518473034743,0
0.48591984462132204,0
0.22973233622715786,0
0.0196386038273,0
0.4468667751663835,0
0.0021230855840260244,0
0.024306400102534632,0
0.0062651465839513466,0
0.019020018140897984,0
0.1420679334612622,0
0.4002570349191104,0
0.021482153057377704,0
0.014623966370645405,0
0.18279031940926177,0
0.05830190643892549,0
0.8969426652817668,1
0.0005285632846882316,0
0.40020589691447117,0
0.21223614672165694,0
0.021772776259155652,0
0.009341619417007913,0
0.013865599246869252,0
0.2059490060839367,0
0.25825646801943214,0
0.046966038388609035,0
0.04272741793999042,0
0.5189147810954227,1
0.5214093452968311,0
0.2327769002435978,0
0.028337067920943645,0
0.5664708957012621,0
0.20706582099332027,0
0.0007810313166515194,0
0.5598664614555864,0
0.1852292587328652,0
0.005188464261479345,0
0.0032442710886879263,0
0.03664652951987428,0
0.054592439885333875,0
0.6586949241281376,1
0.005619629549770574,0
0.006145640491891904,0
0.016632361190355768,0
0.181542828935833,0
0.016031793694849677,0
0.03316765736117354,0
0.2899330060905777,1
0.017900541260313013,0
0.05945185773846157,0
0.05505072323360637,0
0.49539450382409406,0
0.11800409303929343,0
0.6186638819241749,1
0.26090843470068376,0
0.04959827307040967,0
0.11810449537953474,0
0.0643079521609298,0
0.17147991495594386,0
0.9412771441567835,1
0.13586054415778878,0
0.4773003195813437,0
0.3437589246406911,0
0.18826439094487657,0
0.05291454800714748,0
0.02481191217463103,0
0.11129257052439828,0
0.22053161383104006,0
0.07584667250600675,0
0.028537918766113037,0
0.013808240320681632,0
0.02229482159367643,0
0.24183576728903747,0
0.07073048700609345,0
0.6013059509042004,1
0.12039669240155393,0
0.145532572256775,0
0.524091069977881,0
0.16341764311431578,0
0.7905410710397559,0
0.04802830388699177,0
0.29448668803781625,1
0.8211964781029366,1
0.4226378602355827,0
0.0518917570697336,0
0.10096095638689377,0
0.008581627521220441,0
0.14705423060787137,0
0.07099886262341439,0
0.007781431068085859,0
0.40860873272427345,0
0.203076645940503,0
0.8407588651289413,1
0.08024044850354534,0
0.03309039567856793,0
0.01638602666575284,0
0.6108411941825048,0
0.09071935181699865,0
0.07882950953604852,0
0.0021397378730028454,0
0.05295220358746924,0
0.2864271477355378,0
0.41131739735856204,1
0.5597205863822323,0
0.14468439047978165,0
0.25704995275434894,0
0.6140246125336616,0
0.03960906099333766,0
0.2464483745305084,0
0.12798280945752277,0
0.006599042281610924,0
0.16272791160691216,0
0.1067121347945251,0
0.3513582799054779,0
0.2901984990962501,0
0.01656754583754993,0
0.20359751299099313,0
0.0434396983562255,0
0.09391072067456856,0
0.08213263144447003,0
0.15911131224251604,0
0.14732598641224,1
0.00109106586355608,0
0.0176804737452467,0
0.005418084235855663,0
0.0646297802228411,0
0.7474101858970705,0
0.17641837086867326,0
0.913139542674719,1
0.024059537213390107,0
0.24942763701915777,0
0.0033733741374634245,0
0.1621260720160264,0
0.7686883850687427,1
0.0037581079471990146,0
0.058944324102966836,0
0.6347609957394438,0
0.43935688610391416,0
0.031731904363905515,0
0.17827635968327152,0
0.02351858803175249,0
0.45671038590858776,0
0.01814809580179306,0
0.060234361185633994,0
0.01015623267068749,0
0.1763621467982537,1
0.05864232378876946,0
0.011990950094668015,0
0.5099176914346155,0
0.17061811692717707,0
0.07216525421340306,0
0.5587644984770785,0
0.023795677262544137,0
0.09130821482663466,0
0.6320925383840993,0
0.08160686592591224,0
0.6286738332508768,1
0.02784084336418804,0
0.5963510672240523,0
0.17431174124744614,0
0.6214920053523603,0
0.02841219291604524,0
0.03351141468345429,0
0.012239301428478464,0
0.08138553429871308,0
0.5133027907898092,0
0.15422552813858026,0
0.00251582906525256,0
0.03024592872336758,0
0.037012255639296825,0
0.019236453134802226,0
0.867419673513847,1
0.07301069517285952,0
0.410810951574655,0
0.3368507862347953,0
0.06844596315678464,0
0.9121441151536757,0
0.21630576408409025,0
0.7375358218622684,1
0.039366136051366574,0
0.12791246605513168,0
0.16410917653958346,0
0.03517493246387776,0
0.053247352053766565,0
0.15088299168615033,0
0.06858702521088944,0
0.8055230424490941,0
0.11028042909210724,0
0.024107054178401508,0
0.2758934781096453,0
0.05720939715626054,0
0.2682122973792291,0
0.11122793714638438,0
0.04944711140484946,0
0.14535445483498646,0
0.007079144541337054,0
0.5128069309921315,0
0.9391421357347156,1
0.6465420595429265,0
0.6819208750360815,1
0.04136119774726685,0
0.32738930525041965,0
0.049170686074041486,0
0.7897186483184776,0
0.40266110643167835,0
0.6605030776955272,1
0.008250566300461814,0
0.27413979300807706,0
0.11729026088134309,0
0.6608169260459268,0
0.011774239641747494,0
0.027835600789553425,0
0.008223088684905884,0
0.6253694743828471,0
0.05209002202012697,0
0.018757812138074145,0
0.5132830982588585,0
0.07504195290055696,0
0.004976533817749341,0
0.001050521657972688,0
0.0073481014227746114,0
0.5378321660105697,0
0.6683005711018521,0
0.220508733741702,0
0.33046647962994863,0
0.01806197636181299,0
0.10352540837840196,0
0.0739432874034176,0
0.1574855728431423,0
0.34559298626426993,0
0.2498655528090342,0
0.2404070402505763,0
0.32622635227384333,0
0.002343393902912198,0
0.2500910563257932,0
0.0030873840657295055,0
0.044430065970622205,0
0.8006455611222407,1
0.17790168242456775,0
0.01541225070259289,0
0.07153542218869945,0
0.14593815901320425,1
0.3740078959036765,0
0.14705923834376955,0
0.0165865552655625,0
0.16275562859383697,0
0.025364762413925535,0
0.004841051526195798,0
0.17986656059332726,1
0.8251855995197696,1
0.00359076662984443,0
0.229063043174749,0
0.27525311820629916,0
0.42470592640332233,0
0.03550081180529559,0
0.03298573240550874,0
0.010054512031541453,0
0.07065880789727064,0
0.30443360610287357,0
0.012662803514001376,0
0.029389706197979582,0
0.21131591170552308,0
0.13486663048338848,0
0.05712154701285536,0
0.007979951817307627,0
0.13701887094113943,0
0.038536738033018575,0
0.1560493593264648,0
0.4848268107764984,0
0.09744062592912292,0
0.01825460398364303,0
0.4039069800466085,0
0.23586419614998805,0
0.06297997325481877,0
0.022213858459216175,0
0.04298811196924228,0
0.005905329527546589,0
0.2720699294909633,0
0.2711179384843323,0
0.1762112755165973,0
0.36617193854886454,1
0.6860125443741673,0
0.27665390950925933,0
0.2433274576173497,0
0.3395815195021222,0
0.50255221989606,1
0.004624601526130521,0
0.7093180060389355,1
0.006938442101960415,0
0.2020335801694402,0
0.055012776500859506,0
0.05304761917740232,0
0.5136486287931576,1
0.5384627811780431,0
0.010654291736469906,0
0.8035061514447563,1
0.05291858753476671,0
0.19670836432436392,0
0.06737320585368925,0
0.0200058864885257,0
0.6580256096543949,0
0.06748517910650373,0
0.5812642374432719,0
0.03900111342675416,0
0.07985743551204247,0
0.946183426408798,1
0.12071107490645369,0
0.9416160197808215,1
0.14092863038779463,0
0.3726783108655069,0
0.01844800317839543,0
0.09503552955832255,0
0.3577464275963743,0
0.3089765431934398,0
0.07713981067445905,0
0.36746079023671735,0
0.02658103201757899,0
0.19356271751267606,0
0.5920089931552656,0
0.008843372629873681,0
0.08577427722326324,0
0.8467922693118736,1
0.00029352962296233493,0
0.02506864928662986,0
0.03266827489601139,0
0.19563264424485527,0
0.7221424500850757,1
0.8644307112110039,1
0.11202208188796811,0
0.21222230845240742,0
0.07153543473114242,0
0.5260076832776992,0
0.02221872416712958,0
0.45355189041077676,0
0.019938361435371067,0
0.19856678816401288,1
0.03923424839879087,0
0.14555792128163392,0
0.28382800211066866,0
0.005546474064424161,0
0.030344308834938584,0
0.7909159392555912,1
0.8964218333471698,0
0.6970828153716396,0
0.011745501642920583,0
0.018652585793054524,0
0.0006339452388241424,0
0.1596110570340085,0
0.023097107535042887,0
0.017473774305216776,0
0.02131202616079435,0
0.07280814939629913,0
0.01564646540390407,0
0.05598429688409613,0
0.6464243894763849,0
0.2620026631889931,0
0.038393671043870856,0
0.030018696758055057,0
0.7677344624436544,0
0.5089787802550862,1
0.6493707671851724,1
0.008083857682696705,0
0.008349476380572504,0
0.07889546347962748,0
0.1039473315947822,0
0.7421688827434347,0
0.10486369931255708,0
0.8377593045797087,0
0.0012473128859977769,0
0.024326730347286715,0
0.6257667144984222,0
0.9080935324634981,1
0.01642192927877912,0
0.6068927504308932,0
0.4491993088068014,0
0.01890117812896431,0
0.16899321238788315,0
0.019639978836847042,0
0.04570331579934771,0
0.018154158361267343,0
0.8574659787495652,0
0.011850371820990491,0
0.9200215153085626,1
0.3187881125113422,0
0.06649035585517862,0
0.3147943824281125,0
0.4800367733029719,0
0.41372578389822257,0
0.670082958679261,1
0.5930222222830204,0
0.1114607435790662,0
0.23646716668634538,0
0.00457417647283116,0
0.48289626248686834,1
0.08784016029411786,0
0.45579646326694034,1
0.16773336050301693,0
0.015753880164604793,0
0.28092045955707445,0
0.02411161926356003,0
0.0630876135934468,0
0.0149859171732038,0
0.10415072645211612,0
0.23539892879642316,0
0.7980257014518278,1
0.2216947581334869,0
0.021202755845620938,0
0.013365192193116656,0
0.03011107342294699,0
0.7363894754229277,0
0.002496200648382513,0
0.5887643163304527,0
0.1868777694931247,0
0.3253762682776501,0
0.14635085032130704,0
0.3146030826680812,0
0.47059123219603355,1
0.03777056350012238,0
0.2688936080887371,0
0.9291856659392563,1
0.030758535986107415,0
0.2677560737781488,0
0.016144203869966168,0
0.4050406742071754,0
0.022440130359953455,0
0.1807468479932656,0
0.00464502506336172,0
0.5915934289370759,1
0.4055460539512073,1
0.09350868095357033,0
0.048863909334768967,0
0.27234133293182944,0
0.11434079741098913,0
0.059687938834240443,0
0.4000521680817473,0
0.39859763220022215,0
0.7882283290524544,0
0.0015043852655795271,0
0.08404043360516143,0
0.46356290155949836,0
0.20645854506776415,0
0.01340443331609147,0
0.3019852133457316,0
0.00038928747107821755,0
0.15186936707197865,0
0.010273680438617542,0
0.021087935624573728,0
0.10949687995279057,0
0.17437022811673078,0
0.8611497835849982,1
0.36505947209225126,0
0.5682208707750778,1
0.18840197077709045,0
0.04413819133006174,0
0.005641511228707473,0
0.10615833850489789,0
0.7302226650036172,0
0.05305099145997243,0
0.07105403596489979,0
0.6735577753680682,0
0.033688879394146526,0
0.05121010055858081,0
0.03201421314047457,0
0.5451874479929619,0
0.13549711895979702,0
0.34333051388785724,0
0.007763215872672251,0
0.003858407812874975,0
0.025201133571133016,0
0.09244533725665652,0
0.21581031310307897,0
0.4794463091257698,1
0.08271324544143782,0
0.013829631268145579,0
0.03351531346865952,0
0.9354876824862,1
0.05396392539608314,0
0.3488610653209732,0
0.001633316305043097,0
0.6738120836912252,1
0.01601321177938822,0
0.24401940257426416,0
0.08022850934348404,0
0.07911965719739159,0
0.20749762221573945,0
0.27060488071754485,1
0.2528004267807307,0
0.019033040224899687,0
0.06186603710872171,0
0.5804261304744318,0
0.031557190259226556,0
0.4450174073829408,0
0.6310625449448645,1
0.6359094035160322,0
0.05753762202622037,0
0.09302665016020796,0
0.11628977773855997,0
0.1818830949708384,0
0.010973735555535,0
0.04192840867083882,0
0.7893010268878169,0
0.015807570445792618,0
0.005994619923837466,0
0.15839186924305468,0
0.4344622519139711,0
0.026707196912214355,0
0.05123951132701563,0
0.03696359111972094,0
0.09363482055606664,0
0.46888787750981803,0
0.4441249953448022,0
0.10193502656977134,0
0.17239466290085495,0
0.5056122873122136,0
0.8724266983670379,1
0.003670237937883782,0
0.43008762232426195,0
0.7206974839506871,0
0.019722125148997533,0
0.22057869875099706,0
0.4203373849150888,0
0.16345706197018875,0
0.2278848711345929,0
0.11237838578072604,0
0.00911623913499632,0
0.3114006207437299,0
0.08954927164304799,0
0.06054669302315924,0
0.06997067900434276,0
0.22366474558599525,0
0.16660253658582694,0
0.6429755523056476,0
0.814454343308659,0
0.007765249173176698,0
0.0024071706772767023,0
0.40552391209167243,0
0.8725881691873194,0
0.04431278040240324,0
0.0020718248992519337,0
0.034106526506417545,0
0.5353154735612569,0
0.44276763038061867,0
0.000790713137960076,0
0.39522557083024357,0
0.2805755531278913,0
0.05206853826782879,0
0.17030533567050476,0
0.44625347611594907,0
0.009244898541977166,0
0.21404361962520177,0
0.012657075387922226,0
0.16643117603277147,0
0.2040893125478104,0
0.1334174482596732,0
0.0038390433666490894,0
0.1967155842668304,0
0.12853379719503397,0
0.014062889006172516,0
0.7220295649095159,0
0.034636730075356996,0
0.0007407404246241337,0
0.17684788954769806,0
0.43517882426975896,1
0.4977880862657051,0
0.03358048152034673,0
0.5309238745982477,0
0.1688439750799429,0
0.15002523623892383,0
0.19850114709886904,0
0.02493457419344099,0
0.16357406648770403,0
0.002099223027746537,0
0.026775826986793386,0
0.11282763443717402,0
0.3305944903847779,0
0.006119438377454465,0
0.2753818355985658,0
0.8211456754825073,1
0.7170006077180267,1
0.0015510621945265682,0
0.007222497107525349,0
0.7827197126821687,1
0.01250666330855744,0
0.05046653834145713,0
0.21296721496367962,1
0.1711876174288485,0
0.011258842700079024,0
0.09614540494237483,0
0.4823904132190773,0
0.010348888399842809,0
0.5303057393899375,0
0.01703667075381569,0
0.3267856040822813,0
0.02064888134803393,0
0.014279608792489507,0
0.08842472067779844,0
0.679669422157131,0
0.14337167462542544,0
0.24254406230296038,0
0.0006886310104556629,0
0.11787689191888429,0
0.08839248279082616,0
0.030952531433406382,0
0.572817792594304,1
0.8881356555207199,1
0.085174783980905,0
0.010520830865444903,0
0.21918190764128717,0
0.01597705432583902,0
0.0966598569859138,0
0.028087801083881366,0
0.15126074760230737,0
0.212749156902196,0
0.0467382072395346,0
0.46941635752351796,0
0.01096884762990233,0
0.03853948086338336,0
0.0862747984564713,0
0.3901090734088753,0
0.10880420995651502,0
0.43592727741178433,0
0.5761068528714717,0
0.4661997448103563,0
0.2397757405272011,0
0.10625229294497095,0
0.4318111151737983,1
0.001861857805997063,0
0.010225898494980599,0
0.08519490461075925,0
0.008327490163157225,0
0.04930522663251936,0
0.28867270046834725,0
0.04736078606097733,0
0.024809485850949865,0
0.02778180457223755,0
0.882384364494628,1
0.1305513734453777,0
0.013939498352215382,0
0.0019763438696828355,0
0.01771619885248243,0
0.5742061336130374,0
0.06171329418067309,0
0.041239054819511935,0
0.005789392579158257,0
0.03440850241720628,0
0.020364154070251352,0
0.05909698079505258,0
0.09212832617033583,0
0.08868498041481894,0
0.14091259419011606,0
0.19735918977852854,0
0.09893902628131353,0
0.02744272352015164,0
0.9340777434977288,1
0.2777288018956536,0
0.19488675437465974,0
0.5129031386726951,1
0.19205503468565596,0
0.01475182676457119,0
0.024337795865165775,0
0.38770475739547317,0
0.025461210460249805,0
0.03346349990406687,0
0.004772792759244846,0
0.5209042974254355,0
0.7285787787166965,1
0.010180808252000574,0
0.41939386776409737,0
0.008448681111991745,0
0.035646067999815005,0
0.5136161265066462,0
0.011999068637810662,0
0.07339262272857008,0
0.09295646359327235,0
0.26492415073176295,0
0.08701643824334426,0
0.01819466441253494,0
0.296893185561039,0
0.0022849922650230114,0
0.011875948078746295,0
0.11355900218538369,0
0.07898925874500846,0
0.07191689855053097,0
0.11847500451464654,0
0.9268367504693228,0
0.8413237529734182,1
0.0006844510746988137,0
0.1692497560212496,0
0.006734687949324187,0
0.5867337685839495,0
0.23742235507444628,0
0.5544085844471837,0
0.04032625406894038,0
0.00041747113320715043,0
0.00016641158603773203,0
0.005832027150301382,0
0.24013575731324777,0
0.0010359864920254772,0
0.056317682799548276,0
0.009650081323113525,0
0.08326158542784591,0
0.5770414625455392,0
0.25413602951895053,0
0.04397170586365716,0
0.4360208278453169,0
0.0011219920366736455,0
0.9156508692344187,0
0.08111474322233708,0
0.1324810453612063,0
0.20570001589323889,0
0.245671151315995,0
0.7534017286790605,0
0.008262301732335827,0
0.13456469852428501,0
0.5857035672131602,0
0.009488914929620673,0
0.29319810075615577,0
0.0643655412117056,0
0.008067108301629617,0
0.2500112860826167,0
0.06379508922494036,0
0.05122750242808307,0
0.055511837312419036,0
0.6566437534762739,0
0.21669158174530417,1
0.050609707527421346,0
0.6762381663684546,1
0.053694734241389236,0
0.1912321909608751,0
0.14645384914343149,0
0.18795913310056192,0
0.6680962177133953,0
0.01550491431023131,0
0.06311005339264061,0
0.409342132998722,0
0.018033532123992054,0
0.009636926248193362,0
0.14703274569985658,0
0.06592571388348109,0
0.11188809303912944,0
0.013449553518461362,0
0.01821205523952958,0
0.03681490414723683,0
0.573916300979652,0
0.013888902340467298,0
0.15854961888589533,0
0.6810626224481502,0
0.3677101611700587,0
0.13109035682457115,1
0.06588989116162622,0
0.16656334421611182,0
0.8655568249278145,1
0.3751547750344474,0
0.17535218030961944,0
0.01694844793182385,0
0.00014041992314451103,0
0.3597129711767395,0
0.0023259568568887268,0
0.024849404016638977,1
0.13541809435944177,0
0.013478324322760199,0
0.263881942659914,0
0.015483283831405424,0
0.18719775487139712,0
0.6992226546404353,0
0.7512935691348291,1
0.017182223200906045,0
0.0027884951672804952,0
0.6999012791296713,0
0.017090534082327167,0
0.06830093217464098,0
0.8825734642273879,1
0.009406881401238189,0
0.24188176507873768,0
0.004052816145895148,0
0.14840364328418404,0
0.1438907676678574,0
0.044854416445995214,0
0.3904661742231687,0
0.01101615397878618,0
0.17444173510576635,0
0.0019851349053755488,0
0.004318142500040184,0
0.03987316883278307,0
0.01932131003771958,0
0.2704014763355378,0
0.006073639234469577,0
0.06336752552601509,0
0.3663738273661343,0
0.299581114845197,0
0.32779601143491477,0
0.37087142573741827,1
0.30385490338415483,0
0.03450038862498426,0
0.5985707817900532,0
0.12101360642889984,0
0.05554976889061007,0
0.02003499400739803,0
0.005876809127793983,0
0.09614458447714995,0
0.03380700965808474,0
0.07291615631444168,0
0.5678066033568395,0
0.7908438324089527,0
0.21834351002698663,0
0.5489526542930759,0
0.943671581329538,1
0.0017277279038949425,0
0.184936211483879,0
0.06651633595196071,0
0.024730013968797822,0
0.07935220629788665,0
0.15563339069580592,0
0.025454130601186717,0
0.07760481914829886,0
0.7425015445974874,1
0.008297628084258924,0
0.01528606688642621,0
0.8789425329400534,1
0.0983754651996236,0
0.005725674053861667,0
0.01009113067654162,0
0.6976433829428961,0
0.1524054634613442,0
0.009301104556521268,0
0.001235277309850609,0
0.0355510274099509,0
0.029198255056558244,0
0.3968754518688089,1
0.012345285937092021,0
0.022285733314459648,0
0.05349750769761147,0
0.02519214325460047,0
0.8530798242776121,0
0.6364923317044218,1
0.012999516624622629,0
0.010194657600440764,0
0.2931124855604022,0
0.5299567619338774,0
0.965118723248616,0
0.11865640457773187,0
0.8489377099222702,0
0.8898788835325545,0
0.7229168722823729,1
0.06896456821017674,0
0.07518226915474405,0
0.4613841076840915,0
0.22763594636974965,0
0.13181882172012285,0
0.010294803872116643,0
0.7687433409841417,0
0.4025751642474393,1
0.004027824731547447,0
0.17182753206076432,0
0.06297084998265522,0
0.37290711992519865,0
0.32321045983980035,0
0.8810989282039267,0
0.021114081935295292,0
0.05671781499125592,0
0.10015970019765917,0
0.8858858076496191,0
0.4457589135426053,0
0.5160086760816489,0
0.0068674319106651225,0
0.017815919972068807,0
0.0965508942318448,0
0.013696447339879786,0
0.12039057764095691,0
0.03604651509061594,0
0.0038464051945200223,0
0.4269039243453099,0
0.015387593734888355,0
0.11582175348695216,0
0.07455039480978508,0
0.004157612639626667,0
0.05483337004790344,0
0.0017616799110406814,0
0.8382194419493194,1
0.952852076935715,1
0.27976300703068385,0
0.4208827209616587,0
0.14046362819659552,0
0.2393963100557843,0
0.21480938625520382,0
0.02192621523423465,0
0.0051971215568669725,0
0.014077495495771437,0
0.05077666420824904,0
0.23284386007537547,0
0.20737345658262984,0
0.08049092982850517,0
0.13881691043049013,0
0.00910822591579766,0
0.19605984577784114,0
0.053704041268546054,0
0.024603400689792387,0
0.32412944935073634,0
0.09690546065984194,0
0.202709998564131,0
0.3550468659296141,0
0.01692892456225019,0
0.10377520721097236,0
0.029088900005688346,0
0.40779426164752947,0
0.2497538685836371,0
0.00154009746146699,0
0.06936777365041742,0
0.2484888133137592,0
0.44943259937145624,0
0.03449834372949332,0
0.9243196098010448,1
0.08309765646211717,0
0.018536032411309057,0
0.042518205080123835,0
0.03844498508428403,0
0.9665151095036872,1
0.4622187108456094,0
0.0607717593478507,0
0.03244785659608412,0
0.0023021851752290977,0
0.7406117958511188,1
0.1616822100380219,0
0.7635981714232489,1
0.04185562914475662,0
0.13685801137230222,0
0.06968747462583262,0
0.009618647959784565,0
0.16898368883431453,0
0.289241186654257,0
0.25623288729374916,0
0.16723043269017834,0
0.3215369124898528,0
0.005311601024096149,0
0.20196494840106657,0
0.2536011131288261,0
0.02406919782575259,0
0.39503964600370906,0
0.04507802189738161,0
0.27631272730179024,0
0.0157267833775133,0
0.0410409321137877,0
0.8280058538787395,1
0.02620057770849172,0
0.10399260631869482,0
0.019054102038979517,0
0.6644706342331417,0
0.03245295339241387,0
0.7549543592252151,0
0.45013490917780735,0
0.21056920542904137,0
0.142759193321148,0
0.006762820795104945,0
0.10080600658598654,0
0.32070659490719455,0
0.09201354397875634,0
0.4078630363516242,0
0.0193628589944702,0
0.5573927637416435,1
0.2896613312419856,0
0.2446071666529172,0
0.36441109303410696,0
0.2102173144867504,0
0.20710100506086093,0
0.04193143740659409,0
0.23034372519082646,0
0.002601457779803991,0
0.02679781096671998,0
0.5357963260925788,0
0.024876104507616945,0
0.05882413859438396,0
0.3090718317738492,0
0.007393972707982339,0
0.07247892988153222,1
0.7040387450645921,0
0.03121391221707762,0
0.053234446146338946,0
0.008181686811097504,0
0.07492226480938695,0
0.033004359640429484,0
0.28231478690544254,0
0.0051153478280996,0
0.21633635350852432,0
0.08447756917967991,0
0.21259931693474413,1
0.3119183921888258,0
0.08981262273806863,0
0.6372022100207269,0
0.29729248481527193,0
0.042466583728667094,0
0.01440657399768843,0
0.018044305204937116,0
0.8398002580257127,0
0.033256861361040536,0
0.11199100301044224,0
0.007131347220367607,0
0.001316767407176724,0
0.007070604302671007,0
0.6002599847047093,1
0.4699390561265554,0
0.04619371453282852,0
0.597896906848111,1
0.21269366661061576,0
0.09212204574977749,0
0.10844114527768477,0
0.45502007667712135,0
0.18932088558150673,0
0.932793253606788,0
0.013562788572505891,0
0.039921556376985294,0
0.024782153101196747,0
0.3898894110496301,1
0.7874588487594851,0
0.5434339678561984,1
0.8646803081485198,1
0.07685095019985788,1
0.01928025481609617,0
0.79300076691667,0
0.5753722999931133,0
0.03548770468855047,0
0.015018323822665491,0
0.02967985213829963,0
0.025254368825117553,0
0.005772656651047202,0
0.002395668518419205,0
0.8439826815743141,1
0.27006130361492686,0
0.15282775053506756,0
0.6738744164981978,0
0.1565038270711975,0
0.4250482310505993,0
0.11261947885231413,0
0.315695445692761,0
0.24741306943110897,0
0.005659829043579032,0
0.10751691385940702,0
0.5622170542220339,0
0.03497266924756077,0
0.08704436508545545,0
0.1105423860578111,0
0.029111985752622905,0
0.02755181376068034,0
0.11193971544069287,0
0.02697323393156715,0
0.0536841998805879,0
0.9266437084887034,1
0.38556319551131385,0
0.003897142122651781,0
0.06179175495315956,0
0.8464258538049735,1
0.014376046089474688,0
0.13509774282237305,0
0.012845363519441627,0
0.17651769410229784,0
0.09226556225351215,0
0.00845947436393326,0
0.4743344223371491,1
0.003765355195813228,0
0.08863208598524905,0
0.4374290485966253,1
0.1520687013721429,0
0.07035767554838453,0
0.24528917132930128,0
0.1875212709152928,0
0.1311067660747555,1
0.13381751238569223,0
0.5949155426752593,0
0.02238511705183886,0
0.28952458116192326,0
0.034241349266335964,0
0.005849917507489726,0
0.3770352365535771,0
0.06439974958829324,0
0.5454174523095661,0
0.015243978636364052,0
0.8894263252707826,0
0.7743852705485406,0
0.030547672400036873,0
0.27391622763339657,0
0.008045564823605814,0
0.2961829545577365,0
0.007486374499214394,0
0.11261474573256194,0
0.1849106412089681,0
0.2563338053533252,0
0.13579618994703546,0
0.006852534595614745,0
0.208125942452905,0
0.05981861831900737,0
0.4192489817415557,0
0.01026557755233447,0
0.45828962513613825,0
0.5096099309718082,1
0.7005449025556251,1
0.010366629814110493,0
0.13930762230701288,0
0.31077185837717375,0
0.24320138534770794,0
0.017617030317797166,0
0.14408777647250381,0
0.06617019581559717,0
0.03046000844270872,0
0.5406494933056056,0
0.1397489066290576,0
0.1368303744631174,1
0.06148774284157835,0
0.173971972790815,0
0.01036962486669326,0
0.10401955925652298,0
0.009121923752850071,0
0.03536192214593315,0
0.330222303084122,0
0.2631294463542697,0
0.23230517668559997,0
0.38334425950739426,0
0.9064999875226047,1
0.28449888444907084,1
0.01712289358777535,0
0.06226419093870386,0
0.23909726881852902,0
0.12878581726420196,0
0.383145585882991,0
0.01857903772718629,0
0.005130067854855443,0
0.4235923339784617,0
0.7732231306681547,0
0.0009838165859310881,0
0.010753025347254523,0
0.12932935933155712,0
0.000599334387445175,0
0.6609390982722656,1
0.08984442105437454,0
0.41554879769976283,1
0.41767704192308636,0
0.8575019611406073,0
0.803297917499096,0
0.7329779404619964,0
0.06381373368364548,0
0.002793179593325319,0
0.04675819768337327,0
0.11475013070727068,0
0.009368533720600048,0
0.016742564571438617,0
0.030125326759552925,0
0.32154016344097747,0
0.041220675491837944,0
0.05361530761937296,0
0.02692225736145164,0
0.009654466654501695,0
0.0066605498227316606,0
0.06271383460823388,0
0.0009487304725836512,0
0.1054496301725144,0
0.7283778413942638,1
0.048225311228381196,0
0.5387276947513802,0
0.4962655730087374,0
0.10603254495208018,0
0.48150227593597444,0
0.44262785177506053,0
0.35770348871732927,0
0.24750157628967814,0
0.2589294964038238,0
0.04302621362333731,0
0.07169576892961742,0
0.6787707597364118,0
0.4967165076230514,0
0.7728321530167531,1
0.00791460022357859,0
0.16079496230466664,0
0.7557159250029265,0
0.10800342507104338,0
0.059006393841486954,0
0.23649507598246616,0
0.5192996398693478,0
0.9448042785227393,1
0.011611169107290605,0
0.5213779176839872,0
0.43927813657340603,0
0.1307471357482082,0
0.646157774322223,0
0.13713404791347622,0
0.1840496437530939,0
0.039538399622532173,0
0.5550099088770803,0
0.04147530281533356,0
0.673864503000108,0
0.05055556534872526,0
0.13854965242043785,0
0.10877528367118507,0
0.031555563431230026,0
0.08421247385619463,0
0.2845252055183314,0
0.2542097959461953,0
0.6151380226259263,0
0.01682280087968293,0
0.01174472000098886,0
0.13046219139883655,0
0.06890917046461408,0
0.0801563719276777,0
0.031318821986811435,0
0.2402727553272279,0
0.10441356149490284,0
0.16642062430298035,0
0.25987984398140873,0
0.06522354611935281,0
0.6851934141784031,0
0.10397773505808568,0
0.08307419554552731,0
0.23778098445993845,0
0.04888566679617815,0
0.07936834610052959,0
0.0347842806591905,0
0.024248240811621004,0
0.002891083049792722,0
0.1388301092660275,0
0.12469463914410764,0
0.11098721689917762,0
0.9038165200582184,1
0.0008340846962794185,0
0.016023312635075653,0
0.7520461770811453,0
0.04475142893271786,0
0.008969824281858033,0
0.7293240849954378,0
0.00064702299933246,0
0.06038213488901652,0
0.20948876795934235,0
0.34433308372993754,1
0.011481184691589357,0
0.8999065074034391,0
0.1709653376705048,0
0.2438293812285123,0
0.07158152658247237,0
0.04277395443568499,0
0.6196008621180041,0
0.017432660964020404,0
0.4276428822686807,0
0.29521420683972444,1
0.9751871144175095,1
0.024829878106294112,0
0.22428780640423482,0
0.8278721939034495,0
0.15061647867858538,0
0.002998009535849213,0
0.1460315914920209,0
0.15835780250738965,0
0.009834918439038252,0
0.16375590424089084,0
0.158898610427712,0
0.019489424802966362,0
0.04938962800469787,1
0.0003644567177479525,0
0.02785040373608193,0
0.05604638832383731,0
0.025042072238690836,0
0.021219961119711386,0
0.045137649431643494,0
0.009426049713250282,0
0.7479277114311499,0
0.021647167267178524,0
0.04446998678404507,0
0.9370866108901897,1
0.37285820477160403,0
0.09031887931059314,0
0.8826087166881817,1
0.039271981359375666,0
0.10992602222092399,0
0.011318302131803336,0
0.2374944081777049,0
0.23577454621103736,0
0.01658432303786747,0
0.12127098792275973,0
0.6434571976026549,0
0.07580476155623898,0
0.14374160784811554,0
0.30924226589493853,0
0.16852889203980112,0
0.060855173487499616,0
0.3276165956579446,0
0.17007968865234419,0
0.1056484161836516,0
0.04222724914270182,0
0.3022629693087092,0
0.739755843720605,0
0.5159438082806771,0
0.004129059261968128,0
0.05093870298305957,0
0.000542109597219692,0
0.02257468323974644,0
0.07996317564465485,0
0.06917929729768085,0
0.0034501103874138104,0
0.17966277799132552,0
0.6549607982079894,1
0.027095099146063638,0
0.4303379585721707,0
0.008085198922376255,0
0.008193921999881958,0
0.6877364692321841,0
0.048230917114319705,0
0.0010630941969765476,0
0.22049743746182626,0
0.5025705046222655,1
0.6596515700366905,0
0.08219040697925571,0
0.27519960318547476,0
0.6922660136048208,1
0.6543196548158281,0
0.04389102692855906,0
0.11472833358386189,0
0.29795195860435525,0
0.8780016596090331,1
0.03628949687354291,0
0.3325705787734697,0
0.243642227498417,0
0.04973609995702436,0
0.011347498769019122,0
0.0053027963486146825,0
0.30007416674568027,1
0.004842661640388612,0
0.13244180032460304,0
0.152838760053157,0
0.03003363465613534,0
0.07921301909380292,0
0.016416689100742135,0
0.4337549168757217,0
0.4313033669610158,1
0.5072295079272772,1
0.03183629018280577,0
0.1574886997662881,0
0.7420052371515972,1
0.0834943963921107,0
0.40702690149314347,0
0.42063715130767937,0
0.12083617392732465,0
0.32005016472365444,0
0.10319156293235898,0
0.14641705872917285,0
0.02281964934412796,0
0.01424419904109487,0
0.09829637058818576,0
0.0032805174808220442,0
0.010370857692848396,0
0.002591777128448358,0
0.4820250414135114,1
0.13600108080910073,0
0.05319152202255597,0
0.8141336967088141,1
0.22580989033374152,0
0.14857715914824135,0
0.11238575368605215,0
0.22040817105937388,0
0.081431613695843,0
0.03267898836046148,0
0.025990855840197172,0
0.47066428804060517,0
0.047917421688496366,0
0.134737523230025,0
0.007238481586187152,0
0.07367803058987368,0
0.17193927170850648,0
0.06431111886385052,0
0.006306835188961054,0
0.008901682943800246,0
0.6300160561341954,0
0.14097692531564743,0
0.03978362343255258,0
0.6977976476043093,1
0.30354192272563335,0
0.5667150540840222,0
0.0017559550884953805,0
0.28447738687544644,0
0.040825248218503356,0
0.24437811293325776,0
0.8087737482594921,1
0.4071624146126863,1
0.0846191066371274,0
0.02351357146054777,0
0.05204016990833338,0
0.020871510050946784,0
0.1484109934754736,0
0.005098089767352352,0
0.2691326862801074,0
0.02929213832755259,0
0.015766525706844416,0
0.03722368433245889,0
0.012221273948171765,0
0.09720828239184791,0
0.1547407441132181,0
0.005472452331581646,0
0.07040068628581274,0
0.0073247610701602395,0
0.14363762423854753,0
0.2334885984708529,0
0.19297981589758395,0
0.32094481745418046,0
0.8470632191624372,0
0.022859611889285862,0
0.3324822675248519,0
0.4429245900057469,0
0.7985866235672602,0
0.1452383007638009,0
0.9568490683666209,0
0.03933722474989781,0
0.10612386556429268,0
0.09998337779990835,0
0.03457225565932243,0
0.30282854414493277,0
0.1051540861970209,0
0.09596319522834763,0
0.49779878493109103,0
0.0410268761965973,0
0.003977287408598254,0
0.20545384967702446,0
0.7910686826879358,1
0.9026908799985411,0
0.7952844555909766,0
0.728390151836073,0
0.07776858587191648,0
0.001223062950467883,0
0.025375558451849453,0
0.582173272574175,0
0.12268547953226829,0
0.06497945312054668,0
0.22256792987508692,0
0.06052679316348851,0
0.025275419395914548,0
0.09855400472451623,0
0.2084611480972126,0
0.0038696626600320826,0
0.36507764486911864,0
0.6772664567808477,0
0.8152284803773678,0
0.07782202275317458,0
0.14790833112367338,0
0.5639661658230173,0
0.0070913616692638405,0
0.585646814578537,0
0.38245294871496033,0
0.04750251592474403,0
0.5456049674211283,0
0.388561783520671,0
0.009556322369370056,0
0.2118222760834836,1
0.757699764685619,0
0.33766594639419323,0
0.04580837522320375,0
0.1863095488313268,0
0.0023097492116855014,0
0.020683581324560732,0
0.9536920936882162,1
0.25828886331613793,0
0.5966229792468956,0
0.06228712020862165,0
0.07292192850134077,0
0.027558732617180573,0
0.014196168074435701,0
0.08540845124535155,0
0.0145552330594075,0
0.006750013299178256,0
0.941362069951826,1
0.05485524101302946,0
0.01128334693728986,0
0.8710110581125264,1
0.5156078322182995,0
0.3912511024594356,1
0.3699690888932424,0
0.03343197088093431,0
0.005015761925872649,0
0.21104401004614604,0
0.05505593297405118,0
0.14833165019070868,0
0.10835165299231243,0
0.3612249233522179,0
0.049399286831528014,0
0.41509094374541095,0
0.20527401365845027,0
0.8313632648850335,1
0.45203606954259734,0
0.8716597053562757,1
0.913695447944959,0
0.34485226066273256,0
0.5881380068304594,1
0.7437371312635721,0
0.005053352831693308,0
0.08186058428696207,0
0.3226409127213213,0
0.16015682751976926,0
0.5179460461323796,0
0.05722968399452644,0
0.07858071291901494,0
0.17864748253287346,0
0.02272392771925668,0
0.41639714238456405,0
0.7764501392790445,0
0.013233748845470033,0
0.003983005924457709,0
0.015710180799422404,0
0.11824723365915647,0
0.15023671749508763,0
0.3947524195602678,0
0.1185492826162531,0
0.13863797023601515,0
0.0821206926646427,0
0.01114836622893969,0
0.6164196321368608,0
0.17617604587079566,0
0.7986267047664859,1
0.011371675970305112,0
0.15598860993278268,0
0.7995700821956044,1
0.2928695170598026,0
0.7107432541781271,1
0.245049549909838,0
0.1879535942397409,0
0.0002474997406219194,0
0.046249940988229155,0
0.04863106045319101,1
0.056569923551425746,0
0.31917750259404704,0
0.02271776243757654,0
0.09871990583924856,0
0.29207735569092325,0
0.014542465553210081,0
0.009594373422020023,0
0.003715011642694019,0
0.07484079856267166,0
0.03859071821431548,0
0.003810455872603903,0
0.07963338011189652,0
0.06820681736280018,0
0.1004864704920874,0
0.09074788310041916,0
0.7305189154168686,0
0.26748808350192277,0
0.014213993422456453,0
0.03341798118495218,0
0.05069100835342922,0
0.5062655582682971,0
0.16726781604651556,0
0.11903812513354196,0
0.124779183547832,0
0.7706893246059274,0
0.25603749341315,0
0.01692941987370364,0
0.01050108220264021,0
0.7757669306317585,1
0.05420530227852164,0
0.6981146787821394,1
0.7075901784430195,0
0.3135204009897693,0
0.36644624480540816,0
0.12732754447394717,0
0.003870195845124689,0
0.0008368653028101895,0
0.040614746256161745,0
0.08592388987576252,0
0.6600944500017153,1
0.6141537083101066,0
0.023024050144410026,0
0.09040134859297141,0
0.07721974910235911,0
0.2579707875246868,0
0.2522915582701685,0
0.007280938732573579,0
0.5729690333863412,0
0.0014004098045128518,0
0.4606981053854985,0
0.011870349472060723,0
0.1281847474072671,0
0.10480211295602523,0
0.08190157317605364,0
0.07830520920278325,0
0.40350952630555686,0
0.012456776666274729,0
0.020497829884893157,0
0.06288803690276935,0
0.13296703153316372,0
0.11835667367683561,1
0.25585083355270116,0
0.009964252295529418,0
0.0400569973574958,0
0.3943518783805264,0
0.7272456283467217,0
0.588422601855125,0
0.04227382272366059,0
0.14046472271929755,0
0.0014579989594652248,0
0.08337935586531518,0
0.8368827901829945,1
0.005507173108257444,0
0.05297798504193984,0
0.6422033649462646,0
0.23428711720476905,0
0.05043648371075446,0
0.1456202855617434,0
0.06885324115492648,0
0.8700048768774322,1
0.07438705784663366,0
0.038393100589180724,0
0.025677554302180723,0
0.23471118506018918,0
0.030505963606472564,0
0.05490423013909442,0
0.030627453623760348,0
0.020507071909455558,0
0.7806391168650658,0
0.1838440244935897,0
0.1760105717869324,0
0.9595441405367885,1
0.321432957830475,0
0.07455750606918457,0
0.014874189341114032,0
0.10335816103154373,0
0.014316237323732373,0
0.6213345363870361,0
0.008704502436751983,0
0.041468783297163664,0
0.32619339136959397,0
0.38274870255905785,0
0.3828231953358055,0
0.0025400670870286213,0
0.025986935652681196,0
0.10174081807006322,0
0.003603832694646928,0
0.06651574196773043,0
0.05403934999615919,0
0.11823159157208415,0
0.15676447187034614,0
0.02342575849384106,0
0.20537728683904388,0
0.8405964491877763,0
0.05890804150828657,0
0.3121125324942238,0
0.4879650544519841,0
0.006148491955762047,0
0.019767130587241673,0
0.15977701106031583,0
0.08885620517815691,0
0.015010716175630273,0
0.06219824501627186,0
0.0003685592904334254,0
0.3548217417843309,0
0.010155297807508776,0
0.006854089044939788,0
0.09280096691255642,0
0.006383785019141471,0
0.059641027839869167,0
0.10640298834153766,0
0.12082550745512924,0
0.2069116358681345,0
0.00517402468018436,0
0.19850990539779315,0
0.049092149748041505,0
0.21427694666359834,0
0.7344231741930225,0
0.0542542161965355,0
0.12762380918558755,0
0.18339617936880262,0
0.43855276070969174,0
0.06966247420979739,0
0.07936927914240105,0
0.3033121064380161,0
0.04399215776496333,0
0.11246782518300331,0
0.0648215647932791,0
0.06974748834880717,0
0.06593745769071256,0
0.003121773903045801,0
0.04818765242800901,0
0.4477299346967194,0
0.3239813723939801,0
0.017711505638469856,0
0.02851990297865886,0
0.22644986592384517,0
0.048675705597330955,0
0.15962629255481078,0
0.0008227150386743753,0
0.0522644388973875,0
0.12895494302853377,0
0.10980597407540396,0
0.16197472531877555,0
0.05014980936752942,0
0.10472979397100331,0
0.8917255060873879,1
0.053352661227890466,0
0.01891251612276248,0
0.13348592718261948,0
0.23891886149898353,0
0.0014950486799065407,0
0.0639149634094815,0
0.3376684304941373,0
0.04799036557542379,0
0.1819263145989611,0
0.029611199613265304,0
0.39395652102303286,1
0.3779498480545184,0
0.4162204504658789,0
0.6582685463535352,1
0.04158327174487229,0
0.015282609362489133,0
0.05899994046809621,0
0.08712846416573358,0
0.2293221005607216,0
0.023583733791554738,0
0.04006224413789668,0
0.6746300029753839,0
0.321309693137926,0
0.04321833148825654,0
0.011992948732573982,0
0.20216941669746605,0
0.0055025464867541184,0
0.014213877293364239,0
0.07135461385568129,0
0.4039423577394901,0
0.09510975000442619,0
0.17415722962677105,0
0.06440455054868681,0
0.31111595849318896,0
0.4996582254181431,0
0.3932065060797631,0
0.04094089467525785,0
0.008482626818574595,0
0.10751497820432225,0
0.08219377342677944,0
0.03862233634195671,0
0.43425753297502034,0
0.005454312892992278,0
0.13605125129168358,0
0.022487679709957194,0
0.49707023272008466,0
0.05631956600171157,0
0.8219362417743798,0
0.2506691062294303,0
0.6297712860809112,1
0.26340639437528346,0
0.27804179018484015,1
0.02591526785442037,0
0.9666643354401228,1
0.038030139899226434,0
0.1653435106327938,0
0.34863248528248797,0
0.2504518709151288,0
0.5805807223965801,0
0.6357346381856187,0
0.0012628754337561515,0
0.11861718601184272,0
0.013907964160125524,0
0.0014455245486748951,0
0.04942216569576928,0
0.6468173569351855,0
0.0589973028622768,0
0.5097087530252085,0
0.9025198664597561,1
0.039081794451752846,0
0.04098036599051893,0
0.6602326294505717,0
0.04862281145629059,0
0.02378355730731738,0
0.335569211372643,0
0.07783102241863071,0
0.9152040607387322,0
0.02226354018344608,0
0.11571448113192355,0
0.03168839098930654,0
0.17393949549628682,0
0.8897978598657884,0
0.3856535518573693,0
0.06957787561164948,0
0.003963257170703954,0
0.10190364397888843,0
0.04057423210236795,0
0.6989161563119425,0
0.032915695272735565,0
0.15271888830040922,0
0.8778265876792113,1
0.4524807123125734,0
0.07733955975851696,0
0.23054082707368187,0
0.0009482299335837192,0
0.704182489278937,1
0.009791277846817477,0
0.08855287998011904,0
0.01160810205499002,0
0.011895674653441586,0
0.03226298194042681,0
0.010290589206136343,0
0.04460017095407297,0
0.29844616220142195,0
0.10829416487790726,0
0.10398316999695109,0
0.04979187609176631,0
0.0314834413700731,0
0.06174058473530778,0
0.24036855822410644,0
0.38763609887112044,1
0.002179240568463517,0
0.05002163794613198,0
0.012445831690611614,0
0.03917998604260813,0
0.008782810952222402,0
0.8471683722801909,0
0.015152683947595953,0
0.020258104272437013,0
0.008868579943041263,0
0.3358097773380964,0
0.24598417353281365,0
0.004744933329469645,0
0.6210909855154254,0
0.06879405678507752,0
0.3600826892787989,0
0.097637545122014,0
0.5742584783049782,0
0.0028475924012944047,0
0.4897555033292952,0
0.2507927286281942,0
0.004016644291708594,0
0.25961396544527215,0
0.18256335707164129,0
0.5752538386596074,0
0.45197782545696374,1
0.19107599567060135,0
0.7631813420813707,0
0.17169739239072473,0
0.35660654552557475,0
0.12964185166821773,0
0.652778534334566,0
0.2941297055725424,0
0.0956099719647296,0
0.04587829984849411,0
0.09475486617203545,0
0.14758621086102797,0
0.056689431878627274,0
0.20683293453428458,1
0.2578004540931346,0
0.11178660633300559,0
0.16452097499999105,0
0.002301379796399814,0
0.0053156843185869366,0
0.1057923787438691,0
0.19930330842203964,0
0.061584755126056226,0
0.08882343470412639,0
0.1815278085556341,0
0.2993838735525593,0
0.47440717826547724,0
0.08844974914841046,0
0.043685359146205534,0
0.01284262884577326,0
0.1306263810194533,0
0.20903344262762075,1
0.05011131303020954,0
0.1891873684817241,0
0.016640159386474958,0
0.4077724714786424,1
0.017268081002597992,0
0.7363907943829875,0
0.2256133361896624,0
0.18479716445240907,0
0.003903129475246903,0
0.02377953201431638,0
0.21562727559997386,0
0.13420955005229987,0
0.05960163714483974,0
0.5879570817746925,1
0.0158114838084787,0
0.3229254459380649,0
0.3309243453899729,0
0.1376154781572366,0
0.221784615249053,0
0.25688400432106184,0
0.24170593157694084,0
0.46306118970062793,1
0.0913542388754129,0
0.02504046894103653,0
0.05097523118331584,0
0.060266129617742865,0
0.3220644176248715,0
0.0022141238393643867,0
0.021578343559811832,0
0.34909599802162466,1
0.06898151975545844,0
0.05687935708902223,0
0.15800449045428347,0
0.7689240976931173,1
0.1452826353539614,0
0.41959319006446927,0
0.6295318545991382,0
0.01521153810185979,0
0.05535141665968654,0
0.761808863045721,1
0.37955554246410184,0
0.10315401580771645,0
0.016508043752767,0
0.0015095336948571802,0
0.5381633446404783,1
0.0016789951592574065,0
0.024855447257683717,0
0.04207356067606655,0
0.1924955736931715,0
0.5381540239572903,0
0.16515121465626786,0
0.042588654678070464,0
0.2677817569659214,0
0.4648517826725933,0
0.29617380321525316,0
0.008586846426721475,0
0.5871259490387553,0
0.050951643749918354,0
0.6531127058639136,0
0.04812816085520021,0
0.8621090819713405,0
0.3204541713007742,0
0.07873518130604475,0
0.5326413318682378,1
0.019582715517885686,0
0.24514675211281087,0
0.32716988640397937,0
0.016387583127402638,0
0.5966674783183189,1
0.6443767376956294,0
0.25868671185227976,0
0.07000226856009918,0
0.09492725117414597,0
0.1331898725318404,0
0.23780759985170888,0
0.11642525196140653,0
0.05091132849279442,0
0.30579505745454727,0
0.19327478358457675,0
0.12660796558462306,0
0.07115087051610144,0
0.4301507341833983,0
0.052196429280484395,0
0.9007314458413371,0
0.04383396339895787,0
0.008751712360643517,0
0.004340216321135584,0
0.027684423402754267,0
0.0024622367756177905,0
0.20440327264096392,0
0.04737868904631213,0
0.727007188462426,1
0.24850888492886292,0
0.348007735647751,0
0.025229317304466967,0
0.0009966416715322783,0
0.047698718263600344,0
0.9797695174671436,1
0.3516425269859344,0
0.05284003652998877,0
0.012392186750550711,0
0.012289160392133486,0
0.09291623041301238,0
0.13864743533015994,0
0.1483195662107586,0
0.06572384477583414,0
0.010024444604636952,0
0.3118413371561871,0
0.06917990711142841,0
0.01861734794909801,0
0.07686315562331777,0
0.4453406698095942,0
0.4638144339909971,0
0.028460257665183907,0
0.03712729154044574,0
0.07875098151365119,0
0.6992484488150281,0
0.1410973811438531,0
0.5784056728831972,0
0.3588689120034809,0
0.3008079020384276,1
0.509261048740027,1
0.057203794562052164,0
0.40360965275648236,0
0.015917939705501784,0
0.6681368437898793,1
0.06779925038247489,0
0.0062042124451890815,0
0.4577635517786195,0
0.00047838324111405703,0
0.49504229396971594,1
0.008468728247338256,0
0.006406659267440114,0
0.19480382768428814,0
0.0017550342392218447,0
0.009791492075316629,0
0.024357528902001022,0
0.23507637410169424,0
0.26900006459737524,0
0.5800238842993559,0
0.11221307951855097,0
0.5232774704602687,0
0.78032292446613,0
0.03486525525117634,0
0.3558912856339411,0
0.016686567233252812,0
0.028923231870685774,0
0.00041199996252950377,0
0.024610128857874496,0
0.09723156298551738,0
0.7495542520244802,1
0.13420599530939795,0
0.47219228140500935,1
0.8554495415147028,1
0.2990565728494259,0
0.2320612817615643,0
0.2588901559519173,0
0.03774025246040781,0
0.5099809421924965,1
0.035504175501369445,0
0.1581747798603258,0
0.02840210012458355,0
0.7608267298879444,1
0.8414764483551378,1
0.008637718023199063,0
0.26618525201659754,0
0.07094079539877651,0
0.43840721601499505,0
0.4245952604665275,0
0.2570416440600524,0
0.0017911753961980838,0
0.0921293568747721,0
0.001772774304947709,0
0.6328847166848595,0
0.01951569824266043,0
0.015590483031396861,0
0.4595522174889302,0
0.03935965706629085,0
0.43873342600304316,0
0.02040620038231434,0
0.24863739264760137,0
0.07517552996103898,0
0.24369294934763755,0
0.006496278106080777,0
0.5075310726373673,0
0.10570486840947078,0
0.011588100120989977,0
0.19852270698195998,0
0.05992774538183993,0
0.03231574850239818,0
0.4095913000483019,0
0.057199387737871296,0
0.009643638976319478,0
0.19394601409313006,0
0.039756895527091114,0
0.385025137585497,0
0.03977282162648349,0
0.014643866168532006,0
0.05984617583178182,0
0.8085655022732374,1
0.05999407496107724,0
0.1654611315396509,0
0.2528636642874211,0
0.7547502729605907,0
0.316738658067667,0
0.019649597668701183,0
0.009746151207561013,0
0.06903785189238151,0
0.03346500838038778,0
0.7416314145634133,1
0.35676168607210434,0
0.0791474062525828,0
0.18829798196219386,0
0.23135006704861502,0
0.09597491334253712,0
0.11898349870023169,0
0.11785651201764161,0
0.033432687403560375,0
0.464280291293219,0
0.04792496802509095,0
0.0636546447866398,0
0.021969158650053593,0
0.15506978407716343,0
0.04699420662423978,0
0.4581586172731752,0
0.5263876567730429,1
0.2994500828256784,0
0.03503359342318422,0
0.15886272355924672,0
0.019108105723591003,0
0.0097925309787508,0
0.006746357012017573,0
0.07539435165551457,0
0.29046394930308383,0
0.03631946955826506,0
0.0352456413869879,0
0.28172638392581634,0
0.474345596612657,0
0.14759341260568581,0
0.04341019401409363,0
0.3808197149593881,0
0.008111795365704551,0
0.23755966203020995,0
0.01454900570843654,0
0.02797210922512683,0
0.02413598873266449,0
0.1025782813702974,0
0.5845454022200015,0
0.7766973329529979,1
0.01677844084407888,0
0.8160701826235179,0
0.18081656778287156,0
0.04035644060150527,0
0.004617188819372767,0
0.01262683859030668,0
0.10147964701952332,0
0.0764219972932272,0
0.042783856983746954,0
0.1276420100126101,0
0.004173313062684689,0
0.642836106670197,0
0.39760930720997606,0
0.34342082665589274,0
0.12590898393391567,0
0.09357384337822332,0
0.7509635325197772,1
0.043868030585161276,0
0.022457950301072564,0
0.014089660079000435,0
0.05265337889861689,0
0.650043088437269,1
0.43573007967275373,0
0.3846314919266585,0
0.4780845656958804,0
0.8349857894787401,1
0.2597866850490315,0
0.036445891437806605,0
0.003488083756708889,0
0.4501438962154351,0
0.29409933098235663,0
0.05800715362829744,0
0.5982391352690287,0
0.047709815247013884,0
0.5758371510427553,0
0.30374407777306195,1
0.04736975609838524,0
0.04272515316547488,0
0.01994227666489794,0
0.004174177529045741,0
0.3127055499298963,0
0.048099940976861794,0
0.006322247119878545,0
0.7532971041482959,0
0.056200594000259486,0
0.6181932134669524,0
0.15662177939425015,0
0.056833573988036665,0
0.049479861643905915,0
0.005346116244430369,0
0.29501042210366873,0
0.06263673075071449,0
0.9025375092421101,1
0.15614163187443525,0
0.016881398982936533,0
0.9615503906393742,1
0.5322176971275416,0
0.09625156324523222,0
0.07817607829488381,0
0.014251034072903075,0
0.06156771943671593,0
0.21253497096908233,0
0.2038596990417966,0
0.20375904195388747,0
0.18810103751485002,0
0.1836167361382507,0
0.20278217469539625,0
0.029763787595689747,0
0.15790500839112492,0
0.04594981785925929,0
0.6732571320078736,0
0.6617908516392096,0
0.39698899574193774,0
0.7356537722111313,0
0.038336699894933345,0
0.14604809015029355,1
0.3382822971261316,0
0.02422081688104352,0
0.0380089095836259,0
0.021091236003937325,0
0.9372526732454536,1
0.11173516133071251,0
0.00952531751556779,0
0.008388958857530644,0
0.11641205341334508,0
0.17230326484102357,0
0.38645488547136103,0
0.20691093700362806,0
0.7246928670706664,1
0.05100399635937164,0
0.5076465535134237,1
0.02503780137398914,0
0.12341972820381686,0
0.012196064450255291,0
0.011446162128746601,0
0.026375888790080106,0
0.1954013925517355,0
0.006484004304183022,0
0.011815729321982176,0
0.016708845327910758,0
0.2350280059501786,0
0.13619491380583915,0
0.006731247181753983,0
0.9029359578609953,0
0.1029693930027333,0
0.4089415380782398,0
0.026819782797356837,0
0.6879852450495169,1
0.7877970995390849,0
0.03733030521076473,0
0.24614409546844662,0
0.020557937434341853,0
0.04592643505404705,0
0.01842161959927993,0
0.42471707282920346,0
0.11420618377309154,0
0.13985867418836873,0
0.3479921510693078,0
0.013363129288541309,0
0.026455925875142203,0
0.46513697820309524,0
0.009498302246250815,0
0.004332953926043429,0
0.2580763597960539,0
0.0699195400889462,0
0.3394122082095712,0
0.052159065813838786,1
0.09054688258089283,1
0.016544460131277628,0
0.38825714939987804,0
0.001012092032468143,0
0.0019382779026880877,0
0.00044878525587546594,0
0.09268155108160721,0
0.15305843531599764,1
0.45135664742959003,0
0.5190858162894052,0
0.2712779974657957,0
0.043692653057587974,0
0.031061832903771826,0
0.0062424477832594815,0
0.0687005603166352,0
0.09202356924116956,0
0.9429568448064541,0
0.2311118660629252,0
0.21661330611109925,0
0.5551644469892976,0
0.014102759442273877,0
0.1957520743852451,0
0.15463624133128173,0
0.022752955413793925,0
0.04283249280014703,0
0.02588005061880974,0
0.04556283645859488,0
0.007946540896701737,0
0.3461456359707936,0
0.007781367080036467,0
0.43760478827768834,0
0.041424222042539836,0
0.11541481458340572,1
0.17204315295101918,0
0.047546285999962114,0
0.010093535446977496,0
0.07259946281404266,0
0.3118080339165699,0
0.000953868789769937,0
0.0005535486819554013,0
0.12524873443929982,0
0.17635151956352832,0
0.26482187269016094,1
0.003133218535672685,0
0.02950134582284296,0
0.39615815676769434,0
0.23762125033425074,0
0.07344368185873887,0
0.12985170572847632,0
0.6352739856375218,0
0.5806749381245634,0
0.08451632765918413,0
0.0245686516819864,0
0.4337087409115377,0
0.05355368462903323,0
0.17987246916160668,0
0.7677709336871649,1
0.18862029268688704,0
0.008792824961698842,0
0.004749801296122751,0
0.7238346982709325,0
0.4042216229810815,0
0.14511528825189632,0
0.20353956346214205,0
0.6108497828635558,0
0.16665910066305498,0
0.017949437157606208,0
0.04425769161766458,0
0.027673823598961672,0
0.7350838583635366,0
0.05973230257415442,0
0.6088838488332545,0
0.2286678075179333,1
0.3104463847895394,0
0.000958855588566489,0
0.07901515558569545,0
0.02495320418738195,0
0.09779068582871532,0
0.02268912744729522,0
0.08719756109654377,0
0.0004234426453930585,0
0.20490708799079335,0
0.08163601520343211,0
0.01260744440576223,0
0.005915635782814699,0
0.31040119930629523,0
0.2591221917626246,0
0.09114632900073533,0
0.5595437686032032,1
0.10871992681568166,0
0.04357446006107934,0
0.6701503888056507,0
0.23988711146227418,0
0.7485947329659145,0
0.10294481857382413,0
0.04389128477915267,0
0.3298774326695412,0
0.05485002948653246,0
0.5651869126227822,0
0.7180598304749639,0
0.2144641716335946,0
0.17418291551747897,0
0.147859087911585,0
0.4296733062730263,1
0.07333528501760915,0
0.14443564472672307,1
0.31278990153671843,0
0.49991193201729817,1
0.1401570172661021,0
0.12731718324267904,0
0.08188667823435689,0
0.933039374406335,1
0.2823618564897159,0
0.24926778207540237,0
0.14432741990417947,0
0.018570946988442756,0
0.03737888629349414,0
0.00860376958634306,0
0.026316300933834302,0
0.28399514345069365,0
0.02613293436709246,0
0.01900468818857059,0
0.007513251203565475,0
0.21005773681688436,0
0.013712809553478833,0
0.1567237059905907,1
0.7375187483848803,0
0.08154507148595753,0
0.028493608614184644,0
0.03432126257564579,0
0.10936330233018791,0
0.5025838690934223,0
0.033605483554814936,0
0.08209224141330382,0
0.9102578373083038,1
0.1044715184455998,0
0.022926204343923482,0
0.010120382698167622,0
0.0335643828372075,0
0.17542294362203326,0
0.040683418844483815,0
0.7769679224354942,1
0.08564443234837539,0
0.051016539017676166,0
0.06288180686215926,0
0.04778349490227487,0
0.025249701093378492,0
0.003722629989568968,0
0.0026242922865826897,0
0.5013677703245514,1
0.08654625061878338,0
0.5193233426982861,0
0.4990562183114593,1
0.15207124515774115,0
4.976225019205957e-05,0
0.6340653925817799,0
0.3456132965141298,0
0.04053785551871191,0
0.1387228392640432,0
0.026568778959322775,0
0.02141593927631834,0
0.5025806234457556,0
0.17082477521491243,0
0.2584096493069829,0
0.025219393943570204,0
0.4980281261533792,0
0.337483232487793,0
0.21925922984244342,0
0.1272518399972198,0
0.06021324415153118,0
0.6628279490680778,0
0.12739431065731188,0
0.1466860159474207,0
0.14291280585623134,0
0.29541862367188926,1
0.24284139820737424,0
0.30141414707268793,0
0.028335288675701228,0
0.014617790208522509,0
0.08789086867868241,0
0.08636360834617868,0
0.019862118529228676,0
0.12183862296967317,0
0.5628101495433026,0
0.018694057141383575,0
0.23260417395233984,0
0.061601597931006113,0
0.22214064436677924,1
0.8185631922283639,0
0.3714473833724032,0
0.37175402028675364,0
0.647180972339802,0
0.09538777209852815,0
0.03695195045813312,0
0.7296963759932272,1
0.010348818747326599,0
0.003974337161774519,0
0.1364923822863654,0
0.003266800415707292,0
0.18445209813554167,1
0.32864462097149777,0
0.6213062924482963,0
0.03775500819569274,0
0.5816939983452194,0
0.0905141287681832,0
0.001244964051366437,0
0.02023278188826127,0
0.914168052617733,0
0.5766069577423419,0
0.22003729337506692,0
0.7801713903661901,1
0.01615014805634976,0
0.06565483702358293,0
0.0006981314653586552,0
0.5427533404729187,0
0.060317517685993784,0
0.0548648078630817,0
0.019547268837822235,0
0.0717201459229321,0
0.6993012058544984,0
0.6578769750363632,0
0.08763802060977714,0
0.07240716532514223,0
0.017055283072869618,0
0.38053597924245613,0
0.17842380416002113,0
0.02632952110929948,0
0.17375368129535151,0
0.7864390175084193,0
0.06495971166657764,0
0.00879140594390671,0
0.46159970403766754,0
0.03719560952198299,0
0.01844415146689385,0
0.039526069323096796,0
0.0977729397063413,0
0.08616712259648833,0
0.6501125774650934,0
0.5272096445224029,0
0.00826227490898411,0
0.08587023677087241,0
0.010665282119359364,0
0.015131761020620959,0
0.7492009334236189,0
0.003664915882406866,0
0.1120635457538107,0
0.009645100888706123,0
0.1097528820878954,0
0.28601181983464313,0
0.06933537202025956,0
0.7627621911470769,0
0.4500602450462609,0
0.17097444989434998,0
0.15763737006683842,0
0.20559244352733955,0
0.014536891361562236,0
0.34142095951868046,0
0.16878112801224412,0
0.22155531483362798,0
0.47377631496166256,0
0.4680711249631252,0
0.019713432385872594,0
0.02899865458680451,0
0.26143904289694014,0
0.022739150045146365,0
0.41771077555495884,0
0.20291914833608277,0
0.0766501545691381,0
0.27435114730773436,0
0.02215609833541451,0
0.09761353042600245,0
0.062298751345165757,0
0.1132382298985578,0
0.10974577512413042,0
0.23967536083658916,0
0.01229544804398168,0
0.5957166483258627,0
0.2030706067639364,0
0.08865654654069255,0
0.03704925042296435,0
0.40566620075840387,0
0.142426462262119,0
0.8944776270476583,1
0.006590002454531718,0
0.03302213188516235,0
0.8346813540407414,1
0.002349155211106351,0
0.01317501975494176,0
0.3846735899196805,0
0.635944878104654,0
0.3493264102244928,0
0.14410346016152867,0
0.0217912472450278,0
0.2653445647927049,0
0.017242930052933064,0
0.17179455002293917,0
0.00880937362399791,0
0.11975915455970972,0
0.014313445054450778,0
0.006268181878989264,0
0.020679264895706796,0
0.11021067882552722,0
0.1122476681362054,0
0.4060356132754621,0
0.08304116442001516,0
0.039641700087973096,0
0.3920614484694446,0
0.01186585924905458,0
0.4011988419003554,0
0.7050211359522767,0
0.2892605387641489,0
0.8206191981036586,0
0.02601726177392288,0
0.0060517300620503344,0
0.42848029563622997,0
0.006414557318595573,0
0.3928342389578928,0
0.02510815162825438,0
0.48534548622131085,1
0.1406956465171794,0
0.008441372817564137,0
0.0030475140093047005,0
0.3521533463524899,0
0.24188457536640828,0
0.012357341003316504,0
0.5972767899488219,1
0.058644714513907216,0
0.0056803399994722345,0
0.037384592299490364,0
0.0173295457679444,0
0.6358831541183515,0
0.10378822097881903,0
0.4379841983486719,1
0.13666570033862296,0
0.008628513449997197,0
0.00020794203453893787,0
0.05278977818292299,0
0.2071504967420692,0
0.13282334599770526,0
0.011578031258668952,0
0.731072310931645,1
0.004450619809508843,0
0.003477870754093794,0
0.10577626096380066,0
0.006399086227963969,0
0.009116564579416201,0
0.026093552046916005,0
0.767681824226623,0
0.5742667108308374,0
0.2430329118645595,0
0.0035221947632805024,0
0.6617866456247106,0
0.08068945055524504,0
0.03932940374734351,0
0.26371806719218505,0
0.3249336474866095,0
0.010887049818223509,0
0.41088285315561957,0
0.38350917842117127,0
0.037375150266652994,0
0.2649621166192631,0
0.018500779346632412,0
0.5198837183495958,0
0.06584376786722491,0
0.07348838710006544,0
0.435086296460474,0
0.18824655575088065,0
0.532221969992041,1
0.10412781251467906,0
0.04381003509381065,0
0.006986848472640305,0
0.21437429101365627,0
0.027473646963643024,0
0.07481641794972343,0
0.10275413292433415,0
0.15367551131760807,0
0.14635788127504404,0
0.00443045606052933,0
0.00037847133196573383,0
0.005480701412584841,0
0.5556063845390474,0
0.009894096639731544,0
0.0663605438196883,0
0.6792539229750888,1
0.12740335970959688,0
0.4013084686156251,0
0.1906483986757003,0
0.011712238688136725,0
0.16111848077991536,0
0.3754847044558703,0
0.525283106593495,0
0.01736637343140148,0
0.09123159426506458,0
0.06588813981723812,0
0.017900401413074783,0
0.10442148124658018,0
0.34334057868492235,0
0.023791179899267736,0
0.7883808616464708,1
0.7503357222443381,1
0.0026656777433728645,0
0.00158422525782936,0
0.8390252797385255,1
0.13591036988894933,0
0.0019999208547447547,0
0.031150398481121323,0
0.43566569518141496,0
0.2114829964595142,0
0.31163138291877485,0
0.19306168318259964,0
0.9747981203397474,1
0.19991583438290575,0
0.08963923948024877,0
0.07641813265663444,0
0.05253810675965301,0
0.1461901775491224,0
0.883257698976885,1
0.6145008666156885,1
0.1742972313370971,0
0.29007986075552716,0
0.03119976582985595,0
0.4748710114142035,0
0.18154971826304467,0
0.5481286088662491,0
0.8063186625453282,1
0.7245343960793299,0
0.030564623166932228,0
0.079565593185543,0
0.008573218674005617,0
0.18254607406419132,1
0.0007740906418659779,0
0.1826450698238307,0
0.5124686962174259,0
0.170131727463808,0
0.0034968955434609953,0
0.21880854810687878,0
0.21937758894332784,0
0.038866013392435485,0
0.02134722953256589,0
0.01824386937118597,0
0.14110036317143151,0
0.08086160856252388,0
0.0005244826013004307,0
0.42589675257905585,0
0.08342050964946099,0
0.02870534790149099,0
0.6985608479491305,0
0.006827000856992768,0
0.004264305553178456,0
0.8764171667942605,0
0.25210261931109634,0
0.01070581123907315,0
0.001269874007385623,0
0.025683283469568958,0
0.0085015679756867,0
0.4004270623248508,0
0.1333515852040459,0
0.004590786205144738,0
0.31032729534473824,0
0.0013570055728060546,0
0.03497600380230052,0
0.8228876544056997,1
0.05005703243062006,0
0.30276289514166027,0
0.21893732997208873,0
0.07820070180727863,0
0.1619778449614356,0
0.25701716148421905,0
0.042164763705399615,0
0.01996103173231447,0
0.3549624694383338,0
0.40777410938228237,0
0.39956019733591963,0
0.7320193784777952,0
0.022581328572887673,0
0.2984406128016862,0
0.5405939554835955,0
0.8580771752096695,1
0.15343228175926404,0
0.6520086963832912,0
0.4367564563107133,0
0.06381829457709748,0
0.04645661502702735,0
0.1702783951959248,0
0.17870184721838483,0
0.09701262069089947,0
0.4072141975977166,0
0.0032491907355185223,0
0.7943886780647712,1
0.3641706847191043,0
0.18133609874251222,0
0.06650620327258816,0
0.06317193711401196,0
0.261956750405387,0
0.08075727829573151,0
0.20635105085794025,0
0.891671562144621,0
0.8050156044405897,0
0.7253831443325693,1
0.062158709681400366,0
0.18802339503727644,0
0.01623549976657169,0
0.23094785369569928,0
0.010415353532092745,0
0.005655991811876831,0
0.47296258346488934,0
0.0429593154445935,0
0.8274939489228413,0
0.04459252117615105,0
0.044190390149825676,0
0.33401984076168456,0
0.06525020994735643,0
0.02866200849288448,0
0.26856350150133335,0
0.3069437638432753,0
0.7229460104175577,0
0.015066561594237223,0
0.7167080182535247,1
0.02987250056937735,0
0.07385160941987624,0
0.6680413788547653,0
0.12291119383125121,0
0.020524264927512675,0
0.13277293553324335,0
0.5600432339721266,1
0.19968683199825998,0
0.15449379833763716,0
0.21802504179370955,0
0.4139129928979748,0
0.35958129710171993,0
0.4448567798154593,0
0.26359799748843543,0
0.9708067224000758,1
0.4299605094045191,0
0.8108199502575851,0
0.1278063921115806,0
0.11750423504540683,0
0.980440055045039,1
0.20849128364526093,0
0.05992453781654106,0
0.04031477494151781,0
0.9079551354763371,1
0.218880405731502,0
0.28185250335529877,0
0.1017636376512415,0
0.024395911840927726,0
0.018255389208636338,0
0.0838265787926517,0
0.0077446878441191575,0
0.46485637225938803,0
0.636964060445201,0
0.2311486606667224,0
0.016855130768674283,0
0.1401240406366993,0
0.23321937320333527,0
0.002504483762725201,0
0.49191819454119146,0
0.13071361034363205,0
0.17800737413330944,0
0.25816782379999914,0
0.03158351900882269,0
0.029324737085514075,0
0.9239046705023569,1
0.03339891270460468,0
0.3355965911363969,0
0.3948008435461266,0
0.4494916819606558,1
0.5398394113365472,0
0.17024545985421288,1
0.06139684373121103,0
0.024855404826189902,0
0.4011323583135384,0
0.11419898175149712,0
0.6451271386628474,0
0.007922733678181476,0
0.7174589971601454,0
0.04733266149562161,0
0.10901626477906645,0
0.028110184351204583,0
0.319831997040283,0
0.5580021676612767,0
0.053612891209720515,0
0.0386515209947735,0
0.28099685798139695,0
0.36935159614527374,0
0.28078747467737836,0
0.007895214293162305,0
0.043987438433035514,0
0.0054297450244698555,0
0.0027207344316094333,0
0.0073640541320968865,0
0.017964057828792113,0
0.0071849032894813905,0
0.0865754177490957,0
0.05267257291785417,0
0.002744259398532746,0
0.038876344962004136,0
0.004449661378685336,0
0.05217636500306074,0
0.38118443428954357,0
0.6233119736493536,0
0.5995106773186853,0
0.0478423571751773,0
0.325994690311042,0
0.18376864423178596,0
0.05172144460082747,0
0.5259527867996916,0
0.27943276150214275,0
0.13875981397429565,0
0.09044881628296934,0
0.37188592079541966,0
0.7595474571510158,1
0.07320686519276576,0
0.04933585477648503,0
0.16906380110427646,0
0.6688273351844621,0
0.9501789363316654,1
0.8644674991533027,0
0.6804225349534122,1
0.6085719636519586,1
0.3204880403866859,0
0.2802571892167588,0
0.5847511878982254,1
0.29419867810157635,0
0.1664260116992737,0
0.08122989197336511,0
0.32516581954379487,0
0.00625288989341411,0
0.00033000035761826996,0
0.5174390267506866,1
0.004374733815501319,0
0.04093590992853082,0
0.011389886001669392,0
0.1446533250029711,0
0.03818520630779659,0
0.0003146851527814315,0
0.14558602399590131,1
0.052995153312447654,0
0.0016477626298155117,0
0.08645265472211469,0
0.30936502166367436,0
0.5275287383125957,0
0.6866538198831423,0
0.04670363885685445,0
0.17117509453034058,0
0.04761308204584747,0
0.4927861158020515,0
0.0070970222264402395,0
0.028662825481303802,0
0.03527172630165846,0
0.5955606355284289,0
0.0038109278049903157,0
0.18983501731059485,0
0.736936805095853,1
0.01787081002480465,0
0.17141843287296396,0
0.00047937505426824786,0
0.24314056317551408,1
0.11520159710706034,0
0.829244516063295,1
0.783505237535275,0
0.01172515740092157,0
0.5201618633159332,0
0.04801978693465449,0
0.12263458277464995,0
0.15477172861375554,0
0.4903540882305925,1
0.7659276374703472,0
0.5249981205637086,0
0.34336284451567556,0
0.01994126870393163,0
0.31375744221839386,0
0.10040831826442977,0
0.12829412810706714,0
0.007171199981271696,0
0.19296950822478456,0
0.664119027246763,0
0.18899510031477074,0
0.015644810299585157,0
0.18290851309429218,0
0.06827789581183148,0
0.006232108233142539,0
0.2573877203116379,0
0.15457014570803346,0
0.013962562534387706,0
0.6346639677583952,0
0.5584086522386797,1
0.1582634062621449,0
0.6339098959283228,0
0.1581427833841411,0
0.03175052149875103,0
0.2775566219621764,0
0.38775119554562343,0
0.12527267171525863,0
0.0013151099054201074,0
0.07255422493802818,0
0.06109162620220718,0
0.25864779582156683,0
0.1592983360298543,0
0.20232651783036432,0
0.010352323032974307,0
0.40321584339373995,0
0.19790856915134888,0
0.22415298094705907,0
0.8743175852446576,1
0.24858908640710162,0
0.2133180128395394,0
0.03048847571781803,0
0.02819722830443755,0
0.20965459178193044,0
0.20168377002509658,0
0.0008698562338158734,0
0.04937541389167459,0
0.07986269065673018,0
0.010676237815350988,0
0.3564801060380518,0
0.2819043867899372,0
0.17909633508486061,0
0.42918866545288226,0
0.16825270558200422,0
0.03839060409089653,0
0.6689555419428098,1
0.30995527190869426,0
0.022972298001185654,0
0.0613341230929793,0
0.08733030590869749,0
0.007418276409628539,0
0.00215240932238378,0
0.30293468968435555,0
0.013056504084760348,0
0.017570106812035285,0
0.16944907552041044,0
0.10055802508563311,0
0.06098160390899301,0
0.051448875481931396,0
0.12935128623099268,0
0.7431903342377647,0
0.5746164028220347,0
0.12390306159109428,0
0.011914773316686875,0
0.007984521236860203,0
0.025100007870518307,0
0.7938871860636081,1
0.11324619197750611,0
0.10982519499161703,0
0.0022553617357782036,0
0.3573769264084922,0
0.28604810460828645,0
0.3956041338025682,1
0.022623207211616193,0
0.0716920482245846,0
0.15578004559812034,0
0.02164250332316288,0
0.2922510626713281,0
0.07750670619976889,0
0.10899937953371623,0
0.7695680906749092,0
0.02598351048991645,0
0.10996977037297487,0
0.5349015865528705,1
0.030739920372066288,0
0.48713425673532695,1
0.005440663021235138,0
0.006909928790494504,0
0.17415292339262325,0
0.15575935152868572,0
0.01692100392644834,0
0.005200947596436861,0
0.0015607579432299742,0
0.8363836871461623,1
0.017170403932384955,0
0.9416399484652046,1
0.028949573098362668,0
0.3092383087533731,0
0.1640977914656949,0
0.3735313245437768,0
0.8145881252229458,1
0.023328635476028724,0
0.05385740756652432,0
0.2751767082752023,0
0.15171332848420138,0
0.6350101201221959,1
0.048561125966159954,0
0.07522132757055006,0
0.03474877894383503,0
0.024123036511459372,0
0.10034238133820057,0
0.09436860766952966,0
0.013565455412316569,0
0.06632783958520179,0
0.3494389048035444,0
0.033783356310850096,0
0.013514666560895219,0
0.39307645355226867,0
0.24595362921339778,0
0.034747626191279905,0
0.11444767668205091,0
0.4263824187705748,0
0.206659653869799,0
0.6543033374674871,0
0.18362992315600724,0
0.021244587712473402,0
0.8318200778008098,1
0.6674582977631539,0
0.05663465189565753,0
0.4723960376673288,0
0.7049746257481291,1
0.20305430334667593,0
0.0908009121354951,0
0.14051532209933804,0
0.03933944735856324,0
0.0581362302343856,0
0.0998803879094561,0
0.9158860381979526,1
0.17554633984183712,0
0.031009998229633694,0
0.040283752168596594,0
0.054018644520800595,0
0.33893801262092627,0
0.5258164925216786,0
0.03219505011009254,0
0.006200311419202659,0
0.4532786848853507,0
0.10562191351157918,0
0.2244642358676344,0
0.21216074209538305,0
0.4872117864659536,0
0.5324110687945384,0
0.7570871428553122,1
0.3373252715255671,0
0.19407206599155216,0
0.021055896385183966,0
0.10354095419330138,0
0.02070392483210836,0
0.08267436933203433,0
0.619294934407932,0
0.13350790133909526,0
0.12664938035100315,0
0.17339359035328114,0
0.3833497379116344,0
0.027671575234921,0
0.23795462117852734,0
0.6304272338782372,1
0.013348814900731759,0
0.042855527135844354,0
0.6944396257068913,0
0.008462358232496482,0
0.8266952922007247,0
0.016604488018270833,0
0.11610867123468868,0
0.5490043893144109,1
0.07992970929310506,0
0.01739344784509983,0
0.7298794214059362,0
0.037676700300151654,0
0.029355970547358532,0
0.14806411158525085,0
0.3691381103974833,0
0.001009463895216239,0
0.5119234367422397,0
0.0989312800860951,0
0.01911945479066348,0
0.01005051259132071,0
0.019381354212278292,0
0.07971985171928944,0
0.007824985373848008,0
0.03623320661486634,0
0.02147720484328672,0
0.5988056879743185,1
0.003444095686072913,0
0.030033868741761862,0
0.5653556795625527,0
0.08184117063831531,0
0.015418473130026259,0
0.5981632052365633,0
0.04679540176770016,0
0.16908123503276934,0
0.22824737968404674,0
0.07491878019426876,0
0.04319135515787825,0
0.016075779719545734,0
0.08464365071559203,0
0.791792973556321,1
0.7758384489929446,0
0.03539572853605858,0
0.161882247766957,0
0.07334505213365526,0
0.11434195100258167,0
0.02365569312835353,0
0.008609442553747487,0
0.031038733862283164,0
0.9002539693242898,1
0.029190540104875755,0
0.3870905721767446,0
0.1086367540267973,0
0.014149876520746662,0
0.3445195997158801,0
0.017746159034621917,0
0.07139802065383118,0
0.44536326960078537,1
0.8021043068938293,1
0.7008039966335369,0
0.14271744740365142,0
0.1551694728890284,0
0.0056633440339666115,0
0.7292772744235297,1
0.22129629202967271,0
0.6889024315529526,0
0.05637252252162477,0
0.0627667411629988,0
0.12169005882755313,0
0.03957239777784307,0
0.0008118618779165494,0
0.24734690871333373,0
0.4113522392513818,0
0.09537261517201848,0
0.7616118285999807,0
0.565722804430969,0
0.24179823650147306,0
0.006258826890984143,0
0.01016547171246282,0
0.14493777226242555,0
0.008431097343161683,0
0.23186435100802033,0
0.08785439020945002,0
0.0698992835544224,0
0.03435436019587943,0
0.22895151883427575,0
0.11029627961893841,0
0.2596077029714909,0
0.0316397471396303,0
0.8101593731902702,0
0.009987141561520432,0
0.17745534394310336,0
0.17588399740852426,0
0.12722553482272372,0
0.01594972715732374,0
0.12679241735096883,0
0.11608131431174365,0
0.15212034155109108,0
0.5316507051209423,0
0.5140919156861233,0
0.03665282335604919,0
0.6077882029198957,1
0.00629824682095747,0
0.008258406187195658,0
0.24845152557484443,0
0.08021024554754416,0
0.29923743833920546,0
0.058490650285324505,0
0.8029098403649291,1
0.07599425991463896,0
0.07603348342566452,0
0.0509836242857556,0
0.025361817945041557,0
0.6291745187115401,0
0.07311393232240519,0
0.16088581342402575,0
0.029682109763766885,0
0.4259201134477449,0
0.0047278590531128085,0
0.7275284675675974,1
0.8610356849203928,1
0.0008348978062824146,0
0.013831743326484167,0
0.03679545336084968,0
0.0007224240778032836,0
0.0807158254440729,0
0.014303937385314958,0
0.033463411457964796,0
0.009240712931327234,0
0.23469323002852271,0
0.14508169164436263,0
0.024289486583805985,0
0.03849609973958003,0
0.17527884920647588,0
0.0031497922308701496,0
0.6859467387378,0
0.0559701754486254,0
0.5161346620308098,0
0.021941878256707834,0
0.08702072751785066,0
0.3206014199329016,0
0.01918146950922828,0
0.042191262573163586,0
0.0008102191647310711,0
0.030638533685894042,0
0.14877335458133456,0
0.14364673468627073,0
0.04979078923321895,0
0.24468582810352313,0
0.009747880041908878,0
0.0004926144040549211,0
0.37470513628454144,0
0.7660838660484631,0
0.14638164717896016,0
0.00837735111590458,0
0.03103780361600541,0
0.061383465761790074,0
0.41235463047362286,0
0.06136026536875598,0
0.004102275971459408,0
0.011178601403827086,0
0.7430639895244342,1
0.3319877074418899,0
0.25882406392908525,0
0.6587464760964672,0
0.07656931749885569,0
0.839173768484189,1
0.05226258934846441,0
0.025664136973102086,0
0.22473100529286674,0
0.02249225169209177,0
0.014073059097847514,0
0.060287868646796736,0
0.5901481817263272,0
0.19690951260758974,0
0.45260154880584963,0
0.002714693410740702,0
0.02406249525579398,0
0.01984917544761256,0
0.6916962215800073,0
0.00452655836199357,0
0.03420288911117165,0
0.20764807051129477,0
0.1515572347493346,0
0.18730828931841256,0
0.732310019604337,1
0.011420193303193698,0
0.08979602367902395,0
0.23844921106972397,0
0.046657445050215345,0
0.24287876726017424,0
0.690664099312988,0
0.021993399720357756,0
0.020756209365231728,0
0.017656289908277983,0
0.11589093319824464,0
0.0774100950457944,0
0.20543366388881065,0
0.0016845500891936858,0
0.0194720741319359,0
0.19817608514564128,0
0.2049437178462777,0
0.018511971594651958,0
0.276638869101404,0
0.22914455075438184,0
0.18559444657217206,0
0.21261163008580472,0
0.010895063054537324,0
0.045976738081461827,0
0.4641799060767195,0
0.20752413423542393,0
0.11004331643733932,0
0.6222945937639118,1
0.023921115999715702,0
0.22462358040705474,0
0.02623781410394834,0
0.04302567054761934,0
0.21884179787561153,0
0.4441591515682652,0
0.02683813797098917,0
0.026065554834655856,0
0.07434237749736608,0
0.054702863535001804,0
0.06665200728396775,0
0.04268470046399676,0
0.45935510471023777,0
0.08506620189768385,0
0.0067170819947877875,0
0.023287369930696508,0
0.01067687729719318,0
0.06839245624605234,0
0.043979995331995515,0
0.1530128733762608,0
0.037439545425055454,0
0.5998029791701212,0
0.27616835229129605,0
0.27304001695822844,0
0.03318591450909635,0
0.015231781301159666,0
0.9237582427083995,0
0.24780852573600604,0
0.007034782563628157,0
0.09733825452756951,0
0.7830105072829939,0
0.31684003731635674,0
0.01379902320009239,0
0.021415104706190475,0
0.7535066716738145,1
0.11255052729116118,0
0.5898895984714138,0
0.22288606974150332,0
0.2665171272754588,0
0.1244286319008071,0
0.007134039863907076,0
0.0020015941102894653,0
0.002200189851529687,0
0.029037734547236755,0
0.14381927805387104,0
0.0542449104370421,0
0.2618377044512774,0
0.003419944375293158,0
0.04513763244869949,0
0.02987020486396279,0
0.10802077304261819,0
0.8413868122954483,1
0.2713029298848156,0
0.0010220511099612547,0
0.12135021998068804,0
0.24286476987740613,0
0.008780286172897866,0
0.6507903185308547,0
0.00474262730728112,0
0.06257223063098163,0
0.05900549385557273,0
0.15851919602048112,0
0.05034918060899215,0
0.005394456649293187,0
0.838271604447174,0
0.08513370773988324,0
0.3861629974262736,0
0.2935985942954264,1
0.6015394078212178,1
0.7479309713096756,0
0.013077967673889771,0
0.3007879537215842,0
0.17604305316613011,0
0.37232972534305114,0
0.3145188341363738,0
0.5835215341226514,0
0.48778984678459963,0
0.21133204418827906,0
0.03857888921550306,0
0.619391160596712,1
0.12454663739743359,0
0.0656123346728502,0
0.8851541474549175,0
0.07146755888052865,0
0.6251631229024308,1
0.7001183408543857,0
0.4057517629164139,0
0.0035795222027789377,0
0.011168078588765746,0
0.030738736301579757,0
0.0017574874426023834,0
0.04739311326581236,0
0.039888735014711005,0
0.7821848118037624,0
0.0050295588107367685,0
0.16880067955815048,0
0.04877064990814292,0
0.630980429980703,0
0.014661901117902075,0
0.46204638300533357,0
0.22916133427326843,0
0.7057329381736309,0
0.07695818852259835,0
0.13330711236854817,0
0.025775694523453883,0
0.021694391485006258,0
0.1873219084602405,0
0.010317681752481482,0
0.07966415756073726,0
0.058797078434679635,0
0.6343247538017216,1
0.018623734723716437,0
0.0004997091557997658,0
0.05791903913526726,0
0.0526594159413128,0
0.32790881164698576,0
0.09108435360147953,0
0.6786594627182864,1
0.0005564373938983311,0
0.006479870651686906,0
0.0036432389986621673,0
0.20986867524960146,0
0.005979962878010404,0
0.0632294357701613,0
0.021630721949763305,0
0.03801548579131236,0
0.07995696561806018,0
0.21956679303703008,0
0.03345354403656122,0
0.007382456049926716,0
0.06675193369961181,0
0.0009524316604799995,0
0.05769758193431154,0
0.004622860520609565,0
0.03520898874824729,0
0.32389643879783525,0
0.03191267747500749,0
0.07693192836650403,0
0.49229863404061086,0
0.04520510061825185,0
0.10704130325136826,0
0.13072675795562835,0
0.008984334125739141,0
0.7479146142565495,1
0.20141158797634306,0
0.08206314188565106,0
0.038116320989658156,0
0.11008795699536743,0
0.0005525780361110581,0
0.8280993196750884,1
0.48226981244840367,0
0.17710483793018086,0
0.015258683048180278,0
0.08312082691306925,0
0.07456209947178553,0
0.006413952716667761,0
0.02893979018066255,0
0.2350812632059773,0
0.24762663478680377,0
0.88910263770516,1
0.001490846534255425,0
0.09188195071355854,0
0.17212649842080296,0
0.13830432779709254,0
0.14700214187948257,0
0.008606360534521445,0
0.09960540370288602,0
0.016014862314990223,0
0.00631894220163977,0
0.9481821539268579,1
0.0028924231365342547,0
0.8760799583518358,1
0.6181247112066213,0
0.021924316484828475,0
0.057932594582536565,0
0.10123435602581074,0
0.23344863423616605,0
0.912563940258039,1
0.20356788797771166,0
0.0023653811296135805,0
0.7482291143242497,0
0.12344108297180637,0
0.7585157744450012,0
0.5412969912475,0
0.0022234647167425447,0
0.044442641878524494,0
0.6443515328700187,0
0.008025141662237379,0
0.4229890922901792,1
0.08745329187110736,0
0.09498183073025124,0
0.17906257225212135,0
0.06751834863292921,0
0.010834570355592456,0
0.23871978216349124,0
0.0323409385124897,0
0.7995201653336941,1
0.15101758015904976,0
0.5319864065242541,1
0.02323843766923246,0
0.022598657431918308,0
0.019613847328132844,0
0.2298724151985027,0
0.9024931108222362,1
0.012192202798431383,0
0.2257258491906871,0
0.019803703064420503,0
0.09577294130180741,0
0.13700182491296392,0
0.07386854692791994,1
0.4625904811286892,1
0.36933185228576804,0
0.0024980762562690642,0
0.009040437475968112,0
0.033879227764932886,0
0.018948976652741846,0
0.03160383748040124,0
0.0074306623453605876,0
0.027723828595034854,0
0.031837126103199775,0
0.3335481266510199,0
0.03579187113739997,0
0.13677328107305628,0
0.066868432168905,0
0.13853312820860633,0
0.002826634658645973,0
0.005168113534374396,0
0.039764665409570375,0
0.007604154478859607,0
0.07214382889055206,0
0.22007413481245636,0
0.050666972179976996,0
0.7811354548069311,0
0.0694690650904055,0
0.19188663188712665,0
0.15749127668234694,0
0.7680937083482313,1
0.026023329814941182,0
0.6055613500996451,0
0.023070813128265352,0
0.6722074175389292,0
0.10430134614998997,0
0.07232838090561852,0
0.21962872255799076,0
0.012923215051888851,0
0.45742139648418967,0
0.0006772152276290517,0
0.1669280452898587,0
0.01950674107478586,0
0.4507212604745774,0
0.0864636363168126,0
0.50422828439769,0
0.0016386403840960805,0
0.22780391838989392,0
0.030401337118825575,0
0.009844852333554517,0
0.026688495759781647,0
0.13827016005015508,0
0.14783019276063697,0
0.1888253293855495,0
0.6210710686008749,0
0.2477505993380313,0
0.8717265147611238,0
0.01304121629941873,0
0.054096718960718916,0
0.04209698649085768,0
0.03404175227352474,0
0.006901882605365629,0
0.020569434452612684,0
0.2000467670584751,0
0.7989773516804274,1
0.03962809205610196,0
0.19098362512578582,0
0.33550634852100336,0
0.016173364392107824,0
0.3901230073308275,0
0.12336888184165956,0
0.10608654977598342,0
0.42328522172830585,0
0.017448382900236446,0
0.014190731616863184,0
0.05293962099233987,0
0.18134932311872395,0
0.45459531265684366,1
0.0021360912971135925,0
0.004211667931381346,0
0.03273873304839025,0
0.06153926818919808,0
0.14631596757474463,0
0.195332053744006,0
0.07376025231120724,0
0.12944888690327458,0
0.0006871507353457272,0
7.682251853638945e-05,0
0.003934960197405135,0
0.00338375658175436,0
0.9264267804810481,0
0.8956043525708625,1
0.0627955421825089,0
0.005540350715212042,0
0.16353959672663648,0
0.030223770008454498,0
0.03709531774667534,0
0.41822585444175203,0
0.3468494552999412,0
0.02668809072580433,0
0.24611815582833707,0
0.5772375776702551,1
0.9416076598373176,1
0.03447741634502679,0
0.06609620693432217,0
0.48919817922510284,0
0.42844839848180355,1
0.6427402487398185,0
0.024715274084730145,0
0.0019222084421662495,0
0.0964040603095839,0
0.05910441857242414,0
0.061626011353785086,0
0.05603994447886079,0
0.004769212533503564,0
0.022030209343999234,0
0.09148406692654994,0
0.1151108752821445,0
0.849750667334863,0
0.17842609597164558,0
0.10688470349075986,0
0.08957380137011811,0
0.5338398530144596,0
0.20560694881262645,0
0.291271455202503,0
0.25046943359644025,0
0.026017168051772056,0
0.6650788667759793,1
0.04883531767905227,0
0.03650695210100696,0
0.13832488093157908,0
0.5700072774747299,1
0.1027146379751671,0
0.13683544554663388,0
0.43874995579800224,0
0.24464061187499558,0
0.01924665801891609,0
0.0456975390123552,0
0.032402657132598725,0
0.03340018603260758,0
0.018942900453080173,0
0.038177245217361974,0
0.040980110145413896,0
0.1092814196561117,0
0.041257792643735365,0
0.01577818448779001,0
0.07287323127617047,0
0.8553301995965491,1
0.38430300295332787,0
0.51301746850479,0
0.1575633436683266,0
0.08061497809140371,0
0.1920704158348143,0
0.0657997978490445,0
0.873417638561834,1
0.29748666050428607,0
0.1433630350695401,0
0.011079753548820487,0
0.008010817177705864,0
0.043445286526346265,0
0.07201542545468229,0
0.07834138418962168,0
0.006928853890703978,0
0.021710187423606447,0
0.4270011354536904,0
0.11882822977898515,0
0.19362131769230645,0
0.512298624343553,0
0.014150449772055027,0
0.0021504573682487823,0
0.014938810738516974,0
0.31976293522206406,0
0.031021866608143798,0
0.15634117532247024,0
0.005245925221022795,0
0.14080454678699889,0
0.1578490787076517,0
0.006815397824834456,0
0.17378789227425495,0
0.08514448055016795,0
0.0002565159948480695,0
0.06708419536462848,0
0.18550783700405915,1
0.005124396700171409,0
0.05594694403281859,0
0.08712984709017908,0
0.02158495626677629,0
0.25779090820640194,0
0.3147368621981347,0
0.00868762633609236,0
0.02276845998986673,0
0.005934731980758852,0
0.2395982870382003,0
0.19228346250014985,0
0.2950655562827304,0
0.002181125302507113,0
0.1664788124572361,0
0.001900636086233565,0
0.05431009592969153,0
0.3179945838918571,0
0.01779698204084801,0
0.46723903908099246,0
0.3697125237058342,0
0.011148519243481337,0
0.002711448510840628,0
0.28833395328748107,0
0.0426072976253725,0
0.3490699261070888,0
0.008654754813318843,0
0.12877342800302888,0
0.007046330570874791,0
0.38666920029543667,1
0.32283201106620957,0
0.5263800285277704,0
0.00487429931605063,0
0.05519820109564316,0
0.16666963199973922,0
0.0070429505141007395,0
0.31661140729816956,0
0.05713029133200258,0
0.23096511308146597,0
0.35245322496307335,0
0.5399070862601613,0
0.011832387243921586,0
0.0528503110147213,0
0.10781924315733346,0
0.5932361127025816,0
0.7616312848892791,1
0.6224422620401515,0
0.36703577965036793,0
0.2496971354981136,0
0.012903710811905725,0
0.06425835962839088,0
0.31080439248286457,0
0.31142455258130664,0
0.9246861504164956,1
0.17209215659077023,0
0.047154971316448066,0
0.044132027027646924,0
0.020921196555392034,0
0.3503345165323589,0
0.15629184666753865,0
0.08035055787189696,0
0.019658710017924803,0
0.1591815421790728,0
0.11712549135449275,0
0.22094853047355886,0
0.08844115292388406,0
0.0798702712944666,0
0.041424867300211755,0
0.03197798593550515,0
0.013461191029691465,0
0.2560963334965096,0
0.2845037205539093,0
0.32301501267750676,0
0.013180093899362227,0
0.3324834125782361,0
0.07771422867727255,1
0.07281866736120529,0
0.20966462836569247,0
0.5162159726787621,0
0.12025913236620453,0
0.007579184477215714,0
0.1574552620024092,0
0.24051807943689854,1
0.382189532030891,0
0.37171592628659483,0
0.5623301973802597,1
0.014636497477194735,0
0.4856942809883717,0
0.03948960146785973,0
0.30977910972127953,0
0.04400755411701084,0
0.009820731026308637,0
0.012894499026075085,0
0.04084737785321625,0
0.1767557977550746,0
0.11653393840513859,0
0.5033712650396571,0
0.19335503933824835,0
0.9545160164978181,1
0.5996986081108937,0
0.15093130033038868,0
0.7216160614917981,0
0.20599546624431445,0
0.3427125387353576,1
0.02155105147246082,0
0.05402646952708938,0
0.2996696648402761,0
0.5026666475734077,0
0.004539279016598814,0
0.16566536185279943,0
0.6683299758140675,0
0.12474045252571825,0
0.1771203373785105,0
0.2888467779320183,0
0.2443535915210657,0
0.011926186239326095,0
0.15322095937093608,0
0.026142505106213822,0
0.6428727595483689,0
0.01514126697144375,0
0.04511995608810587,0
0.012484847392454793,0
0.21216314516204837,0
0.7572235778029762,0
0.8399524381406565,0
0.13831056517208393,0
0.30948276492959287,0
0.012463057587033952,0
0.06353887523461822,0
0.013152272265341176,0
0.8742390196632092,0
0.7132127322932685,0
0.009408967400064229,0
0.38681373232207783,0
0.011544429267058861,0
0.46455192864809797,1
0.08089136234390983,0
0.0074648810826751545,0
0.2000291796765796,0
0.017053657775041066,0
0.026382218306986834,0
0.6254647576390775,0
0.03383559731236067,0
0.9285799078099863,1
0.5558200630774872,0
0.04907926210379514,0
0.04993002309834471,0
0.034433241545207625,0
0.7859638271846783,0
0.1339025956835776,0
0.382744625460121,0
0.0038577061036091007,0
0.25007325281842024,1
0.020744981598793292,0
0.3100023542621126,0
0.8232644113619466,1
0.33256370622383946,0
0.025698368456372894,0
0.14913489949470296,0
0.057599338785524014,0
0.06975753848286646,0
0.14483402084547337,0
0.19262120152647344,0
0.22444994649604963,0
0.9404074467760655,0
0.5929480591619064,0
0.10062655012386594,0
0.05864216099223968,0
0.006903254299044622,0
0.5202238734256925,0
0.015667178443036736,0
0.02251943430843683,0
0.2457701872823837,0
0.19531017332312273,0
0.7983251680429606,1
0.059115807410234276,0
0.07515692740001662,0
0.1483286552440418,0
0.6341255123763698,0
0.01868640927803247,0
0.019177764862091586,0
0.011857883079628748,0
0.6407373788047868,1
0.29766281512577336,0
0.0017572565392207226,0
0.011813996060946463,0
0.15289510766967168,0
0.8337208371709027,0
0.504352291348766,0
0.3510188837848367,0
0.8893914975835449,1
0.4337089157329221,0
0.1941661803775862,0
0.008438741021358566,0
0.11633795022443728,0
0.35080744186094914,0
0.007661785936843156,0
0.4478069233742601,0
0.8330673750268447,1
0.024326685972571937,0
0.12910891901867363,0
0.09605344611246108,0
0.8472609957511537,1
0.21573991226696945,0
0.23487855926255327,0
0.08619634907593504,0
0.20775612708242233,0
0.0442585653539711,0
0.12638736232454476,0
0.16428224502800615,0
0.013402483172112905,0
0.4643890015958785,0
0.012629922069993839,0
0.07032507401487222,0
0.1167034708005706,0
0.09708628334231434,0
0.12876602780062799,0
0.018901084453897765,0
0.3387904809162273,0
0.025627981591487003,0
0.3033469693945095,0
0.44844475440273907,0
0.01498615619000213,0
0.24926831576747827,1
0.3751651441793126,0
0.192551601548973,0
0.004397859169974266,0
0.03529046568986431,0
0.23831640113210867,0
0.24751473885047176,0
0.047703452682213585,0
0.05044484919971306,0
0.652906875970135,0
0.09541449490034336,0
0.06421263314132489,0
0.0018443454198676327,0
0.020155389865418497,0
0.023844017568831553,0
0.5234477469939695,1
0.053066854298596824,0
0.028025356053570212,0
0.307191314607583,0
0.15868813976314083,0
0.008416025678786498,0
0.2712028223671549,0
0.029927534409983386,0
0.047669544878816965,0
0.6239158000537486,0
0.06592213469535847,0
0.02787049512718541,0
0.7572021370869868,1
0.0075776469042832485,0
0.5973124229668991,1
0.010453454364773445,0
0.009367157342666691,0
0.6746127047672666,1
0.01984087716188139,0
0.9466281357348127,0
0.04579030723766387,0
0.0007791669230720042,0
0.6341821035116776,0
0.14986811044385195,0
0.03182444523625009,0
0.04307617896814554,0
0.32225192933069474,0
0.3754537839554393,0
0.361345857721886,0
0.18509783751558545,0
0.0026262892716980507,0
0.02451193371056533,0
0.13373702472802787,0
0.1620814036917012,0
0.010326988982478765,0
0.014637641403791337,0
0.035335962372040876,0
0.18784876639386408,0
0.7367980518513114,1
0.23119959373625704,0
0.01151437771636825,0
0.03256399281247105,0
0.38519751451374534,0
0.018979099358973715,0
0.8082388575726492,0
0.5275580056389318,0
0.12725475812850578,0
0.11357260672039374,0
0.04559420297524972,0
0.00834037287293699,0
0.6686753911500564,1
0.03715015805345655,0
0.031880190795382055,0
0.2226399084156473,0
0.08153653102055754,0
0.7020770165255141,1
0.000351976373415669,0
0.32059497687178357,0
0.24322065272180485,0
0.04202207282377286,0
0.21889754845911996,0
0.036787199471722105,0
0.13095615918451942,0
0.04884939126095898,0
0.7595132833265759,1
0.005662029905228786,0
0.05975686222807605,0
0.029657206869437933,0
0.00880288639156229,0
0.06731835274804895,0
0.2879543924716048,0
0.40476972658433036,0
0.008518940264206461,0
0.5701282123745833,0
0.4987220983003632,1
0.049066901212909735,0
0.23641976701139078,0
0.26939440764430317,0
0.812444399121311,1
0.18989768552020328,0
0.33015869436000284,0
0.5244688954143916,1
0.07405436227874335,0
0.015613273883456343,0
0.027138492370064733,0
0.7034968657053622,1
0.473893885532305,0
0.9626384585749878,0
0.45900185671319965,0
0.08832992414893268,0
0.0033531203131306354,0
0.40280155257915057,0
0.029546377655000473,0
0.7968290952188887,0
0.16596852738443013,0
0.44511436714219393,0
0.4060562319236214,0
0.022111173068553477,0
0.13764453737210142,0
0.1688625837337291,0
0.8491294338258839,1
0.9313540198560584,1
0.030723425465357352,0
0.2176958402754043,0
0.25970328074614274,0
0.7661275767511302,1
0.8310154574169147,0
0.011428238624093843,0
0.04095812334780183,0
0.9043224181220039,0
0.02908555930040649,0
0.015840197477026002,0
0.0390871419096879,0
0.0007095880013698197,0
0.08951307410170391,0
0.018716544109948437,0
0.1668675901698999,0
0.21888273820460383,0
0.8319286885807482,0
0.0014559743628257632,0
0.06000183500483473,0
0.013787520375650075,0
0.015033836833723871,0
0.15350968327137188,0
0.13310850306877975,0
0.6451217199508974,0
0.20620057502205164,0
0.29798378668276754,0
0.02349936725288926,0
0.6411853474583774,1
0.16290874672610883,0
0.5763344598329689,0
0.004950569526753414,0
0.023176144275898525,0
0.00010884930749554574,0
0.1490921163234578,0
0.4363961711777228,0
0.016438823609176912,0
0.2431865881861363,0
0.10235590657797318,0
0.27437084110397136,0
0.3463366640671354,1
0.03555391360514679,0
0.3731054339265236,0
0.25579648234540864,0
0.01671398251677694,0
0.07747459150993559,0
0.03643931308989024,0
0.0008114490015371705,0
0.015280835482093458,0
0.0626839854247385,0
0.36326675226029365,0
0.056532538143449836,0
0.011550719731713805,0
0.04379375945777045,0
0.1938098607388792,0
0.008740210951268137,0
0.05766627244280929,0
0.024404668774623675,0
0.5377509562666369,0
0.02907658029744454,0
0.34708564053404506,0
0.008177750867214314,0
0.8905520503626249,1
0.876550648564142,1
0.7902111560701363,0
0.06492999494263166,0
0.02580066334042072,0
0.21778465698187466,0
0.16388415466134015,0
0.0416576085934648,0
0.239464962890293,0
0.01713357016028288,0
0.2856444313791224,0
0.03189130399621936,0
0.16118013934976785,0
0.12308224062804243,0
0.053084935865946724,0
0.0008040289102481824,0
0.8221603899017385,1
0.03965160276268776,0
0.27377726224280424,0
0.2175971257961103,0
0.08985296872833691,0
0.04327269343259386,0
0.6455840421642444,0
0.13417354393454028,0
0.02300411149266171,0
0.281855491660232,0
0.027522076396725968,0
0.05818067404253827,0
0.008522619977318704,0
0.006473601763767008,0
0.19094422645187678,0
0.42432045251511863,0
0.2113341328781237,0
0.22058217121188314,0
0.2659143676629389,0
0.009126962466798005,0
0.003863266903055158,0
0.34659819760916494,0
0.5124844086203449,0
0.6178154294628483,0
0.01095934958621692,0
0.3921979221614672,0
0.6154267656502731,1
0.5645474014602903,0
0.804132153939388,0
0.5535593859484408,0
0.15913343161217056,1
0.32121713506823235,0
0.10737048323193257,0
0.8577958107815944,1
0.002249328535088846,0
0.0701235424185897,0
0.6209425640928283,0
0.3312603558022747,1
0.3317011025021422,0
0.07909010979813824,0
0.06826433342863418,0
0.06957844737443104,0
0.14098357438031206,0
0.5688107710548111,0
0.11701375118092441,0
0.17819000747831804,0
0.01885899177621586,0
0.6758270988368841,1
0.3527062864061799,0
0.00485786140553196,0
0.586845156494803,0
0.9571431030663827,1
0.19557345860058195,0
0.10513463676248153,0
0.7660096427540788,0
0.6576334385493294,0
0.3591561162041896,0
0.31479182443982745,0
0.036707237560625654,0
0.9455893312468674,1
0.4006398497561466,0
0.2679748867654905,0
0.014808583143558303,0
0.06966767935804226,0
0.07158446462013046,0
0.4167365432225261,0
0.1035502329432335,0
0.3147973391493482,0
0.055297572561075835,0
0.3098436431044906,0
0.03437965847773811,0
0.15393024473330227,0
0.2380181886308326,0
0.6717266806064218,0
0.3380211279489949,0
0.0010482101418203206,0
0.012754892990159177,0
0.014502553489702707,0
0.19302200650489887,0
0.5526561385167724,1
0.48629589388859584,0
0.01215802583293623,0
0.1647494516195139,0
0.3195464549769745,0
0.009051607451237547,0
0.26853643247497816,0
0.025849119831770007,0
0.013969953153232968,0
0.07125137756589685,0
0.00177643407736515,0
0.2425499080604009,0
0.18201376852392345,0
0.10604339663140688,0
0.1501897592920271,0
0.005005518152498272,0
0.06069650934436855,0
0.1019325822263147,0
0.012408454692636508,0
0.0003668482802271168,0
0.39651916608869886,0
0.28550931999967555,0
0.012870527307222658,0
0.09879075390336553,0
0.03279056819497894,0
0.02810023075065124,0
0.1156478721995593,0
0.03195397135746535,0
0.11608783575403456,0
0.08430265250919887,0
0.033928681966983606,0
0.026316507228649273,0
0.12520524074152029,0
0.00922006633060908,0
0.6649662032367891,0
0.0004847678945477464,0
0.7326456075951312,0
0.03647527731064217,0
0.14072598810758746,0
0.07354742558098441,0
0.008312057337689685,0
0.2861022589471649,0
0.0693831409043514,0
0.7389693149091845,1
0.21379686806935636,0
0.3732596463778683,0
0.2504235960509758,0
0.3212526863866153,0
0.022451349605343642,1
0.08088250158995605,0
0.31528846942350264,0
0.49104176318416437,0
0.048000788469439976,0
0.34537104017801645,0
0.04017692522172267,0
0.2545737141000672,0
0.07786574564461153,0
0.6325213037888843,0
0.010366804731227336,0
0.3519652302094433,0
0.8084222701734789,1
0.10873759939399032,0
0.040615615312746725,0
0.5631615227522381,0
0.32839287621864977,0
0.13389060382630538,0
0.015584906525869103,0
0.008523608927496396,0
0.04177927814513572,0
0.1881093237423971,0
0.679590510159188,0
0.02078096885961673,0
0.0374751285068431,0
0.4368677800974172,0
0.01861259300220525,0
0.19852812063275185,0
0.004937687130147148,0
0.6945657009252161,0
0.2597698408654466,0
0.16261045227326051,0
0.023888930213399003,0
0.12296455640891779,0
0.04627657360831939,0
0.004136963235414228,0
0.8128813492590974,1
0.061703877948457275,0
0.038146838187199696,0
0.09849801629154145,0
0.11646148539873895,0
0.021760861631512324,0
0.006003176720854763,0
0.005376890065025879,0
0.26041686174277073,0
0.29848426945498513,0
0.14144607866753078,0
0.039082993004560404,0
0.6321078917408266,0
0.02176121433106176,0
0.002681391138226756,0
0.4238387439988127,0
0.013121854083654039,0
0.26132345336623186,0
0.07131550097386796,0
0.017013501987941597,0
0.0007841777765543594,0
0.41744658075067476,0
0.07749598579190571,0
0.07101176033185906,0
0.8225745605395108,0
0.2264027205520156,0
0.025419172994422087,0
0.05457053615940519,0
0.06257180285170844,0
0.03744935735792963,0
0.48530373335809474,0
0.0065970758485787255,0
0.025140610674250403,0
0.07062238724249188,0
0.02429460820573999,0
0.06858041345184128,0
0.021403280281407235,0
0.0017576945453167644,0
0.03464554617780822,0
0.06813455552623074,0
0.5409836759351841,1
0.22273169364768305,0
0.18805654701214397,0
0.1865473544579887,0
0.5064432370676172,0
0.28186972836929186,0
0.0046857245016647215,0
0.14743615437680613,0
0.1460246063125591,0
0.05222237743596276,0
0.02156552568933839,0
0.6708536784219759,0
0.011618761308996714,0
0.13334895740673428,0
0.3654696028989529,0
0.07960301965273452,0
0.008398079538535861,0
0.6875251796463298,0
0.022747337726200523,0
0.15872781965405933,0
0.11772657477182967,0
0.002656877632579505,0
0.002596071633079479,0
0.2782628498662647,0
0.000321922150582593,0
0.004110229227128608,0
0.009214674659886598,0
0.022342010758156783,0
0.021391292634501857,0
0.00948285605025737,0
0.9340138921052553,1
0.009010026881320795,0
0.8774321408676726,1
0.0609951929034759,0
0.19501383671291347,0
0.11602964590745173,0
0.19200178180297656,0
0.3406192567542664,0
0.6069368661095487,1
0.30459430984283575,0
0.04841109618618705,0
0.3520125318299925,0
0.00809609242588087,0
0.5411378790074537,1
0.8197353388307679,1
0.04562255645862626,0
0.10342803871376857,0
0.014933554497329655,0
0.06484114164614875,0
0.2427979992166249,0
0.17038363237578324,0
0.026053995001544965,0
0.02374513111871209,0
0.03980893700883124,0
0.30595065392759907,0
0.37942972830579036,0
0.05595612663919097,0
0.044958345318125925,0
0.060645849347978835,0
0.23295342503055355,0
0.0010357543336836858,0
0.17067941385620952,0
0.007279194847287052,0
0.0995932237065853,0
0.0056063995424193835,0
0.46571089782534786,0
0.5179855963631484,0
0.022554719785908808,0
0.08610323378230193,0
0.10084649008531714,0
0.16313885868598324,0
0.13954246861940697,0
0.3638866151845621,0
0.11290378393208664,0
0.0010762462438447845,0
0.42893173722809746,0
0.042202717722416024,0
0.05696666529220171,0
0.04323258039919151,0
0.06679056839758579,0
0.874218773084851,0
0.10193854484148204,0
0.06964048322626828,0
0.06578114852971717,0
0.0416381878256282,0
0.09576844676320044,0
0.0712968772370082,0
0.18104086738880962,0
0.7613733463498645,1
0.3192587638289227,0
0.3868220194588594,0
0.0007535698636298416,0
0.039438488364908625,0
0.17377911313420752,0
0.779474914425436,0
0.09792775790089447,0
0.0026432798238949645,0
0.003819256219121803,0
0.28154792518261446,0
0.1114248294828324,0
0.9560770234541071,1
0.16029855960192976,0
0.2539161097167678,0
0.12442712070443328,0
0.8495390787744145,1
0.2304895818765118,0
0.0095444852560408,0
0.09846246915551256,0
0.2064018541673467,0
0.013330170667298233,0
0.7473587011474849,0
0.06207534346678842,0
0.05774192299317675,0
0.007228871660392624,0
0.025250893893361905,0
0.07244473139306198,0
0.09900932296537325,0
0.7127305108035149,0
0.09932596841305287,0
0.47388698806040536,1
0.0479492381292057,0
0.08364327898751081,0
0.7568027337522002,1
0.15802589280702456,0
0.035290689427311304,0
0.017107646795555452,0
0.12281588789479406,0
0.012234787293739429,0
0.014007650737820431,0
0.0921098329594488,0
0.2752139739126595,0
0.6801404271778755,0
0.909995936289659,1
0.15953177672082353,0
0.3339469994744015,1
0.0025889924743887184,0
0.2388914929292753,0
0.11398923232467127,0
0.029307495939302493,0
0.23521649289704546,0
0.03848066362762525,0
0.02355617797736962,0
0.059653337624131414,0
0.926606358275076,1
0.22124129099057302,0
0.04422639183686828,0
0.03815483019961372,0
0.07359793192118268,0
0.17812108712868635,0
0.10140447324551702,0
0.0708259164866971,0
0.3969976392466318,0
0.8488224373137067,0
0.07250994712378436,0
0.008420584348112568,0
0.000454174298428175,0
0.07488843925526756,0
0.5601263408202929,0
0.2217848377420636,0
0.012427375124480182,0
0.0021088791213209226,0
0.01997064011083003,0
0.012381425007491842,0
0.05217967920582858,0
0.3697924509625628,1
0.20929750213355783,0
0.007423885967238703,0
0.7316299688693133,0
0.1372340434668808,0
0.24169990343312697,0
0.04799466263961777,0
0.8669272220580979,1
0.01740578476248507,0
0.002829346804117485,0
0.004550556261197754,0
0.7809987457331456,0
0.07805355839861876,0
0.1881364132848712,0
0.0038224326212720817,0
0.5870310713540128,0
0.09138644781757863,0
0.7200070576454508,0
0.0193231075833535,0
0.028226372764392257,0
0.7485477825338834,0
0.02984512094777984,0
0.15008685569693964,0
0.2523746374810599,0
0.08892770676912039,0
0.5291425884504578,1
0.025122529588445946,0
0.0029178092446851735,0
0.6432714782569288,1
0.718796340394937,0
0.03140911069471727,0
0.9485194403415854,1
0.9053058985651409,1
0.0027729188523275368,0
0.20259272191970523,0
0.6821907989102661,1
0.1716510799234132,0
0.004894067140938829,0
0.8664530798629826,0
0.2176932745531961,0
0.32036690345708313,0
0.320232932991036,1
0.03759631329232747,0
0.216243475987078,0
0.056660752141779396,0
0.15676839193780742,0
0.17310812374517087,0
0.08724647945879176,0
0.025477583802696126,0
0.6005689139306964,0
0.49395699485369493,0
0.03785909895867475,0
0.014404335197396152,0
0.007579629911563892,0
0.5164127881329161,0
0.12459714267652199,0
0.05733797424625305,0
0.06168927078334972,0
0.7672771781658385,1
0.0522845943740214,0
0.14507530613440947,0
0.6113327229344437,0
0.003525744934450731,0
0.04405677147542505,0
0.8200421363056117,1
0.2781493533334886,0
0.052329653630313805,0
0.41892795701372326,0
0.04048246798514336,0
0.004174420102863229,0
0.1288687195411274,0
0.34143181365969044,0
0.043397711983692605,0
0.024968758284545135,0
0.6417606948874298,1
0.436176244804832,0
0.12197754612085647,1
0.05321928449141483,0
0.06387984252394002,0
0.0009791124018763123,0
0.02401013157502966,0
0.24026633483386706,0
0.028924683626696975,0
0.15702245055421818,0
0.012368321707265111,0
0.1722116554035884,0
0.005065738816253006,0
0.5841010020910363,1
0.0622141211499626,0
0.00924493558411784,0
0.5520986876662958,1
0.5841244868655888,0
0.1914059532048609,0
0.21278549085497928,0
0.34786116311397525,0
0.009223762167587215,0
0.5588511971751152,0
0.20324198519299155,0
0.011539757500380231,0
0.1205220397625208,0
0.10930342554886877,0
0.07909063188106996,0
0.7477946905668661,1
0.21699104770544098,0
0.5306127470913022,0
0.05594471475055539,1
0.12203152449484421,0
0.007719854680633249,0
0.2868695385104067,0
0.22334630267989994,0
0.271449372620935,0
0.03680901014493927,0
0.1697005888697929,0
0.21500674970561967,0
0.11986758306277775,0
0.03331314132141979,0
0.060935230818018174,0
0.4201170946281378,0
0.26856643728754903,0
0.0014381074506184949,0
0.009375806425377605,0
0.01349867146337859,0
0.1613804441049965,0
0.0454494528511913,0
0.44063268564349306,1
0.04020577965662346,0
0.1522898752223185,0
0.09570098115494975,0
0.02372474361676695,0
0.04097777772096185,0
0.29613095746888785,0
0.8052538235558019,0
0.07718811847125119,0
0.09244525223672335,0
0.0017613537589393573,0
0.08415251406005857,0
0.46494689048066123,0
0.377816249111271,0
0.14351375433790664,0
0.22986738976593749,0
0.26186297446625356,0
0.008400431279416212,0
0.1563555948224343,0
0.08588899271562817,0
0.0002573728152631149,0
0.02251626866266921,0
0.35125466808339206,0
0.03081334675294543,0
0.05641890818360144,0
0.6172607384673549,0
0.1468961598188488,0
0.011781950277977338,0
0.7133572405769919,0
0.521725690151805,0
0.008457489601650109,0
0.2781597879727941,0
0.0033368253223295865,0
0.2469572611895836,0
0.449789280110932,1
0.03845888426644136,0
0.10589524614181962,0
0.04016059770227826,0
0.06915362859079607,0
0.06074785944659491,0
0.005670090599751079,0
0.5512408378885958,0
0.6436354871829482,0
0.842989628807082,1
0.03603718178764873,0
0.17248418144641448,0
0.24166419936015307,0
0.018433015715494005,0
0.1896002805839752,0
0.0885293799947336,0
0.2443122101353686,0
0.25759643873094906,0
0.15126685628550662,0
0.6640989843450404,1
0.2606804104277238,0
0.37350199980543886,0
0.05054522833921487,0
0.5338692238337931,1
0.32440574408089,0
0.8787721612887488,1
0.6558221688032264,1
0.06889786552042598,0
0.1506591072796913,0
0.7952035662806752,1
0.02363521184940867,0
0.6341997982828799,0
0.35199842550321914,0
0.019828884685152738,0
0.09876288444113752,0
0.47407339925932607,0
0.0903377093775197,0
0.729544570467166,1
0.11529889687395933,0
0.35507038947468295,0
0.04966349378684991,0
0.3640503039051448,0
0.3639483763441815,0
0.07917032402433541,0
0.013726525463507954,0
0.07186267151020058,0
0.6334457902288957,1
0.042482606711756715,0
0.030331948859548482,0
0.4722023373310284,0
0.024921723053361357,0
0.05492878652085442,0
0.2560153750823512,0
0.022331740029825905,0
0.13949657588081435,0
0.06023897426881196,0
0.7794140911325196,1
0.010833381706742468,0
0.0862571609216418,0
0.006084184543476114,0
0.016652260835465293,0
0.1873521650151192,0
0.09582969742792781,0
0.09443937264520252,0
0.14862634358898566,0
0.08358190847493288,0
0.0028537192259650256,0
0.31670789648398884,0
0.1737687872829604,0
0.07020245875811913,0
0.08864977581937154,0
0.09014670598589515,0
0.10763159360579672,1
0.7562824658108711,1
0.29224356495478526,0
0.47117267162431636,0
0.0011792889444711754,0
0.07096044059506491,0
0.045743220735057835,0
0.06879576058351204,0
0.298543426091711,0
0.009092192962545502,0
0.3903042439277151,1
0.0593868880071607,0
0.6716959256036954,0
0.3979391605942745,0
0.4259989821351261,0
0.01285102480384204,0
0.25041337328200836,0
0.2355297181489941,0
0.022164180266873078,0
0.6060008444385522,0
0.2504407758321381,0
0.007237356148661285,0
0.04298227064215194,0
0.059483367022515304,0
0.468771326809085,0
0.5268779506311693,0
0.29317848641578015,1
0.01638472114117866,0
0.26176451277930946,0
0.18999869649034296,0
0.04673870328872364,0
0.029174890664029333,0
0.3107630870210497,0
0.04036152168488453,0
0.09944204385383451,0
0.1003568481543095,0
0.4926253012250288,1
0.41764681291740613,0
0.05228535390412166,0
0.2120036721640161,0
0.15501979250891343,0
0.17904640254978804,0
0.7248002379745316,0
0.09663390062303227,0
0.3998648280046191,0
0.5325691959819779,0
0.1649707290169015,0
0.0016118931092813742,0
0.8149746465196028,1
0.04345366306144173,0
0.0035083067379937786,0
0.33571303517890105,0
0.04935384874458125,0
0.39516845628137165,1
0.12760511390522528,0
0.10543150039384695,0
0.22634321040971503,0
0.754272932353693,1
0.013311126039124228,0
0.09594799335609853,0
0.5567947854408137,1
0.9416665537915228,1
0.604657436109165,0
0.20266641735962093,0
0.11023539652342214,0
0.18920699283760078,0
0.8260697495715301,1
0.06440926892374507,0
0.7126028961703557,0
0.10782645999361011,0
0.22460511482963336,0
0.057755441378442005,0
0.8216277919270609,0
0.17136297778975618,0
0.04485777825860416,0
0.2845718463941812,0
0.03225844831055674,0
0.06160001920971505,0
0.386415517472674,0
0.001739591179567777,0
0.010657337856223541,0
0.007217711867998406,0
0.038221085197732055,0
0.06620687651157078,0
0.10300997324747148,0
0.49056306354942913,0
0.9170036198210973,0
0.231183430277589,0
0.009959868187692667,0
0.49288732748410075,0
0.9071874913905426,1
0.7417783267188122,1
0.03291174990471459,0
0.6100344537427806,0
0.5988710280352149,0
0.082563205873559,0
0.06813505088672901,0
0.04041643889775773,0
0.0595200775190029,0
0.016428942509604055,0
0.7244570286320391,1
0.35286596652662805,0
0.01689807390396173,0
0.9924389629884424,1
0.03966683205846074,0
0.619386838183854,0
0.04042169685835078,0
0.7826009714871787,1
0.2239073753231566,0
0.6760569666054986,0
0.009948300330775841,0
0.3860944763832254,0
0.011301250325571898,0
0.04361373994606288,0
0.08598044947584757,0
0.3534657062060702,0
0.1524961043875334,0
0.28384522047570754,0
0.6681845536314556,0
0.01098851675646715,0
0.3019566767816864,0
0.021408945556339605,0
0.036031667570356606,0
0.017456974276366322,0
0.7240419823153247,1
0.004829565675948472,0
0.041857443853321644,0
0.0016716912042275057,0
0.22340594095814095,0
0.01533444652610508,0
0.03542000986509956,0
0.7191025116563561,0
0.3100195450346431,0
0.0075082231768102475,0
0.039081455926836144,0
0.01506041804014302,0
0.004106563788349834,0
0.13568401038413172,0
0.012476489566295296,0
0.034102414082970954,0
0.6795209342896678,0
0.02503882912760407,0
0.3657892130494022,1
0.5010811536437283,0
0.7862784240026258,1
0.12376593552739414,0
0.030677143078264663,0
0.030463349977186097,0
0.37863743421980256,0
0.00280703363014017,0
0.15983058015325016,0
0.038787018468670775,0
0.009867510967642906,0
0.6853806332848861,1
0.3481441187423399,0
0.003997285922523301,0
0.007421750737291983,0
0.06446635538382745,0
0.017254480795670917,0
0.0054721670766643814,0
0.043989335791323574,0
0.11185789825755363,0
0.0017837683525746052,0
0.11496890403407527,0
0.27492140581143204,0
0.0334244700013085,0
0.5510889268383778,0
0.23376435523679476,0
0.1334785855167229,0
0.011857625286107409,0
0.129618183787486,0
0.885515514553818,1
0.003972316199697984,0
0.6959311043443948,0
0.09769010357078511,0
0.06076922688902274,0
0.6859482911206006,0
0.023598708846085437,0
0.24546270306728568,0
0.6174501382698621,0
0.2237237936185246,0
0.27716804123231076,0
0.00754704016369751,0
0.1311048055957266,0
0.3991140122645308,0
0.8167141860525338,0
0.06663661004341448,0
0.27183077912069026,0
0.15759782760577923,0
0.003003104170191951,0
0.5892532966771701,0
0.04319278559969259,0
0.09156186021581586,0
0.006130290148937511,0
0.3362392468548893,0
0.33998624396066923,0
0.0010225790040759575,0
0.07819373942996967,0
0.07720970444595163,0
0.096019472215998,0
0.008268956725933495,0
0.03368241158776829,0
0.24086195611218936,0
0.44946823279898873,0
0.46233576790108566,0
0.018610482449588076,0
0.28857946257514877,0
0.045281610952443,0
0.06602608482633218,0
0.04017177319753021,0
0.2037411798796186,0
0.1019902019025619,0
0.21261589373210132,0
0.6712504330369696,1
0.05763624256868076,0
0.0207956068580065,0
0.4301355324544733,0
0.0532392486117296,0
0.016234231825512126,0
0.7318419314301441,1
0.2986097250329508,1
0.08004938322793406,0
0.8430523508007012,0
0.017071224946619026,0
0.9053797570552126,1
0.16759079107000305,0
0.7090779329161365,0
0.02086168761114873,0
0.0018074828388353309,0
0.05036423730529073,0
0.06130149510541923,0
0.09245114444400454,0
0.12320395229250504,0
0.05193495072714247,0
0.4273525671509416,1
0.03556416671094059,0
0.07681760217373186,0
0.008139557080168095,0
0.16706525556932758,0
0.03872111531934792,0
0.2966151103558398,0
0.05998981864462076,0
0.9148899736705912,1
0.03615552788556817,0
0.019624509005598943,0
0.30099186440448666,0
0.5202855643400106,1
0.3690243987692098,0
0.27838550240618715,0
0.5413425281410659,0
0.118135173933172,0
0.7146145843782211,1
0.75418740213351,1
0.8307793651216794,1
0.05143018159264584,0
0.005756661186600754,0
0.2238750168101655,0
0.2089987584279981,0
0.027844176698288616,0
0.39756555295698676,0
0.016892399557003238,0
0.9442134249175471,1
0.5568067526402436,0
0.23950397614787478,0
0.4657931555723476,0
0.1760608060120844,1
0.15827460718834352,0
0.0837663176221816,0
0.23687463854725813,0
0.07423350842903076,0
0.011233831369457095,0
0.44781639900842374,0
0.00908782269800454,0
0.7253380101718503,0
0.5208242484997371,0
0.027231497397880933,0
0.06311026708872844,0
0.030123834770066665,0
0.047480700274120755,0
0.01092259254275301,0
0.38128347414571684,0
0.010171001676029018,0
0.14544172114120496,0
0.14746548991536762,0
0.3289815343261969,0
0.6462336608483961,0
0.14409611193331098,0
0.05280878366976908,0
0.08302354583324097,0
0.12163742950875644,0
0.09590868221109183,0
0.04643637337554265,0
0.20192187925721564,0
0.34623265738510034,0
0.47536075277186685,0
0.05086412793953113,0
0.31350174489241817,0
0.6338482134486828,0
0.01880867519364868,0
0.027170604430701132,0
0.7331307554623534,0
0.0030628153850525766,0
0.849599109191827,0
0.18152079661462314,0
0.37999059760683085,0
0.003718071952650639,0
0.885035938020229,1
0.15983554573460063,0
0.09335904847826783,0
0.4994789025213471,0
0.10172974719416579,0
0.5991247070865762,0
0.20028875177096506,0
0.0027156407023309352,0
0.11001354381649009,0
0.3816290956705775,0
0.18348268763330988,0
0.05539110363860981,0
0.594654558996014,0
0.8312656820712376,0
0.2722773184561124,0
0.09298096009628169,0
0.026963862411120185,0
0.398144982170736,0
0.9513009907444835,1
0.23800880987160306,0
0.004565258602624446,0
0.3446974844000113,0
0.4243808538249797,0
0.2716853183115653,0
0.7258407972800911,1
0.0018947981683576684,0
0.6411739803712676,1
0.21229231197897885,0
0.5394754875772013,0
0.08086240318005743,0
0.1533822294042835,0
0.6823770253355103,0
0.023257205126205858,0
0.7934292083111306,1
0.0505704021476088,0
0.09541267106646723,0
0.06539721840330147,0
0.2891887844419462,0
0.4124201545936463,0
0.2926420026608471,0
0.07477323083088917,0
0.055490379538355776,0
0.5678854221176958,0
0.8619402703996712,1
0.06959164437929886,0
0.3668693930727887,1
0.01896452695948074,0
0.12067253485300644,0
0.0018013397803058923,0
0.04264749511790302,0
0.22347293171523155,0
0.04853130010655337,0
0.017768722159219014,0
0.058649746571206064,0
0.21752255834887696,0
0.08215496578719021,0
0.004296508108164535,0
0.44579910583787147,0
0.018013989811282147,0
0.02777049603832008,0
0.011142400736293186,0
0.7716900852640592,1
0.17102419851369838,0
0.029673493269543848,0
0.21246771643633885,0
0.13811920239499392,0
0.3475177328261843,0
0.013748294965069411,0
0.825780471327273,0
0.009020487780409703,0
0.044112282733951055,0
0.042747849754422446,0
0.7689722341860402,1
0.006462878409557916,0
0.04414168236710103,0
0.29903293250101887,0
0.31853675572983225,0
0.8069988771771195,0
0.02214225036127975,0
0.0009736078656787991,0
0.477547116169278,0
0.016885367174975578,0
0.006538313742570415,0
0.39183766829080147,0
0.9325995856263936,1
0.1014726770805812,0
0.1199999245817506,0
0.033659447948468854,0
0.010313197921094197,0
0.0024666377759437553,0
0.23336719265754052,0
0.0004382362996654936,0
0.6594686071027446,0
0.08232401303765335,0
0.002955213915137468,0
0.5694309948509513,0
0.18294590147119086,0
0.2965381830059362,0
0.03285614029851417,0
0.24474937835351815,0
0.38957499793422995,0
0.1977548706065497,0
0.07870238560475744,0
0.2531270195957536,1
0.43187714174649,0
0.0013961965536542513,0
0.8147205140776874,1
0.2181003093916761,0
0.13455113395640933,0
0.17180372251876178,0
0.019825786342309182,0
0.04074112761619599,0
0.025849314412302173,0
0.09458802287013618,0
0.06010498336172728,0
0.6469897463124138,0
0.17174846675076286,0
0.011010409447045245,0
0.11262479337886173,0
0.008970037442137157,0
0.0668281954846904,0
0.008185843072872422,0
0.0027901095794435247,0
0.0270612948509097,0
0.002823837794566258,0
0.017964132368948223,0
0.060196914738110785,0
0.8082661700569507,1
0.9174841939065127,0
0.010902369226272782,0
0.13629116071755576,0
0.09054318155070366,0
0.19267550073975837,0
0.061900533368374346,0
0.01181206284893984,0
0.015608722774053785,0
0.05322752161917856,0
0.06295031420011253,0
0.023940117505990538,0
0.40159542006265525,0
0.39789065871156565,0
0.1407143558128054,0
0.008879484752816136,0
0.1832606240307568,0
0.6006651404029966,0
0.8528838519008677,1
0.5238770076032646,0
0.27014096325414805,0
0.4136522668311761,0
0.031763281794486675,0
0.16002449156695964,0
0.006865070057332334,0
0.19827902079437365,0
0.10049162967294448,0
0.8259283135850666,0
0.0012338635807852885,0
0.03423305976480399,0
0.03918141387831882,0
0.7901489253392782,0
0.029628699976101677,0
0.0025385241166913796,0
0.19537549049743172,0
0.022519389443022668,0
0.1786932873236241,0
0.05993568866879828,0
0.6569087365764821,1
0.14974475204540205,0
0.23522684426505522,0
0.3289763925534018,0
0.16452202238398755,0
0.018154713832338167,0
0.20792106633755864,0
0.06536009960230198,0
0.13511722485260266,0
0.020259783605721157,0
0.09458310598122062,0
0.0014280842572100877,0
0.02179092056655066,0
0.4909214098785895,1
0.053226954312893066,0
0.354787932091926,0
0.4373418611524905,0
0.5051953288400959,1
0.527126933808041,0
0.0250404392115105,0
0.020982181468350108,0
0.05575094746302806,0
0.15383971834988586,0
0.7316724726955083,0
0.9252936524388699,1
0.14202846156594634,0
0.011974607207039323,0
0.11495203564504711,0
0.049358634583190154,0
0.9172647638896254,1
0.07670649773334559,0
0.7138814273897782,1
0.0017060489053690874,0
0.049421266693508555,0
0.28419007907011445,0
0.013523339176207724,0
0.0020414931315353726,0
0.7436751542464723,0
0.026169395647561676,0
0.3065663394984538,0
0.09686843726345462,0
0.08569972913123278,0
0.017090575163053272,0
0.6446827323919412,0
0.34534332165614373,0
0.06335601759755699,0
0.07088340695781217,0
0.05017425070604525,0
0.3668400818274888,0
0.13323226989890638,0
0.3972327774390894,0
0.012378161319487442,1
0.2918495158814889,0
0.0005991698988690462,0
0.15932653259654306,0
0.4215782080988523,0
0.09006189229525524,0
0.9196508657394948,1
0.004196318485888057,0
0.010923439094132195,0
0.0036115690947583,0
0.15014955799787114,0
0.010924477294484128,0
0.766332812402756,0
0.16068204303296058,0
0.6254058606382027,1
0.7152291081841204,0
0.0546542837483189,0
0.05620574710955213,0
0.04482772291761621,0
0.08805868018249663,0
0.15457680578148872,0
0.2924534732236448,0
0.2065872352329893,0
0.3917083140971999,0
0.06552789452490505,0
0.06462756076179575,1
0.029047725159694126,0
0.001976483865358264,0
0.16554109309876947,0
0.08159323405984656,0
0.22933006011589865,0
0.0023388832412755676,0
0.046770387717344986,0
0.11885434784438344,0
0.285188079622847,0
0.3461134176061276,0
0.5279696695135502,0
0.11153470882404486,0
0.029740014819571906,0
0.04125967275198306,0
0.0027895312001877596,0
0.04711489529695734,0
0.16943602896320142,0
0.5785548217416893,1
0.04557172578268365,0
0.29578864895621876,1
0.003490502378960113,0
0.10829423297015037,0
0.4817420417023134,0
0.012010336448501592,0
0.0005185760336432553,0
0.6375916016542078,0
0.5262306224766448,1
0.0846526220961638,0
0.027497772691466565,0
0.2359264500874634,0
0.8451082253732302,0
0.10241651505201183,0
0.04570533521107002,0
0.011803609865804168,0
0.06445251692552754,0
0.5381337998969262,0
0.0027521598939971993,0
0.01277626188561366,0
0.24006189161472619,0
0.8771098093278232,0
0.11848620194113683,0
0.24072577430221018,0
0.07566849363113436,0
0.6467580319256204,0
0.09862631699874018,0
0.5831922305625772,1
0.20406645453455138,0
0.8937224645927311,0
0.663760390789101,0
0.11803706010236796,0
0.02611782606905696,0
0.08316163104843352,1
0.1728456594957434,0
0.07440690742533117,0
0.00310965780866502,0
0.6516780595800432,0
0.15721990145974524,0
0.021815437965227134,0
0.1299596797037996,0
0.25292650752027585,0
0.11134938078653744,0
0.5180610632213067,0
0.3600699081011246,0
0.4798923051485295,0
0.027736542559859585,0
0.08980043097653408,0
0.5287405503935894,0
0.743097018564096,0
0.0026413741342384478,0
0.15105751926167263,0
0.28876595166192925,0
0.0607391719977519,0
0.0236448723247145,0
0.006539106570883424,0
0.049464042109928066,0
0.06120462128244634,0
0.07165231813337121,0
0.05897779129939875,0
0.5183947061852195,0
0.31396840744907756,0
0.07210103949884333,0
0.5560145734782193,0
0.8700338132607865,0
0.002498461169491017,0
0.1569145022172595,0
0.047890514831558595,0
0.06935345851778094,0
0.45932116882751906,0
0.24600074958394585,0
0.019281870813924382,0
0.23785032604746426,0
0.013589102137578798,0
0.03957214165063783,0
0.2205553421585762,0
0.5158625087979799,0
0.003000778737861078,0
0.03110832947687328,0
0.030675418850241803,0
0.05120371078864778,0
0.022271971759054703,0
0.04136994026027276,0
0.2970193803337343,0
0.8790197372494072,1
0.0017203436247827026,0
0.2338062807314679,0
0.09477372260207775,0
0.0010662199444345785,0
0.4314542675629373,0
0.8436690362210212,0
0.3115562870113868,0
0.09101371363600712,0
0.4168574397702844,0
0.11302112330047331,0
0.00253342659324764,0
0.05026098112325909,0
0.038168325184731206,0
0.11388420586068777,0
0.37199106631525947,0
0.02305174805219226,0
0.10497482309432914,0
0.0064033799678398125,0
0.057886291239592914,0
0.016695166297911478,0
0.022283814434834032,0
0.25551611765746823,0
0.957975364873712,1
0.010363610945362492,0
0.023525608249745613,0
0.17810178128645268,0
0.0474805311715784,0
0.08676148482142565,0
0.015298471810044519,0
0.021696121749136873,0
0.0728800855326619,0
0.7387882241569875,1
0.10686601833517792,0
0.010164429168634184,0
0.047970132534750805,0
0.1469521590225225,0
0.02081848827812223,0
0.04444678659333872,0
0.019753835174565276,0
0.6004018381772231,0
0.100816971918878,0
0.005757097102498832,0
0.006384385126754523,0
0.08875278152760385,0
0.020309357239976778,0
0.4045124806902626,0
0.733547402256532,1
0.03138398899570569,0
0.0047349044764991655,0
0.7401452764315705,0
0.07399488638085033,0
0.013787226213478408,0
0.06134760351219699,0
0.06913503360328267,0
0.5220084632590114,1
0.04677236962034602,1
0.18361001431620008,0
0.010487228197486225,0
0.09989219438576717,0
0.0954762595207204,0
0.16914945281228302,0
0.15970520244727152,0
0.13829004844899007,0
0.011421144318732545,0
0.10676387646791013,0
0.3276522989149011,0
0.16278611700953918,0
0.020011334300427782,0
0.0222463190411704,0
0.15504307757967226,0
0.4194093114320877,0
0.001371887995641174,0
0.7078365378664802,0
0.10999801465585522,0
3.0606522596002075e-05,0
0.08744597002567674,0
0.0163989277681076,0
0.24531145094521015,0
0.09661268244128818,0
0.6247664151045058,1
0.30588093750337536,0
0.07277346192835621,0
0.2479968358234643,0
0.08675028148593818,0
0.0028222446568650374,0
0.4165898396603377,0
0.05783552967592298,0
0.7940482984644899,0
0.11511456058063509,0
0.27183028853534275,0
0.5103782953222851,0
0.11123209447015973,0
0.07882377533147657,0
0.0651588495471492,0
0.21529889223333756,0
0.05959120635133963,0
0.6671839873719121,0
0.01938496065330071,0
0.005296015333064274,0
0.4006145794789522,0
0.42090266257619846,0
0.01799400517492038,0
0.44281628283075447,0
0.17546623651174512,0
0.04569168893365612,0
0.9305756125309936,1
0.09006986419205587,0
0.0453966541561746,0
0.9296444862848178,1
0.014666816896744848,0
0.0024050532012626904,0
0.8072558566794227,0
0.2530906135558371,0
0.31600279600824804,0
0.06136477357396494,0
0.025938548212978065,0
0.8905435546365938,1
0.03321023753022139,0
0.8684135984141782,1
0.18702506358698293,0
0.49675340007745905,0
0.017055313169319943,0
0.8449611813910478,0
0.2495911586581592,0
0.6403269626792389,0
0.02586952188365613,0
0.19184773300053218,0
0.03878846539451138,0
0.12982436483199417,0
0.4140915317755618,0
0.08209781739110818,0
0.13109058462580753,0
0.0036394600489320587,0
0.025046043696566305,0
0.0713052641699844,0
0.8043360134065218,1
0.013219822654612369,0
0.4438154262012317,0
0.0719174337070644,0
0.04507688340257539,0
0.7079000944289736,1
0.0246166685784877,0
0.04006002088312633,0
0.09006023837668796,0
0.46855539922994843,0
0.8443151404703174,1
0.12102071564060278,0
0.08259052116036907,0
0.0745606019779166,0
0.28149342554536605,0
0.0950258188830006,0
0.9383466001972953,1
0.005698153671669094,0
0.5816142440581566,1
0.03588234227179748,0
0.044498797281413184,0
0.34045700648668925,0
0.00031282248013329167,0
0.001922268642534091,0
0.09694835807373285,1
0.31815917983932346,0
0.18001008594798668,0
0.007021156104559615,0
0.009768897238820436,0
0.6839654289516138,1
0.007763289214890184,0
0.015647266041514063,0
0.18442954747651777,0
0.23341004095885534,0
0.04659317369730873,0
0.08659070136798051,0
0.22234797385757113,0
0.059169345998423495,0
0.06998172950773955,0
0.5520297592984541,0
0.35579782751408845,0
0.04222174884495228,0
0.9526286893283059,1
0.06833890677951304,0
0.03614057418787839,0
0.32908152918230615,0
0.12429669985468368,0
0.6405400321401455,0
0.2881960626235666,0
0.04191710019718106,0
0.12018327483225219,0
0.0038487444379668207,0
0.03352722348492178,0
0.2090051016566543,0
0.0014579572722527555,0
0.13549069068265485,0
0.10820432300277466,0
0.6488849359460267,1
0.01785719779133463,0
0.03339889816022564,0
0.909441040231218,1
0.06420102901016056,0
0.08094197780181671,0
0.9212268554613386,1
0.27430561786033186,0
0.032625897889472566,0
0.13827600142583976,0
0.9357770533268933,1
0.5950759231921534,0
0.13087245317425622,0
0.07312684785413975,0
0.02453989664018279,0
0.21500950054868057,0
0.1433950185577284,0
0.07670747655348548,1
0.5620925199296521,1
0.13202520826828898,0
0.7212693424147516,0
0.07231159265672535,0
0.6912898628144004,1
0.21521166783652687,0
0.10932989620246841,0
0.00344589613950034,0
0.015072501182779066,0
0.0021229302870049787,0
0.6205651411210324,0
0.5473919303238963,0
0.28475929334707617,0
0.020099086795977595,0
0.03631049974834641,0
0.07399731227337544,0
0.07347712616775322,0
0.5773530413329604,0
0.004394003954807939,0
0.13640636391622926,0
0.035813180272826976,0
0.030268118645585037,0
0.0037253000772604467,0
0.10863065783380232,0
0.04397578952294952,0
0.22177271697631978,0
0.38259899172367656,1
0.02210426707555963,0
0.1766733437313802,0
0.17273644049564657,0
0.0395255267277472,0
0.00530897478437647,0
0.05757143753784963,0
0.04020140453210231,0
0.8410811157534431,0
0.16606802173425483,0
0.7467068115011638,1
0.06077158104891775,0
0.012816003006947664,0
0.011546024599483107,0
0.007531034745781369,0
0.1012569352615335,0
0.01607186978986435,0
0.0543925043604133,0
0.054379831809415684,0
0.08365404868312892,0
0.8225294239986114,0
0.04220967014370066,0
0.45011736740821967,0
0.3436424057062506,0
0.19015218634539563,0
0.08882277205485462,0
0.05919795099593974,0
0.027345853775006892,0
0.01072674877522997,0
0.08581194391046587,0
0.49626043167457046,0
0.011477335928554162,0
0.08921213845135716,0
0.742812417905005,1
0.28531173532981846,0
0.45014039858078747,0
0.410179160849096,0
0.31053214921621775,0
0.05987204125440982,0
0.39667712453899195,0
0.010392747532997038,0
0.5585977850558024,0
0.14824212968194905,0
0.01839207392404554,0
0.1461768933563415,0
0.023359401948801803,0
0.06032908161875014,0
0.016612568724991006,0
0.009301283549663582,0
0.0326393934147081,0
0.17759949739416728,0
0.2742974224037283,0
0.8172182994929961,1
0.0005936113699245291,0
0.8365137919503995,0
0.00186996963925481,0
0.1761697139609564,0
0.28107920504553696,0
0.5062914347778674,0
0.678242489331119,0
0.16538705509858248,0
5.268536544568746e-05,0
0.018141641982734935,0
0.020335015660636547,0
0.008391405849037314,0
0.17594110449211262,0
0.1428841560480758,0
0.010570406278843543,0
0.5048917195926554,0
0.003253787474899122,0
0.15042634151795217,0
0.28668273313924075,0
0.13625035239052502,0
0.13320975729513188,0
0.04636685102560337,0
0.018445864053748755,0
0.0711870919613446,0
0.028075767107804774,0
0.3439673466339328,0
0.08940380815699173,0
0.05868337301811716,0
0.017808013453196953,0
0.5918892737629328,1
0.2883515095569744,0
0.15719762404006907,0
0.009942461779310843,0
0.7532763034197759,1
0.25701823637904475,0
0.12393737905319498,0
0.388510077978926,0
0.08239588066173778,0
0.4941285917089274,0
0.0686916775856118,0
0.08953006558107524,0
0.9301037886134846,0
0.21548619251814263,0
0.0703456880438861,0
0.24173943183674584,0
0.2442642218212359,0
0.22011492221122053,0
0.018924971469492572,0
0.11294065364113919,0
0.19380295714097504,0
0.5665924806112926,0
0.7249161304857363,1
0.005510673099736296,0
0.6825734783317807,0
0.941271188548684,0
0.031409911421866804,0
0.019882611862929476,0
0.013988007728295672,0
0.12346250121174755,0
0.009670225950492637,0
0.03843079455951842,0
0.5152775042279333,0
0.041169041329816726,0
0.5690089440969543,1
0.2876869380412023,0
0.033718911728314496,0
0.928037670398077,1
0.07929323233643971,0
0.009629593748142823,0
0.046303067249796,0
0.09276344041185884,0
0.30101043948241774,0
0.30334652685780095,1
0.057275397321055875,0
0.7241907365524034,1
0.5833963855090746,1
0.25994061991544,0
0.372637313806965,0
0.0683609312358789,0
0.3796127654712171,1
0.43211818299242544,0
0.8194570562530002,1
0.026585936334801993,0
0.10992837746593592,0
0.07396028323983196,0
0.011642447637754202,0
0.06634119763021375,0
0.7771107892150464,1
0.04859299830699904,0
0.09482717472297858,0
0.47502935247015077,0
0.2778766388413633,0
0.004509453290535512,0
0.14330432479987504,0
0.06871900959642423,0
0.0484748465887765,0
0.5175965495016621,0
0.10858609673932221,0
0.058457294112787876,0
0.5064991813433738,0
0.7765868838501501,1
0.0488653101281045,0
0.0071035782450337495,0
0.04017734924659978,0
0.06420138011839265,0
0.08295503947886537,0
0.040943864424680614,0
0.31983001269612094,0
0.05091488861285089,0
0.22870433019751785,1
0.09193379089105942,0
0.4619427775516002,0
0.28350791902891137,0
0.19289314964797644,0
0.9413822967069803,1
0.3498966859767519,0
0.6630365865242073,0
0.04787787124007267,0
0.223253605039567,0
0.1386159551053988,0
0.8815096807320579,1
0.003573318403085085,0
0.09562635102098038,0
0.342581658877973,0
0.3889381937590614,0
0.07274551076256841,0
0.053710049841031976,0
0.9515483768264013,1
0.667518498390353,1
0.04416988830807547,0
0.07605908075586729,0
0.49027673723163895,0
0.46796876615809196,0
0.08049509101622439,0
0.08652546333597727,0
0.6997789207323608,0
0.49927279252584944,0
0.8932228929036088,1
0.012403074325445008,0
0.04367895311999074,0
0.06227589960120388,0
0.9288518552794609,0
0.05401340441983866,0
0.016963748783892882,0
0.02749157795907725,0
0.1667295972564575,0
0.8173390578442915,0
0.4231457266111366,0
0.09811972170822404,0
0.1993240146728515,0
0.801599351168477,1
0.02816756339811053,0
0.12894415800811582,0
0.21119170172107657,0
0.3819106331625617,0
0.002929893212998814,0
0.008763588636351407,0
0.9060855822828223,1
0.003654016778487884,0
0.7616866529985743,1
0.45739654973011096,0
0.7740778172121762,0
0.3239923743567251,0
0.16295300324741857,0
0.335354677072282,0
0.40487090685073557,0
0.005866058818346482,0
0.024446517351346852,0
0.02108907996694454,0
0.256169690035522,0
0.01629373651514522,0
0.5648521775884265,0
0.27957272471487327,0
0.02223552680104779,0
0.011854594318854637,0
0.004139103554859038,0
0.0005220621874193292,0
0.06275286328148616,0
0.018647710631387097,0
0.02979356118821343,0
0.0017601880188339509,0
0.12476539007563187,0
0.21387672467507884,0
0.8604429088989467,1
0.011871227698374103,0
0.002744477133608519,0
0.4073948227908988,0
0.1985896807841936,0
0.050590409871880945,0
0.09265492400679698,0
0.014687419155208756,0
0.30156138270635713,0
0.03051763633222475,0
0.06141897085562156,0
0.9448958446490254,1
0.43236251803374987,0
0.3568685223266301,0
0.013762102915483167,0
0.08317553327411167,0
0.006666614774407877,0
0.0021848825195853227,0
0.03081056982597094,0
0.026213211358204567,0
0.5754825376040789,0
0.4644843089731203,0
0.0035988438216632596,0
0.5467972928835805,0
0.376689031943806,0
0.0848521462242996,0
0.046279108564379404,0
0.01708765204330081,0
0.15071819151503582,0
0.25225122246592996,0
0.09487162079473903,0
0.15754780780078728,0
0.1796298789935409,0
0.0022631331713592042,0
0.0543509217537814,0
0.016631816838959604,0
0.8581496034004182,1
0.6861070009162241,1
0.011288781685348907,0
0.7394260255949747,1
0.5933220744373721,1
0.6469978451471606,0
0.38425302760157415,0
0.015839760666791033,0
0.48030743868145576,0
0.0868261226972651,0
0.1343822803247573,0
0.8065026579221397,0
0.009359689371076653,0
0.12315920079563879,0
0.18196316943710467,0
0.2652578003442001,0
0.17721779450384176,0
0.006559452894276132,0
0.21471751860758703,0
0.25317765673402115,0
0.10874954426223268,1
0.014975761633663561,0
0.050008559136631756,0
0.10703137407146851,0
0.07439475932628627,0
0.16521217704585756,0
0.20822075545208604,0
0.5681392425046575,0
0.7119271784153612,0
0.37870853410464433,0
0.03449075953116286,0
0.20723830126700507,0
0.016193522500783677,0
0.05774893958210998,0
0.021312544964545887,0
0.024203862387461535,0
0.0010842233596168687,0
0.9200874420767151,1
0.01058196080663627,0
0.24221167618367356,0
0.942121371253478,1
0.3450371658325454,0
0.17656239611974137,0
0.08158615052325655,0
0.007956945848546476,0
0.07410037595313367,0
0.06612046502481254,0
0.04208421713419798,0
0.36088874860964365,0
0.7426519094889632,0
0.04707132531043449,0
0.15264921005964402,0
0.19171107966772216,0
0.08438340356293872,0
0.05961506920993761,0
0.04355457909327345,0
0.16928484110326983,0
0.377879237261415,0
0.0064148842919130936,0
0.19804552999626454,0
0.16141469141484674,0
0.0963760491981284,0
0.3248116063897908,0
0.06793662443501182,0
0.17630327664686155,0
0.413545699388198,0
0.06439043212044539,0
0.28396113811466145,0
0.07913475897003729,0
0.20759186224098208,0
0.5989637925996943,1
0.06790912371173533,0
0.040984389013753876,0
0.0015715331507458426,0
0.041980699476240585,0
0.49828982386409004,1
0.01827025287843073,0
0.022001330135692835,0
0.1085704227951967,0
0.034291511939291676,0
0.3345491835062549,0
0.7279739573146655,1
0.6587325938925785,1
0.16897561443699746,0
0.3932762434620227,0
0.7793066187521757,1
0.06346964514177073,0
0.4602553393820269,0
0.2757454612717948,0
0.06402787467126778,0
0.2136193995354829,1
0.06179188233402459,0
0.2560802551060614,0
0.10521807779214282,0
0.4335864807329999,0
0.3871520101103742,0
0.0022113150376552987,0
0.05626843419934369,0
0.057615927009061374,0
0.8715033913268618,1
0.1337958872689674,0
0.04075978246794923,0
0.07661927367741443,0
0.010507735877246151,0
0.0003323216265896299,0
0.012861617964628853,0
0.15984779917634426,0
0.2612486578288525,0
0.017169535289587878,0
0.49021382972910466,0
0.01881552489003359,0
0.026356099335273886,0
0.7232427258285461,0
0.3221436459350262,0
0.18347695169538733,0
0.005841014339178081,0
0.1621016315360423,0
0.06540074213275623,0
0.18523392877845277,0
0.0015378528808703247,0
0.7014767021730361,0
0.01644075818169102,0
0.4206765886736846,0
0.43161770431718693,1
0.0026970662148031593,0
0.13081315577184077,0
0.36960300593557793,0
0.01282329503061348,0
0.3584735166086103,0
0.019000754164247097,0
0.043689201788283456,0
0.1359900960495909,0
0.07560402438615962,0
0.09142007021759331,0
0.025076233770207363,0
0.7565580466990478,0
0.03213802360620504,0
0.01980702617814546,0
0.11244924680187657,0
0.002519615343692766,0
0.028190922485897493,0
0.48419471895012267,0
0.041868946233311576,0
0.5526047895650494,0
0.010594960605403478,0
0.054938995935171084,0
0.024953212846120638,0
0.22362378494241053,0
0.03358573188326331,0
0.029439061359803825,0
0.6499519115875564,0
0.08494645753207619,0
0.15786720951677938,0
0.10336314815129209,0
0.09843217810173138,0
0.14807989126997081,0
0.5543727657754404,1
0.3797122374449379,0
0.06810476024429574,0
0.05272296578716276,0
0.02881136614836384,0
0.3467182517387375,0
0.04373549829681571,0
0.18322479316552387,0
0.13799611631062808,0
0.2543182081315633,0
0.050735274567228664,0
0.61087364454679,0
0.02030237268415852,0
0.06440820947297994,0
0.019889364527921064,0
0.032856358269003134,0
0.49367328239967745,0
0.702243002668273,0
0.0011388859993170083,0
0.8768628669558088,1
0.008961780280297002,0
0.6698702909135024,1
0.0355425415262475,0
0.3522938883867676,1
0.20239033068390422,0
0.017071254284350138,0
0.02078929022320766,0
0.1284025119859813,0
0.4283235453464751,0
0.020272130042574145,0
0.049044497121458294,0
0.09334833784536918,0
0.7796886815891952,1
0.8566176491375324,0
0.8070341103435474,1
0.6755131315747035,0
0.04530223838624408,0
0.3545660333381998,0
0.028846055256067843,0
0.053153911290157924,0
0.016745390963758017,0
0.0011077842033679897,0
0.0005496785826924212,0
0.020657840480095304,0
0.7442274422878686,0
0.13718208426007014,0
0.018402065620623076,0
0.03169245252936564,0
0.03021804972455993,0
0.7669230791986023,1
0.13985820382359682,0
0.25868965212499007,0
0.31960632915793696,0
0.012033491440209446,0
0.03489059629878932,0
0.002379503059661332,0
0.7142669040394202,0
0.06059003230456331,0
0.29445336807752204,0
0.03268250522693251,0
0.14158344291658645,0
0.3269770598955513,0
0.46895594254611184,0
0.2528043352486089,0
0.33696886384579955,0
0.9001749032717219,0
0.3193158312194323,0
0.08205193062536013,0
0.05094582990182851,0
0.014091246866095655,0
0.46402451923375504,0
0.24332431384655054,0
0.00960229138536353,0
0.4507106717926888,0
0.29401653610900075,0
0.25584710299515745,0
0.3493565446951522,0
0.634953261733418,1
0.047787481457275585,0
0.6135406949752328,0
0.00015536010610526325,0
0.9025433364963487,1
0.17840682899966823,0
0.8079079073356916,1
0.015170086396240559,0
0.06930751330012952,0
0.18781157734122644,0
0.09886055683014625,1
0.5495644341484857,1
0.3581210651276091,0
0.02353795151355708,0
0.36371449234610126,0
0.0012855416254948847,0
0.16232899832677014,0
0.34527239331669546,0
0.18707127480214933,0
0.0323440002124751,0
0.013123163474108739,0
0.022025711255603386,0
0.5641586908171775,0
0.043892747058944054,0
0.0018106828380686597,0
0.31227651292171754,0
0.051700943627564104,0
0.4526075467087391,0
0.0020562694417058944,0
0.3232851150312325,0
0.07161587683374589,0
0.7593568673037522,1
0.6872434661273001,1
0.009391703873368813,0
0.28970856770078446,1
0.9014751329214161,1
0.09344390531747623,0
0.531626482916162,0
0.1653296047168459,0
0.02744049797449606,0
0.08277505927703382,0
0.3448363557008013,0
0.021345231585504797,0
0.20457432026241276,0
0.01587691353579533,0
0.14990976451943333,0
0.002913904466038186,0
0.5178577294300191,0
0.005087845970875925,0
0.7891386758572954,1
0.1773026382678289,0
0.056645642603402574,0
0.3297652568462977,1
0.06199175922236792,0
0.5257447422672765,0
0.09946173585094487,0
0.015857630603246693,0
0.0069087894076784,0
0.1316878171754938,0
0.019632623633778254,0
0.24202149802343806,0
0.5839351178922014,0
0.00700873397375853,0
0.07817291503310736,0
0.04327928597910287,0
0.5036340816985322,0
0.22113419226874156,0
0.5101755298207555,0
0.14718321263996503,0
0.5951714781338784,1
0.5526147227661746,0
0.003961151366709887,0
0.6682993424964726,0
0.6979276042847773,0
0.44368208713136387,0
0.5974111704909111,0
0.14628646816650642,0
0.0017687021372315638,0
0.7071063012635311,0
0.6929218375835975,1
0.007155348235160615,0
0.8467139979781817,0
0.013429565675232024,0
0.06774903226252468,0
0.3124631348324964,0
0.14554484985815527,0
0.043044708508028155,0
0.038051343645082655,0
0.1565153398653527,0
0.25433592851092485,0
0.17370872313343436,1
0.2281320975156036,0
0.09790482402830253,0
0.009815199124829707,0
0.10866739345322456,0
0.13744593695753382,0
0.7089767410522815,1
0.10219292522567518,0
0.8571756833520753,0
0.019476673809028105,0
0.0271991185599255,0
0.0157728449411399,0
0.050954394718183624,0
0.012036384807091998,0
0.008792661120327346,0
0.547342013851744,0
0.6225021194212658,0
0.1015399562889152,0
0.059150835548755304,0
0.49439356021507236,0
0.19014869724543815,0
0.002928925291832028,0
0.006301209922777425,0
0.016286808796288597,0
0.571224560680983,0
0.0014640494984034952,0
0.040782272617634466,0
0.6088163535300855,0
0.9157565149760234,1
0.24742822123655678,1
0.16670764988406805,0
0.09852809916440294,0
0.004607523930914698,0
0.5085875387763059,1
0.02099880631149682,0
0.45972378260337826,0
0.09446555101964056,0
0.2172577412069311,0
0.0064709673504055485,0
0.09007755587834647,0
0.6039448083786138,0
0.07618220233330891,0
0.014832768985293572,1
0.8559168096207945,1
0.13569205964915806,0
0.09568725154466826,0
0.13962695828828225,0
0.05885529980178689,0
0.09033030115644528,0
0.6646777918770667,0
0.002881627805015639,0
0.17738563294220994,0
0.32530961797584207,0
0.0002118696020475129,0
0.5045773623732818,0
0.08763470880297745,0
0.005815089518552283,0
0.33827195276510597,0
0.005840772380375835,0
0.0018651973573466977,0
0.5864990466781536,1
0.549713030809107,0
0.1494598956821504,0
0.04208692360490708,0
0.012772199564575898,0
0.05465976418519039,0
0.004529904638488388,0
0.2214461963550294,0
0.002299430407199159,0
0.6128717997125622,1
0.004209188903266136,0
0.10994709465522287,0
0.030089666420905027,0
0.18681200320422142,0
0.9195685991317891,1
0.697520733708584,0
0.30087936776625135,0
0.046241178376593105,0
0.3134834254157892,0
0.2436653288047006,0
0.22717911628808551,0
0.07846428581809654,0
0.12954170901347403,0
0.11663708943793302,0
0.11020185945037198,0
0.8554103383590581,1
0.12350996888892976,0
0.16086692382960907,0
0.9491962325597706,1
0.1268009862547517,0
0.31063031123210894,0
0.14583663584750536,0
0.1670347623191919,0
0.30476514012932265,0
0.1330314323148825,0
0.18274946939651862,0
0.4333556077719285,0
0.000643627561618763,0
0.035590318491607306,0
0.04868308924437989,0
0.021049797200134272,0
0.033548993259274865,0
0.03097231679820444,0
0.013722955432221552,0
0.3644972137278403,0
0.15638500971356392,0
0.09477490818933276,0
0.4143417082575016,0
0.21485816978405445,0
0.12436516298215713,0
0.03697165179557326,0
0.10170688922687486,0
0.8417243463283006,1
0.010460485517109581,0
0.4356289685110254,0
0.3841246991948127,0
0.5276054052361846,0
0.653785829843862,0
0.18669925203560847,0
0.030400294240396978,0
0.07082310439770566,0
0.18158059305147725,0
0.002868287501545085,0
0.24099406119883401,0
0.6836504604265492,1
0.1623442242444635,0
0.19905262655422404,0
0.05982391006061002,0
0.05812124367549463,0
0.05162271594591936,0
0.5158108994598878,0
0.05416308503246901,0
0.4665925600750884,0
0.09043802913537254,0
0.023959529871097028,0
0.004016343686320021,0
0.06730821932920587,0
0.010059640497317395,0
0.11855350890644559,0
0.36187652371471046,0
0.014654551116976477,0
0.013247869615877195,0
0.9481751797923746,1
0.2041292119302822,0
0.3015771264930689,0
0.06875603469477348,0
0.12764361282347647,0
0.046422933457750656,0
0.2701777075728204,0
0.16746914705908503,0
0.050097800792792774,0
0.039719074232525305,0
0.1701483050449532,0
