prob,label
0.11532508,0
0.030706748,0
0.21126208,0
0.19505014,0
0.028086657,0
0.26924717,0
0.017435286,0
0.100128405,0
0.47322884,0
0.393438,0
0.42540595,0
0.19829266,1
0.043546993,0
0.063367374,0
0.08055145,0
0.29541203,0
0.31211564,0
0.10078973,1
0.12865222,0
0.20326586,0
0.026892401,0
0.074589916,0
0.20439257,0
0.60334504,0
0.01773904,0
0.5479336,0
0.018216984,0
0.27756202,0
0.0068804533,0
0.46665442,1
0.0041947244,0
0.5448049,0
0.041292604,0
0.11335741,0
0.34245947,0
0.7358527,0
0.31320885,0
0.12479452,0
0.3515166,0
0.017718647,0
0.12848511,0
0.08452206,0
0.5094555,1
0.21877015,0
0.1658412,0
0.21947625,0
0.43423098,1
0.17839882,0
0.025084874,0
0.044785187,0
0.013442734,0
0.7372118,0
0.5973275,0
0.0035369147,0
0.23148067,0
0.009642901,0
0.36808744,0
0.023614885,0
0.4677446,0
0.3933479,0
0.59862757,0
0.12542728,0
0.012681274,0
0.3659817,0
0.009770026,0
0.35490057,0
0.17941193,1
0.027451556,0
0.025711073,0
0.48796105,0
0.54831225,0
0.05155457,0
0.02152078,0
0.6803849,1
0.28717178,0
0.3927804,0
0.005708353,0
0.026716199,0
0.0713187,0
0.039195266,0
0.011132685,0
0.043778416,0
0.5925249,0
0.26396918,0
0.9163123,1
0.029893896,0
0.325674,0
0.012377732,0
0.007848322,0
0.5066003,0
0.06854308,0
0.030830042,0
0.02009764,0
0.4252508,0
0.3864583,0
0.03121172,0
0.11959811,0
0.030000405,0
0.18371508,0
0.0030095335,0
0.7677189,1
0.2472315,0
0.13463701,0
0.037897356,0
0.31258783,0
0.15906154,0
0.8002959,0
0.09067532,0
0.8070366,0
0.5117883,0
0.70789874,0
0.006617452,0
0.21481729,0
0.04330506,0
0.018039402,0
0.39383122,0
0.027669057,0
0.57020134,0
0.37823743,0
0.07788336,0
0.018252492,0
0.5403803,0
0.07398717,0
0.12608686,0
0.050503217,0
0.8377002,0
0.3185747,0
0.52844584,1
0.28588519,0
0.29362953,0
0.028762126,0
0.60157555,0
0.010372478,0
0.13246703,0
0.7716658,1
0.7901729,0
0.49812487,0
0.58858025,0
0.034610346,0
0.47878143,0
0.029204406,0
0.9265095,1
0.08446322,0
0.029231083,0
0.32035226,0
0.108744174,1
0.65060365,0
0.35831958,0
0.6033205,0
0.62591606,0
0.4622489,0
0.0078521995,0
0.043249395,0
0.25363886,0
0.108689815,0
0.07211112,0
0.034307145,0
0.6774619,0
0.02079836,0
0.67747676,0
0.44789168,0
0.02797851,0
0.90586656,1
0.057700127,0
0.23703629,0
0.14063172,0
0.13331334,0
0.07158836,0
0.007633507,0
0.11421237,0
0.055344522,0
0.5743685,1
0.25333634,0
0.006341589,0
0.13431916,0
0.27666876,0
0.0763295,0
0.065312855,0
0.26737443,0
0.13755448,0
0.017114056,0
0.07234155,0
0.1064952,0
0.6576826,0
0.1103562,0
0.036643013,0
0.02679394,0
0.25687626,0
0.012439387,0
0.013281878,0
0.27437785,0
0.0029527997,0
0.004519964,0
0.069922395,0
0.027197573,0
0.26434416,0
0.007979131,0
0.040805683,0
0.014169835,0
0.3701256,1
0.014984925,0
0.8043744,0
0.462338,0
0.010904842,0
0.028135223,0
0.68696,0
0.030294051,0
0.07499318,0
0.049456835,0
0.09077066,0
0.88732594,1
0.1974901,0
0.024723643,0
0.069004886,0
0.03732883,0
0.020354414,0
0.004457137,0
0.061670538,0
0.6963996,0
0.52522475,0
0.09395094,0
0.43012953,0
0.036605235,0
0.29482594,0
0.8809758,1
0.08405911,0
0.14175607,0
0.13174741,0
0.48095703,0
0.06283355,0
0.12541133,0
0.8089203,0
0.24130754,0
0.46518403,0
0.12971655,0
0.04102714,0
0.6828235,0
0.024090895,0
0.094806954,0
0.04302278,0
0.49107397,0
0.007239779,0
0.054656938,0
0.2500666,0
0.004900953,0
0.23047309,0
0.06850706,0
0.010974427,0
0.02894819,0
0.008646573,0
0.065982394,0
0.3403838,0
0.10835677,0
0.020059282,0
0.09526939,0
0.5297604,0
0.29852045,0
0.873918,1
0.6133765,0
0.0030155042,0
0.10501507,0
0.53136575,0
0.43096015,0
0.31634933,0
0.19806142,0
0.04333762,0
0.0980237,0
0.4150829,0
0.019879626,0
0.29701284,0
0.4414201,0
0.49477643,0
0.0728967,0
0.073895246,0
0.48024282,0
0.8446752,0
0.043877825,0
0.037762307,0
0.35265806,0
0.02056203,0
0.15113682,0
0.63183385,0
0.16689143,1
0.020835275,0
0.3204064,0
0.59138185,1
0.08401164,0
0.08521214,0
0.028077275,0
0.64233035,0
0.11862122,0
0.01901366,0
0.01623341,0
0.027593585,0
0.52880335,0
0.2226718,0
0.28877476,0
0.010699489,0
0.10603732,0
0.5166408,1
0.1642012,0
0.07450318,0
0.40653983,0
0.3700615,0
0.23587929,0
0.90290046,1
0.19656487,0
0.5797588,1
0.01571898,0
0.08855105,0
0.03908585,0
0.71317077,0
0.119314454,0
0.49414182,1
0.059197236,0
0.1471237,0
0.48562485,0
0.16660562,0
0.4189528,0
0.06333014,0
0.8524188,1
0.3389739,0
0.1481135,0
0.119311005,0
0.67270094,1
0.2179645,0
0.08450771,0
0.08834867,0
0.05123956,0
0.08941579,0
0.12588899,0
0.4369215,0
0.29893932,0
0.06120872,0
0.09282015,0
0.24781303,0
0.120525576,0
0.0138637405,0
0.2421643,0
0.18492763,0
0.013780432,0
0.03894631,0
0.29749086,0
0.34385762,0
0.22866629,0
0.04701232,0
0.61994267,1
0.18472616,0
0.022794232,0
0.011781268,0
0.008341433,0
0.5779049,0
0.10510469,0
0.07724941,0
0.5303742,0
0.099539086,0
0.07343569,0
0.3022393,0
0.08373386,0
0.14678372,0
0.18970044,0
0.032756343,0
0.45128906,1
0.5406867,0
0.10704623,0
0.102204315,0
0.014231381,0
0.1286694,0
0.004877396,0
0.2290472,0
0.6643901,0
0.010542139,0
0.7564931,0
0.030815043,0
0.3806485,0
0.67552024,0
0.029833063,0
0.13744956,0
0.0615196,0
0.6601546,0
0.3629388,0
0.06898133,0
0.21544617,0
0.39952564,1
0.029382965,0
0.016075429,0
0.0360528,0
0.21547185,0
0.084227666,0
0.14060445,0
0.27631116,0
0.37686777,0
0.04109257,0
0.09347119,0
0.5124975,1
0.09561355,0
0.5555588,0
0.29994863,0
0.099229865,0
0.009326974,0
0.075038426,0
0.38155025,0
0.15017372,0
0.015332905,0
0.05480493,0
0.34482867,0
0.56546867,0
0.3005874,0
0.16376115,0
0.85420454,1
0.51602536,0
0.011583191,0
0.010237982,0
0.043859534,0
0.35163984,0
0.009379883,0
0.32744884,0
0.010761867,0
0.1803128,0
0.039272476,0
0.40392268,0
0.02493148,0
0.013268574,0
0.013872516,0
0.35350785,0
0.15960592,0
0.26432616,0
0.29688194,0
0.0043138256,0
0.028398959,0
0.25994486,0
0.10715496,0
0.29209843,0
0.03510069,0
0.07926767,0
0.13870098,0
0.10329481,0
0.06325253,0
0.37628537,0
0.035038322,0
0.41016403,0
0.033864465,0
0.073058926,0
0.041676577,0
0.09429333,0
0.66214406,0
0.5361281,0
0.73080844,0
0.03188845,0
0.1935144,0
0.80277646,0
0.09050683,0
0.024605036,0
0.34665295,0
0.7931263,0
0.6486165,0
0.0027936578,0
0.101937704,0
0.6789102,0
0.06040819,0
0.06797281,0
0.21212357,0
0.009779761,0
0.5025689,0
0.04857609,0
0.3538776,0
0.25212088,0
0.015677271,0
0.44730526,1
0.114469804,0
0.009799568,0
0.023477685,0
0.23492353,1
0.24707595,0
0.20971231,0
0.8442349,1
0.071020626,0
0.009479152,0
0.37094665,0
0.029453062,0
0.09166917,0
0.11168637,0
0.10949567,0
0.023606103,0
0.040911272,0
0.15664357,0
0.025801325,0
0.68963206,1
0.49523187,0
0.23849371,0
0.02025493,0
0.794046,0
0.46306998,0
0.0014894996,0
0.24307425,0
0.0061221025,0
0.33382294,0
0.85418195,1
0.022349017,0
0.2869646,0
0.0043824697,0
0.8376443,1
0.79421955,0
0.08551353,0
0.0613932,0
0.09758985,0
0.013333588,0
0.67071956,0
0.18419339,0
0.19617313,1
0.2355364,0
0.124336384,0
0.74835455,0
0.41716352,0
0.07822525,0
0.3113304,0
0.017721767,0
0.495194,0
0.14163487,0
0.11637653,0
0.012809276,0
0.30886203,0
0.13454747,0
0.1745739,0
0.5985397,1
0.29916975,0
0.0103073465,0
0.08384263,0
0.14839353,0
0.04430715,0
0.018801361,0
0.26195538,0
0.060467053,0
0.8839628,1
0.50418043,0
0.058959395,0
0.04547003,0
0.037228446,0
0.387409,0
0.03708308,0
0.64019555,0
0.51536953,0
0.65546787,1
0.057699576,0
0.0010381622,0
0.08864241,0
0.02671415,0
0.044377875,0
0.7321466,0
0.85537094,1
0.3364656,0
0.039573986,0
0.90093,1
0.063421085,0
0.55364734,0
0.10202633,0
0.016641779,0
0.300745,0
0.039160892,0
0.06043018,0
0.5063528,0
0.3801507,0
0.039623685,0
0.31752342,0
0.28313148,0
0.041709777,0
0.832787,1
0.2400301,0
0.0146516515,0
0.15383731,0
0.24261327,1
0.018175911,0
0.12615526,0
0.28953508,0
0.092213206,0
0.052183,0
0.93513334,1
0.34673807,0
0.80532527,1
0.14501324,0
0.7278613,0
0.043904886,0
0.9062119,1
0.3616623,0
0.15082844,0
0.34818852,0
0.23083374,0
0.1171545,0
0.43118426,0
0.09809103,0
0.9512786,1
0.008962677,0
0.044701423,0
0.046460368,0
0.12069389,0
0.15510589,0
0.8498321,1
0.17677023,0
0.35064545,1
0.6521157,1
0.13111174,0
0.20096962,1
0.04096433,0
0.5052813,0
0.4332016,0
0.056911115,0
0.30952728,0
0.051277857,0
0.0115103675,0
0.25131422,0
0.20217177,0
0.065567054,0
0.06430888,0
0.51472735,1
0.68030745,0
0.025332224,0
0.029944882,0
0.015578682,0
0.10574824,0
0.02455238,0
0.013581479,0
0.0044085183,0
0.32268596,0
0.02378413,0
0.5268925,0
0.16298144,0
0.21300296,0
0.5141143,0
0.045370888,0
0.00830648,0
0.012268831,0
0.04336854,0
0.288119,1
0.23394148,0
0.018667968,0
0.038135994,0
0.02594504,0
0.033941902,0
0.23642251,0
0.22464679,0
0.048621964,0
0.0625799,0
0.07901939,0
0.18295784,0
0.0015004877,0
0.17746064,0
0.23006824,0
0.006100626,0
0.056996666,0
0.02654976,0
0.6157396,0
0.062197812,0
0.07301246,0
0.01586834,0
0.10369324,0
0.18132241,0
0.014021809,0
0.02194544,0
0.004264898,0
0.68931526,1
0.15562874,0
0.10240826,0
0.4177671,0
0.16577421,0
0.20798518,0
0.14079459,0
0.5249263,0
0.13250238,0
0.06109419,0
0.031104006,0
0.36044973,0
0.7185264,0
0.06149041,0
0.35336065,0
0.15959719,0
0.06936945,0
0.8475492,1
0.11747241,0
0.03186623,0
0.24474236,0
0.29353154,1
0.23156339,0
0.21160996,0
0.017232453,0
0.06296104,0
0.021337435,0
0.067234226,0
0.004170773,0
0.700177,0
0.33268982,0
0.3476175,0
0.016584566,0
0.7034645,0
0.0048522064,0
0.1412789,0
0.14166991,0
0.909376,1
0.15038973,0
0.021938108,0
0.04085421,0
0.014610191,0
0.040002648,0
0.3439915,0
0.020639647,0
0.35989553,0
0.00382351,0
0.006851239,0
0.04405686,0
0.04113771,0
0.06965224,0
0.4464614,0
0.025869163,0
0.7046069,0
0.11452627,0
0.10469341,0
0.082738735,0
0.41662973,0
0.042451244,0
0.057162702,0
0.026551498,0
0.3830681,0
0.091401406,0
0.87938535,1
0.28407636,0
0.016272888,0
0.32138535,0
0.13965085,0
0.78317934,0
0.24667327,0
0.24963932,0
0.34673148,0
0.035083648,0
0.03756879,0
0.10358467,0
0.10437899,0
0.018964352,0
0.4116776,1
0.5237573,1
0.21921217,0
0.15089114,0
0.73592633,1
0.23975916,0
0.19868307,1
0.26907185,0
0.028994776,0
0.01726464,0
0.11419706,0
0.13559769,0
0.21114597,0
0.011966403,0
0.050034657,0
0.42841294,0
0.44051272,0
0.32681692,0
0.032186992,0
0.0045256834,0
0.11746769,0
0.01251162,0
0.28272146,0
0.10243716,0
0.17045383,0
0.014321312,0
0.0043584364,0
0.3827731,0
0.57229584,1
0.028605225,0
0.6213,0
0.33529165,0
0.03629887,0
0.5168234,0
0.003473764,0
0.08066426,0
0.05635721,0
0.044167325,0
0.26272905,0
0.38633558,0
0.53355443,0
0.03240448,0
0.17545694,0
0.071260326,0
0.19928128,0
0.383266,0
0.59078467,0
0.01748948,0
0.014538851,0
0.3209558,0
0.071722455,0
0.09004616,0
0.01989388,0
0.80478454,1
0.097119704,0
0.010194133,0
0.77312875,1
0.07242646,0
0.058813818,0
0.34037602,0
0.3968344,0
0.8115701,0
0.15169829,0
0.0028550348,0
0.027338753,0
0.78095096,0
0.40021172,0
0.08543642,0
0.33975157,0
0.05795482,0
0.020991335,0
0.07453043,0
0.41602704,0
0.3444477,0
0.03345174,0
0.4853669,0
0.67784387,1
0.35890323,0
0.15744235,0
0.2750807,0
0.04962563,0
0.046043336,0
0.24173576,0
0.6778394,1
0.024874497,0
0.62859005,0
0.31261513,1
0.02157227,0
0.4554206,0
0.100223005,0
0.2727206,0
0.02206013,0
0.020114286,0
0.06949381,0
0.12012501,0
0.018453397,0
0.22401646,0
0.24205793,0
0.23586759,0
0.0513244,0
0.6191361,1
0.6569772,1
0.09102675,0
0.019126385,0
0.06640919,0
0.19002941,0
0.05485858,0
0.4334275,0
0.59546125,0
0.52206486,0
0.39302894,0
0.037762653,0
0.047582697,0
0.08461601,0
0.79124373,0
0.07961153,0
0.0062005753,0
0.061362565,0
0.6643707,1
0.6439885,0
0.82841873,1
0.085795596,0
0.50102884,0
0.13537706,0
0.11341121,0
0.4178366,0
0.31814197,0
0.07532508,0
0.07472534,0
0.05695507,0
0.01924718,0
0.04933569,0
0.025729643,0
0.14227955,0
0.05151465,0
0.17934497,0
0.6972072,0
0.0910103,0
0.10328106,0
0.1807132,0
0.65458155,1
0.118707865,0
0.11306955,0
0.19457595,0
0.120950766,0
0.03542593,0
0.3129986,0
0.7761852,0
0.7795078,1
0.018961359,0
0.13191825,0
0.75103533,0
0.2712714,0
0.41690803,0
0.16461971,0
0.33001497,0
0.067254245,0
0.42383477,0
0.2813122,0
0.02274919,0
0.0057303635,0
0.2983075,0
0.35370967,0
0.69383526,0
0.21189298,0
0.83865625,1
0.096299104,0
0.038742952,0
0.83132803,1
0.06503027,0
0.1337645,0
0.59740305,0
0.028082643,0
0.28573427,0
0.038433198,0
0.045391742,0
0.396655,0
0.40390244,0
0.26247656,0
0.25484183,0
0.78421366,1
0.053153172,0
0.57155573,0
0.25628042,0
0.17771581,0
0.7865149,1
0.003217365,0
0.19215868,0
0.123494126,0
0.058157828,0
0.91618836,1
0.3576014,0
0.8175382,0
0.19537015,0
0.7042402,0
0.27421746,0
0.3586903,0
0.5398089,1
0.15360099,0
0.09182058,0
0.2907761,0
0.13522232,0
0.08026127,0
0.20367667,0
0.69440305,1
0.3156021,0
0.032059766,0
0.4219876,0
0.09751823,0
0.33382896,0
0.7599687,1
0.07048661,0
0.11317683,0
0.18900904,0
0.019509098,0
0.1717798,0
0.03382823,0
0.090010025,0
0.13163641,0
0.40256444,0
0.108832985,0
0.002847615,0
0.023113051,0
0.201861,0
0.03324149,0
0.06981836,0
0.00485807,0
0.6500724,0
0.114928015,0
0.07024084,0
0.0040288027,0
0.89424676,1
0.07817675,0
0.09057135,0
0.6627393,0
0.18033709,0
0.16860577,0
0.0047897156,0
0.2153589,0
0.17158107,0
0.05555174,0
0.010457089,0
0.19554245,0
0.17757568,0
0.0751188,0
0.16957134,0
0.3812852,0
0.51563555,0
0.027477272,0
0.8827157,1
0.33868334,0
0.00399119,0
0.18028645,0
0.12771145,0
0.025225906,0
0.0012756682,0
0.467316,0
0.32720685,0
0.10936474,0
0.38414824,0
0.033478923,0
0.6908057,0
0.020002447,0
0.61652714,0
0.8333133,0
0.42715946,0
0.13401353,0
0.35978928,0
0.7798111,1
0.6579094,0
0.77358365,0
0.6696952,0
0.2727996,0
0.29197297,0
0.12504655,0
0.060061622,0
0.0130755715,0
0.12801835,0
0.04699533,0
0.15816806,0
0.038152333,0
0.67013675,0
0.041720346,0
0.47500956,0
0.03877074,0
0.0025927199,0
0.13716653,0
0.04576689,0
0.26783976,0
0.81152886,1
0.36339402,0
0.29809052,0
0.010644387,0
0.39136973,0
0.1153784,0
0.091479905,0
0.042342514,0
0.1272643,0
0.061801046,0
0.467948,0
0.050657373,0
0.059347603,0
0.12121215,0
0.44887474,1
0.15200473,0
0.15269542,0
0.030014342,0
0.02002756,0
0.071945086,0
0.16224718,0
0.027160447,0
0.025991855,0
0.024170587,0
0.086134665,0
0.031675708,0
0.05441659,0
0.9109902,1
0.13525672,0
0.048201986,0
0.12849356,0
0.5185778,0
0.30053392,0
0.03349492,0
0.21924412,0
0.04848035,0
0.38653424,0
0.7595369,1
0.055016976,0
0.19035152,0
0.59960824,0
0.005992835,0
0.051817615,0
0.09351759,0
0.8353707,1
0.17847423,0
0.03301221,0
0.057987828,0
0.012125544,0
0.103177704,0
0.47981238,0
0.34621733,0
0.027698848,0
0.70012826,1
0.32457757,0
0.11185159,0
0.6799945,0
0.014531652,0
0.3079665,0
0.20228364,0
0.51686525,0
0.56507355,1
0.09753389,0
0.36775142,0
0.3072858,0
0.3679748,0
0.1124747,0
0.17874084,0
0.024299234,0
0.060150113,0
0.040576097,0
0.10565465,0
0.04999571,0
0.02000725,0
0.08881005,0
0.22410747,0
0.69250786,0
0.024536723,0
0.023471873,0
0.08127465,0
0.5620023,0
0.74405074,1
0.39818567,0
0.03412824,0
0.017284116,0
0.30113155,0
0.23753905,0
0.7031584,1
0.04968468,0
0.13444456,0
0.25948212,0
0.30388504,0
0.12273349,0
0.20037955,0
0.102915086,0
0.059776206,0
0.28838223,0
0.14599457,0
0.6383213,0
0.24027056,0
0.17582837,0
0.005259592,0
0.49619305,0
0.49401703,1
0.091275245,0
0.2947133,0
0.12236254,0
0.03233278,0
0.118199594,0
0.03674945,0
0.0069091823,0
0.3109342,0
0.014291938,0
0.397496,0
0.4232531,0
0.25173607,0
0.042729367,0
0.033904262,0
0.01302375,0
0.079271086,0
0.012640782,0
0.435483,0
0.2579728,0
0.008687029,0
0.06877407,0
0.04114926,0
0.24544361,0
0.009803858,0
0.18806183,0
0.5690806,1
0.41703355,0
0.061487507,0
0.59618884,0
0.31845894,0
0.24723458,0
0.900104,1
0.08300722,0
0.012714092,0
0.6413127,1
0.21034688,0
0.08573113,0
0.01657414,0
0.2927855,0
0.045447797,0
0.7694863,1
0.38882682,0
0.09564816,0
0.013280541,0
0.6636664,0
0.10187619,0
0.15894131,0
0.02784692,0
0.28777045,0
0.18385667,0
0.5306832,0
0.40334457,0
0.2616089,0
0.004450124,0
0.0508109,0
0.010370002,0
0.47927147,0
0.006627091,0
0.18436508,0
0.07083928,0
0.17186338,0
0.6175734,0
0.034296673,0
0.5897243,0
0.55425256,0
0.8517507,1
0.26623335,0
0.11199515,0
0.11187892,0
0.015320685,0
0.014705541,0
0.010701721,0
0.16885787,0
0.0899042,0
0.47736743,0
0.8290861,1
0.108632706,0
0.28001088,0
0.1275537,0
0.07490285,0
0.009929,0
0.106468454,0
0.8858517,1
0.4786762,0
0.029391985,0
0.21841753,0
0.119301476,0
0.5382008,1
0.036285937,0
0.10862142,0
0.011371225,0
0.086775795,0
0.13663235,0
0.039986223,0
0.19791283,0
0.5914558,0
0.39801675,1
0.0032288332,0
0.09854605,0
0.6039261,0
0.21885446,0
0.32226795,1
0.2883852,0
0.10049053,0
0.45770413,0
0.0026972701,0
0.24127457,0
0.49842823,0
0.021132573,0
0.007732395,0
0.2846825,0
0.81046337,1
0.04787381,0
0.24028644,0
0.84580964,0
0.07247084,0
0.009879221,0
0.024469737,0
0.24203132,0
0.49519166,0
0.11029853,0
0.06424045,0
0.16522488,0
0.6968662,0
0.6441036,0
0.026736716,0
0.14823295,0
0.70452267,1
0.19179016,0
0.55258894,0
0.6248092,0
0.42919642,0
0.005637895,0
0.012150907,0
0.839632,1
0.02638098,0
0.075043075,0
0.009005897,0
0.006510093,0
0.09780185,0
0.056542054,0
0.12156333,0
0.017308366,0
0.0033474935,0
0.0074354573,0
0.034690302,0
0.47057715,0
0.53382826,0
0.52165157,0
0.31998554,0
0.07445702,0
0.22704814,0
0.41261593,0
0.053792313,0
0.5324093,1
0.8738722,1
0.91398937,1
0.062733114,0
0.076696925,0
0.15539758,0
0.052222703,0
0.03830487,0
0.19142267,0
0.19527261,0
0.81551397,1
0.42156327,0
0.48888752,0
0.02400641,0
0.0011296609,0
0.41066787,0
0.038575448,0
0.044274565,0
0.11206943,0
0.12899745,0
0.03422464,0
0.036560405,0
0.21495463,1
0.4797033,0
0.009183253,0
0.06344617,0
0.02467811,0
0.0689797,0
0.55330276,1
0.59621257,0
0.1359543,0
0.007129501,0
0.17398624,0
0.13646996,0
0.0631034,0
0.14295533,0
0.43534532,0
0.02627089,0
0.6157168,0
0.048021555,0
0.009829991,0
0.095348194,0
0.4784334,1
0.009163355,0
0.31781262,0
0.288673,1
0.036276333,0
0.22743107,1
0.15776984,0
0.006156781,0
0.3557074,0
0.8271016,1
0.25806138,0
0.048823744,0
0.08937924,0
0.061836194,0
0.9310328,1
0.6436886,0
0.56901264,1
0.009164949,0
0.19922908,0
0.5824235,0
0.25053498,0
0.64713466,0
0.40634125,0
0.14929354,0
0.020620694,0
0.36391684,0
0.4237397,0
0.18522954,0
0.5624606,0
0.44066438,0
0.020703739,0
0.48999736,0
0.020306796,0
0.10683406,0
0.32520497,1
0.526164,0
0.62540036,0
0.042872727,0
0.6962909,1
0.00819579,0
0.10084033,0
0.098295756,0
0.029488845,0
0.012131845,0
0.052127212,0
0.012548023,0
0.07648717,0
0.062479652,0
0.25480437,0
0.10720421,0
0.008357833,0
0.24805051,0
0.003344426,0
0.58522743,0
0.17759976,0
0.056779355,0
0.007029653,0
0.022721548,0
0.16731177,0
0.0073536085,0
0.0201381,0
0.0063748416,0
0.08314272,0
0.08133167,0
0.40519097,0
0.7176659,0
0.691726,0
0.31736857,0
0.008181129,0
0.15726316,1
0.017924478,0
0.027854223,0
0.30149174,0
0.036332138,0
0.16581093,0
0.35214582,0
0.009973277,0
0.07778351,0
0.010658131,0
0.011649837,0
0.1976621,0
0.0046068295,0
0.00952124,0
0.054568626,0
0.12333077,0
0.14396524,0
0.053825513,0
0.0062601124,0
0.047608312,0
0.74118274,1
0.55787146,0
0.030824246,0
0.06933832,0
0.03716056,0
0.73490834,1
0.71727103,0
0.047893517,0
0.34956098,0
0.81600434,1
0.38246465,0
0.06672637,0
0.011328255,0
0.039146435,0
0.029227275,0
0.046650764,1
0.025808608,0
0.06368172,1
0.027488422,0
0.052681375,0
0.009698931,0
0.6440769,1
0.029181102,0
0.024460707,0
0.6300448,0
0.04938464,0
0.13013397,0
0.11744001,0
0.2349866,0
0.20112225,0
0.7548332,0
0.01840638,0
0.40315062,0
0.3603497,0
0.6432374,1
0.35038373,0
0.04470126,0
0.014494055,0
0.83399487,1
0.0033341344,0
0.0011601433,0
0.051348284,0
0.052403394,0
0.009086248,0
0.038663402,0
0.08679755,0
0.10490453,0
0.20821768,0
0.046374664,0
0.4997354,0
0.0576719,0
0.0839971,0
0.33943018,0
0.031576958,0
0.89355665,1
0.010128255,0
0.3742698,0
0.6105378,0
0.07856982,0
0.028809331,0
0.10110515,0
0.24320288,0
0.40749756,0
0.09187143,0
0.30067563,0
0.06655892,0
0.34745952,0
0.12102908,0
0.7219083,0
0.021564834,0
0.60906816,1
0.009714842,0
0.006192565,0
0.59725916,0
0.8023589,0
0.14471604,0
0.04468371,0
0.1026819,0
0.010074243,0
0.0072906334,0
0.023244208,0
0.02169492,0
0.12400264,0
0.15830114,0
0.7216467,0
0.018306721,0
0.021156054,0
0.008170592,0
0.43939805,0
0.034937516,0
0.52113676,0
0.17664622,0
0.025178175,0
0.40732035,0
0.07521628,0
0.097595945,0
0.36599094,0
0.20837994,0
0.043728642,0
0.1452156,0
0.11768907,0
0.32617348,0
0.07756843,0
0.801661,0
0.051277358,0
0.92687154,1
0.045175128,0
0.91129726,1
0.023458818,0
0.8119954,0
0.068777606,0
0.026174257,0
0.40762803,1
0.040949643,0
0.49281254,0
0.22113743,0
0.041655824,0
0.050662097,0
0.123172835,0
0.05572435,0
0.4496076,0
0.1516158,0
0.23298383,0
0.007564934,0
0.7028021,1
0.95921296,1
0.02032142,0
0.024821844,0
0.9006376,1
0.08964302,0
0.11186087,0
0.024130907,0
0.067607425,0
0.18480474,0
0.02046388,0
0.4509028,0
0.25289798,0
0.5621585,0
0.032860648,0
0.24644184,0
0.14629388,1
0.047451366,0
0.024315698,0
0.12362539,0
0.09778836,0
0.62578475,0
0.46601462,0
0.021930823,0
0.012520177,0
0.36055514,0
0.074286476,0
0.20058449,0
0.02605297,0
0.06667175,0
0.062291376,0
0.31683576,0
0.0846745,0
0.175857,0
0.13056467,0
0.30258343,0
0.17240828,0
0.350992,1
0.0022540865,0
0.0026834449,0
0.028048746,0
0.5255522,1
0.033058472,0
0.40810737,0
0.08107897,0
0.010263937,0
0.0006467516,0
0.37004384,0
0.12915497,1
0.38285756,0
0.01965392,0
0.16202953,0
0.021537991,0
0.06701768,0
0.053456288,0
0.3241213,0
0.017960297,0
0.06482232,0
0.85446733,1
0.014710183,0
0.122498624,0
0.4026155,0
0.39556226,0
0.1124963,0
0.012990125,0
0.20575067,1
0.0065243384,0
0.048931975,0
0.3558319,0
0.8724958,1
0.0380046,0
0.07049945,0
0.8768037,1
0.83715713,1
0.06284963,0
0.04055701,0
0.3088576,0
0.051510815,0
0.11338205,0
0.51486486,0
0.004646596,0
0.002550124,0
0.017779317,0
0.04820645,0
0.04755159,0
0.050556716,0
0.061014887,0
0.018884951,0
0.1476104,0
0.08393446,0
0.64638466,0
0.021334248,0
0.19557129,0
0.08303195,0
0.029498842,0
0.23997623,0
0.18822989,0
0.38638428,0
0.0073716645,0
0.122970834,0
0.42252728,0
0.33739015,0
0.06001565,0
0.01940874,0
0.25690827,0
0.059001856,0
0.03696044,0
0.16221644,0
0.05745057,0
0.5426746,0
0.05984817,0
0.044078294,0
0.014141276,0
0.07037731,0
0.28494778,0
0.107412644,0
0.019620275,0
0.22824971,0
0.068639785,0
0.24912767,0
0.22648722,0
0.74065214,1
0.20335725,1
0.06672165,0
0.112377904,0
0.22124891,0
0.007507056,0
0.23196018,0
0.10476384,1
0.015916433,0
0.07413952,0
0.29109883,0
0.075491734,0
0.0021372216,0
0.23443396,0
0.015332566,0
0.01482687,0
0.7885205,1
0.82276213,0
0.3257044,0
0.031257406,0
0.61567783,0
0.72659844,1
0.761642,1
0.11228289,0
0.6529654,1
0.0038272934,0
0.30019686,0
0.8221024,1
0.32640743,0
0.09100578,0
0.08149402,0
0.06766616,0
0.04725987,0
0.014233802,0
0.09245238,0
0.022210252,0
0.015851779,0
0.04261044,0
0.667149,1
0.23900352,0
0.13284345,0
0.19249094,0
0.285715,0
0.75408274,0
0.34777385,0
0.22014797,0
0.109051116,0
0.008358683,0
0.21023105,0
0.51287603,0
0.19220647,0
0.056182276,0
0.14056684,0
0.017714389,0
0.29690346,0
0.3502293,1
0.32588512,0
0.041857447,0
0.64801943,1
0.017375655,0
0.13476641,0
0.19076866,0
0.15395497,0
0.23760553,0
0.052313004,0
0.90199715,1
0.54958767,0
0.79258215,0
0.023028767,0
0.25439104,0
0.09267585,0
0.61883074,1
0.01470257,0
0.32849765,0
0.19622879,0
0.3660393,0
0.8779037,0
0.121115506,0
0.023490861,0
0.17795867,0
0.32159442,0
0.02313281,0
0.19368719,0
0.47911915,0
0.22474787,0
0.23423523,0
0.18431155,1
0.1701047,0
0.02152798,0
0.25646415,0
0.08537464,0
0.83645713,1
0.0028173525,0
0.004441716,0
0.0348189,0
0.5597233,0
0.043015763,0
0.11625001,0
0.0043227295,0
0.52314293,0
0.051062122,0
0.036217358,0
0.0016104655,0
0.083205804,0
0.35182792,0
0.028614024,0
0.07164258,0
0.038710564,0
0.33716175,0
0.0038066942,0
0.31855673,0
0.008530644,0
0.022365423,0
0.015118057,0
0.43508452,0
0.22316127,0
0.03635484,0
0.1047456,0
0.026686117,0
0.43950182,0
0.37836188,0
0.026455486,0
0.10972296,0
0.038082313,0
0.008402987,0
0.3047652,0
0.14635935,0
0.010197449,0
0.34335643,0
0.833249,0
0.37551463,0
0.49541053,0
0.30462545,0
0.051673207,0
0.039132446,0
0.5258038,1
0.25538102,0
0.020060262,0
0.77346396,0
0.50839543,0
0.12173249,1
0.23184335,0
0.112574585,0
0.038064282,0
0.020467289,0
0.15128924,0
0.07565077,0
0.7621152,1
0.7305295,0
0.4146726,0
0.43801594,0
0.8594019,0
0.7900932,0
0.007130801,0
0.13660651,0
0.25882655,0
0.16890353,0
0.07935706,0
0.77457553,1
0.22139311,0
0.24465397,0
0.092115715,0
0.18063521,0
0.17180803,0
0.05562633,0
0.37568527,0
0.5674904,1
0.5955982,1
0.25009707,0
0.22894077,0
0.25600895,1
0.52545,0
0.0052661025,0
0.20788346,0
0.011683772,0
0.0783401,0
0.6206461,0
0.041942537,0
0.005811716,0
0.0027067761,0
0.07311122,0
0.06664333,0
0.58299816,0
0.14534242,0
0.05141134,0
0.65381676,0
0.057384867,0
0.09731014,0
0.01825602,0
0.073185205,0
0.026528915,0
0.029286126,0
0.047693763,0
0.020707687,0
0.08450345,0
0.023384705,0
0.07581749,0
0.20284194,0
0.036835805,0
0.09443749,0
0.23300907,0
0.036605157,0
0.17686951,0
0.13656764,0
0.05360285,0
0.022911992,0
0.7189654,1
0.0077945744,0
0.077999346,0
0.06685753,0
0.1028692,0
0.22885278,0
0.89660645,1
0.0320323,0
0.026231406,0
0.83454454,1
0.04759725,0
0.0583414,0
0.07827297,0
0.028479157,0
0.0295362,0
0.47313234,0
0.55125767,0
0.47954294,0
0.0827474,0
0.05737724,0
0.26175478,0
0.34262395,0
0.1280207,0
0.050594322,0
0.29124534,0
0.094611205,0
0.049648747,0
0.0034622042,0
0.08626434,0
0.055265874,0
0.0346837,0
0.71339375,0
0.009345286,0
0.23391165,0
0.013176469,0
0.38463303,1
0.73745996,0
0.4674527,0
0.015584781,0
0.11871827,0
0.028403888,0
0.5270247,1
0.9475302,0
0.63347155,0
0.021685604,0
0.50719875,0
0.22961994,0
0.008983171,0
0.25066596,0
0.15399021,0
0.020760624,0
0.79029757,1
0.11202539,0
0.09898619,0
0.082387246,0
0.100937545,0
0.20931403,0
0.027370123,0
0.36215645,0
0.047983788,0
0.013912431,0
0.20196368,0
0.5538147,0
0.012859625,0
0.5018782,0
0.14220186,0
0.058512934,0
0.029721629,0
0.10907054,0
0.029818567,0
0.07130143,0
0.034663815,0
0.110773586,0
0.13246664,1
0.005227026,0
0.047792498,0
0.47385514,0
0.021168765,0
0.017597686,0
0.8366383,1
0.16608997,1
0.043715212,0
0.042367518,0
0.33085495,0
0.2554114,1
0.7300295,1
0.10997943,0
0.0058015916,0
0.55279523,1
0.07061891,0
0.059920855,0
0.16906767,0
0.6499554,0
0.13610518,0
0.76792747,1
0.36172608,0
0.60138804,0
0.051258978,0
0.59491616,0
0.08842615,0
0.8686271,0
0.8524735,1
0.014095637,0
0.16789356,0
0.052600667,0
0.39359462,0
0.42953038,0
0.022657434,0
0.29030994,1
0.5064343,0
0.5355925,0
0.045224898,0
0.112140305,0
0.0032936148,0
0.89860046,1
0.8724807,1
0.03806245,0
0.035834618,0
0.049340073,0
0.17342116,0
0.038278803,0
0.06553443,0
0.13596487,0
0.057967894,0
0.13877775,0
0.291112,0
0.0026507555,0
0.03672366,0
0.18208255,0
0.77693605,0
0.45676464,0
0.20590523,0
0.4740177,0
0.33963948,0
0.3542797,0
0.048950806,0
0.061155707,0
0.029404338,0
0.08336636,0
0.01613101,0
0.80189204,0
0.3200859,0
0.039475106,0
0.06768323,0
0.18851429,0
0.12301455,0
0.21708722,0
0.6793042,0
0.027715206,0
0.19004004,0
0.86048883,1
0.0033539282,0
0.08163909,0
0.17787386,0
0.24855347,0
0.02404197,0
0.12434009,0
0.029142978,0
0.09399613,0
0.10604831,0
0.005738832,0
0.012116791,0
0.18643667,0
0.7290881,0
0.6102563,1
0.15016265,0
0.07358905,0
0.366238,0
0.044235587,0
0.020926272,0
0.16039352,0
0.10517964,0
0.17622596,0
0.013434738,0
0.024801435,0
0.5318389,0
0.5054203,0
0.28381705,0
0.6111727,0
0.07513712,0
0.7146781,0
0.08313621,0
0.5775313,0
0.044504322,0
0.7635678,0
0.010027033,0
0.018655159,0
0.062366918,0
0.24599697,0
0.033763345,0
0.136315,0
0.22796781,0
0.5235585,0
0.123141356,0
0.5728357,0
0.018463502,0
0.73827916,0
0.032451075,0
0.03731976,0
0.039637823,0
0.013104148,0
0.39093593,0
0.15502238,0
0.042114593,0
0.053108454,0
0.06330069,0
0.37543687,0
0.030299984,0
0.029268052,0
0.024624411,0
0.01676185,0
0.063815854,0
0.0035993748,0
0.056264244,0
0.034020558,0
0.032097824,0
0.19248685,0
0.54723793,0
0.15297048,0
0.26485786,0
0.023116503,0
0.6653484,1
0.12601025,0
0.10293426,0
0.1709669,0
0.13373818,0
0.659416,0
0.88023835,1
0.029461235,0
0.002584963,0
0.026513105,0
0.009504131,0
0.74734324,0
0.9444827,1
0.24017589,0
0.87686026,1
0.096093684,0
0.12818943,0
0.13020602,1
0.021606198,0
0.16882011,0
0.4904085,1
0.10567108,0
0.010540911,0
0.03260297,0
0.68388045,0
0.18434794,0
0.22025535,0
0.16095965,0
0.17528653,0
0.40675557,0
0.10566776,0
0.015987828,0
0.17275943,0
0.2952172,0
0.78036493,1
0.011779724,0
0.09590802,0
0.13387056,0
0.116848186,0
0.9188518,0
0.004326142,0
0.052332703,0
0.35528645,0
0.03080309,0
0.7946982,0
0.33220038,0
0.012164599,0
0.6840645,1
0.3372621,1
0.269726,0
0.10298865,0
0.7712001,1
0.027752772,0
0.20145603,0
0.1375473,0
0.032984238,0
0.5948065,0
0.30894658,0
0.016267218,0
0.0042559667,0
0.047363292,0
0.22936653,0
0.58908886,0
0.116589226,0
0.5205186,0
0.01743652,0
0.041251767,0
0.19556053,0
0.8048531,0
0.01861573,0
0.5381761,0
0.023852458,0
0.07958476,0
0.17769137,0
0.045841303,0
0.17525591,0
0.35524592,0
0.015220313,0
0.048177384,0
0.058159053,0
0.7543297,0
0.24638514,0
0.080367036,0
0.25497866,0
0.2679126,0
0.02468087,0
0.017375918,0
0.13901432,0
0.25379178,0
0.83661497,1
0.049761735,0
0.029216865,0
0.93145484,1
0.06933837,0
0.25067377,0
0.043448035,0
0.63458633,0
0.047351275,0
0.2838402,0
0.15589018,0
0.2902754,0
0.06937073,0
0.09180951,0
0.00138859,0
0.20869519,0
0.20243743,1
0.0577181,0
0.21614762,0
0.07995172,0
0.362935,0
0.013875877,0
0.5416477,0
0.09452832,0
0.04329087,0
0.28121924,0
0.12938851,0
0.085963055,0
0.4480709,0
0.15624097,0
0.063033596,0
0.18180941,0
0.80283,1
0.07208879,0
0.03054358,0
0.017522704,0
0.076393835,0
0.07055306,0
0.07805549,0
0.0047753355,0
0.023249526,0
0.7782746,1
0.6514689,0
0.01882182,0
0.008675051,0
0.78944415,1
0.7021667,1
0.13236032,0
0.32224825,0
0.016326698,0
0.8675259,1
0.39922196,0
0.009382635,0
0.4230075,1
0.7935294,0
0.3603242,0
0.010923646,0
0.0017850668,0
0.022811046,0
0.023523489,0
0.7072163,0
0.09968264,0
0.074296914,0
0.6374098,0
0.77019143,0
0.4778432,1
0.75695497,1
0.2203262,0
0.13095963,0
0.6307634,0
0.2611632,0
0.0270322,0
0.2302553,0
0.04743269,0
0.15786235,0
0.0847699,0
0.8679135,1
0.06310797,0
0.015852293,0
0.8164889,0
0.5045042,0
0.078652196,0
0.148932,0
0.05820588,0
0.15186477,0
0.46612152,0
0.19677484,0
0.03883493,0
0.07824882,0
0.008554779,0
0.11954175,0
0.8828567,0
0.6120806,0
0.017612746,0
0.66119057,0
0.29990283,0
0.14016196,0
0.36958668,1
0.030437326,0
0.079383746,0
0.4158424,0
0.06490935,0
0.14722309,0
0.13325171,0
0.02131452,0
0.1490064,0
0.15422927,0
0.39959475,0
0.019987995,0
0.15396634,0
0.3207243,0
0.404012,0
0.11864814,0
0.84424394,0
0.068353765,0
0.14618479,0
0.66322744,0
0.13845085,0
0.026329963,0
0.2484977,0
0.22120345,1
0.77382666,1
0.061247367,0
0.37924948,0
0.1353509,1
0.21744205,0
0.4932326,0
0.02184731,0
0.6311351,0
0.45542702,0
0.021720007,0
0.07957415,0
0.09296458,0
0.010516525,0
0.6362045,1
0.11736518,0
0.3220941,0
0.5637502,0
0.16794494,0
0.65932536,0
0.1583662,0
0.54574245,0
0.025258504,0
0.35880578,0
0.037977275,0
0.37499747,0
0.006467628,0
0.26307252,0
0.05920369,0
0.53244174,0
0.7794577,1
0.26929975,0
0.054417487,0
0.051050216,0
0.34905475,0
0.22718251,0
0.29884076,1
0.002858905,0
0.15122391,0
0.024483202,0
0.08449622,0
0.05400842,0
0.089887455,0
0.7522489,1
0.5164851,0
0.5200362,0
0.098220915,0
0.008111954,0
0.06413071,0
0.0494388,0
0.7343704,0
0.29155034,0
0.023765124,0
0.0061263833,0
0.029963372,0
0.021304028,0
0.23344263,1
0.06713005,0
0.09468456,0
0.4263158,0
0.6965267,0
0.20698936,0
0.0022531524,0
0.21736218,0
0.14634293,0
0.86297923,1
0.08655735,0
0.006183594,0
0.36619067,0
0.10359573,0
0.08475162,0
0.10733427,0
0.26475996,0
0.21286857,0
0.26178133,0
0.33758062,0
0.0023835148,0
0.27980605,0
0.6048541,1
0.034916405,0
0.5091841,0
0.055221982,0
0.57208633,0
0.05576466,0
0.114748836,0
0.5659763,0
0.010560544,0
0.21553968,0
0.59171504,0
0.042624496,1
0.21943232,0
0.09971638,0
0.25422624,0
0.23346889,0
0.19011992,1
0.15186474,0
0.111122794,0
0.6657353,0
0.023037935,0
0.22632642,0
0.41692162,0
0.025104648,0
0.22218013,0
0.26313868,0
0.038947146,0
0.08221436,0
0.11282749,0
0.027515255,0
0.35836262,1
0.03676423,0
0.21635039,0
0.5096064,0
0.04641331,0
0.40606117,0
0.36069286,0
0.38296488,0
0.096143104,0
0.28289494,0
0.20054938,0
0.015441572,0
0.029794004,0
0.09951836,0
0.13025738,0
0.14581811,0
0.11177378,0
0.1077154,0
0.25656927,0
0.32799086,1
0.08648974,0
0.73938954,0
0.38406578,0
0.38877496,0
0.18470334,0
0.41326442,0
0.040476102,0
0.4774379,0
0.15945739,0
0.16105875,0
0.37747264,0
0.03612631,0
0.42894763,1
0.5919291,0
0.14258067,0
0.077897094,0
0.3345896,0
0.7807063,0
0.6934112,1
0.82496965,0
0.5802248,1
0.031638432,0
0.18063013,0
0.05936932,0
0.29236192,0
0.35737038,0
0.61105764,1
0.004301938,0
0.0144767435,0
0.6184645,1
0.098066606,0
0.15122913,0
0.0036151079,0
0.0869994,0
0.4086365,0
0.30553833,0
0.034071162,0
0.034992807,0
0.059822544,0
0.9029342,1
0.14861348,0
0.026568834,0
0.77976704,1
0.8207237,1
0.60788625,1
0.08214852,0
0.11538006,0
0.034385595,0
0.78154457,1
0.24439283,0
0.020502087,0
0.649118,0
0.7631924,1
0.082991466,0
0.10062919,0
0.5199979,0
0.026164917,0
0.18745054,0
0.0062170844,0
0.6251768,0
0.17448083,0
0.05916762,0
0.43427414,0
0.13934788,0
0.014177697,0
0.81491256,1
0.034983147,0
0.10504767,1
0.21527259,1
0.8693376,1
0.0055377847,0
0.18391491,0
0.3979251,0
0.025686705,0
0.08300809,1
0.76951635,0
0.105433665,0
0.2586972,0
0.53920287,0
0.11529941,0
0.15201917,0
0.79143566,0
0.35417905,0
0.42798007,0
0.17178105,0
0.14521097,0
0.17438407,0
0.50112015,0
0.03368423,0
0.02325546,0
0.12967987,0
0.4356423,0
0.19433126,0
0.8440282,1
0.5716368,1
0.076708354,0
0.013169935,0
0.04563633,0
0.06858391,0
0.13557374,0
0.1244944,0
0.31495014,0
0.37905172,0
0.0681935,0
0.052032463,0
0.16471153,0
0.07072218,0
0.26910248,0
0.22005759,0
0.004808146,0
0.021705452,0
0.027273864,0
0.082330085,0
0.053736847,0
0.21382149,0
0.47089413,0
0.07657189,0
0.16183232,0
0.50393975,0
0.2406062,0
0.027452882,0
0.60017335,1
0.06777437,0
0.33331537,1
0.18958645,0
0.03626925,0
0.026695626,0
0.62651837,0
0.17424005,0
0.37789103,0
0.015685065,0
0.109655246,0
0.62823826,0
0.015645176,0
0.2765773,0
0.37415087,0
0.23481274,0
0.8724151,1
0.7895452,1
0.16887778,0
0.13563214,0
0.16292895,0
0.07135396,0
0.05107138,0
0.77372336,0
0.0607457,0
0.06085467,0
0.047882937,0
0.06486706,0
0.54028296,1
0.2239083,0
0.16492926,0
0.4863644,0
0.11869457,0
0.016458986,0
0.06952621,0
0.25333154,0
0.031986345,0
0.09799086,0
0.6128915,1
0.041861188,0
0.34943768,0
0.3520553,0
0.105394796,0
0.22594243,0
0.19561188,0
0.72067326,0
0.42538553,0
0.076880306,0
0.77578056,0
0.05176859,0
0.10544271,0
0.4312637,0
0.5076478,0
0.17664453,0
0.6205554,0
0.010002723,0
0.0028834147,0
0.15474822,0
0.18836729,0
0.007079414,0
0.4255164,1
0.39329258,0
0.69025177,1
0.09114274,0
0.05255957,0
0.46683788,0
0.098372295,0
0.21217301,0
0.42568275,0
0.27867588,0
0.21075714,0
0.84967643,0
0.008258703,0
0.0062091933,0
0.03824524,0
0.36840108,0
0.07285306,0
0.48452342,0
0.014415535,0
0.04817584,0
0.3170751,0
0.53296155,0
0.06617843,0
0.59383804,0
0.7135631,0
0.40702564,0
0.56882864,1
0.29124296,0
0.063424736,0
0.2092508,0
0.106982134,0
0.37853068,0
0.0732116,0
0.6375756,0
0.23219895,0
0.5638045,0
0.16742043,0
0.49111375,0
0.36946413,0
0.42444453,0
0.0058245417,0
0.11174553,0
0.09536246,0
0.036486145,0
0.71451586,1
0.18479681,0
0.1303517,0
0.022455832,0
0.2238777,0
0.08679961,0
0.0123101,0
0.07397466,0
0.3146101,1
0.043109983,0
0.8196794,1
0.0019186832,0
0.040230405,0
0.017337985,0
0.02528737,0
0.023243781,0
0.047470734,0
0.023089204,0
0.051590785,0
0.35853675,0
0.1580926,0
0.004057776,0
0.30202475,0
0.14149423,0
0.18794984,0
0.016887976,0
0.74555916,1
0.57327944,0
0.2833026,0
0.050572153,0
0.14925705,0
0.0898563,0
0.7090603,0
0.28692406,1
0.060667966,0
0.3679043,0
0.55176604,1
0.052922897,0
0.12233223,0
0.22432789,0
0.30459142,0
0.33289886,0
0.74546707,1
0.059601896,0
0.25562108,1
0.14074562,0
0.09773533,0
0.19740441,0
0.17593083,0
0.091970675,0
0.73089415,0
0.08584122,0
0.012368118,0
0.020990055,0
0.40024903,0
0.07099177,0
0.14690855,0
0.23916633,0
0.13247554,0
0.11712025,0
0.26703647,0
0.06826415,0
0.010754509,0
0.0026059612,0
0.012234318,0
0.029585205,0
0.28553632,0
0.021999035,0
0.43854678,0
0.051708736,0
0.20566903,0
0.9001823,1
0.042452533,0
0.045851085,0
0.889137,0
0.0013722766,0
0.09260705,0
0.034067355,0
0.066910736,0
0.32266632,0
0.024857616,0
0.015087813,0
0.41298088,0
0.05621032,0
0.47042194,0
0.0055998364,0
0.21894887,0
0.062097285,0
0.039278314,0
0.060468204,0
0.13323712,0
0.116394766,0
0.023316061,0
0.20760947,0
0.06999346,0
0.0040997425,0
0.17136046,0
0.37242815,0
0.09945057,0
0.28039643,0
0.0016459988,0
0.63760847,0
0.6416117,1
0.01518982,0
0.04517051,0
0.020142585,0
0.045968372,0
0.048810303,0
0.06890631,0
0.007809173,0
0.21230002,0
0.24560332,0
0.044630036,0
0.3634483,0
0.027632698,0
0.1468297,0
0.40981194,0
0.095821746,0
0.65054256,0
0.1769626,0
0.8325519,0
0.14231907,0
0.3835462,0
0.037167847,0
0.05847375,0
0.23828164,0
0.3843436,0
0.8460869,1
0.12682272,0
0.06435286,0
0.32309633,0
0.47283494,0
0.056442525,0
0.4113578,0
0.016032945,0
0.299312,0
0.17340644,0
0.18639354,0
0.013122408,0
0.068052135,0
0.30960658,0
0.21995805,0
0.06373828,0
0.1239669,0
0.5410538,0
0.013010506,0
0.24959056,0
0.87207997,1
0.12777393,0
0.32238987,0
0.5394892,0
0.17306548,0
0.6123897,0
0.36970708,0
0.1372889,0
0.039582815,0
0.38828376,0
0.013446434,0
0.058259603,0
0.080702364,0
0.21259914,0
0.4497346,0
0.031981148,0
0.45348856,0
0.2802379,0
0.49749964,1
0.1207854,0
0.05871877,0
0.51714766,1
0.019280508,0
0.3090636,0
0.19140045,0
0.86958283,1
0.7760759,1
0.32160783,0
0.3038998,0
0.009003152,0
0.3820769,0
0.034835286,0
0.5188459,1
0.2307536,0
0.20700963,0
0.19801196,0
0.37985533,0
0.102263704,0
0.5721029,0
0.01502147,0
0.011039971,0
0.37299293,0
0.66548157,0
0.1171196,0
0.02833311,0
0.33939016,0
0.32685632,0
0.004618045,0
0.0976848,0
0.38392776,0
0.122421,0
0.003011052,0
0.03544418,0
0.045362853,0
0.010780132,0
0.03333326,0
0.094241805,0
0.0025513566,0
0.5510479,0
0.61753577,1
0.7439737,0
0.48839784,0
0.011257631,0
0.7155852,0
0.0036980726,0
0.08628823,0
0.2693146,0
0.15825452,0
0.11845589,0
0.8101185,1
0.121108554,0
0.8375088,1
0.039910335,0
0.0019006577,0
0.4393269,0
0.11120484,0
0.06634449,0
0.7072154,0
0.41183057,0
0.8506175,0
0.9485637,1
0.46562392,0
0.33421117,0
0.058279056,0
0.053344317,0
0.15116398,0
0.08793945,0
0.005443954,0
0.11315563,0
0.10415558,0
0.22708707,0
0.0030325425,0
0.6364022,1
0.057112336,0
0.17012607,0
0.36970243,0
0.22899148,0
0.026591362,0
0.87250656,0
0.0880634,0
0.6555865,0
0.03457065,0
0.15520187,0
0.86569715,0
0.046027064,0
0.03078452,0
0.91359836,1
0.20560072,0
0.24505402,0
0.028132642,0
0.07859208,0
0.036371,0
0.19598995,0
0.29144698,0
0.7529383,1
0.039101157,0
0.5321874,0
0.039309446,0
0.1325766,0
0.7528901,0
0.14063215,0
0.3962998,0
0.039592776,0
0.11775106,0
0.873315,1
0.0829865,0
0.021175025,0
0.07657482,0
0.07455785,0
0.16651928,0
0.01658613,0
0.050447263,0
0.6627308,0
0.21791849,0
0.5779683,1
0.5001676,0
0.059784546,0
0.07072517,0
0.54349965,1
0.043298095,0
0.068292074,0
0.028595103,0
0.012233212,0
0.14874248,0
0.006330436,0
0.53532076,0
0.2972923,0
0.44516087,0
0.3425054,0
0.7129994,0
0.013135715,0
0.6490603,0
0.32500365,0
0.27516127,0
0.5146041,0
0.019975152,0
0.7601589,0
0.1292832,0
0.00938619,0
0.47938135,0
0.5464753,0
0.075756885,0
0.01522888,0
0.32726267,0
0.015321325,0
0.4522828,0
0.06674574,0
0.2393779,0
0.5428161,1
0.049764868,0
0.020776339,0
0.016132168,0
0.22011645,0
0.73911995,1
0.39396936,0
0.20907074,0
0.023182936,0
0.049143154,0
0.064084165,0
0.7343436,0
0.04956121,0
0.06874542,0
0.5442772,1
0.1339485,0
0.023028933,0
0.06233352,0
0.16011244,0
0.061375998,0
0.012644669,0
0.0628322,0
0.28186154,0
0.032584116,0
0.035080887,0
0.17462249,0
0.40354478,0
0.1155339,0
0.025783068,0
0.15266845,0
0.20639586,0
0.81513375,1
0.20812638,0
0.23949994,0
0.076378495,0
0.22689798,0
0.6374649,0
0.18122229,1
0.031842828,0
0.009117513,0
0.24323103,0
0.37720746,1
0.20974952,0
0.031168288,0
0.5766193,0
0.089521274,0
0.065519735,0
0.120521985,0
0.47733244,0
0.062718056,0
0.005259525,0
0.12823723,0
0.0853095,0
0.7878286,0
0.07863274,0
0.08336675,0
0.282418,0
0.06988458,0
0.22231987,0
0.08064701,0
0.070547886,0
0.34336203,0
0.0020078162,0
0.08294889,0
0.8885423,1
0.23885033,0
0.036184926,0
0.21764122,0
0.011291496,0
0.8542884,1
0.025959702,0
0.022007424,0
0.5281768,0
0.8798261,1
0.34482035,0
0.037094396,0
0.58533657,0
0.15663786,0
0.0125059355,0
0.058254883,0
0.44871172,0
0.50505185,0
0.19938286,0
0.0760028,0
0.020184267,0
0.24156117,0
0.43525267,0
0.0073351427,0
0.3040741,0
0.07542243,0
0.03550059,0
0.09852117,0
0.15073214,0
0.13787729,0
0.1160624,0
0.045368314,0
0.061237644,0
0.037757948,0
0.56840235,0
0.009685792,0
0.1269567,0
0.04087615,0
0.65723085,0
0.16437802,0
0.055421792,0
0.29809442,0
0.14641309,0
0.02227771,0
0.579462,0
0.032483947,0
0.073975705,0
0.13126002,0
0.48381996,0
0.62487775,1
0.16063309,0
0.011801893,0
0.116048194,0
0.3063656,0
0.8735993,1
0.015227977,0
0.15498437,0
0.005158669,0
0.16593371,0
0.7766554,1
0.088292494,0
0.21162973,0
0.5151682,0
0.7929843,0
0.023804903,0
0.3174636,0
0.7244783,1
0.04730305,0
0.46843287,0
0.012882113,0
0.06597685,0
0.44219774,0
0.040364366,0
0.24578464,0
0.8861856,1
0.25068095,0
0.3512479,0
0.079623014,0
0.57688814,0
0.09121996,0
0.34580863,0
0.015318066,0
0.37169233,1
0.5366943,0
0.7753324,1
0.0027051857,0
0.104941204,0
0.39922825,0
0.06382366,0
0.009213296,0
0.28260583,0
0.038378667,0
0.3929083,0
0.46809036,0
0.14240763,0
0.36697668,0
0.042165164,0
0.022639396,0
0.07711873,0
0.8724119,1
0.32472867,0
0.05025974,0
0.054153625,0
0.0059914174,0
0.9023896,0
0.008273492,0
0.008768485,0
0.21106908,0
0.062997065,0
0.39834255,0
0.04485734,0
0.099439204,0
0.077195175,0
0.007821437,0
0.19085975,0
0.40703923,0
0.40338644,0
0.03551843,0
0.1292584,0
0.7265101,0
0.44426546,0
0.21098703,0
0.13832448,0
0.5256921,0
0.54406863,0
0.10221543,0
0.4015243,0
0.30647385,0
0.06686634,0
0.20168275,0
0.01917128,0
0.31892678,1
0.042571824,0
0.49266604,1
0.49586526,0
0.25177085,0
0.04424847,0
0.00763104,0
0.49431118,0
0.11238421,0
0.08370318,0
0.33375153,0
0.49346182,1
0.32686743,0
0.056312315,0
0.72208947,0
0.6372349,0
0.02241189,0
0.052144155,0
0.15779777,0
0.18016134,1
0.7825833,1
0.027021823,0
0.0067069945,0
0.71626073,1
0.30816403,0
0.1981519,0
0.899602,1
0.094357066,0
0.1814829,0
0.055760104,0
0.67056787,1
0.1439118,0
0.43938166,0
0.11951586,0
0.031602617,0
0.01469621,0
0.35376447,0
0.3070054,0
0.6652976,0
0.34806818,0
0.06550068,0
0.012388025,0
0.00689392,0
0.16540317,0
0.044265445,0
0.8783116,0
0.57858956,0
0.065476716,0
0.52836424,0
0.91256124,1
0.8189046,0
0.52063346,0
0.0047594737,0
0.20271993,0
0.83492965,1
0.5576542,0
0.07374062,0
0.33912298,0
0.021403747,0
0.3713034,0
0.5664341,0
0.7071117,0
0.027713152,0
0.13941044,0
0.90471363,1
0.029266423,0
0.03093848,0
0.2120253,0
0.35440293,0
0.059603244,0
0.40243647,0
0.013627814,0
0.80604756,0
0.7011979,0
0.044546142,0
0.27550545,0
0.028716745,0
0.36675158,0
0.049916185,0
0.3597714,0
0.37483722,0
0.08296554,0
0.13697469,0
0.20729972,0
0.02449485,0
0.7716628,1
0.056529805,0
0.010597693,0
0.965487,1
0.32035023,0
0.010943473,0
0.8604849,0
0.2362418,0
0.13094705,0
0.0041325726,0
0.9154808,1
0.02272158,0
0.063609116,0
0.06578553,0
0.70237243,0
0.0055889203,0
0.056940634,0
0.27434883,0
0.023538686,0
0.25644532,0
0.071834,0
0.20287,0
0.005847676,0
0.83366835,0
0.002497753,0
0.19978452,0
0.09550952,0
0.065263085,0
0.4891019,0
0.24751289,0
0.7568301,0
0.50713784,0
0.034391064,0
0.32827356,0
0.06217082,0
0.38982093,0
0.3961164,0
0.49306792,0
0.0010346969,0
0.03904398,0
0.07830817,0
0.4966411,1
0.03486539,0
0.2269673,0
0.7943968,0
0.012234935,0
0.039146625,0
0.17991708,0
0.022629574,0
0.40079865,0
0.04836978,0
0.33363056,0
0.56150496,0
0.046479337,0
0.092886314,0
0.84597504,1
0.24389294,0
0.5115462,0
0.0713626,0
0.21937719,0
0.27618927,0
0.052659903,0
0.2020141,0
0.15442507,0
0.8874424,1
0.068503685,0
0.06815482,0
0.07859339,0
0.1885883,0
0.06600872,0
0.88858163,1
0.06593108,0
0.84698164,1
0.038524363,0
0.020818042,0
0.23781745,0
0.2422748,0
0.23763822,0
0.6240903,0
0.2582992,0
0.1317123,0
0.6185146,1
0.3872634,0
0.94051486,1
0.018596403,0
0.4200512,0
0.16711827,0
0.0772842,0
0.5205381,1
0.1255859,0
0.17392258,0
0.040632516,0
0.034779657,0
0.25589532,0
0.0246834,0
0.1078025,0
0.087912835,0
0.062693566,0
0.0044638873,0
0.21106908,0
0.12669803,0
0.7538036,1
0.035830863,0
0.017828254,0
0.6094892,1
0.52991253,0
0.7156018,0
0.13821965,0
0.6189677,0
0.03235199,0
0.011475567,0
0.17417082,0
0.12683216,0
0.09139309,0
0.12081676,0
0.0979691,0
0.274939,0
0.38417807,0
0.68494827,0
0.11265966,0
0.5282081,0
0.0404059,0
0.61299855,0
0.06670259,0
0.4230997,0
0.11031793,0
0.022132987,0
0.08798439,0
0.0034562962,0
0.5973215,0
0.007917642,0
0.22351559,0
0.17014487,0
0.10746272,0
0.06536981,0
0.010583348,0
0.41015258,1
0.016670456,0
0.017636836,0
0.13091628,0
0.43221903,0
0.38318557,0
0.19099902,0
0.5785777,0
0.75643027,1
0.8032879,1
0.165182,0
0.23824835,0
0.10037904,0
0.26426908,0
0.10175645,0
0.054457467,0
0.010177187,0
0.06348894,0
0.06280853,0
0.20434283,0
0.73664755,0
0.031220991,0
0.14522922,0
0.07348425,0
0.21088527,0
0.75882167,0
0.06436722,0
0.022065476,0
0.02926019,0
0.5096863,0
0.050389897,0
0.18214278,0
0.2515989,0
0.46546555,0
0.044242118,0
0.23752522,0
0.14925463,0
0.90711945,0
0.9935306,1
0.05775626,0
0.10612794,0
0.006970836,0
0.09558507,1
0.03462578,1
0.018344048,0
0.05505344,0
0.6660249,0
0.14170064,0
0.0685434,0
0.14635806,0
0.027992869,0
0.3731398,1
0.022993105,0
0.32441977,1
0.013689098,0
0.22580454,0
0.35813442,0
0.2676242,0
0.3012962,0
0.029252458,0
0.67689365,0
0.045130156,0
0.031351753,0
0.19026348,0
0.15132965,0
0.1931888,0
0.04917693,0
0.7618742,1
0.015755726,0
0.8003236,1
0.02147299,0
0.013955205,0
0.016466925,0
0.10769065,0
0.18537006,0
0.28846747,0
0.30259523,0
0.11924507,0
0.14258626,0
0.534794,0
0.12673119,0
0.02882171,0
0.049554136,0
0.0937476,0
0.08089598,0
0.623745,0
0.07887631,0
0.6444531,0
0.05940325,0
0.07581417,0
0.028565481,0
0.010905861,0
0.69808686,1
0.4881299,0
0.011997093,0
0.30292088,0
0.19742964,0
0.11264609,0
0.6031265,0
0.111319475,0
0.39962277,0
0.057298865,0
0.28066668,0
0.09832642,0
0.038274344,0
0.045007363,0
0.02057299,0
0.23020814,1
0.026212856,0
0.007496888,0
0.26706687,0
0.39819467,0
0.6507592,0
0.6059286,1
0.48352826,0
0.02459277,0
0.43985084,0
0.8162802,0
0.08509106,0
0.030814858,0
0.5871206,1
0.52102613,0
0.15795033,0
0.08415752,0
0.21931367,0
0.22919182,0
0.31575283,0
0.25986412,0
0.07091039,0
0.2619854,0
0.3545721,0
0.77316535,0
0.013896967,0
0.10372343,0
0.0035485392,0
0.004397922,0
0.16416423,0
0.31136054,0
0.011708686,0
0.012685961,0
0.10852377,0
0.5612993,0
0.7026858,0
0.05924669,0
0.008279726,0
0.36082983,0
0.09069035,0
0.044749573,0
0.11984591,0
0.00745555,0
0.19136524,0
0.06868982,0
0.7456712,0
0.57448494,0
0.11400433,0
0.6523108,1
0.689813,1
0.006038148,0
0.013958854,0
0.21409114,0
0.20540315,0
0.76761353,0
0.0159645,0
0.008681598,0
0.17028132,0
0.008217777,0
0.46190304,0
0.20606934,0
0.017123163,0
0.84373,1
0.15236907,0
0.26332393,0
0.0609248,0
0.23829111,0
0.28812072,0
0.43824953,0
0.013712797,0
0.0068111564,0
0.47568673,0
0.010635283,0
0.07283164,0
0.37071976,0
0.32740384,0
0.04393412,0
0.04073397,0
0.10256555,0
0.008651536,0
0.16471559,0
0.2817915,1
0.018402478,0
0.01148181,0
0.3596508,0
0.018468674,0
0.14480352,0
0.2086692,1
0.3631225,0
0.6652313,1
0.09276659,0
0.0528993,0
0.0031816172,0
0.046764426,0
0.13537453,0
0.12060462,0
0.33722988,1
0.07186474,0
0.6354164,0
0.35088027,1
0.023350557,0
0.4925466,0
0.0063313274,0
0.72508246,0
0.3388084,0
0.08215398,0
0.1373242,0
0.08922259,0
0.44698355,0
0.2735995,0
0.14914691,0
0.36133176,0
0.20012337,0
0.25551325,0
0.07192613,0
0.08741826,0
0.009572497,0
0.19456176,0
0.011784632,0
0.6172283,1
0.07790891,0
0.29397628,0
0.25905544,0
0.056837607,0
0.030119311,0
0.09861853,0
0.018061418,0
0.6138813,0
0.47120002,0
0.03591255,0
0.08513293,0
0.96513844,1
0.0024020267,0
0.008674075,0
0.25552273,0
0.0052965563,0
0.05834092,0
0.72014344,0
0.0053049736,0
0.005159883,0
0.17211218,0
0.71113896,0
0.5754719,0
0.09586561,0
0.0094903335,0
0.13958393,1
0.42096832,0
0.068399236,0
0.13006173,0
0.38308161,0
0.3171129,0
0.003302766,0
0.008438598,0
0.5606362,0
0.09055812,0
0.022231983,0
0.09691411,0
0.85314596,1
0.052607715,0
0.06269463,0
0.005867188,0
0.40147725,0
0.0117005175,0
0.01463901,0
0.0086459145,0
0.061089993,0
0.1563299,0
0.5706086,0
0.20389497,0
0.034701377,0
0.5042182,0
0.095929235,0
0.2883631,0
0.02042077,0
0.14559342,0
0.7784083,0
0.12135441,0
0.029741153,0
0.12165965,0
0.28954953,0
0.41324666,1
0.33871558,0
0.20260063,0
0.0074513378,0
0.219941,0
0.108773254,0
0.6211634,0
0.43045336,0
0.0416125,0
0.12514392,0
0.192659,0
0.06301193,0
0.63409656,0
0.39657462,0
0.12915304,0
0.13720056,0
0.20036505,0
0.30545974,0
0.845631,1
0.35723805,0
0.30126023,0
0.58276117,0
0.46937743,0
0.028073428,0
0.03828672,0
0.0349575,0
0.0069506937,0
0.075882904,0
0.64952123,0
0.8190868,0
0.13772784,0
0.0100641865,0
0.007813907,0
0.025014115,0
0.030469814,0
0.08274085,0
0.8069485,1
0.057404004,0
0.07315902,0
0.59236306,0
0.022119585,0
0.30507454,0
0.09405283,0
0.055423304,0
0.64974576,0
0.51700044,0
0.36263445,0
0.111000255,0
0.8714754,0
0.048265774,0
0.5800552,0
0.2919124,0
0.01207454,0
0.013022004,0
0.42557585,0
0.14066806,0
0.3939253,0
0.42731065,0
0.49689874,0
0.05637074,0
0.24819471,0
0.0050196685,0
0.00270264,0
0.2616655,0
0.011802894,0
0.07982753,0
0.15710564,0
0.31115687,0
0.47639316,0
0.7837954,0
0.020701949,0
0.5568821,0
0.031776253,0
0.23214896,0
0.06527197,0
0.7687922,1
0.09120743,0
0.60353583,0
0.11448826,0
0.11718336,0
0.040277112,0
0.10677972,0
0.036580086,0
0.10870243,0
0.1069721,0
0.047961753,0
0.14172414,0
0.11574402,0
0.044505272,0
0.14503199,0
0.4411265,0
0.011398451,0
0.19424851,0
0.043140788,0
0.027908063,0
0.29679003,0
0.017634697,0
0.22761206,0
0.0060294773,0
0.006125211,0
0.06839672,0
0.18066835,0
0.3532553,0
0.053500347,0
0.17317069,0
0.09137662,0
0.022859752,0
0.24377562,0
0.1153553,0
0.22699015,0
0.38735235,0
0.0931934,0
0.08055038,0
0.5113515,1
0.0814321,0
0.009440489,0
0.11219057,0
0.2764508,0
0.922387,1
0.11381125,0
0.72500974,0
0.034161985,0
0.05889539,0
0.34149665,0
0.022858465,0
0.09414738,0
0.108170524,0
0.63177097,0
0.007678701,0
0.21024907,0
0.007981966,0
0.2558599,0
0.2170455,0
0.32607007,0
0.21861121,0
0.033316877,0
0.0065567847,0
0.8108946,1
0.010688009,0
0.25016993,0
0.029102707,0
0.34577063,0
0.025250558,0
0.006161019,0
0.05731927,0
0.2455985,0
0.30439556,0
0.06266261,0
0.34656832,0
0.013220669,0
0.6357924,0
0.06648646,0
0.02010115,0
0.92401457,1
0.056065124,0
0.12626621,0
0.015866991,0
0.33083892,0
0.0018058436,0
0.8602388,1
0.3168372,0
0.059984878,0
0.013087046,0
0.14570357,0
0.032693397,0
0.041876364,0
0.28510606,0
0.034520313,0
0.58533335,0
0.10327165,0
0.06251145,0
0.019238118,0
0.011097993,0
0.02917601,0
0.3389164,0
0.035867445,0
0.40911186,0
0.01685689,0
0.425731,0
0.15099762,0
0.015622882,0
0.069726326,0
0.24388687,0
0.030541673,0
0.22615121,1
0.2717822,0
0.009944266,0
0.13034366,0
0.031527586,0
0.31343636,0
0.94030315,1
0.12193582,0
0.8477991,0
0.013576,0
0.13936199,0
0.65482867,0
0.78476804,0
0.3631697,0
0.116238214,0
0.69190824,0
0.008739438,0
0.40372315,0
0.14556026,0
0.073296644,0
0.09369206,0
0.4970398,0
0.28540468,0
0.2578534,0
0.0627774,0
0.041304886,0
0.056777183,0
0.0790948,0
0.7190294,0
0.4717773,0
0.14971334,0
0.6288505,0
0.14280726,0
0.68213195,1
0.46411657,0
0.096439,0
0.27467337,0
0.6764049,0
0.06485199,0
0.24750215,0
0.14397845,0
0.3438276,0
0.57688785,0
0.053510834,0
0.08934331,0
0.12458312,0
0.29560038,0
0.116683,0
0.21002126,0
0.006453344,0
0.15781589,1
0.7982263,0
0.2522179,0
0.66308177,0
0.02354096,0
0.01909122,0
0.18665168,0
0.051056728,0
0.05157419,0
0.01153066,0
0.13248134,0
0.30025715,0
0.12318399,0
0.6026486,1
0.004357373,0
0.113506906,0
0.73762655,1
0.2446738,0
0.021365054,0
0.05112333,0
0.69175875,1
0.016529813,0
0.25246245,0
0.706309,0
0.042174052,0
0.05984681,0
0.068017185,0
0.37391996,0
0.24167275,0
0.030268531,0
0.0061538084,0
0.73485667,0
0.16088915,0
0.6824506,1
0.019935472,0
0.0941044,0
0.6229691,0
0.06491104,0
0.33984154,0
0.73082423,1
0.027438715,0
0.12792742,0
0.3670653,0
0.68488944,0
0.019851156,0
0.033333313,0
0.5033901,0
0.16853644,0
0.17584562,0
0.65993685,0
0.08134318,0
0.042892434,0
0.22668625,0
0.004582826,0
0.012000638,0
0.020773448,0
0.015867647,0
0.0045807147,0
0.13238767,0
0.676442,1
0.45822978,0
0.1853778,0
0.026925612,0
0.039890967,0
0.40224403,0
0.7197198,0
0.015885439,0
0.022864386,0
0.5799786,0
0.7716952,1
0.30165553,0
0.03710015,0
0.39477918,0
0.048152383,0
0.32852906,0
0.010406683,0
0.5232112,1
0.27543157,0
0.6120833,1
0.06665223,0
0.73701775,1
0.083744794,0
0.6378943,1
0.012247608,0
0.012536536,0
0.06259412,0
0.75974137,1
0.04071551,0
0.57411414,0
0.0057757674,0
0.85426724,1
0.13353217,0
0.20239402,0
0.54005665,0
0.0076692854,0
0.004583453,0
0.7955857,1
0.48046133,0
0.15298903,0
0.2618374,0
0.14159797,0
0.18377674,0
0.09047099,0
0.04445065,0
0.016278462,0
0.01675859,0
0.020707669,0
0.33652815,0
0.4811023,0
0.051609103,0
0.009839398,0
0.10238845,0
0.040528722,0
0.29732388,0
0.09745377,1
0.076303266,0
0.026222887,0
0.52803785,0
0.2742294,0
0.09433415,0
0.6074042,0
0.006847619,0
0.48128405,0
0.5699964,0
0.023479592,0
0.43988478,0
0.07252721,0
0.48074335,0
0.04314578,0
0.035371408,0
0.17249644,0
0.08936942,0
0.047068547,0
0.4643814,0
0.7057177,0
0.0070999674,0
0.08204071,0
0.017972589,0
0.23162073,0
0.6011854,0
0.13989958,0
0.00088477455,0
0.0815747,0
0.33854523,0
0.92007023,1
0.28008914,0
0.25762329,0
0.10439326,0
0.050428774,0
0.009699276,0
0.041762963,0
0.5043693,1
0.3346365,1
0.086785644,0
0.10480936,0
0.12047471,0
0.091048546,0
0.79454654,1
0.11978026,0
0.019622944,0
0.3444041,0
0.15671492,0
0.17906588,0
0.097159326,0
0.03333561,0
0.18690214,0
0.101089664,0
0.10179112,0
0.039899174,0
0.23369229,0
0.23657893,0
0.047092788,0
0.041379858,0
0.04676481,0
0.37183988,0
0.029642455,0
0.03721663,0
0.009239497,0
0.23062386,0
0.036331095,0
0.037670713,0
0.014965309,0
0.89132947,1
0.034310535,0
0.42417318,0
0.26539367,0
0.24177709,0
0.041701525,0
0.007604401,0
0.10465122,0
0.037840042,0
0.44033173,0
0.7724998,0
0.05669288,0
0.010679813,0
0.2602523,0
0.11732354,0
0.033220414,0
0.45491317,0
0.05867027,0
0.059872523,0
0.10905503,0
0.22251077,0
0.7566825,1
0.009540753,0
0.1090631,0
0.026386395,0
0.10221427,0
0.029647578,0
0.08189196,0
0.29642808,0
0.020155624,0
0.0046181544,0
0.025325054,0
0.17036647,0
0.45531586,1
0.19733487,0
0.013484986,0
0.25823733,0
0.19325042,0
0.007169628,0
0.52831393,0
0.10375319,0
0.5923503,0
0.35249013,1
0.7842965,1
0.89420724,0
0.020122511,0
0.49522394,0
0.8677426,1
0.07569665,0
0.30836946,0
0.4720176,0
0.008189757,0
0.038035844,0
0.0628676,0
0.039998762,0
0.07227908,0
0.017685836,0
0.42428795,0
0.7499246,1
0.06330632,0
0.05374252,0
0.060011744,0
0.09277523,0
0.07944043,0
0.07781858,0
0.010337051,0
0.8041382,1
0.056506336,0
0.08225474,0
0.026703544,0
0.7135198,0
0.19480442,0
0.09886596,0
0.15785353,0
0.18597314,0
0.105871685,0
0.029572742,0
0.024835415,0
0.043016862,0
0.0140241105,0
0.024751369,0
0.071919344,0
0.4819346,0
0.009245618,0
0.11333462,0
0.031810336,0
0.4294913,0
0.3739639,0
0.5297341,1
0.095440984,0
0.41011253,0
0.05745012,0
0.022894485,0
0.0987666,0
0.05154639,0
0.028780308,0
0.016595403,0
0.42301357,0
0.003370339,0
0.0044345395,0
0.211902,0
0.12428958,0
0.45673785,0
0.03162062,0
0.008376127,0
0.15861729,0
0.5021229,0
0.09230189,0
0.04291876,0
0.0725264,1
0.10764648,0
0.015813872,0
0.21819432,0
0.57022464,0
0.015906302,0
0.25077623,0
0.0035509751,0
0.020990683,0
0.49424285,1
0.364232,0
0.0028715434,0
0.09267873,0
0.080337755,0
0.6964063,1
0.34308377,0
0.021215579,0
0.023655802,0
0.50335294,0
0.9387063,1
0.17958593,0
0.41593638,0
0.0776483,0
0.18891479,0
0.89019495,1
0.8510832,0
0.6607349,0
0.07419227,0
0.36474928,0
0.002666016,0
0.018482093,0
0.026794953,0
0.005677292,0
0.1349148,0
0.06124442,0
0.40640938,0
0.869945,1
0.14091271,0
0.013684604,0
0.47795045,0
0.5839108,0
0.25155002,0
0.28945088,0
0.022353455,0
0.29733372,0
0.015310488,0
0.29217046,0
0.11216853,0
0.033689953,0
0.3030915,0
0.5555734,1
0.31138363,0
0.030654036,0
0.20263498,0
0.043953583,0
0.025989018,0
0.16365781,0
0.013320736,0
0.04789281,0
0.27785158,0
0.049410645,0
0.023948237,0
0.02924263,0
0.39282566,0
0.3040699,0
0.24691683,0
0.6916374,1
0.08018729,0
0.7765516,0
0.0334728,0
0.104295105,0
0.2911773,0
0.042604625,0
0.07813255,0
0.16162531,0
0.0560904,0
0.17131601,0
0.044469763,0
0.656827,1
0.19745496,0
0.58313143,0
0.83920085,1
0.010005103,0
0.033756386,0
0.03157993,0
0.23293924,0
0.05540516,0
0.05284734,0
0.020412767,0
0.91422755,1
0.39292628,0
0.016173825,0
0.22719991,0
0.0122193275,0
0.10461783,0
0.018642997,0
0.063394606,0
0.0637781,0
0.5764086,0
0.12813742,0
0.30308214,0
0.06393438,0
0.17842561,0
0.18514992,0
0.23138848,0
0.060676523,0
0.33198372,0
0.09793143,0
0.3761402,0
0.24534458,0
0.5676721,0
0.012951501,0
0.48896503,0
0.19340844,0
0.3827813,0
0.32360592,0
0.35575622,0
0.06489726,0
0.16577151,0
0.06162563,0
0.86321664,1
0.14240488,0
0.10081217,0
0.015927963,0
0.84971607,1
0.06423218,0
0.099082604,0
0.25664884,0
0.015248379,0
0.032345563,0
0.28663498,0
0.07662108,0
0.07567046,0
0.044181257,0
0.73544526,1
0.26438236,0
0.34686345,0
0.25494894,0
0.3819046,1
0.4533752,1
0.057154894,0
0.05508101,0
0.12962313,0
0.06915641,0
0.0049851285,0
0.048684523,0
0.007311318,0
0.05748247,0
0.61378956,0
0.28522003,0
0.3310313,0
0.022968803,0
0.25254947,0
0.24951617,0
0.82556826,1
0.10372637,0
0.48783275,0
0.1871794,0
0.16995616,0
0.16992292,0
0.505138,0
0.059708767,0
0.019378014,0
0.9155003,1
0.21768509,0
0.16303675,0
0.38568845,0
0.037809964,0
0.17346448,0
0.80858076,1
0.014191966,0
0.0064088693,0
0.014606017,0
0.023943452,0
0.18305096,0
0.46732298,0
0.3790735,0
0.26384932,0
0.68801725,0
0.32464066,0
0.054869458,0
0.039926548,0
0.1505511,0
0.33502018,0
0.6291117,0
0.15923755,0
0.031640843,0
0.102846,0
0.6487818,0
0.24271907,0
0.0016806776,0
0.010090534,0
0.10049116,0
0.08462238,0
0.021444995,0
0.001315042,0
0.18989955,0
0.046609964,0
0.17551304,0
0.4868079,0
0.5914979,0
0.30963147,0
0.14717622,0
0.13446471,0
0.6609916,0
0.05801681,0
0.082065575,0
0.45287132,1
0.28554344,0
0.04356508,0
0.94399697,1
0.006765187,0
0.31123585,0
0.01622104,0
0.15933721,0
0.010273081,0
0.017754344,0
0.014917844,0
0.028193148,0
0.06140645,0
0.2954175,0
0.855776,1
0.3710904,0
0.10743656,0
0.044662595,0
0.052033663,0
0.8077571,1
0.03398738,0
0.8372801,1
0.048183013,0
0.3626292,0
0.5231894,0
0.242964,0
0.57271713,0
0.94244945,1
0.08530868,0
0.5533924,1
0.04520308,0
0.0047735116,0
0.62398577,1
0.0047305534,0
0.0373493,0
0.34489566,0
0.01570769,0
0.042584334,0
0.5803325,0
0.039116584,0
0.56323946,0
0.20291209,0
0.018306494,0
0.18519099,0
0.022977991,0
0.081271216,0
0.96615815,1
0.4573932,0
0.0031499912,0
0.4182108,0
0.037478454,0
0.0078005358,0
0.052090447,0
0.039562173,0
0.4009512,0
0.38556927,0
0.023336545,0
0.27664033,0
0.026602484,0
0.29036728,0
0.34359628,0
0.07229379,0
0.03723793,0
0.29319078,0
0.12784663,0
0.0053049666,0
0.06587483,0
0.018999182,0
0.15235151,0
0.82149446,1
0.04419846,0
0.0076021994,0
0.112333246,1
0.04931391,0
0.049922407,0
0.26252937,0
0.36817935,0
0.121168055,0
0.025717357,0
0.8768738,1
0.029192736,0
0.4286214,0
0.031657312,0
0.39689952,0
0.17726238,0
0.019326834,0
0.0602303,0
0.05404681,0
0.048588403,0
0.8503716,1
0.036274903,0
0.27998954,0
0.050032254,0
0.49984044,0
0.106424026,0
0.107058965,0
0.13490252,1
0.00880759,0
0.303437,0
0.073797956,0
0.31111065,0
0.26635233,0
0.29108316,0
0.019167943,0
0.22929728,0
0.06267125,0
0.1683144,1
0.24645996,0
0.03851941,0
0.6317177,0
0.12707014,0
0.34625623,0
0.7147105,1
0.06085188,0
0.1133908,0
0.3609963,0
0.20901254,0
0.03682047,0
0.07256352,0
0.05331029,0
0.07820302,0
0.008825918,0
0.33912575,0
0.12593973,0
0.0147520555,0
0.25882316,0
0.12771314,0
0.031473838,0
0.030487163,0
0.03154527,0
0.2483536,0
0.0067907935,0
0.29582244,1
0.3205602,0
0.10144118,0
0.17845309,0
0.15052937,0
0.07978429,0
0.26403162,0
0.0054819384,0
0.5081856,0
0.6148849,0
0.021228053,0
0.045045283,0
0.7776031,0
0.14114189,0
0.36231065,0
0.05861019,0
0.44849637,0
0.007166028,0
0.16575824,0
0.014784768,0
0.26590052,0
0.06319225,0
0.35393643,0
0.019954216,0
0.05204793,0
0.1221918,0
0.3762781,0
0.67721546,0
0.01407775,0
0.81641173,0
0.105524145,0
0.40880245,0
0.007974686,0
0.039231602,0
0.04420738,0
0.16420314,0
0.034844533,0
0.0031125413,0
0.03800907,0
0.021853939,0
0.44014743,0
0.013193282,0
0.0051975474,0
0.07212722,0
0.39110157,0
0.20964572,0
0.23767586,0
0.023446629,0
0.37974635,0
0.4396488,0
0.044861283,0
0.09891052,0
0.01239452,0
0.016198395,0
0.6858044,0
0.5755512,0
0.019213734,0
0.77740884,0
0.84165406,0
0.03104284,0
0.34475064,0
0.018881176,0
0.05332951,0
0.0029655416,0
0.003771911,0
0.018692601,0
0.113358244,0
0.75283647,1
0.117132306,0
0.6091986,0
0.18597127,0
0.041884232,0
0.064746015,0
0.08918023,0
0.06960515,0
0.019052891,0
0.004127068,0
0.0527004,0
0.044860385,0
0.24713619,0
0.007738602,0
0.30180892,0
0.07272655,0
0.8202314,0
0.5599919,0
0.04311375,0
0.13002723,0
0.023433473,0
0.4747803,0
0.14644207,0
0.0094606485,0
0.09765702,0
0.01667596,0
0.20066097,0
0.1520809,0
0.06729422,0
0.019767176,0
0.0063267574,0
0.023232616,0
0.0748016,0
0.5241244,0
0.24948421,0
0.5219135,0
0.41678676,0
0.020845255,0
0.0032215365,0
0.8393834,1
0.29562992,0
0.2512935,0
0.014907617,0
0.019958645,0
0.2439103,0
0.029233007,0
0.12141008,0
0.023309961,0
0.029242555,0
0.49278906,0
0.09002334,0
0.06056635,0
0.36254898,1
0.035282407,0
0.58558553,0
0.4133297,0
0.40657878,1
0.0087629985,0
0.0712951,0
0.20123291,0
0.006228974,0
0.6055095,0
0.024318641,0
0.008067385,0
0.035403058,0
0.21564345,0
0.09889142,0
0.5920229,0
0.022862926,0
0.5766666,1
0.082251914,0
0.018823946,0
0.16733101,0
0.011714344,0
0.039098658,0
0.18094854,0
0.82464546,0
0.033685837,0
0.50823396,1
0.06616295,0
0.10893167,0
0.44419488,0
0.07407898,0
0.12886325,0
0.0085424,0
0.013001776,0
0.2262038,0
0.43551815,0
0.016913272,0
0.49150166,1
0.5036018,1
0.3482976,0
0.027977694,0
0.13633546,0
0.12886643,0
0.5376931,0
0.44616705,0
0.14236057,0
0.13718522,1
0.2667321,1
0.36340177,0
0.13416843,0
0.011272635,0
0.10668208,0
0.5811646,0
0.083739325,0
0.15634905,0
0.06849722,0
0.32925278,0
0.52766895,0
0.7942221,1
0.006181394,0
0.6865085,0
0.015593751,0
0.5691521,0
0.0049031833,0
0.051035803,0
0.058578387,0
0.027582416,0
0.1756957,0
0.27357298,0
0.55480903,0
0.61853504,0
0.24141157,0
0.27653152,0
0.04164347,0
0.80090225,0
0.016592165,0
0.013725469,0
0.44590428,0
0.24481027,0
0.022703057,0
0.93690616,0
0.09740937,0
0.0011011746,0
0.5297502,0
0.010227298,0
0.8640136,1
0.26581937,0
0.028855063,0
0.47324777,0
0.33425313,0
0.115829065,0
0.37610933,0
0.46864706,0
0.31175786,0
0.36145866,0
0.082151756,0
0.47221822,0
0.043971818,0
0.008881263,0
0.018258648,0
0.017335972,0
0.56702876,0
0.1318679,0
0.1886796,0
0.08360415,0
0.6155852,0
0.033285316,0
0.2653215,0
0.06905502,0
0.038316105,0
0.0064984546,0
0.41714463,0
0.7038006,1
0.07210977,0
0.1284563,0
0.23019157,0
0.0447536,0
0.47990966,0
0.34928524,0
0.38440615,0
0.11384662,0
0.46064955,1
0.8386979,0
0.10862188,0
0.021818733,0
0.042040594,0
0.016833752,0
0.15516551,0
0.027672144,0
0.19589582,0
0.031943638,0
0.10072612,0
0.055056196,0
0.100317694,0
0.0327707,0
0.092497095,0
0.66120434,0
0.66471314,0
0.4727117,0
0.14853168,0
0.032285366,0
0.06133874,0
0.73542327,0
0.13899954,0
0.6725163,0
0.007781645,0
0.107579835,0
0.28667077,0
0.5350896,0
0.18298812,0
0.30108443,0
0.14113945,0
0.10939092,0
0.05317497,0
0.03556625,0
0.032235116,0
0.73935443,0
0.03990895,0
0.06819689,0
0.610897,0
0.042238463,0
0.019868806,0
0.11467695,0
0.7473287,1
0.14382868,0
0.48934823,0
0.18090382,0
0.24040513,0
0.50721264,1
0.5338013,0
0.10349687,0
0.7583874,1
0.119760334,0
0.14813386,0
0.36436936,0
0.15568276,0
0.013362256,0
0.22782801,0
0.13001345,0
0.11107492,0
0.68768686,1
0.063139364,0
0.43987224,0
0.11291077,1
0.013051958,0
0.38131505,1
0.16961044,0
0.0044800784,0
0.53839326,0
0.03883906,0
0.5635389,0
0.03197134,0
0.01021331,0
0.006031581,0
0.6863628,0
0.028598156,0
0.066324346,0
0.008333437,0
0.2365098,0
0.40034637,0
0.35690802,0
0.01863868,1
0.22979844,0
0.029299263,0
0.22670741,0
0.75809586,0
0.10299264,0
0.31944877,0
0.03269122,0
0.26159817,0
0.08811105,0
0.53269464,0
0.4974919,0
0.07958526,0
0.9322908,1
0.37989908,1
0.58960444,0
0.01684426,0
0.05604186,0
0.16907376,0
0.2599165,0
0.48593903,0
0.5289055,1
0.5157056,0
0.57745486,0
0.109630905,0
0.13710593,0
0.23709401,0
0.13587615,0
0.0125885755,0
0.30947185,0
0.23497081,0
0.36154598,1
0.014255724,0
0.07901513,0
0.016525527,0
0.03523405,0
0.26786473,0
0.081385486,0
0.28683436,0
0.034697276,0
0.087355554,0
0.12282154,0
0.010384354,0
0.009863939,0
0.056454085,0
0.05565384,0
0.0031988414,0
0.01596671,0
0.08520127,0
0.39546385,1
0.28829214,0
0.45137706,0
0.26135734,0
0.24961932,0
0.00932238,0
0.07374684,0
0.15941705,0
0.2674546,0
0.6002721,0
0.1675624,0
0.06692146,0
0.015777413,0
0.31304172,0
0.7177077,1
0.84135693,0
0.05854148,0
0.47335997,0
0.026046287,0
0.90992206,1
0.09911916,0
0.12728551,0
0.27956495,0
0.014706584,0
0.017670196,0
0.07279263,0
0.53214824,0
0.17396633,0
0.013825908,0
0.61586905,0
0.77281404,1
0.0083702635,0
0.020109808,0
0.11427032,0
0.32451487,0
0.08958515,0
0.019075979,0
0.5846873,0
0.47177422,0
0.33625194,0
0.23190428,0
0.8825493,0
0.04787331,0
0.04890624,0
0.34573442,0
0.9096699,1
0.011390975,0
0.02269628,0
0.18048684,0
0.43236837,0
0.20725238,0
0.011322253,0
0.023585504,0
0.42061174,0
0.040642753,0
0.6265493,1
0.09988744,0
0.13854939,0
0.3074937,0
0.027976971,0
0.08769771,0
0.11572444,0
0.38052616,0
0.65956086,1
0.50949484,0
0.03116247,0
0.54629105,0
0.3799108,0
0.24522759,0
0.006462143,0
0.22358395,0
0.14774631,0
0.0084336,0
0.1462871,0
0.019033125,0
0.007334833,0
0.48102868,1
0.007678029,0
0.43176368,0
0.4481744,1
0.0069063394,0
0.5913082,0
0.04872,0
0.07438028,0
0.2537215,0
0.21076778,0
0.24782065,0
0.286327,0
0.48341134,1
0.19278874,0
0.7947698,0
0.62325037,0
0.712088,0
0.07602449,0
0.086086534,0
0.034319222,0
0.16736169,0
0.21524206,1
0.0015870437,0
0.0083440915,0
0.14355837,0
0.015282569,0
0.36354712,0
0.07868122,0
0.04683045,0
0.17280775,0
0.82492274,0
0.13976353,0
0.07001885,0
0.11941835,0
0.40511703,0
0.14760348,0
0.27799156,0
0.01185526,0
0.8648473,1
0.684855,0
0.22435303,0
0.33681366,0
0.641352,0
0.09756869,0
0.38385007,0
0.6173804,0
0.016056998,0
0.6772797,1
0.4909843,1
0.5188495,0
0.7407535,0
0.1587059,0
0.25140467,0
0.016046198,0
0.09893655,0
0.03064755,0
0.12888177,0
0.025333924,0
0.6183809,1
0.8621319,1
0.8520408,1
0.071937144,0
0.034788072,0
0.44089392,0
0.36387023,0
0.0012787946,0
0.839088,1
0.6554139,1
0.02204817,0
0.10520042,0
0.044123583,0
0.09571641,0
0.6852777,0
0.2619046,0
0.008464412,0
0.01630823,0
0.043877,0
0.0068490948,0
0.119951434,0
0.49470466,0
0.038955044,0
0.6075957,0
0.18557711,0
0.91961837,1
0.054803558,0
0.007153957,0
0.07365943,0
0.64626706,0
0.52583903,0
0.21568185,0
0.06667693,0
0.17685118,1
0.1272284,0
0.75018084,1
0.006952432,0
0.028370421,0
0.09657117,0
0.044494033,0
0.23495217,0
0.011866219,0
0.6271502,0
0.11917522,0
0.05704871,0
0.031188074,0
0.011753752,0
0.097499415,0
0.48717466,0
0.059802927,0
0.16503724,0
0.021124778,0
0.07452291,0
0.59712356,0
0.6303281,0
0.5933946,0
0.31387714,0
0.11909906,0
0.024253536,0
0.19236428,0
0.021894507,0
0.07395773,0
0.83576953,0
0.034847233,0
0.15368432,0
0.03296527,0
0.024290072,0
0.10777309,0
0.32617295,0
0.7101403,0
0.017456882,0
0.11770614,0
0.9025707,1
0.20082554,0
0.07551535,0
0.05279333,0
0.5806691,1
0.028939685,0
0.22994821,0
0.34670326,0
0.051931042,0
0.11739835,0
0.6736189,1
0.2778596,0
0.48412383,0
0.16014196,0
0.10763325,0
0.13370118,0
0.1483388,0
0.6489098,0
0.17544277,0
0.764948,1
0.5202135,0
0.12825193,0
0.14600113,0
0.82275486,1
0.043521173,0
0.61533225,0
0.4078998,0
0.0021916744,0
0.4378196,1
0.027661402,0
0.23546273,0
0.070677765,0
0.34304768,0
0.013643866,0
0.011333088,0
0.15052244,0
0.45512804,0
0.05553436,0
0.7236305,0
0.74612796,1
0.32809785,0
0.11702849,0
0.025560327,0
0.045760006,0
0.34107542,1
0.4894268,0
0.53678757,1
0.14305063,0
0.1211186,0
0.23638624,0
0.2454941,0
0.07490991,0
0.24026725,0
0.11373869,0
0.17750248,1
0.6341245,0
0.0017628915,0
0.105520256,0
0.6195052,0
0.017564084,0
0.060914762,0
0.108744845,0
0.024065146,0
0.714823,0
0.6763159,0
0.63168263,0
0.24037074,0
0.027325885,0
0.083818264,0
0.2789393,0
0.15609671,0
0.6650433,1
0.020525003,0
0.1627984,0
0.75513226,0
0.67646945,0
0.17897393,0
0.7018318,0
0.35337928,0
0.0025308598,0
0.03689523,0
0.22587964,0
0.5474619,0
0.6023988,0
0.10850677,0
0.21884547,0
0.18383269,0
0.12742852,0
0.017408945,0
0.15113895,0
0.31737858,0
0.28044677,0
0.02342817,0
0.19255246,0
0.16113359,0
0.6728692,0
0.06262772,0
0.035326816,0
0.31195933,0
0.010281137,0
0.007946324,0
0.37499222,0
0.012572381,0
0.047183137,0
0.029012797,0
0.5161248,1
0.20657326,0
0.008362732,0
0.5471184,1
0.018776074,0
0.49932748,1
0.5279591,0
0.15097901,0
0.014608708,0
0.12857348,0
0.4356175,0
0.008477597,0
0.19476376,0
0.06492357,0
0.213001,0
0.018395778,0
0.005023814,0
0.038074672,0
0.15094666,0
0.14840007,0
0.03561383,0
0.4857083,0
0.034622975,0
0.20473053,0
0.020664098,0
0.30059502,0
0.034123342,0
0.060222603,0
0.010365691,0
0.32533985,0
0.08184155,0
0.5830874,0
0.18524833,0
0.08157773,0
0.2837988,0
0.16458489,0
0.09821548,0
0.010470118,0
0.063827746,0
0.121758424,0
0.014403908,0
0.087391414,0
0.8200705,0
0.01729357,0
0.1930472,0
0.9537872,1
0.31809354,0
0.18404502,0
0.8052544,1
0.024315413,0
0.5704824,0
0.13070527,0
0.063866176,0
0.12987097,0
0.42410463,0
0.0671305,0
0.055621106,0
0.041907042,0
0.09786001,0
0.81874907,0
0.8212925,1
0.48529953,0
0.044516694,0
0.009314847,0
0.066787995,0
0.080988795,0
0.0021040407,0
0.0464957,0
0.4440015,0
0.84984374,0
0.1056672,0
0.041376557,0
0.0014849133,0
0.013988695,0
0.4198428,0
0.26740262,0
0.06404592,0
0.024256526,0
0.3620514,0
0.07984379,0
0.35060596,0
0.21970932,0
0.2922876,0
0.3373786,0
0.091691814,0
0.0654615,0
0.010291943,0
0.033415705,0
0.118462525,0
0.032490622,0
0.587389,0
0.2529503,1
0.0069887326,0
0.21032183,0
0.054902855,0
0.4376418,0
0.11896475,0
0.43791497,0
0.37623438,0
0.47504917,0
0.16400452,0
0.56032026,0
0.30507553,0
0.003461344,0
0.27946687,0
0.5543808,0
0.017775485,0
0.056041025,0
0.21888362,0
0.06942508,0
0.2616057,0
0.17968832,0
0.5788131,0
0.8269217,0
0.051167354,0
0.47688612,0
0.18053947,0
0.4914124,0
0.023333669,0
0.31024814,0
0.7806203,0
0.039688952,0
0.0754322,0
0.09547906,0
0.11271578,0
0.028943136,0
0.10309921,0
0.22909063,0
0.041033678,0
0.7687314,0
0.22037199,0
0.093952805,0
0.46902072,0
0.10950665,0
0.6166997,0
0.06339632,0
0.12581404,0
0.0065994556,0
0.13940203,0
0.16877858,0
0.08373611,0
0.34715244,0
0.16802013,0
0.05562957,0
0.2759601,0
0.013761535,0
0.32623518,0
0.09257189,0
0.06160173,0
0.029610714,0
0.051439166,0
0.12739064,0
0.19756107,0
0.0058705346,0
0.21893549,0
0.10928103,0
0.5396424,0
0.1021675,0
0.020206247,0
0.5991522,1
0.022667704,0
0.31384048,0
0.12619658,0
0.026561566,0
0.40996033,0
0.71308696,0
0.033130556,0
0.051885143,0
0.8330161,1
0.8414773,1
0.007995918,0
0.05796412,0
0.24624345,0
0.3848998,0
0.38167137,0
0.009283175,0
0.14948736,0
0.8354082,1
0.4749545,0
0.21855186,0
0.07751226,0
0.012918101,0
0.07585614,0
0.44006538,0
0.0019707277,0
0.14370087,0
0.06569399,0
0.0133266905,0
0.045909617,0
0.110560544,0
0.003287864,0
0.04781305,0
0.14692244,0
0.06962292,0
0.018668145,0
0.075382255,0
0.0016250313,0
0.11353596,0
0.40650398,0
0.02016861,0
0.0895571,0
0.09023013,0
0.041168284,0
0.011537864,0
0.4850122,0
0.37535414,0
0.1214133,0
0.18887065,0
0.5898292,0
0.11158373,0
0.19688119,0
0.6326115,1
0.24490342,0
0.086279206,0
0.034260493,0
0.0594293,0
0.016947025,0
0.14317632,0
0.031429585,0
0.059811465,0
0.027320946,0
0.027887782,0
0.030463193,0
0.10770064,0
0.008733805,0
0.09822543,0
0.06914762,0
0.20678656,0
0.1580783,0
0.17355146,0
0.02754129,0
0.03684906,0
0.26310417,0
0.004919636,0
0.18508606,0
0.20324631,0
0.63569015,1
0.10252416,0
0.026647134,0
0.090578325,0
0.096863694,0
0.1117322,0
0.45472655,1
0.40562475,0
0.06360676,0
0.49728423,0
0.051478956,0
0.003649564,0
0.032706644,0
0.66934395,0
0.100602716,0
0.0076274984,0
0.13466367,0
0.11901448,0
0.17027536,0
0.12298139,0
0.049580116,0
0.22375192,0
0.009631633,0
0.10161556,0
0.5068561,1
0.14204957,0
0.25671178,0
0.26735684,0
0.04686555,0
0.4542949,0
0.13403524,0
0.38345948,0
0.16561626,0
0.6237611,0
0.5280099,0
0.45238638,0
0.50151265,0
0.15366715,0
0.19300653,0
0.87063485,0
0.16237679,0
0.3452479,0
0.18958579,0
0.0016551455,0
0.26640537,0
0.014033251,0
0.5666572,1
0.2677813,0
0.07917743,0
0.23465084,0
0.0021545875,0
0.011768001,0
0.05295594,0
0.16196467,0
0.014006919,0
0.05186351,0
0.0058074165,0
0.24506894,0
0.18257573,0
0.025832653,0
0.60087913,1
0.740238,0
0.007936492,0
0.14681916,0
0.06928598,0
0.012813648,0
0.31297624,0
0.02607035,0
0.5732422,0
0.58783764,1
0.04948171,0
0.012036047,0
0.1749612,0
0.01396337,0
0.0117035005,0
0.13152602,0
0.16421026,0
0.071915515,0
0.08122335,0
0.15162033,0
0.039130308,0
0.029336948,0
0.023961166,0
0.3800271,0
0.008913183,0
0.09819933,0
0.3498957,0
0.5630609,0
0.43458083,0
0.14155535,0
0.033839554,0
0.3827681,0
0.018033486,0
0.027027063,0
0.09613917,0
0.11615595,0
0.12062652,0
0.22241142,0
0.015058187,0
0.28114325,0
0.50610673,1
0.031793144,0
0.37329894,0
0.074187525,0
0.01699512,0
0.33885068,0
0.7631296,0
0.049771264,0
0.5561571,0
0.018589655,0
0.5954128,1
0.107214674,0
0.44846126,0
0.7503475,0
0.30131844,0
0.27882808,0
0.009150714,0
0.010158494,0
0.019401532,0
0.0019849904,0
0.5565825,0
0.48799127,0
0.0032287901,0
0.057181504,0
0.096022055,0
0.0023490163,0
0.6931647,0
0.0144674005,0
0.34685317,0
0.7853346,1
0.10008737,0
0.27904084,0
0.027151693,0
0.10669241,0
0.228223,0
0.013027637,0
0.05041656,0
0.6998018,0
0.0046599023,0
0.017305536,0
0.016543569,0
0.26490772,0
0.024149826,0
0.0533777,0
0.8076461,1
0.05028919,0
0.18757066,0
0.008638716,0
0.10907278,0
0.73044777,0
0.027938966,0
0.46392313,0
0.002597998,0
0.09806258,0
0.22214921,0
0.006988636,0
0.15120445,0
0.58488905,1
0.21537887,0
0.41822824,1
0.012341888,0
0.83927655,0
0.27572998,0
0.05557852,0
0.70481044,0
0.58497727,1
0.19053361,0
0.04451585,0
0.108276695,0
0.44887254,0
0.024919251,0
0.04777382,0
0.07696039,0
0.1709678,0
0.28048533,0
0.015912954,0
0.2719778,0
0.026902203,0
0.1512474,0
0.16525446,0
0.05427125,0
0.10748138,0
0.058378257,0
0.011818281,0
0.07715799,0
0.06914772,0
0.8233629,0
0.011615183,0
0.026172584,0
0.28023562,0
0.07182067,0
0.51305586,0
0.35615867,0
0.17234634,0
0.040271547,0
0.049091566,0
0.020050833,0
0.9663479,1
0.27023536,0
0.7172424,1
0.10635082,0
0.0058566085,0
0.064479664,0
0.08807033,0
0.01599431,0
0.645106,0
0.8076941,1
0.5219054,0
0.09671605,0
0.0042173597,0
0.7355608,1
0.07781849,0
0.19693433,0
0.0040033776,0
0.11675069,0
0.18682617,0
0.01548023,0
0.16332951,0
0.16333473,0
0.022818994,0
0.0134587,0
0.0041707554,0
0.09253541,0
0.8851723,1
0.4291867,0
0.28860402,0
0.021967,0
0.6679734,0
0.5966219,0
0.100705296,0
0.15175213,0
0.40013355,0
0.3136371,0
0.24809694,0
0.072329246,0
0.044330247,0
0.0038254303,0
0.35460177,0
0.03907755,0
0.6748627,0
0.11299181,0
0.31396538,0
0.04787279,0
0.73102635,1
0.45417616,0
0.10468375,0
0.10913915,0
0.81966203,0
0.33204424,0
0.14719385,0
0.003156913,0
0.22503717,0
0.072968915,0
0.19964467,0
0.52444005,0
0.05607182,0
0.007903769,0
0.64239234,1
0.8345306,0
0.38604605,0
0.24189419,1
0.42051128,0
0.62701726,0
0.15432806,0
0.023966953,0
0.55544764,0
0.06741008,0
0.09801487,0
0.07677697,0
0.11653949,0
0.38977832,0
0.02351317,0
0.5578822,0
0.009395035,0
0.48618576,0
0.011081149,0
0.20152661,0
0.13763717,0
0.21839324,0
0.16180055,0
0.013316424,0
0.040180564,0
0.07418025,0
0.17657392,0
0.86354923,1
0.1855055,0
0.07598457,0
0.34289637,1
0.6253838,0
0.3562668,0
0.23357373,0
0.07680001,0
0.016155615,0
0.099432975,0
0.18150896,0
0.6685184,0
0.0038486705,0
0.036101677,0
0.043953814,0
0.5623521,0
0.0049435482,0
0.04114161,0
0.35993162,0
0.0120395515,0
0.06429383,0
0.07726365,0
0.027600436,0
0.8291639,1
0.7030153,1
0.2508453,0
0.2404735,0
0.021687679,0
0.27089489,0
0.5844397,1
0.027436722,0
0.13036649,0
0.082004465,0
0.026657745,0
0.70417696,0
0.27204752,0
0.28752467,0
0.5279432,0
0.54494834,0
0.017404174,0
0.12447268,0
0.47169325,0
0.32869223,0
0.11848498,0
0.178482,0
0.44977117,0
0.6984517,1
0.56948984,0
0.011923086,0
0.061708935,0
0.0824849,0
0.55523425,0
0.023888217,0
0.11999738,0
0.6826813,1
0.20407325,0
0.07988039,0
0.050930273,0
0.061556827,0
0.030848898,0
0.011980409,0
0.35107094,0
0.12835972,1
0.07442732,0
0.38664192,0
0.0015857765,0
0.060156118,0
0.011052567,0
0.64599997,0
0.044191115,0
0.23702507,0
0.0415312,0
0.49788043,0
0.017886551,0
0.54147774,0
0.11555369,0
0.012012165,0
0.25470394,0
0.85467196,0
0.5665574,0
0.24067694,0
0.0448367,0
0.16667363,0
0.57524234,0
0.12766503,0
0.7430398,0
0.020153001,0
0.21588057,0
0.8365435,1
0.548852,0
0.044418905,0
0.058786687,0
0.038063906,0
0.37487143,0
0.06623588,0
0.0054690284,0
0.12829085,0
0.09618287,0
0.062430073,0
0.11309772,0
0.18286516,0
0.017669864,0
0.3424554,0
0.25532904,0
0.17723386,0
0.013505961,0
0.014821521,0
0.11712708,0
0.03662069,0
0.76819474,1
0.14331706,0
0.5799946,1
0.07416733,0
0.011412646,0
0.012451389,0
0.3916644,0
0.010609834,0
0.091414005,0
0.2409509,1
0.0070197517,0
0.49302202,0
0.13086656,0
0.7770623,1
0.03859965,0
0.7968146,1
0.14976537,0
0.6269019,1
0.03335227,0
0.8663734,1
0.048381858,0
0.0036164066,0
0.29951438,0
0.01542425,0
0.13679452,0
0.41686082,0
0.7096347,0
0.09405417,0
0.065041274,0
0.77870315,1
0.08142894,0
0.29538366,0
0.19325735,0
0.011387485,0
0.09209815,0
0.015716996,0
0.21415047,0
0.19574854,0
0.91563153,1
0.44161186,0
0.061346315,0
0.059931252,0
0.049838442,0
0.054068387,0
0.6852992,0
0.011441782,0
0.68880063,0
0.54773504,0
0.020532602,0
0.111821376,0
0.39895946,0
0.05422511,0
0.07292082,0
0.12596096,0
0.025742257,0
0.3082245,0
0.31104067,0
0.046350442,0
0.047870234,0
0.92787236,1
0.017087279,0
0.33600605,0
0.6973322,0
0.0086713,0
0.0023456563,0
0.12070115,0
0.22841294,0
0.7334769,0
0.07340154,0
0.24681683,0
0.03396279,0
0.029582782,0
0.23818389,0
0.057076566,0
0.046428952,0
0.05044387,0
0.03803507,0
0.21490084,0
0.04753858,0
0.14428623,0
0.5487989,0
0.038725853,0
0.13365856,0
0.23871437,0
0.14355005,0
0.14415781,0
0.07468999,0
0.3221361,0
0.021803698,0
0.037297204,0
0.27851522,0
0.27839547,0
0.019660402,0
0.09337539,0
0.037905198,0
0.29302183,0
0.22567649,0
0.21023907,0
0.120020345,0
0.057783347,0
0.07409566,0
0.21097763,0
0.718464,0
0.1525008,0
0.15894897,0
0.007483421,0
0.38113016,0
0.48231003,0
0.004397417,0
0.058392923,0
0.06557535,0
0.33957478,0
0.122138426,0
0.22814974,1
0.12200682,0
0.589913,0
0.2225086,0
0.3087457,0
0.67908806,0
0.2812736,0
0.27995723,0
0.061672922,0
0.45500505,0
0.24456052,0
0.12128201,0
0.23276618,0
0.07339504,0
0.08759771,0
0.029794583,0
0.75724524,0
0.08511629,0
0.10123446,0
0.23343349,0
0.080435045,0
0.09505289,0
0.029713668,0
0.39040786,0
0.21180846,0
0.11063294,0
0.21915862,0
0.04471812,0
0.009957343,0
0.029028775,0
0.030111825,0
0.20112234,1
0.03794865,0
0.112087876,0
0.22144575,0
0.16834344,0
0.56705195,0
0.090437986,0
0.056953035,0
0.22682804,0
0.24117166,0
0.023687575,0
0.900409,1
0.0009262953,0
0.003137148,0
0.15365934,0
0.0039067157,0
0.2186121,0
0.74236256,0
0.4030349,0
0.18440083,0
0.3862291,0
0.60430413,1
0.39998436,1
0.3194043,0
0.029424438,0
0.55860084,0
0.25644735,0
0.5854573,0
0.07150148,0
0.23097987,0
0.0038379834,0
0.016298464,0
0.07679105,0
0.30936244,0
0.09634439,0
0.6945891,0
0.58622617,0
0.2812338,0
0.0838025,0
0.37053448,0
0.048879288,0
0.78648335,0
0.081410944,0
0.19164109,0
0.11487822,0
0.08455247,0
0.11114663,0
0.5854941,0
0.05632224,0
0.06837037,0
0.16975823,0
0.009095083,0
0.06573071,0
0.08481456,0
0.32639536,0
0.0039301175,0
0.56918424,0
0.033896837,0
0.067735724,0
0.10162268,0
0.0013830641,0
0.02263567,0
0.37875348,0
0.029648423,0
0.06110583,0
0.47651678,0
0.5533588,0
0.492156,0
0.05107673,0
0.14457895,0
0.908753,1
0.39182654,0
0.19986083,0
0.6439675,0
0.11861615,0
0.14777452,0
0.08966952,0
0.2238291,1
0.45670193,0
0.16112824,0
0.4454442,0
0.089322835,0
0.029729841,0
0.075090155,0
0.30032304,0
0.10914286,0
0.06967589,0
0.17418662,0
0.046168476,0
0.3113168,0
0.45654082,1
0.1348191,0
0.15577665,0
0.3973441,0
0.094228804,0
0.60461295,0
0.7639113,0
0.5522649,0
0.44093886,0
0.01272765,0
0.6149403,0
0.41478005,0
0.120366015,0
0.113608524,0
0.01279603,0
0.22622462,0
0.029327499,0
0.04869276,0
0.13258544,0
0.042847287,0
0.2933622,1
0.28164876,0
0.12021819,0
0.040681817,0
0.24844381,0
0.0998124,0
0.0032211384,0
0.025723146,0
0.06760039,0
0.11661511,0
0.07947524,1
0.170074,0
0.3336308,0
0.022365287,0
0.04417093,0
0.07121891,0
0.72730315,0
0.16494152,0
0.64743847,0
0.04224944,0
0.047876734,0
0.5850538,0
0.08599691,0
0.15538985,0
0.6183724,1
0.704746,0
0.09598148,0
0.025344672,0
0.047606084,0
0.16762735,0
0.6242786,0
0.16610065,0
0.03387145,0
0.120432094,0
0.038802262,0
0.42238727,1
0.25969115,0
0.049786113,0
0.45572674,1
0.31792197,0
0.16112278,0
0.2094262,0
0.046661325,0
0.0049716244,0
0.675272,0
0.012420579,0
0.5218689,0
0.7922849,0
0.060916793,0
0.023695951,0
0.9851215,1
0.26510444,0
0.0052447543,0
0.056655664,0
0.021237662,0
0.043628704,0
0.023278905,0
0.23794492,0
0.5061845,0
0.015051682,0
0.003338771,0
0.02922377,0
0.7816925,0
0.6664999,0
0.08136704,0
0.006128259,0
0.099543236,0
0.1216758,0
0.015139457,0
0.19708814,0
0.13926789,0
0.058248017,0
0.23655432,0
0.032184232,0
0.54739636,0
0.13682273,0
0.7332927,1
0.026476027,0
0.01992524,0
0.3132175,0
0.10821601,0
0.25341833,0
0.3604641,0
0.3053852,0
0.61919826,0
0.45986292,0
0.030698657,0
0.18730831,0
0.63974446,0
0.06153683,0
0.0019948967,0
0.58590513,0
0.34495792,0
0.49479875,0
0.08344105,0
0.03114801,0
0.27327088,0
0.06826817,0
0.35774475,0
0.7342202,1
0.19357839,0
0.09599762,0
0.14361261,0
0.019704819,0
0.06755492,0
0.13521227,0
0.003782477,0
0.30255103,0
0.62282574,1
0.277811,0
0.014904563,0
0.062953755,0
0.05124429,0
0.43634787,0
0.063961655,0
0.0030652946,0
0.026735226,0
0.613931,0
0.07757704,0
0.0016593854,0
0.042525668,0
0.19584242,0
0.2921015,0
0.17212617,0
0.6796524,1
0.033385284,0
0.017107993,0
0.2452632,0
0.022597773,0
0.043554462,0
0.012076014,0
0.06550545,0
0.55363363,0
0.07538909,0
0.038592793,0
0.0017384298,0
0.18540584,0
0.11396253,0
0.20915937,0
0.053291302,0
0.08949298,0
0.0036237699,0
0.10107599,0
0.06320978,0
0.020592604,0
0.032278277,0
0.1254465,0
0.009433148,0
0.46105734,0
0.009435251,0
0.064724416,0
0.0059641832,0
0.06333584,0
0.91159606,1
0.5106541,0
0.09980706,0
0.53934145,0
0.09347541,0
0.10383417,0
0.56935704,0
0.48088863,1
0.3057,0
0.63967544,1
0.8551148,1
0.107810505,0
0.110700004,0
0.013008264,0
0.050303064,0
0.3490654,0
0.023017066,0
0.02909834,0
0.0048212036,0
0.021952948,0
0.24070357,0
0.51928896,0
0.45424423,0
0.21752164,0
0.4878538,1
0.076008864,0
0.038668215,0
0.007255046,0
0.06345073,0
0.57078284,1
0.009604008,0
0.031772226,0
0.36948708,0
0.0077293627,0
0.025441112,0
0.5444693,0
0.46536604,1
0.09719991,0
0.75803614,1
0.15877566,0
0.12344521,0
0.19264041,0
0.087861285,0
0.5062364,0
0.15088001,0
0.029537266,1
0.21941225,0
0.34364027,0
0.28621578,0
0.30517474,0
0.045440402,0
0.008729971,0
0.61034435,0
0.26824552,0
0.28847462,0
0.26922452,0
0.019914279,0
0.73854697,1
0.30089223,0
0.25460532,0
0.22114214,0
0.14862172,0
0.017446538,0
0.8793216,1
0.14597061,0
0.23789166,0
0.34212038,0
0.19441181,0
0.06154076,0
0.049905397,0
0.12210345,0
0.22060406,0
0.026143415,0
0.067268915,0
0.34047285,0
0.5102809,0
0.66463286,0
0.5529431,0
0.03121578,0
0.058472715,0
0.015719637,0
0.62377894,1
0.17424811,0
0.07359242,0
0.22114787,0
0.21803498,0
0.51818794,0
0.010706928,0
0.22005893,0
0.46488798,1
0.025429087,0
0.7650577,1
0.39068475,0
0.026721489,0
0.11631438,0
0.09634224,0
0.0298809,0
0.22126366,0
0.5323138,0
0.079579905,0
0.2968582,0
0.19275913,0
0.026619041,0
0.5349477,1
0.21274741,0
0.033775266,1
0.065257244,0
0.018452335,0
0.007765899,0
0.76516545,1
0.26655045,0
0.5227992,1
0.046814054,0
0.028266005,0
0.10748189,0
0.1055759,0
0.076925345,0
0.5933911,0
0.8593713,1
0.0056830933,0
0.17193301,0
0.18243198,0
0.52946377,0
0.36934018,0
0.050726417,0
0.036446866,0
0.1855697,0
0.00486626,0
0.31529137,0
0.47569564,0
0.05693729,0
0.0035429832,0
0.7807722,1
0.13055335,0
0.14202878,0
0.010360972,0
0.42425272,0
0.19813487,0
0.025080908,0
0.36802736,0
0.3348596,0
0.22182328,0
0.5597892,0
0.052278463,0
0.0203066,0
0.02886653,0
0.26305708,0
0.1724232,0
0.32348272,0
0.07654179,0
0.33690795,0
0.4910924,0
0.5329026,0
0.10415585,0
0.44834846,1
0.699164,0
0.8209659,1
0.8306746,1
0.17406553,0
0.045284428,0
0.11035196,0
0.07295219,0
0.672355,1
0.13561615,0
0.85457265,1
0.10526785,0
0.026896112,0
0.0410777,0
0.101650745,0
0.6866347,0
0.40907073,0
0.54480886,0
0.785754,0
0.19893073,0
0.5744839,0
0.06017763,0
0.039194893,0
0.5676367,1
0.22521107,0
0.3181321,0
0.22363974,0
0.05525529,0
0.066720165,0
0.010579669,0
0.056089714,0
0.52945167,0
0.4871479,0
0.186306,0
0.055994354,0
0.4666041,1
0.15833654,0
0.073680796,0
0.431249,0
0.013802932,0
0.04384108,0
0.13920555,0
0.16474274,0
0.063219294,0
0.1015931,0
0.18841825,0
0.029596625,0
0.1515788,0
0.06956464,0
0.76535547,1
0.24326172,0
0.19017415,0
0.19421451,0
0.82627743,1
0.019361263,0
0.06013608,0
0.010978562,0
0.017593483,0
0.5016907,0
0.0025447565,0
0.13090856,0
0.0006132664,0
0.060138296,0
0.028319068,0
0.06642468,0
0.4616374,0
0.09864191,0
0.9452055,1
0.0029720357,0
0.3134993,0
0.8033057,0
0.10657288,0
0.52014476,0
0.25776356,0
0.61340463,0
0.07801443,0
0.6170558,0
0.2752013,0
0.33572128,0
0.14375478,0
0.005965334,0
0.025804909,0
0.033153653,0
0.8972393,1
0.04202801,0
0.016562494,0
0.142843,0
0.17243533,0
0.45207122,0
0.054454226,0
0.1709149,0
0.01861954,0
0.013046067,0
0.642997,1
0.41271675,0
0.11655741,0
0.056035426,0
0.050692867,0
0.11012395,0
0.046474203,0
0.7976854,1
0.23774193,0
0.2106526,0
0.27129462,0
0.07151112,0
0.07317994,0
0.07133826,0
0.064634874,0
0.045183286,0
0.08206528,0
0.020563282,0
0.58409536,0
0.10890437,0
0.20550458,0
0.020319317,0
0.054560512,0
0.39623293,0
0.011211384,0
0.08225535,0
0.13598512,0
0.78733945,0
0.5514694,0
0.048725054,0
0.31142977,0
0.14928429,0
0.28050208,0
0.3284923,0
0.6196334,1
0.18535636,0
0.15041193,0
0.039373413,0
0.12237534,0
0.0030793108,0
0.038627803,0
0.608522,0
0.14650658,0
0.36090416,0
0.47583836,0
0.4599534,0
0.6159512,0
0.12025997,0
0.030350748,0
0.75582457,0
0.8651594,0
0.46360958,0
0.049350306,0
0.018148603,0
0.028457562,0
0.08126385,0
0.22351249,0
0.12231938,0
0.6649018,1
0.09340672,0
0.13020465,0
0.019943215,0
0.44119036,0
0.08072329,0
0.34603715,0
0.38503465,0
0.022073703,0
0.16825064,0
0.01417166,0
0.22625771,0
0.21215396,0
0.20476279,0
0.88419724,1
0.254975,0
0.09887185,0
0.6932568,1
0.22988513,0
0.0054672468,0
0.3113737,1
0.0781354,0
0.016341507,0
0.015015834,0
0.007841018,0
0.06158678,0
0.4053293,0
0.2112095,0
0.013345186,0
0.041167445,0
0.9387626,1
0.6197611,0
0.025532676,0
0.8378186,0
0.044120133,0
0.8322194,1
0.11121672,0
0.05178053,0
0.15028374,0
0.16952927,0
0.104171,0
0.0040353537,0
0.0100691,0
0.1288523,0
0.2199942,0
0.6390766,1
0.16332945,0
0.09845094,0
0.070970505,0
0.22125684,1
0.4334353,0
0.086382054,0
0.0184396,0
0.038966257,0
0.86966187,1
0.2378357,0
0.105611786,0
0.123356365,0
0.021572774,0
0.059862364,0
0.08914235,0
0.36825466,0
0.113022506,0
0.09635377,0
0.21528779,0
0.13505872,0
0.12556118,0
0.35606626,0
0.0985563,0
0.3381008,0
0.22727117,0
0.4618148,0
0.82611233,1
0.009163097,0
0.16484632,0
0.5183796,0
0.050241083,0
0.0989071,0
0.110513076,0
0.030726098,0
0.037589215,0
0.4458127,0
0.03830164,0
0.049925458,0
0.18161424,0
0.50131136,0
0.5392748,0
0.2793841,0
0.07157637,0
0.40997365,0
0.10598761,0
0.0641116,0
0.15454358,0
0.11703177,0
0.013452097,0
0.72728276,0
0.38682023,0
0.5725658,0
0.43847954,0
0.07322665,0
0.31351435,0
0.00512904,0
0.2379236,0
0.03864865,0
0.030255847,0
0.10355089,0
0.10084475,0
0.031616986,0
0.8508762,1
0.08358219,0
0.0067336075,0
0.60901105,0
0.83004725,0
0.340644,0
0.17722999,0
0.017269058,0
0.9140173,1
0.12075277,0
0.6869498,0
0.009000485,0
0.7741164,1
0.1158991,0
0.8551531,0
0.11723913,0
0.30252883,0
0.71837866,0
0.07394618,0
0.20226076,0
0.022630893,0
0.7262777,0
0.73244554,0
0.19646728,0
0.015372853,0
0.069488615,0
0.042095553,0
0.27377307,0
0.032309823,0
0.0053224624,0
0.13551104,0
0.057717845,0
0.8514398,1
0.35366946,0
0.11611728,0
0.38790625,0
0.54363346,0
0.04850308,0
0.0054462445,0
0.12511295,0
0.058380052,0
0.36328414,0
0.22442669,0
0.53834,0
0.25378272,0
0.2214596,0
0.049391564,0
0.037503213,0
0.016549816,0
0.21719897,0
0.14290833,0
0.3624206,0
0.06449926,0
0.002972629,0
0.39259908,0
0.08959092,0
0.107832804,0
0.16380961,0
0.04041116,0
0.23044376,0
0.010353874,0
0.8828306,0
0.03882379,0
0.5300303,0
0.5933562,1
0.09475117,0
0.080215134,0
0.3116694,0
0.61149186,1
0.49760133,1
0.1970315,0
0.016632361,0
0.06582622,0
0.8371215,1
0.6537281,0
0.035557143,0
0.03208187,0
0.10508471,0
0.4798964,0
0.019853184,0
0.021922305,0
0.009451447,0
0.031252205,0
0.063527495,0
0.013609801,0
0.14490838,0
0.60629237,0
0.023067124,0
0.9274355,1
0.123125,0
0.08879936,0
0.2766093,0
0.17313556,0
0.22902279,0
0.055682063,0
0.19123374,0
0.09455126,0
0.034631312,0
0.12882756,0
0.21103397,0
0.032956094,0
0.13558327,0
0.3717099,0
0.5416749,0
0.0073463274,0
0.1440813,0
0.38255844,0
0.07994055,0
0.04751384,0
0.15202959,0
0.078231126,0
0.06148614,0
0.048704058,0
0.29755077,0
0.2539272,0
0.13821183,0
0.12428871,0
0.05470696,0
0.1821241,0
0.9019833,1
0.086091034,0
0.01404339,0
0.5744964,0
0.32498914,0
0.50007814,0
0.24224198,0
0.63141894,1
0.053355705,0
0.63110405,0
0.17641486,0
0.19101904,0
0.08629738,0
0.8010896,1
0.796826,0
0.41116652,0
0.80322653,1
0.23125035,0
0.08642109,0
0.21581984,0
0.16940635,0
0.08324678,0
0.17304152,0
0.16292085,0
0.13208719,0
0.26960677,0
0.0049585146,0
0.2591588,0
0.13722418,0
0.45137754,0
0.07790122,0
0.18004763,0
0.9453723,1
0.050604884,0
0.061383527,0
0.170739,0
0.29425094,0
0.33537072,0
0.08075732,0
0.12303324,0
0.33135468,0
0.2501558,0
0.028038777,0
0.026272604,0
0.2534028,0
0.4115867,0
0.09462785,0
0.0059519885,0
0.008018606,0
0.522308,0
0.86618334,1
0.4431174,0
0.2415725,0
0.6524986,0
0.05993078,0
0.0066949087,0
0.039746784,0
0.33324572,0
0.17350723,0
0.17493434,0
0.38235027,0
0.037402343,0
0.40924144,0
0.043495197,0
0.36721507,1
0.07689384,0
0.7608186,0
0.383314,0
0.010292288,0
0.55426776,0
0.18352175,1
0.23729537,0
0.037037924,0
0.030385891,0
0.07674311,0
0.32645756,0
0.056813464,0
0.9135597,1
0.019151013,0
0.006597871,0
0.5662335,0
0.42023894,0
0.058048043,0
0.07609915,0
0.1717727,0
0.06539105,0
0.0007008614,0
0.05832818,0
0.01621372,0
0.10919028,0
0.107414976,0
0.2929645,0
0.1524822,0
0.7334864,1
0.23512328,0
0.0068731937,0
0.23579116,0
0.23504896,0
0.45511892,0
0.008718,0
0.027255217,0
0.2520779,0
0.18880169,0
0.29691187,0
0.352431,0
0.017091293,0
0.018084105,0
0.063191004,0
0.24165808,0
0.01739987,0
0.012560589,0
0.07317404,0
0.79909277,1
0.04996381,0
0.4024591,0
0.39953864,0
0.19488515,0
0.84827137,1
0.19974448,0
0.023527674,0
0.016709827,0
0.1766412,0
0.82871616,1
0.36574695,0
0.106877185,0
0.26115355,0
0.018440045,0
0.1290705,0
0.06834898,0
0.7217242,1
0.32170674,0
0.08696562,0
0.004320284,0
0.013815353,0
0.061673228,0
0.46458128,1
0.018656673,0
0.13349141,0
0.7330354,0
0.058613844,0
0.053273663,0
0.16229786,0
0.01526163,0
0.40927035,1
0.060189653,0
0.00708216,0
0.017588794,0
0.25323996,0
0.34757277,0
0.21886913,0
0.03322598,0
0.093301564,0
0.36296067,0
0.46181688,0
0.38522467,0
0.030283216,0
0.56927395,0
0.005842151,0
0.034436796,0
0.21213676,0
0.15727772,0
0.03889692,0
0.24268796,0
0.05303993,0
0.17457643,0
0.8512971,1
0.45395726,0
0.0421938,0
0.8230778,0
0.077509165,0
0.058727086,0
0.46869346,1
0.045947164,0
0.79232216,1
0.5948981,0
0.15727414,0
0.0268055,0
0.9151421,1
0.252128,0
0.16254495,0
0.21388867,0
0.226052,0
0.018280137,0
0.5875739,0
0.2610536,0
0.0540088,0
0.41919306,0
0.008100359,0
0.68341124,0
0.26716542,0
0.0028082177,0
0.1914614,0
0.075966306,0
0.009730111,0
0.009311657,0
0.5218892,0
0.22784105,0
0.098596685,0
0.017550102,0
0.047132015,0
0.8896537,1
0.013280415,0
0.009297606,0
0.005793291,0
0.002189621,0
0.10894012,0
0.9511702,1
0.196569,0
0.3372276,0
0.30971506,0
0.13846172,0
0.25810277,0
0.10280492,0
0.054150097,0
0.030404583,0
0.06699444,0
0.5443007,0
0.120021045,0
0.028733343,0
0.47589853,0
0.0024317119,0
0.028156994,0
0.7735703,1
0.45396456,0
0.7559556,0
0.15179704,0
0.36873066,0
0.13325086,0
0.02354977,0
0.11842678,0
0.013775437,0
0.042693898,0
0.14435655,0
0.01009679,0
0.024640698,0
0.09111011,0
0.7362098,1
0.32348713,0
0.50851524,0
0.70274526,0
0.16272846,0
0.008887587,0
0.323165,0
0.04477665,0
0.031511087,0
0.3261833,0
0.035108484,0
0.0013800603,0
0.02319498,0
0.34906945,0
0.4329597,0
0.025805067,0
0.77717197,1
0.53115606,0
0.7138702,1
0.023497902,0
0.004433673,0
0.17350318,0
0.9260659,1
0.54293066,0
0.029108943,0
0.020848937,0
0.06747378,0
0.3170542,0
0.75962204,1
0.83179444,0
0.0052433712,0
0.050136484,0
0.33127338,0
0.84419495,0
0.52385163,0
0.018531047,0
0.48190147,0
0.003975958,0
0.59810966,0
0.0053225406,0
0.17338465,0
0.065010436,0
0.73004365,1
0.17882818,0
0.07924875,0
0.367615,0
0.4207823,0
0.61090046,1
0.66193604,0
0.08268441,0
0.14780246,0
0.02943248,0
0.16217415,0
0.03259013,0
0.01151744,0
0.71536636,0
0.14674972,0
0.07939128,0
0.6614114,0
0.10517524,0
0.035427812,0
0.0053042364,0
0.7928669,0
0.0019836286,0
0.5406439,0
0.06139635,0
0.36540648,0
0.025761696,0
0.07764684,0
0.6149975,0
0.030520912,0
0.0196655,0
0.29628322,0
0.53563464,0
0.03630369,0
0.038998332,0
0.20590052,0
0.11111424,0
0.73759896,0
0.010631625,0
0.3031751,0
0.0075910734,0
0.0050800974,0
0.07383643,0
0.017432574,0
0.023053642,0
0.12900203,0
0.006570185,0
0.043831356,0
0.5468448,0
0.026396314,0
0.21680453,0
0.385013,0
0.15103488,0
0.06020385,0
0.021844897,0
0.04742387,0
0.29218662,1
0.6216865,0
0.20371655,0
0.03341957,0
0.017609635,0
0.057324465,0
0.11123767,0
0.211131,1
0.014058715,0
0.018108375,0
0.0036307562,0
0.2226693,0
0.19426112,0
0.073565476,0
0.49498677,0
0.05455426,0
0.052186497,0
0.08738732,0
0.17505242,0
0.4779326,0
0.0832378,0
0.0029201214,0
0.049974572,0
0.22121231,0
0.1332324,0
0.23025247,0
0.07564686,0
0.07693369,0
0.23147853,0
0.5326518,0
0.044047333,0
0.8242279,1
0.037635483,0
0.011157142,0
0.018889772,0
0.8362882,0
0.5748813,1
0.44294775,1
0.0847472,0
0.4877995,0
0.10719839,0
0.08878514,0
0.02026843,0
0.40230238,0
0.0148488125,0
0.038116287,0
0.30679432,0
0.049571943,0
0.71105164,0
0.16957009,0
0.004051955,0
0.7534502,1
0.09479143,0
0.02070842,0
0.14240582,0
0.23488002,0
0.000721765,0
0.07709846,0
0.35692078,0
0.6332909,0
0.06572055,0
0.10050988,0
0.06879573,0
0.6709743,0
0.5135329,1
0.26607743,0
0.0041018026,0
0.10664833,0
0.066756606,0
0.18327521,0
0.7725692,0
0.084844634,0
0.043335386,0
0.09177721,0
0.16951294,0
0.1522793,0
0.38983652,0
0.004774053,0
0.10046606,0
0.2257273,0
0.0114782825,0
0.2999202,0
0.09240254,0
0.044657946,0
0.022608217,0
0.16673231,0
0.31917638,0
0.0017762376,0
0.07095124,0
0.60142696,0
0.11188549,0
0.151045,0
0.50542974,0
0.094647974,0
0.115639605,0
0.0160927,0
0.027353877,0
0.067341685,0
0.027426768,0
0.021262957,0
0.29503623,1
0.13555042,0
0.3020201,0
0.028735084,0
0.19916523,0
0.36550513,0
0.019108564,0
0.91483444,0
0.54052114,1
0.5166514,0
0.2507288,0
0.026595132,0
0.41992334,0
0.11916503,0
0.012870246,0
0.009908977,0
0.53387535,1
0.03937262,0
0.007920376,0
0.4635839,0
0.017293757,0
0.5835354,0
0.12309039,0
0.006570633,0
0.009202346,0
0.2434199,0
0.12092094,0
0.050394956,0
0.2922411,0
0.6309726,0
0.6202641,0
0.062165268,0
0.25875032,0
0.21461749,0
0.18232144,0
0.14383392,0
0.0032320574,0
0.7528108,0
0.017370243,0
0.79708624,1
0.12405144,0
0.01906374,0
0.08920293,0
0.025352817,0
0.03313131,0
0.011775207,0
0.44526315,1
0.2586682,0
0.14033101,0
0.031781863,0
0.23736951,0
0.28100362,1
0.030838381,0
0.09426177,0
0.06146571,0
0.6746819,0
0.6785476,0
0.06422766,0
0.06904662,0
0.022441106,0
0.08525296,0
0.042436115,0
0.009086892,0
0.1688713,0
0.06422002,0
0.05853834,0
0.011370636,0
0.42294836,0
0.013578024,0
0.29870445,0
0.38490355,0
0.30672392,0
0.3847259,0
0.053367615,0
0.06428557,0
0.13039656,0
0.6406718,0
0.006485046,0
0.039720323,0
0.069319665,0
0.060727477,0
0.029307108,0
0.017871514,0
0.51985204,0
0.040744025,0
0.10845139,0
0.018908866,0
0.8755261,1
0.05586925,0
0.24740118,0
0.2049907,0
0.035993975,0
0.13252051,0
0.41149133,0
0.1121901,0
0.38545203,0
0.79769695,0
0.08662303,0
0.3637159,0
0.11292259,0
0.03714394,0
0.14852397,0
0.014623329,0
0.43622938,0
0.09670424,0
0.08909759,0
0.69682866,0
0.32472345,0
0.112768635,0
0.020826966,0
0.04264139,0
0.22715779,0
0.6422955,1
0.43834668,0
0.16273837,0
0.2172726,0
0.41964814,0
0.07872465,0
0.19724765,0
0.020508038,0
0.0504715,0
0.6817515,0
0.19019452,0
0.49962416,1
0.47152525,0
0.042092845,0
0.11523387,0
0.50755453,1
0.014582509,0
0.57976377,0
0.031329986,0
0.08364089,0
0.7198321,0
0.42973536,0
0.051698588,0
0.015754854,0
0.12149142,0
0.06260256,0
0.036784146,0
0.15831932,0
0.06181866,0
0.05917075,0
0.19367836,0
0.19128056,0
0.06957356,0
0.69886047,0
0.3955824,1
0.0035693063,0
0.25915337,0
0.44165242,0
0.013582674,0
0.6259993,0
0.20789526,0
0.012272269,0
0.41169113,0
0.06699075,0
0.27962896,0
0.092726,0
0.0345663,0
0.22156887,0
0.07940949,0
0.05268254,0
0.046147376,0
0.07452168,0
0.10218012,0
0.59214073,0
0.6805457,1
0.044760436,0
0.032324564,0
0.28837696,0
0.06881457,0
0.3081071,0
0.01875854,0
0.76967806,0
0.05108974,0
0.41107762,0
0.22680461,0
0.010858758,0
0.018448962,0
0.017595781,0
0.029864842,0
0.015949203,0
0.27311686,0
0.6770338,0
0.012436178,0
0.06582431,0
0.108368725,0
0.502783,0
0.13838866,0
0.14320205,0
0.18153524,0
0.2153633,0
0.230557,0
0.22545913,0
0.7489429,0
0.036918577,0
0.022651576,0
0.03441699,0
0.81240714,1
0.013096251,0
0.06649908,1
0.021715822,0
0.07059012,0
0.81859875,1
0.034036335,0
0.24530245,0
0.23237656,0
0.029227162,0
0.040556647,0
0.088416845,0
0.29665822,0
0.91018015,1
0.0095398845,0
0.2743831,0
0.19844407,0
0.20108981,0
0.0077118496,0
0.01715777,0
0.5089371,0
0.3247044,0
0.060774818,0
0.010454248,0
0.008322758,0
0.010684177,0
0.049514744,0
0.0018055927,0
0.85513425,0
0.034339324,0
0.019790865,0
0.2893794,0
0.1556617,0
0.48780984,0
0.069743775,0
0.0060326876,0
0.00558741,0
0.09165101,0
0.36279187,0
0.060929034,0
0.9339368,1
0.069852546,0
0.46412992,0
0.102428615,0
0.86408687,1
0.02633538,0
0.6014892,0
0.03881244,0
0.26635638,0
0.045971237,0
0.4662225,0
0.33585644,0
0.060081735,0
0.26684886,0
0.07882668,0
0.13982409,0
0.4438075,0
0.83439636,0
0.1552434,0
0.06761361,0
0.28773502,0
0.014841407,0
0.56413287,0
0.25747925,0
0.2829393,0
0.67298883,0
0.2650804,0
0.805669,1
0.024317097,0
0.1379011,0
0.81492466,1
0.00726008,0
0.47492415,0
0.24205193,0
0.022465162,0
0.2682038,0
0.47679964,0
0.025516247,0
0.75050336,0
0.009721955,0
0.10230589,0
0.71260744,0
0.44440657,0
0.004197133,0
0.0123134805,0
0.38606137,0
0.019974712,0
0.02208976,0
0.19503953,0
0.15367477,0
0.38780707,0
0.06887944,0
0.1298424,0
0.098170154,0
0.09148115,0
0.21144,0
0.053410996,0
0.21566398,0
0.1398716,0
0.2891436,0
0.046304744,0
0.2079459,0
0.71333915,0
0.017879635,0
0.3768721,0
0.8465488,0
0.3489205,0
0.0447843,0
0.11291516,0
0.13733803,0
0.06428312,0
0.3129018,0
0.012162629,0
0.16943762,0
0.6748119,0
0.15382086,0
0.10550084,0
0.3529883,0
0.00975593,0
0.4874663,0
0.8750309,0
0.48359755,0
0.005137505,0
0.056390632,0
0.021259226,0
0.08006816,0
0.008535066,0
0.31524983,0
0.010689072,0
0.14927089,0
0.09754453,0
0.473664,0
0.023657389,0
0.3619616,0
0.5792596,0
0.65380853,0
0.15375325,0
0.67804277,0
0.10408593,0
0.013036064,0
0.22830762,0
0.60752344,1
0.13192786,0
0.004486054,0
0.021944482,0
0.09926295,0
0.349173,0
0.30467704,0
0.81521094,0
0.1525513,0
0.06909926,0
0.24010324,0
0.026281629,0
0.061702967,0
0.7925128,0
0.009675291,0
0.027450334,0
0.08384877,0
0.5317137,0
0.34207532,1
0.7085592,0
0.103826426,0
0.47502467,0
0.054099955,0
0.03334398,0
0.14872803,0
0.23580764,0
0.87111443,1
0.50717366,1
0.101121835,0
0.87773913,1
0.5648347,0
0.14807168,0
0.3359429,0
0.25562763,0
0.38804305,0
0.34805146,0
0.024772141,0
0.8088107,1
0.45279592,0
0.37468594,0
0.12311433,0
0.0023139766,0
0.13624373,0
0.0043668123,0
0.5299071,1
0.13857715,0
0.39085835,0
0.01395342,0
0.665929,0
0.11417881,0
0.63481486,0
0.09143616,0
0.06516491,0
0.46458694,0
0.2813374,0
0.59569067,0
0.032507867,0
0.2596558,1
0.06269492,0
0.11676335,0
0.29138863,0
0.012237234,0
0.024572533,0
0.22209719,0
0.47346497,1
0.39153254,0
0.036112197,0
0.25980556,0
0.32483312,0
0.16299787,0
0.027735142,0
0.6161005,0
0.033305313,0
0.05617923,0
0.1353574,0
0.43501428,0
0.021290848,0
0.36963156,0
0.016658735,0
0.20049769,0
0.44891208,0
0.023411166,0
0.07820448,0
0.46935615,0
0.33561614,0
0.60595155,0
0.007863854,0
0.25902668,0
0.18556303,0
0.08507115,0
0.06352483,0
0.6458862,1
0.36417323,1
0.01939594,0
0.042240113,0
0.07155343,0
0.10532751,0
0.3732962,0
0.02670694,0
0.41683263,0
0.046470072,0
0.019263092,0
0.19012694,0
0.20310187,0
0.35362068,1
0.0050527607,0
0.11527761,0
0.30695927,0
0.106523804,0
0.036038425,0
0.05477102,0
0.08657525,0
0.028371368,0
0.2476464,0
0.06439069,0
0.16263394,0
0.46819553,0
0.5037466,1
0.06596684,0
0.09561967,0
0.17279173,0
0.68214685,0
0.17625874,0
0.6560044,0
0.67927134,0
0.29902154,0
0.03236307,0
0.34971225,0
0.08898064,0
0.077421896,0
0.12159331,0
0.034472115,0
0.011801315,0
0.22414316,0
0.629141,1
0.07665838,0
0.47730225,0
0.00729003,0
0.014482998,0
0.058038782,0
0.47095504,1
0.07920342,0
0.60027385,1
0.026667645,0
0.1160993,0
0.012616689,0
0.0054855896,0
0.010146553,0
0.10057114,0
0.6195355,0
0.17125288,0
0.08272888,0
0.14944111,0
0.6031479,1
0.50489765,0
0.17093612,0
0.15808849,0
0.513699,0
0.11945825,0
0.29255727,0
0.7084609,0
0.019540915,0
0.28386644,0
0.07043614,0
0.008732137,0
0.21395506,0
0.0756246,0
0.16159916,0
0.546457,0
0.06501635,0
0.28724134,0
0.27434754,0
0.0062201344,0
0.06301532,0
0.02444816,0
0.31905508,0
0.01542107,0
0.037447885,0
0.011207727,0
0.084358364,0
0.027666358,0
0.2638683,0
0.19440438,0
0.82165074,0
0.3115324,0
0.103614956,0
0.060159065,0
0.12967438,0
0.011906149,0
0.8280302,1
0.5297297,1
0.6040327,1
0.03424446,0
0.2660056,1
0.81123006,1
0.83339405,1
0.14821135,0
0.6062533,1
0.48577514,0
0.086870484,0
0.069871604,0
0.3959977,0
0.48381785,0
0.01229489,0
0.011180845,0
0.78402394,1
0.39081356,0
0.7226935,0
0.01586385,0
0.36245218,0
0.005032514,0
0.03502746,0
0.112192824,0
0.32608202,0
0.03940106,0
0.06127735,0
0.6798132,0
0.39997306,0
0.16870849,0
0.023520367,0
0.024194436,0
0.22055708,0
0.76756185,0
0.6517764,0
0.42860347,1
0.025221208,0
0.841862,1
0.61343884,0
0.020926643,0
0.12947923,0
0.049442176,0
0.017592609,0
0.31690115,0
0.04278808,0
0.6134449,0
0.19102578,0
0.0042244066,0
0.09650448,0
0.059901316,0
0.45185652,0
0.069148205,0
0.84125954,0
0.0041043395,0
0.10002214,0
0.079009935,0
0.081971675,0
0.10002023,0
0.23784342,0
0.046763863,0
0.31374702,0
0.12637973,0
0.035857946,0
0.035913434,0
0.48556447,0
0.5217416,0
0.021957591,0
0.45912346,0
0.057106793,0
0.0050199446,0
0.21467993,0
0.41105732,0
0.007548074,0
0.31334865,0
0.38343653,0
0.16169877,0
0.39400372,1
0.016349304,0
0.3027035,0
0.19662309,0
0.066567294,0
0.14799222,0
0.3350426,0
0.039934207,0
0.5063038,0
0.3256033,0
0.065885305,0
0.15254956,0
0.38014475,0
0.2976232,0
0.015340025,0
0.8705882,1
0.42509565,0
0.027825302,0
0.43455535,1
0.038475867,0
0.083476044,0
0.070944,0
0.013207016,0
0.023006067,0
0.039165873,0
0.0023505052,0
0.21218957,0
0.10709707,0
0.23588096,0
0.047816396,0
0.3035243,0
0.31638715,0
0.016854377,0
0.04560655,0
0.08835514,0
0.1736552,0
0.014279525,0
0.0939413,0
0.0037028473,0
0.49450296,0
0.24838573,0
0.8808934,0
0.7623838,1
0.1258783,0
0.14395761,0
0.028344382,0
0.02518326,0
0.47892419,0
0.26074106,0
0.5265672,0
0.018507121,0
0.10709065,0
0.0030014352,0
0.55601215,0
0.042313103,0
0.34486455,0
0.07079201,0
0.02355931,0
0.31005254,0
0.02311422,0
0.0545327,0
0.18979138,0
0.252073,0
0.032411244,0
0.18979363,0
0.24750839,0
0.076616205,0
0.9098546,1
0.3108132,0
0.0026178055,0
0.23688753,0
0.81510943,1
0.13437153,0
0.11106412,0
0.6683054,0
0.19117329,0
0.7646017,1
0.19624761,0
0.061426476,0
0.040709794,0
0.04820495,0
0.024587516,0
0.13973638,0
0.015164668,0
0.41046423,0
0.30440235,0
0.063093126,0
0.18818773,0
0.29227608,0
0.015177839,0
0.3132923,0
0.71109855,0
0.031382423,0
0.23449746,0
0.0939372,0
0.012226553,0
0.85859317,1
0.89754957,1
0.19063047,0
0.103065476,0
0.10544249,0
0.83913195,1
0.021748912,0
0.8434785,1
0.018209502,0
0.1572126,1
0.47326902,0
0.021589734,0
0.5127453,0
0.4617576,1
0.2632448,0
0.72167355,0
0.28280663,0
0.019259376,0
0.14541243,0
0.06584288,0
0.07630505,0
0.43954697,0
0.023477694,0
0.31097168,0
0.068089165,0
0.15697868,0
0.023848701,0
0.30932933,1
0.0052935625,0
0.6081903,0
0.15498,0
0.07235363,0
0.8509808,1
0.36672518,0
0.020839397,0
0.03650238,0
0.13583593,0
0.31561565,0
0.39639127,0
0.057880864,0
0.13742547,0
0.051283497,0
0.04075109,0
0.015133023,0
0.090384334,1
0.023974963,0
0.0060720635,0
0.002179238,0
0.66082567,1
0.16852969,0
0.30013302,0
0.22395276,0
0.8589604,1
0.4271836,0
0.0018777122,0
0.12811877,0
0.4028013,0
0.009851387,0
0.79391474,0
0.021289378,0
0.7971683,1
0.053842355,0
0.041182976,0
0.009864922,0
0.16930448,0
0.008560224,0
0.021178924,0
0.011600379,0
0.21536584,0
0.014292572,0
0.19688427,0
0.19142756,0
0.0617743,0
0.33532825,0
0.78186095,0
0.012716085,0
0.65199226,0
0.030927403,0
0.056975193,0
0.088786885,0
0.4828068,0
0.0077721365,0
0.0018696586,0
0.0056044,0
0.09559025,0
0.16952743,0
0.014681544,0
0.6185821,1
0.13456134,0
0.9170661,1
0.03942677,0
0.7323964,1
0.3562064,0
0.2149415,0
0.70862556,1
0.40631577,0
0.13827196,0
0.03406551,0
0.72674525,0
0.79850537,1
0.0898009,0
0.17623758,0
0.01917151,0
0.148188,0
0.11643658,0
0.024776705,0
0.055564318,0
0.7684485,1
0.39536598,0
0.035743147,0
0.77601534,0
0.017971756,0
0.022655798,0
0.0027441646,0
0.59258944,1
0.082691535,0
0.012512268,0
0.7922741,0
0.28354713,1
0.22247423,0
0.5595976,0
0.51428896,0
0.012650158,0
0.80292493,1
0.23623283,0
0.057480466,0
0.10347955,0
0.15066482,0
0.008004138,0
0.08830841,0
0.24678189,0
0.29616588,0
0.04741167,0
0.857489,1
0.07117941,0
0.72042197,1
0.8552557,1
0.07530452,0
0.0071469154,0
0.5556819,0
0.009212433,0
0.031964432,0
0.66964203,0
0.10865871,0
0.005064814,0
0.13663663,0
0.1960333,0
0.2102137,0
0.30518752,0
0.011976712,0
0.62411904,1
0.13391875,0
0.6208652,0
0.023825273,0
0.008308059,0
0.16265446,0
0.3653009,0
0.7804018,0
0.037677955,0
0.25999615,0
0.14836137,0
0.012950848,0
0.17114134,0
0.0040393183,0
0.2273705,0
0.040706936,0
0.70335263,0
0.7773353,0
0.11125733,0
0.36672318,0
0.0138981305,0
0.55475676,0
0.17561243,0
0.04527411,0
0.09463647,0
0.09339843,0
0.33984143,0
0.0407764,0
0.20304084,0
0.041311286,0
0.0010774554,0
0.7144448,0
0.6957427,0
0.047061116,0
0.15694384,0
0.25715506,0
0.12393959,0
0.1321818,0
0.018785112,0
0.22650409,0
0.009435488,0
0.16389477,0
0.004846449,0
0.029429771,0
0.26715448,0
0.1254371,0
0.053679485,0
0.051320825,0
0.04498923,0
0.09741241,0
0.1732686,0
0.100622416,0
0.26900703,0
0.020577405,0
0.3229452,0
0.767033,0
0.22584744,0
0.5789106,0
0.016012581,0
0.017349258,0
0.15915443,0
0.021771349,0
0.20854943,0
0.76561236,0
0.019128518,0
0.024001144,0
0.050358266,1
0.59425884,0
0.052129425,0
0.3912577,1
0.891132,0
0.09517587,0
0.37065408,0
0.091188565,0
0.058535505,0
0.21836272,0
0.22793129,0
0.16903102,0
0.11773488,0
0.06349231,0
0.24251008,0
0.26133057,0
0.1519607,0
0.32829452,0
0.1637688,0
0.016004536,0
0.102985024,0
0.2823888,0
0.39723268,0
0.05244937,0
0.04218845,0
0.15559344,0
0.5052318,0
0.024354177,0
0.2827877,0
0.34883308,0
0.57563317,1
0.0040249373,0
0.05373407,0
0.016744696,0
0.003945611,0
0.5537328,0
0.0022317702,0
0.027918084,0
0.014448497,0
0.27972898,0
0.013057026,0
0.19852859,0
0.29228246,0
0.03171872,0
0.3872305,0
0.008791741,0
0.35005957,0
0.34887967,0
0.105494596,0
0.2585639,0
0.12335495,0
0.19289,0
0.42063645,0
0.26279795,0
0.010535014,0
0.0030685647,0
0.1107034,0
0.28152674,0
0.20504327,0
0.84171253,1
0.007524922,0
0.07468064,0
0.017257255,0
0.5252247,0
0.19532262,0
0.15822247,0
0.14396979,0
0.1892832,0
0.7549121,0
0.13361579,0
0.019342043,0
0.66691726,1
0.03469241,0
0.24793781,0
0.60846585,0
0.01423706,0
0.6305898,0
0.33584964,0
0.002888945,0
0.023994548,0
0.099103294,0
0.116671756,0
0.01683975,0
0.49230435,0
0.0248047,0
0.24440013,0
0.17939246,0
0.08956118,0
0.25469488,0
0.2520375,0
0.38021728,0
0.67362094,0
0.10325856,0
0.7749246,1
0.37859726,0
0.23127268,0
0.5912341,1
0.08141023,0
0.4774345,1
0.27582422,0
0.718073,0
0.007648678,0
0.34668568,0
0.12569335,0
0.009852936,0
0.19042909,0
0.8463116,1
0.28325808,0
0.20664851,0
0.0022394122,0
0.85588694,1
0.60976154,0
0.501613,1
0.20601925,0
0.14380404,0
0.0072833695,0
0.11970282,0
0.33686456,0
0.07591093,0
0.26241392,0
0.7266734,1
0.06321787,1
0.007637759,0
0.31581315,0
0.05978628,0
0.7944421,0
0.47657478,1
0.007683931,0
0.063146226,0
0.14335044,0
0.5242653,0
0.03691843,0
0.1402586,0
0.2709922,0
0.5508807,1
0.38318768,0
0.0016851816,0
0.28584337,0
0.6881491,1
0.18607888,0
0.001974961,0
0.08477367,0
0.25857568,0
0.0792616,0
0.10573106,0
0.037044745,0
0.4418915,0
0.014084781,0
0.27336398,0
0.033696037,0
0.21582322,0
0.546026,0
0.16355154,0
0.078714885,0
0.27507094,0
0.30531785,0
0.32113945,0
0.00905695,0
0.81500834,1
0.06015041,0
0.47777575,0
0.13781431,1
0.0734825,0
0.167957,0
0.025473231,0
0.8540668,1
0.88029784,1
0.02245411,0
0.3218294,1
0.13639997,0
0.0076587573,0
0.06839264,0
0.5235162,0
0.5091943,0
0.47901958,0
0.02161791,0
0.023206277,0
0.17904331,0
0.040031925,0
0.02766984,0
0.583438,0
0.045406744,0
0.23257892,0
0.060278453,0
0.05555841,0
0.038284462,0
0.19070636,0
0.04471289,0
0.6072474,0
0.5703429,1
0.036324993,0
0.114439204,0
0.5887082,1
0.0036816315,0
0.86869854,1
0.06521894,0
0.018041521,0
0.60880923,0
0.5945993,0
0.22748634,0
0.45465726,1
0.077612214,0
0.20267276,0
0.34652478,0
0.5510948,0
0.13448627,0
0.08386386,0
0.32807803,0
0.25794482,0
0.05533457,0
0.062143818,0
0.11858999,0
0.0011509949,0
0.13178474,0
0.04560962,0
0.45096028,0
0.037239943,0
0.13167673,0
0.19433516,0
0.0028567445,0
0.65039885,0
0.031872578,0
0.3422429,0
0.011722814,0
0.72835475,1
0.5949768,0
0.36784452,0
0.1585076,0
0.28333393,0
0.33345968,0
0.19785936,0
0.042608436,0
0.18112013,0
0.3353797,0
0.015615272,0
0.74768776,1
0.26391673,0
0.34099156,0
0.0076285414,0
0.29087955,0
0.29355383,0
0.032952227,0
0.3703065,0
0.5634709,0
0.2534959,0
0.081316054,0
0.29815835,0
0.045264147,0
0.03231677,0
0.6039674,1
0.7597434,0
0.008094982,0
0.12702635,0
0.066345304,0
0.0541368,0
0.15832053,0
0.12966472,0
0.05010257,0
0.3250882,0
0.058428403,0
0.026895626,0
0.18857929,0
0.05923633,0
0.46499497,1
0.39191917,0
0.042741265,0
0.120792635,0
0.13971075,0
0.043571398,0
0.039661046,0
0.00075302407,0
0.27608147,0
0.3263648,0
0.008773932,0
0.0330669,0
0.25344008,0
0.24029896,0
0.4954675,0
0.34640458,0
0.6318439,0
0.29282323,0
0.35967153,0
0.012225712,0
0.0563494,0
0.5412834,0
0.18041751,0
0.33710945,0
0.6798799,1
0.03391691,0
0.49653468,0
0.34320474,0
0.22490738,0
0.4886507,0
0.006990936,0
0.18453154,0
0.3327171,0
0.39697066,0
0.08723812,0
0.25989607,0
0.9026906,1
0.022632718,0
0.07974948,0
0.025813231,0
0.021053404,0
0.5528863,0
0.6202465,1
0.5373773,0
0.9016555,0
0.16161646,0
0.07017605,0
0.2761104,0
0.2561923,0
0.09136387,0
0.059153285,0
0.10432052,0
0.08161705,0
0.024772946,0
0.036337096,0
0.38573003,0
0.043456085,0
0.0032869189,0
0.1999866,0
0.42090905,0
0.010020663,0
0.69433147,1
0.7034224,0
0.504369,0
0.23157424,0
0.17169465,0
0.0055372096,0
0.044862654,0
0.30257896,0
0.6380289,0
0.35214648,0
0.63457924,1
0.017046884,0
0.3243847,0
0.686574,0
0.010041868,0
0.025600048,0
0.07845492,0
0.00911244,0
0.010980856,0
0.29167745,0
0.2027491,0
0.005869202,0
0.03842208,0
0.22178379,0
0.009820856,0
0.0062497533,0
0.39307436,0
0.30944553,0
0.52662754,0
0.5692542,0
0.0150212785,0
0.69716746,1
0.009258622,0
0.45777285,0
0.6854428,0
0.047136836,0
0.13617086,0
0.0068994914,0
0.8027511,0
0.7034935,0
0.06711683,0
0.9160186,1
0.0346279,0
0.018461337,0
0.0737722,0
0.088745564,0
0.47691676,0
0.024095913,0
0.21668397,0
0.27928904,0
0.29260176,0
0.27713293,0
0.036964346,0
0.9467175,1
0.18038367,0
0.027332898,0
0.21497957,1
0.023808587,0
0.029870784,0
0.49971512,0
0.5268602,0
0.16911702,0
0.07197873,0
0.49010742,0
0.00826061,0
0.121574566,0
0.0783819,0
0.033034623,0
0.4199883,0
0.08561823,0
0.35690227,0
0.00486915,0
0.057891257,0
0.039259084,0
0.015578131,0
0.16353458,0
0.16289401,0
0.14141077,0
0.010718368,0
0.27063653,0
0.358294,0
0.08662388,0
0.25049326,0
0.30671647,0
0.08989288,0
0.5470076,0
0.101137355,0
0.031901393,0
0.5497589,0
0.17461757,0
0.20456105,1
0.014730656,0
0.0022768376,0
0.09591896,0
0.18611532,0
0.06611586,0
0.30997613,0
0.71689254,0
0.017291294,0
0.5925952,0
0.1824985,1
0.5504619,0
0.04024319,0
0.055809833,0
0.05068142,0
0.14848891,0
0.097969584,0
0.058964867,0
0.76409817,0
0.0064463704,0
0.38291535,0
0.032520458,0
0.45787296,0
0.0047389977,0
0.20059077,0
0.59954107,0
0.6913598,1
0.8091277,0
0.1222731,0
0.014307923,0
0.09463218,0
0.004988287,0
0.16623852,0
0.26403126,0
0.026659545,0
0.68864787,0
0.8498323,0
0.015048304,0
0.12957391,0
0.08841401,0
0.3189078,0
0.22130741,0
0.6262387,0
0.49467805,0
0.06212445,0
0.24464509,0
0.12742232,0
0.08601991,0
0.1579019,0
0.6384737,0
0.091302454,0
0.41680533,0
0.028424079,0
0.73561054,1
0.045310814,0
0.55734336,0
0.7611613,0
0.013307474,0
0.28958791,0
0.08948842,0
0.032208893,0
0.097187474,0
0.3857681,0
0.358261,0
0.02230111,0
0.16498388,0
0.052784473,0
0.03286775,0
0.46909836,0
0.0904645,0
0.18237254,0
0.114012904,0
0.180577,0
0.11472784,0
0.28281668,0
0.026755124,0
0.40485802,0
0.09329929,0
0.0076686717,0
0.15383574,0
0.0005877911,0
0.26825795,0
0.057300426,0
0.70748615,0
0.015629021,0
0.15455319,0
0.010417123,0
0.15585797,0
0.76612556,0
0.0912144,0
0.39020702,1
0.028426709,0
0.008883699,0
0.114290744,0
0.42746678,0
0.8671674,1
0.04431744,0
0.0016643329,0
0.06267471,0
0.35644343,0
0.016358241,0
0.33811644,0
0.5702298,0
0.44544652,0
0.4009364,1
0.011375847,0
0.1211969,0
0.023688458,0
0.4725191,0
0.040523697,0
0.063940346,0
0.39425153,0
0.10014628,0
0.46898735,0
0.008834059,0
0.01516634,0
0.15131266,0
0.1483117,0
0.47973517,0
0.13862154,0
0.15967041,0
0.18378916,0
0.21498436,0
0.005535264,0
0.09873035,0
0.21171805,0
0.090053596,0
0.4800716,1
0.2639148,0
0.49106666,0
0.0137143135,0
0.041940153,0
0.1982442,0
0.023461504,0
0.40804192,0
0.4044923,0
0.11502688,0
0.010627192,0
0.027081467,0
0.17207499,0
0.43586078,0
0.7951716,1
0.049835414,0
0.2700851,0
0.87308276,1
0.11688121,0
0.8820305,1
0.11019531,0
0.1632505,0
0.60848296,0
0.018180268,0
0.0081508495,0
0.047708362,0
0.057318598,0
0.01864503,0
0.038093515,0
0.029293492,0
0.015867475,0
0.10726083,0
0.39496768,0
0.019730251,0
0.41113323,0
0.089981556,0
0.22048537,0
0.0008885615,0
0.20238844,0
0.07617092,0
0.044890285,0
0.37284473,1
0.15101431,0
0.087802336,0
0.013515393,0
0.05408784,0
0.02798936,0
0.21257222,0
0.24076924,0
0.04092889,0
0.04293852,0
0.29167476,0
0.097136594,0
0.17024907,0
0.22628902,0
0.40720254,0
0.39476493,1
0.095339224,0
0.020226713,0
0.07086614,0
0.7417967,0
0.026592273,0
0.03099621,0
0.036647063,0
0.029127372,0
0.2777057,0
0.04815067,0
0.5351838,0
0.06491778,0
0.012566149,0
0.036474273,0
0.43444616,0
0.07200337,0
0.040084384,0
0.54549974,1
0.18375808,0
0.0121227335,0
0.02084832,0
0.5842283,0
0.64489615,1
0.032056734,0
0.061004978,0
0.14126407,0
0.0869306,0
0.03621597,0
0.15019438,0
0.3429197,1
0.06038577,0
0.017171422,0
0.025723336,0
0.23986734,0
0.007249704,0
0.367867,0
0.15629335,0
0.018285662,0
0.0046809227,0
0.5643417,1
0.101259016,0
0.17702015,0
0.47715303,0
0.008959577,0
0.058234468,0
0.15895325,0
0.88844,0
0.20141879,0
0.0042468044,0
0.040766254,0
0.016999686,0
0.36152944,0
0.27502516,0
0.14896533,0
0.271809,0
0.050501652,0
0.556278,0
0.37777537,0
0.022009522,0
0.21539466,0
0.42418656,0
0.28561202,0
0.21926321,0
0.76328546,0
0.007004512,0
0.402907,0
0.39135095,0
0.03833573,0
0.19912063,0
0.03474254,0
0.5166903,0
0.8000815,1
0.064385474,0
0.3099299,1
0.20618092,0
0.41036472,0
0.27800497,0
0.7879233,0
0.44397217,1
0.012185475,0
0.21689449,0
0.064202026,0
0.036969606,0
0.004630395,0
0.023974862,0
0.23991519,0
0.36289078,0
0.01071355,0
0.18242049,0
0.568106,0
0.2031214,1
0.10322165,0
0.12202891,0
0.09051275,0
0.007804179,0
0.036114886,0
0.25338513,0
0.006358447,0
0.0051862476,0
0.009043026,0
0.88746524,0
0.16659515,0
0.008799815,0
0.55414057,0
0.15889856,0
0.072955936,0
0.06759703,0
0.87768334,1
0.17784053,0
0.03446386,0
0.42195275,0
0.002466313,0
0.017268436,0
0.43901962,0
0.09062013,0
0.1140222,0
0.9270858,1
0.48032308,0
0.008678156,0
0.11155209,0
0.3358636,0
0.40701175,0
0.7467939,0
0.5159063,0
0.2268275,0
0.009980917,0
0.04356673,0
0.41153252,0
0.021038294,0
0.0041351146,0
0.13198581,0
0.033257794,0
0.18904805,0
0.2571259,0
0.1110119,0
0.29499403,0
0.04678072,0
0.37266815,1
0.34973365,1
0.27535784,1
0.05175713,0
0.9091557,1
0.21341123,1
0.6827039,0
0.1482997,0
0.3546076,0
0.50098324,0
0.15892537,0
0.5447198,0
0.3813279,0
0.3868509,0
0.024851277,0
0.24487738,0
0.45749918,0
0.4924153,0
0.026903495,0
0.7029491,0
0.928536,1
0.03598836,0
0.01999363,0
0.20375176,0
0.06003741,0
0.4226568,0
0.055552743,0
0.13911858,0
0.37607625,0
0.57443243,0
0.7413722,1
0.061000887,0
0.015614217,0
0.38028514,0
0.22714892,0
0.72640246,0
0.25020465,0
0.102329955,0
0.2632879,0
0.020646684,0
0.14132695,0
0.0014919733,0
0.8919694,0
0.0015453199,0
0.06858737,0
0.048668258,0
0.0098259635,0
0.21647812,0
0.63836837,1
0.09306209,0
0.27992153,0
0.026750846,0
0.8680302,1
0.16917384,0
0.058728177,0
0.09976731,0
0.44292277,1
0.8522569,1
0.2256679,1
0.4745799,1
0.7194611,0
0.57870626,0
0.7249787,0
0.4403308,0
0.41371265,0
0.023805087,0
0.55605114,0
0.2569818,0
0.6314418,1
0.058106225,0
0.37546918,0
0.0018480092,0
0.016815137,0
0.595402,0
0.19641581,1
0.1849348,0
0.24578516,0
0.302542,0
0.026088294,0
0.055762567,0
0.010576589,0
0.65024924,1
0.40122485,0
0.10254432,0
0.49381238,0
0.026182761,0
0.05149725,0
0.24518353,0
0.0018943298,0
0.44993386,0
0.1941818,0
0.0040178844,0
0.2494853,0
0.066995606,0
0.01861163,0
0.18473695,0
0.53724086,0
0.01966484,0
0.07919355,0
0.15669999,0
0.019324688,0
0.05328933,0
0.0040508755,0
0.65326643,0
0.70537204,1
0.7300987,1
0.40634173,0
0.7843967,0
0.24357867,0
0.15681906,0
0.23182966,0
0.7010814,1
0.01739549,0
0.001821015,0
0.18467344,0
0.5561795,0
0.14491598,0
0.051254317,0
0.12268752,0
0.6721875,0
0.23884986,0
0.12985806,0
0.0045477953,0
0.031527855,0
0.15002935,0
0.19612178,0
0.09804514,0
0.43521214,0
0.3221546,0
0.6695786,0
0.079916194,0
0.06899047,0
0.022332093,0
0.20199288,0
0.03877364,0
0.62420106,0
0.06204351,0
0.054616828,0
0.87059736,1
0.8336471,1
0.32838273,0
0.12006993,0
0.14163588,0
0.0067404513,0
0.004970978,0
0.41372204,0
0.0075496025,0
0.8494072,0
0.106618114,0
0.006103379,0
0.047812533,0
0.05222708,0
0.10016517,0
0.01573451,0
0.1696017,0
0.11252658,0
0.055634167,0
0.0334819,0
0.007367646,0
0.19336507,0
0.4123623,0
0.023277728,0
0.22414935,0
0.16747288,0
0.24171737,0
0.050005384,0
0.031771403,0
0.5041374,0
0.052149307,0
0.42209882,0
0.104837745,0
0.005366698,0
0.0054198573,0
0.049593035,0
0.13392362,0
0.27511707,0
0.028024958,0
0.010332496,0
0.035699375,0
0.054254483,0
0.59578055,0
0.7302396,1
0.3337868,0
0.37382913,0
0.44431737,0
0.85212076,1
0.35674205,0
0.026203668,0
0.023526952,0
0.06393637,0
0.052562483,0
0.057302706,0
0.3699341,0
0.80851877,1
0.7104335,1
0.064333685,0
0.43481106,0
0.19214232,0
0.008286146,0
0.010953169,0
0.21050248,0
0.030908987,0
0.32136118,0
0.027811559,0
0.09057503,0
0.057107523,0
0.5742026,0
0.010319276,0
0.021768551,0
0.4403964,0
0.12323705,0
0.033145208,0
0.259456,0
0.03743628,0
0.8173932,1
0.12359692,0
0.3545933,1
0.11704877,0
0.12038385,0
0.17360966,0
0.14467297,0
0.028272929,0
0.011061566,0
0.027111877,0
0.56321293,0
0.052619133,0
0.41024297,0
0.8635304,0
0.3040593,0
0.38636634,0
0.003319486,0
0.088595875,0
0.11272102,0
0.0046264958,0
0.02928841,0
0.017766047,0
0.010292551,0
0.34870043,0
0.307772,0
0.34811074,0
0.014559581,0
0.016835187,0
0.8865898,0
0.33672008,0
0.36154208,0
0.21382213,0
0.053543538,0
0.66805464,0
0.9011504,1
0.008136307,0
0.10404019,0
0.16762866,0
0.038800575,0
0.88379395,0
0.76611525,1
0.022508293,0
0.04838189,0
0.35406145,0
0.051361665,0
0.37753803,0
0.13888517,0
0.007390397,0
0.8156364,0
0.23434308,0
0.43936178,0
0.79024106,1
0.81257015,1
0.32577288,0
0.19855684,0
0.031831775,0
0.55408263,0
0.040195785,0
0.2487461,0
0.24269828,0
0.08605713,0
0.02491315,0
0.14846471,0
0.34643853,0
0.5666892,1
0.027475066,0
0.029475037,0
0.5308237,1
0.06163145,0
0.010094612,0
0.5820215,0
0.030550193,0
0.07228355,0
0.0077807754,0
0.0030113268,0
0.03201367,0
0.2330768,0
0.020046903,0
0.6927128,1
0.12798597,0
0.59455943,0
0.06485702,0
0.4549657,0
0.16832532,0
0.16152957,0
0.6719814,0
0.2655931,1
0.00081791333,0
0.025854908,0
0.73957074,1
0.45769674,0
0.11699021,0
0.028821215,0
0.48646194,0
0.024450054,0
0.19853596,0
0.1390604,0
0.0568132,0
0.050712746,0
0.031522337,0
0.66706324,0
0.010573108,0
0.095882535,0
0.5448111,0
0.52315336,0
0.0018332928,0
0.30674016,0
0.015597356,0
0.6004129,0
0.0204073,0
0.011906402,0
0.23649143,0
0.8047854,1
0.14643134,0
0.26183587,0
0.33480948,0
0.513186,0
0.028968912,0
0.6127817,0
0.033132948,0
0.05127953,0
0.8201012,1
0.21650507,0
0.21106547,0
0.08562935,0
0.05474642,0
0.113471985,0
0.035067704,0
0.11173393,0
0.02164456,0
0.7190449,0
0.015345999,0
0.8181478,0
0.040372893,0
0.6184592,0
0.0034342061,0
0.18085058,0
0.6590732,0
0.19521166,0
0.014743346,0
0.10192016,0
0.08681979,0
0.04754593,0
0.23134325,0
0.2659335,0
0.31127053,0
0.2110484,0
0.046662267,0
0.13416281,0
0.3141098,0
0.21645965,0
0.4467509,0
0.11732404,0
0.38837606,0
0.034299474,0
0.41905895,0
0.13865685,0
0.4982536,0
0.114775434,0
0.031139143,0
0.04386555,0
0.06879861,0
0.039523207,0
0.2009706,0
0.12823653,0
0.053223193,0
0.71903,0
0.34738636,0
0.0025038943,0
0.24437717,0
0.035772815,0
0.8119723,0
0.27354985,0
0.047891222,0
0.10871642,0
0.49473745,1
0.10164848,0
0.07116143,0
0.20825168,0
0.1067926,0
0.014035363,0
0.1231495,0
0.7248049,0
0.2940723,0
0.4421436,0
0.012216168,0
0.24988258,0
0.0021775807,0
0.057471953,0
0.37878326,0
0.56043065,1
0.5505779,1
0.1275987,0
0.025174161,0
0.6136981,1
0.586857,0
0.20939077,0
0.14394397,0
0.19034502,0
0.07209665,0
0.7488244,1
0.34440258,0
0.7197567,1
0.0035800168,0
0.12455789,0
0.32790977,0
0.0041025155,0
0.3150573,0
0.07097142,0
0.25185025,0
0.018710768,0
0.25843412,0
0.025878193,0
0.009768154,0
0.89633465,1
0.50563365,1
0.014636383,0
0.008178038,0
0.10918949,0
0.14952484,1
0.234774,0
0.028693128,0
0.11511565,0
0.2767057,0
0.15642579,0
0.39785525,1
0.16224054,0
0.32077557,0
0.46249977,0
0.06895604,0
0.013882371,0
0.67746925,1
0.0766622,0
0.05024982,0
0.015710808,0
0.15299116,0
0.010515026,0
0.4473379,0
0.2026472,0
0.5283074,1
0.7144741,1
0.15080349,0
0.14524269,0
0.22160242,0
0.7165745,1
0.15737697,0
0.19587027,0
0.057479654,0
0.56161773,0
0.01884115,0
0.21693318,0
0.18320027,0
0.8664337,1
0.60481495,0
0.009047766,0
0.18276836,0
0.6992138,1
0.28493035,0
0.30436826,0
0.012428034,0
0.33963287,0
0.0666592,0
0.15794003,0
0.1015547,0
0.15792987,0
0.7538709,0
0.7351478,0
0.07545213,0
0.6676845,0
0.021521231,0
0.040652514,0
0.0770278,0
0.021661466,0
0.54971695,1
0.65332943,1
0.012513381,0
0.009877509,0
0.20540269,0
0.010974866,0
0.59685224,0
0.08883532,0
0.33444095,0
0.3134588,0
0.03252142,0
0.009857388,0
0.026157623,0
0.04438379,0
0.0020332227,0
0.015942266,0
0.012951342,0
0.33186197,0
0.026976207,0
0.2463332,0
0.032203678,0
0.03196177,0
0.084942244,0
0.04028891,0
0.1980566,0
0.007639426,0
0.15451546,0
0.032364875,0
0.0028632146,0
0.080038205,0
0.0064887917,0
0.4094138,0
0.6519493,0
0.049335703,0
0.02205635,0
0.042793687,0
0.044299882,1
0.15420115,0
0.16923414,0
0.092110634,0
0.013861347,0
0.7448275,1
0.5807127,0
0.14531188,0
0.01585114,0
0.36378875,1
0.007025866,0
0.35667798,1
0.040142167,0
0.041929346,0
0.28120458,0
0.006526762,0
0.6136131,0
0.37475097,0
0.074547976,0
0.029366536,0
0.7555054,1
0.28926852,0
0.6785182,1
0.55204254,0
0.040398367,0
0.762517,1
0.7436352,0
0.18028313,0
0.358915,0
0.8125383,0
0.022396434,0
0.6016821,0
0.44932112,0
0.052452512,0
0.034384575,0
0.08894369,0
0.7838319,1
0.08453922,0
0.12934397,0
0.6831746,0
0.47071046,0
0.51904005,0
0.1928509,0
0.4561018,0
0.81158274,1
0.058487106,0
0.26129317,0
0.12384618,0
0.07125309,0
0.17726572,0
0.11753415,0
0.032695506,0
0.15054496,0
0.91859704,1
0.0151556535,0
0.24270187,0
0.05328028,0
0.80962235,1
0.18798923,0
0.37825158,0
0.0010496665,0
0.52464676,0
0.33696795,0
0.08885191,0
0.0039766263,0
0.21440548,0
0.04125412,0
0.7551238,1
0.5705358,0
0.058523327,0
0.0031508477,0
0.04177099,0
0.8691778,1
0.03210345,0
0.0357178,0
0.44769156,0
0.016801314,0
0.35435367,0
0.30503866,0
0.009192078,0
0.622926,0
0.01838685,0
0.22155058,1
0.4656474,0
0.51839906,0
0.37652406,0
0.07759275,0
0.026881477,0
0.05515004,0
0.12655574,0
0.055914417,0
0.1738724,0
0.82572365,0
0.8013662,0
0.49757466,1
0.051670123,0
0.18740556,0
0.20595907,0
0.026166528,0
0.029751917,0
0.28036904,0
0.062394917,0
0.106093615,0
0.032723483,0
0.064541765,0
0.055932406,0
0.016357873,0
0.09443253,0
0.7802987,0
0.036348894,0
0.046887662,0
0.34538174,0
0.19021775,0
0.6498644,1
0.01824983,0
0.0069609964,0
0.024669869,0
0.57177156,0
0.021542957,0
0.09864988,0
0.057525545,0
0.038889457,0
0.12721014,0
0.15116595,0
0.015576597,0
0.0033275697,0
0.8272385,0
0.08263667,0
0.3031409,0
0.44823852,0
0.33843634,0
0.14207117,0
0.092582345,0
0.22885908,0
0.40081105,1
0.02366988,0
0.0098825,0
0.063736275,0
0.42243403,0
0.37733003,0
0.107483916,0
0.23423946,0
0.3623769,0
0.20825358,0
0.30458272,0
0.5001224,0
0.024199074,0
0.6657389,1
0.0411992,0
0.008046186,0
0.12308068,0
0.13451008,0
0.23329253,0
0.06053762,0
0.10009793,0
0.18432264,0
0.003629851,0
0.20803367,0
0.06573344,0
0.23670918,0
0.44236237,0
0.010990213,0
0.83647317,0
0.0033889797,0
0.0782007,0
0.009408238,0
0.69636565,0
0.074792564,0
0.06572003,0
0.042375326,0
0.20493113,0
0.01848337,0
0.042481173,0
0.036167335,0
0.083688006,0
0.074300736,0
0.013808176,0
0.13765262,0
0.35841098,0
0.021493308,0
0.30770048,0
0.11615314,0
0.13487902,0
0.0044942307,0
0.32908374,0
0.49758828,0
0.42975962,0
0.2822388,0
0.046002,0
0.18228361,0
0.01797407,0
0.040450007,0
0.024646979,0
0.058318354,0
0.5683346,0
0.0036366538,0
0.013979063,0
0.017345892,0
0.15550488,0
0.053218186,0
0.19179869,0
0.0244487,0
0.41167557,0
0.18692495,0
0.030189086,0
0.005029805,0
0.01831796,0
0.034191158,0
0.1006606,0
0.173349,0
0.29231128,0
0.23550153,0
0.20501742,0
0.04181936,0
0.7520686,0
0.9211689,1
0.7761864,1
0.3392175,0
0.88552773,1
0.1321156,0
0.47212014,0
0.011207029,0
0.016312612,0
0.030999275,0
0.001160994,0
0.0358428,0
0.041188344,0
0.0574337,0
0.078844324,0
0.011531698,0
0.10479129,0
0.5030714,0
0.33815318,0
0.6601648,0
0.004537075,0
0.07639932,0
0.21103166,0
0.023101136,0
0.13000713,0
0.20900267,0
0.6857632,0
0.8297682,1
0.26735598,0
0.084229656,0
0.023973027,0
0.012085176,0
0.019078527,0
0.024679117,0
0.42249647,0
0.012796837,0
0.85093015,0
0.24994953,0
0.06395558,0
0.23269902,0
0.23016474,0
0.02260354,0
0.0021681325,0
0.18623886,0
0.96783924,1
0.17490965,0
0.22072598,0
0.7486896,1
0.008606535,0
0.24988174,1
0.02556623,0
0.0738741,0
0.057574246,0
0.042230632,0
0.16677085,0
0.3323386,0
0.0022464904,0
0.006585041,0
0.22521792,0
0.1758882,0
0.45746037,0
0.07668699,0
0.13660409,0
0.17037208,0
0.12861271,0
0.016154252,0
0.18955755,0
0.2066942,0
0.009406923,0
0.35102686,0
0.45436764,0
0.23185602,0
0.7594351,1
0.0052910172,0
0.04462053,0
0.022305587,0
0.16993691,0
0.11760924,0
0.0029359718,0
0.0072997124,0
0.03323731,0
0.21445623,0
0.081653364,0
0.051000975,0
0.022883693,0
0.008575405,0
0.011786193,0
0.24089418,0
0.1059248,0
0.8843788,1
0.03648985,0
0.24786663,0
0.30844507,0
0.04922691,0
0.65148467,1
0.20982128,0
0.15756606,0
0.4562454,0
0.05778107,0
0.013809066,0
0.8599378,0
0.08938553,0
0.031185014,0
0.122929074,0
0.020206043,0
0.2523439,0
0.2784237,0
0.20452064,0
0.072235554,0
0.08697285,0
0.027083,0
0.56803715,0
0.3046279,0
0.13888386,0
0.010801882,0
0.30727154,0
0.64281094,0
0.0028855596,0
0.5104367,0
0.085595936,0
0.6010546,0
0.03270295,0
0.43097192,0
0.019454455,0
0.22404039,0
0.38138416,0
0.15478134,0
0.14775555,0
0.37749895,0
0.019486362,0
0.2995522,0
0.6500772,0
0.03081997,0
0.7200024,0
0.031815756,0
0.74586475,1
0.36619753,0
0.23186728,0
0.16440551,0
0.03415533,0
0.45297006,0
0.2913312,0
0.3623555,0
0.66692096,0
0.057182662,0
0.070468605,0
0.31434762,0
0.5717834,0
0.15847242,0
0.18530488,0
0.06771479,0
0.50815576,0
0.01936989,0
0.18372914,0
0.31526113,0
0.72878724,0
0.59558785,1
0.32684278,0
0.9036083,1
0.134791,0
0.809536,0
0.04423711,0
0.15317795,0
0.17802307,0
0.004926518,0
0.033485044,0
0.010103827,0
0.30746403,0
0.107993804,0
0.12558267,0
0.019523697,0
0.0732501,0
0.22556749,0
0.74571,0
0.026809439,0
0.05110537,0
0.006073448,0
0.060115527,0
0.032073442,0
0.027153568,0
0.27231622,0
0.06888678,0
0.02617431,0
0.49523428,0
0.0062067695,0
0.03421433,0
0.1354938,0
0.062320422,0
0.10761346,0
0.022220356,0
0.33273774,0
0.48320204,0
0.30234832,0
0.19245574,0
0.116173476,0
0.10204997,0
0.008462575,0
0.27096048,0
0.14100285,0
0.33705935,0
0.37052476,0
0.03943485,0
0.22430488,0
0.0060116,0
0.042028088,0
0.69391924,1
0.029373325,0
0.06370708,0
0.04684747,0
0.5170832,0
0.040517032,0
0.4555448,0
0.06046394,0
0.04860098,0
0.036417153,1
0.7909544,1
0.27626267,0
0.29858658,1
0.2937222,0
0.13676019,0
0.3886895,0
0.14983803,0
0.3453297,0
0.07986672,0
0.08292306,0
0.16169415,0
0.5165294,0
0.017153574,0
0.044612758,0
0.38967505,0
0.48900074,0
0.21847405,0
0.22038761,0
0.7012204,0
0.091197416,0
0.36326954,0
0.12618653,0
0.12200425,0
0.0044571157,0
0.05207478,0
0.9018618,1
0.0066258516,0
0.0512182,0
0.15158898,0
0.0957505,0
0.055433564,0
0.61347544,0
0.58692586,0
0.65934116,1
0.32398093,1
0.33174536,0
0.08636102,0
0.3088366,0
0.16197401,0
0.07216011,0
0.060731295,0
0.23175588,0
0.044572856,0
0.08761221,0
0.35541296,0
0.1394674,0
0.0474502,0
0.06805739,0
0.100409165,0
0.018937562,0
0.045669343,0
0.08529101,0
0.24094981,0
0.3770236,0
0.02255636,0
0.045679424,0
0.12846191,0
0.26404753,0
0.70259583,1
0.72153074,0
0.15562819,0
0.046057437,0
0.015175909,0
0.02272751,0
0.46219042,0
0.11930588,0
0.0047929236,0
0.048148986,0
0.22688726,0
0.053694844,0
0.7386061,0
0.14324723,0
0.3574646,0
0.22967291,0
0.35469165,0
0.8835467,0
0.33681443,0
0.032336116,0
0.061976388,0
0.43727177,0
0.17866234,0
0.3375629,0
0.0073443004,0
0.019126363,0
0.5780336,0
0.017454224,0
0.11947543,0
0.87317,0
0.016743,0
0.03819879,0
0.08510534,0
0.0018129047,0
0.65146446,0
0.063074216,0
0.024489388,0
0.47834936,1
0.27622077,0
0.91011924,1
0.0037951912,0
0.040751193,0
0.11106026,0
0.3782329,0
0.1349476,0
0.86911875,1
0.33551556,0
0.14947256,0
0.7141531,0
0.37295324,0
0.5621347,0
0.053198054,0
0.21827938,0
0.4129841,0
0.008477256,0
0.17502764,0
0.17354923,1
0.28808984,0
0.027744524,0
0.10906076,0
0.22949144,0
0.07139119,0
0.070086926,0
0.0021833284,0
0.02770376,0
0.023098521,0
0.11451945,0
0.1053318,0
0.19859186,0
0.0033537385,0
0.4842974,1
0.06855405,0
0.00940618,0
0.5519315,1
0.021584043,0
0.0020504792,0
0.09062068,0
0.017611358,0
0.01521374,0
0.0029980396,0
0.8229749,1
0.1043585,0
0.4963442,1
0.71553034,0
0.08264831,0
0.09728463,0
0.06429618,0
0.12856112,0
0.015110106,0
0.6493512,0
0.6868877,1
0.069246955,0
0.005019518,0
0.32446858,0
0.06427001,0
0.5996285,0
0.03913323,0
0.10538891,0
0.6275496,0
0.11661218,0
0.011019655,0
0.2513163,0
0.60729176,1
0.92958754,0
0.21572378,0
0.06983625,0
0.047383163,0
0.613586,0
0.14066526,0
0.013177201,0
0.003460474,0
0.26285905,0
0.02211401,0
0.2895879,0
0.2761942,0
0.36726734,1
0.08577881,0
0.23652229,0
0.43769974,1
0.033003565,0
0.0032014379,0
0.015612736,0
0.07001444,0
0.109351784,0
0.038284123,0
0.0070588035,0
0.58180445,0
0.03392116,0
0.03883024,0
0.22883573,0
0.034505893,0
0.22863093,1
0.09454885,0
0.20097318,0
0.06590194,0
0.46936566,0
0.38427907,0
0.10727774,0
0.2031776,0
0.044306926,0
0.005725296,0
0.03646271,0
0.6521623,0
0.36986116,0
0.07551909,0
0.5497712,0
0.31438267,0
0.24517925,0
0.14401907,0
0.6832529,1
0.04167752,0
0.47378185,0
0.007272855,0
0.01418617,0
0.12814577,0
0.1582782,0
0.031524602,0
0.40623114,0
0.73050904,0
0.7406148,0
0.33800602,0
0.026884863,0
0.15821907,0
0.028135588,0
0.12247883,0
0.2709728,1
0.61969453,0
0.2576832,0
0.02913489,0
0.0095334025,0
0.16987456,0
0.15829054,0
0.11259012,0
0.2353023,0
0.5752281,1
0.15783106,0
0.7628187,0
0.07221067,0
0.25657156,0
0.28154024,0
0.081828155,0
0.23896462,0
0.55826473,0
0.1807435,0
0.026925514,0
0.6284367,0
0.019148534,0
0.0100858295,0
0.22424594,0
0.6164107,0
0.41905603,0
0.015378347,0
0.01008305,0
0.13095258,0
0.12291456,0
0.0708565,0
0.17818238,0
0.09738325,1
0.12175921,0
0.14891891,0
0.08597709,1
0.21888253,0
0.10530365,0
0.0024909559,0
0.54622024,0
0.12034361,0
0.012475757,0
0.385562,0
0.748189,1
0.3580441,0
0.1707585,0
0.0820878,0
0.04395265,0
0.0849394,0
0.11824443,0
0.026052427,0
0.49795526,1
0.60194784,1
0.31138867,0
0.033011388,0
0.57325494,0
0.076411135,0
0.1809238,0
0.15226097,0
0.07789981,0
0.7606056,1
0.009894167,0
0.3874147,0
0.040224824,0
0.16067398,0
0.10497875,0
0.016627051,0
0.13997796,0
0.3609646,0
0.023545405,0
0.02275906,0
0.003909769,0
0.48201272,0
0.027936531,0
0.011973654,0
0.7634295,1
0.6381835,0
0.79190695,1
0.2831362,0
0.06561649,0
0.32753977,0
0.14708337,0
0.006781968,0
0.026716579,0
0.8042488,1
0.14699152,0
0.056321416,0
0.018956931,0
0.5117662,0
0.019658724,0
0.04042959,0
0.27131695,0
0.036875207,0
0.12006309,0
0.13004279,0
0.0398972,0
0.25793034,0
0.04816211,0
0.12441401,0
0.1052532,0
0.0046152836,0
0.1846667,0
0.20972426,0
0.03411133,0
0.05219939,0
0.26357284,0
0.07049996,0
0.03387659,0
0.22539939,0
0.14066626,0
0.029366467,0
0.18862711,0
0.23809892,0
0.07540412,0
0.005768095,0
0.6998902,0
0.13254711,0
0.79798037,0
0.5828539,1
0.19824971,0
0.72596335,0
0.09891566,0
0.042133085,0
0.8132232,0
0.051609688,0
0.7091429,0
0.00937645,0
0.583732,0
0.088548385,0
0.0234295,0
0.43629014,0
0.10671814,0
0.20155713,0
0.011366176,0
0.007900815,0
0.2324828,0
0.14133681,0
0.08008975,0
0.08435919,0
0.13599268,0
0.010201444,0
0.029931968,0
0.030002765,0
0.3548621,0
0.011069926,0
0.07691014,0
0.047261637,0
0.027678926,0
0.8340858,1
0.42610586,0
0.8738,1
0.0080563575,0
0.18396814,0
0.056591842,0
0.0114060035,0
0.702759,1
0.29134983,0
0.5490944,0
0.08633181,0
0.17580214,0
0.15650478,0
0.7972595,1
0.26448157,0
0.13843888,0
0.079625405,0
0.29976162,0
0.043487094,0
0.09102411,0
0.9152588,1
0.46224892,0
0.08063462,0
0.2832443,0
0.010848995,0
0.8430154,1
0.41961104,0
0.70574635,1
0.014017525,0
0.38564646,0
0.023902426,0
0.02942437,0
0.26541692,0
0.03184137,0
0.056745116,0
0.066708036,0
0.7564157,0
0.06287056,0
0.14296195,1
0.20560507,1
0.16560903,0
0.011073351,0
0.3510521,0
0.016783081,0
0.073096976,0
0.009590044,0
0.26489052,0
0.48519325,0
0.61751264,0
0.14408618,0
0.33600968,0
0.0520309,0
0.015559761,0
0.5522692,0
0.08451177,0
0.008147273,0
0.06854007,0
0.26132694,1
0.57049984,0
0.06211768,0
0.1553566,0
0.2910019,0
0.21438107,0
0.1469553,0
0.20567201,0
0.03345767,0
0.20034495,0
0.17521466,0
0.37541094,0
0.659935,1
0.24624477,0
0.2540892,0
0.21302718,0
0.4720234,0
0.088215396,0
0.012705285,0
0.43971425,1
0.24835154,1
0.40141746,0
0.13552286,0
0.0068849837,0
0.11734643,0
0.61039853,1
0.0047788224,0
0.024385454,0
0.023286901,0
0.43901503,0
0.035487115,0
0.036057714,0
0.10944155,0
0.08286723,0
0.6417187,1
0.005044119,0
0.2599153,0
0.25674692,0
0.008577246,0
0.20633945,0
0.22941743,0
0.04137081,0
0.10309784,0
0.8424179,1
0.068069346,0
0.08807947,0
0.26776722,0
0.39026177,0
0.26295403,0
0.006002378,0
0.6716991,1
0.29187536,0
0.0063039404,0
0.1091768,0
0.09797367,0
0.44344983,0
0.059201006,0
0.06880379,0
0.26940945,0
0.22420384,0
0.033912387,0
0.04500344,0
0.032484997,0
0.0018341246,0
0.02523982,0
0.11981733,0
0.4206323,0
0.5282287,1
0.7161646,0
0.05818792,0
0.1991658,0
0.0010978177,0
0.69219697,0
0.044341166,0
0.019963557,0
0.15299338,0
0.036949776,0
0.0856854,0
0.14776117,0
0.3483761,0
0.17008325,0
0.122794196,0
0.05117056,0
0.15435942,0
0.18546392,0
0.025722876,0
0.056545183,0
0.12147434,0
0.13043475,0
0.16588628,1
0.7481782,0
0.74506325,1
0.05638539,0
0.16027203,0
0.06245969,0
0.022698248,0
0.45350236,0
0.046588335,0
0.41774705,0
0.09312727,0
0.02167129,0
0.7010977,1
0.037393097,0
0.30192003,0
0.04674275,0
0.029290719,0
0.27666414,0
0.020795798,0
0.011940851,0
0.010482679,0
0.2314791,0
0.024652774,1
0.31594944,0
0.14556324,0
0.21206702,0
0.622923,0
0.008447592,0
0.03767207,0
0.6045284,1
0.11138475,0
0.21513253,0
0.029046217,0
0.12604171,0
0.036837112,0
0.022264132,0
0.22583523,0
0.7093903,0
0.2797613,0
0.015841264,0
0.13445435,0
0.21480289,0
0.23984139,0
0.48432708,0
0.10027798,0
0.0044850814,0
0.0041158316,0
0.44652823,0
0.33430332,0
0.01899394,0
0.03307878,0
0.13064054,0
0.34610787,0
0.0029909613,0
0.16240446,0
0.015272907,0
0.23598777,0
0.0038800307,0
0.018288653,0
0.47757888,0
0.020289144,0
0.7636167,1
0.33756435,0
0.676941,1
0.2269878,0
0.16338424,0
0.19207549,0
0.11115307,0
0.44592038,0
0.24580958,0
0.037951313,0
0.3831647,1
0.01235882,0
0.03401089,0
0.006911721,0
0.14236158,0
0.12059612,0
0.4316718,0
0.074906394,0
0.02889268,0
0.031485695,0
0.25025174,0
0.07871995,0
0.26743737,0
0.3875256,0
0.62396944,1
0.2040107,0
0.48426676,0
0.36764142,0
0.022682471,0
0.022997653,0
0.07891395,0
0.5407953,0
0.028863803,0
0.07639275,0
0.034955084,0
0.09990526,0
0.08306291,0
0.024078768,0
0.44266123,1
0.49534008,1
0.16772953,0
0.08500033,0
0.032364815,0
0.012619998,0
0.015431976,0
0.039601788,0
0.51872104,0
0.20862265,0
0.004145612,0
0.11705483,0
0.058263596,0
0.39498553,0
0.11136122,0
0.061065458,0
0.5865937,1
0.30840772,0
0.18046442,0
0.01280956,0
0.17392698,0
0.38098872,0
0.0336043,0
0.5896168,0
0.20940478,0
0.018385224,0
0.079090424,0
0.21659121,0
0.4791733,0
0.1568452,0
0.1940874,0
0.018084083,0
0.14784637,0
0.010586609,0
0.095241696,0
0.43422398,0
0.047320858,0
0.47746694,0
0.20404834,0
0.14988333,0
0.075725995,0
0.17028807,0
0.61876637,0
0.04728437,0
0.3163829,0
0.3860833,0
0.039058037,0
0.115931444,0
0.60863215,0
0.5653135,0
0.28525975,0
0.52024716,0
0.42838365,1
0.011995353,0
0.82541186,0
0.020768592,0
0.16591607,0
0.054603722,0
0.385877,0
0.061396107,0
0.52315074,0
0.051025745,0
0.013825979,0
0.05953955,0
0.0037212383,0
0.16244347,0
0.17920628,0
0.119110264,0
0.035661206,0
0.73727304,0
0.15464105,0
0.16465624,0
0.11560935,0
0.07981265,0
0.1886123,0
0.30679244,0
0.086479604,0
0.065006845,0
0.2627835,0
0.5830125,0
0.015054482,0
0.23077916,0
0.16566992,0
0.16686225,0
0.03289144,0
0.03651234,0
0.029444395,0
0.096602395,0
0.37662047,0
0.19883727,0
0.3336478,0
0.012654562,0
0.730846,0
0.8534747,1
0.0036113744,0
0.67192996,0
0.13784647,0
0.7085363,0
0.01632166,0
0.14711443,0
0.37634325,0
0.11589016,0
0.13249464,0
0.40311977,0
0.6856677,1
0.04331652,0
0.060882308,0
0.42431444,0
0.031887747,0
0.5163436,0
0.35783625,0
0.4268333,0
0.122551344,0
0.26272562,0
0.46884906,0
0.010157195,0
0.0032534732,0
0.018862564,0
0.14454664,0
0.15583074,0
0.034243353,0
0.02191421,0
0.018700453,0
0.43278822,0
0.05069623,0
0.334201,0
0.002243928,0
0.24647859,0
0.24650177,0
0.016297676,0
0.12231221,0
0.7184797,1
0.40660593,1
0.22504523,0
0.033729754,0
0.58406687,0
0.23932311,0
0.039396904,0
0.34299368,0
0.13137059,0
0.13612127,0
0.024484495,0
0.25192666,0
0.03076227,0
0.029526128,0
0.62455976,0
0.8085116,1
0.102859855,0
0.034990627,0
0.58178705,0
0.0026225743,0
0.004390027,0
0.041993544,0
0.75308335,1
0.00794585,0
0.12903427,0
0.100386724,0
0.0029551676,0
0.4217182,1
0.109035835,0
0.7778055,1
0.054629363,0
0.1355092,0
0.047184125,0
0.0834112,0
0.5282611,0
0.12234678,0
0.028928718,0
0.37670004,0
0.008036551,0
0.0186555,0
0.021624139,0
0.0025685227,0
0.7109246,0
0.17484179,0
0.0057557477,0
0.06803743,0
0.3986016,0
0.06982896,0
0.52855927,0
0.006348426,0
0.3172023,0
0.44553292,0
0.022585658,0
0.0045610145,0
0.00974754,0
0.018080203,0
0.1943788,0
0.060135763,0
0.18581969,0
0.009699477,0
0.23745355,0
0.66251457,0
0.10238102,0
0.0023141,0
0.43080503,0
0.837438,0
0.078780524,0
0.16144878,0
0.64284223,1
0.1556226,0
0.0043507684,0
0.09121712,0
0.29155567,0
0.13779488,0
0.4650165,0
0.7704942,0
0.50847554,0
0.7256087,1
0.14355199,0
0.17329432,0
0.15547664,0
0.038150366,0
0.16646533,0
0.6347306,1
0.39173588,1
0.08440092,0
0.5478476,0
0.785298,1
0.7924476,1
0.0050763655,0
0.09369148,0
0.0037569555,0
0.05543263,0
0.5091981,0
0.4466727,0
0.4718979,1
0.49433443,1
0.04729172,0
0.052913807,0
0.048397228,0
0.04789918,0
0.60032165,1
0.048362006,0
0.534343,0
0.09104592,0
0.0028008579,0
0.006735285,0
0.14021637,0
0.06783483,0
0.2125756,0
0.00590696,0
0.2601459,0
0.009305897,0
0.014908093,0
0.2279365,0
0.25281858,0
0.1160133,0
0.044245124,0
0.030225983,0
0.07540832,0
0.020043526,0
0.010296893,0
0.008072435,0
0.0030585974,0
0.2850591,1
0.02288854,0
0.097824715,0
0.013567376,0
0.17551461,0
0.031588648,0
0.071947254,0
0.053210806,0
0.46221995,0
0.24563625,0
0.83397746,1
0.01202248,0
0.043010257,0
0.0073787263,0
0.425822,0
0.91585046,1
0.084460564,0
0.009887116,0
0.2699127,0
0.21583015,0
0.1066239,0
0.2950007,0
0.6570847,0
0.8999519,1
0.09717849,0
0.044701543,0
0.3145874,1
0.012700225,0
0.33776492,0
0.028648907,0
0.37874207,0
0.1613647,0
0.28868574,0
0.03837225,0
0.3922845,0
0.037325192,0
0.8580497,1
0.030339181,0
0.43265003,0
0.27161217,0
0.036924653,0
0.1345061,0
0.5122934,0
0.09172524,0
0.4491516,0
0.0235349,0
0.019449593,0
0.01332775,0
0.015721451,0
0.013238428,0
0.04932649,0
0.010664685,0
0.3795088,0
0.12313624,0
0.32171568,0
0.03669427,0
0.73358697,1
0.1279677,0
0.06665929,0
0.055429168,0
0.14152965,0
0.13140415,0
0.34357312,0
0.081278555,0
0.36798286,0
0.02608775,0
0.11534279,0
0.71691746,0
0.5071985,1
0.15918098,0
0.14023603,0
0.016564235,0
0.6713776,0
0.013688783,0
0.6956503,1
0.3496216,0
0.07683884,0
0.072835356,0
0.028877046,0
0.17868964,0
0.07840562,0
0.13402583,0
0.10094572,0
0.5064494,0
0.004819024,0
0.02222651,0
0.5499234,0
0.022999315,0
0.0022084739,0
0.012504417,0
0.29317984,0
0.07300339,0
0.008033773,0
0.04961971,0
0.093251884,0
0.014035147,0
0.06743156,0
0.20619915,0
0.4816487,0
0.6170364,0
0.5641023,0
0.06559113,0
0.49361902,0
0.58817446,0
0.72649646,0
0.86064637,1
0.3211979,0
0.07748094,0
0.8101578,0
0.06474382,0
0.78119165,1
0.020038525,0
0.011881011,0
0.027281577,0
0.49000585,0
0.06480814,0
0.101495065,0
0.022865063,0
0.3091873,0
0.80056536,1
0.07949987,0
0.7955101,1
0.18298697,0
0.68355,0
0.406771,0
0.31458753,0
0.1798655,0
0.056829143,0
0.017918479,0
0.009453612,0
0.034315076,0
0.10222471,0
0.027313247,0
0.5237649,0
0.02027811,0
0.099935085,0
0.033765268,0
0.02488005,1
0.13722835,0
0.034978334,0
0.49968097,0
0.3106592,0
0.017354298,0
0.44564337,0
0.576961,0
0.21444175,1
0.058592897,0
0.013061101,0
0.0128037,0
0.08420509,0
0.45145938,0
0.78822744,1
0.56954205,0
0.49543458,0
0.066039145,0
0.2714916,0
0.58530223,0
0.056029208,0
0.28906858,0
0.01623076,0
0.080773555,0
0.1927638,0
0.005096795,0
0.17857666,0
0.37745416,0
0.14402393,0
0.09383933,0
0.07545617,0
0.12629125,1
0.34391704,0
0.4025334,0
0.22370535,1
0.006753044,0
0.34558818,0
0.31385964,0
0.06768523,0
0.61146307,0
0.13186678,0
0.17226927,0
0.019570313,0
0.035115663,0
0.04549077,0
0.025027592,0
0.15397732,0
0.010743035,0
0.5244385,1
0.047164634,0
0.3301164,0
0.0027648953,0
0.04621262,0
0.20897827,0
0.034436755,0
0.019341694,0
0.6366993,0
0.17896454,0
0.42095053,0
0.19531463,0
0.39522278,0
0.025553072,0
0.02003307,0
0.21395126,0
0.55275106,0
0.08841525,0
0.6136197,0
0.80097747,0
0.025807805,0
0.42654878,0
0.01743558,0
0.21281515,0
0.24794617,0
0.33673897,0
0.013419528,0
0.07336054,0
0.004592641,0
0.26032057,0
0.11544324,0
0.02320905,0
0.38476393,0
0.04214308,0
0.042283986,0
0.06520672,0
0.0022833974,0
0.302869,0
0.49050835,0
0.3016256,0
0.002659125,0
0.15793513,0
0.013699074,0
0.36499795,0
0.19761568,0
0.42934492,0
0.5487371,0
0.014800849,0
0.57940286,1
0.067100555,0
0.023635035,0
0.027664525,0
0.11670599,0
0.3494644,0
0.015674813,0
0.28129792,0
0.028709598,0
0.51498824,0
0.17604195,0
0.06597599,0
0.19550455,0
0.7931173,0
0.45281026,1
0.15382965,0
0.40116197,0
0.0075343545,0
0.78332466,0
0.5885059,0
0.04221133,0
0.1757648,0
0.026597513,0
0.23072527,0
0.23725532,0
0.66793245,1
0.15431218,0
0.10879077,0
0.15406598,0
0.9178454,1
0.29365155,0
0.1285004,0
0.027014833,0
0.024870547,0
0.01533538,0
0.018862097,0
0.011143157,0
0.8584355,1
0.537919,0
0.47485468,0
0.012094516,0
0.07670929,0
0.08104025,0
0.8814221,1
0.29915214,0
0.19256607,1
0.2067811,0
0.04976542,0
0.010412342,0
0.15163371,0
0.16003303,0
0.3426935,0
0.85062253,1
0.3735626,0
0.9296521,1
0.22012976,0
0.8483771,1
0.004671985,0
0.0018646128,0
0.26751164,0
0.57752824,1
0.05650189,0
0.06428858,0
0.47291443,0
0.056112897,0
0.046870865,0
0.06551231,0
0.056040443,0
0.05899349,0
0.04463043,0
0.15964441,0
0.024791375,0
0.020054955,0
0.023628905,0
0.7414592,1
0.08558161,0
0.06591429,0
0.52189505,0
0.54188454,1
0.2934675,0
0.3780174,0
0.0863174,0
0.7004141,1
0.23673414,0
0.03201248,0
0.6169443,0
0.040113818,0
0.07448351,0
0.054497883,0
0.66512996,0
0.133829,0
0.015741365,0
0.04180683,0
0.10160102,0
0.018003274,0
0.17618193,0
0.16929872,0
0.59570587,0
0.037886657,0
0.07513414,0
0.44503164,0
0.3873228,0
0.031614788,0
0.38660765,0
0.4589188,0
0.012961233,0
0.11173588,0
0.8978056,1
0.40901396,1
0.05259243,0
0.060539775,0
0.11338224,0
0.19112162,0
0.16744135,0
0.020579157,0
0.2416395,0
0.26229653,0
0.13204059,0
0.06085272,0
0.0947312,0
0.54140925,0
0.57621825,1
0.04206849,0
0.08694467,0
0.5409237,0
0.055088528,0
0.62719476,0
0.020029094,0
0.811208,1
0.09350837,0
0.6429723,0
0.048007265,0
0.020569151,0
0.09591864,0
0.5359553,0
0.16457444,0
0.11690059,0
0.050170742,0
0.07451542,0
0.34550157,0
0.0020175695,0
0.14172618,0
0.8764391,0
0.26207095,0
0.14483516,0
0.17681387,0
0.15563038,0
0.6020053,1
0.26366138,0
0.14330864,0
0.82726353,1
0.014287454,0
0.0039900416,0
0.039788555,0
0.24260367,0
0.8412556,1
0.08450235,0
0.5046167,1
0.0022241168,0
0.35660607,0
0.04613872,0
0.13533281,0
0.047166284,0
0.008541402,0
0.3940612,0
0.011941413,0
0.7765571,0
0.5031982,0
0.10840536,0
0.012716205,0
0.024070483,0
0.6986829,0
0.12637149,0
0.046512265,0
0.3811777,0
0.49499577,0
0.065813564,0
0.29740405,0
0.66696626,1
0.79979795,1
0.66854846,0
0.16974962,0
0.11506686,0
0.03045569,0
0.012925387,0
0.052648567,0
0.32653564,0
0.04869296,0
0.04717331,0
0.37235677,0
0.07702405,0
0.0056830095,0
0.0857349,0
0.31721386,0
0.02080289,0
0.07729595,0
0.008016407,0
0.25055972,0
0.22140639,0
0.3998374,0
0.012305301,0
0.08382952,0
0.12583756,0
0.024406893,0
0.06829107,0
0.28263515,0
0.031714823,0
0.32679635,0
0.3225515,0
0.13912816,0
0.0063931197,0
0.08298598,0
0.085501045,0
0.0387479,0
0.054080635,0
0.06938589,0
0.24714229,0
0.026384607,0
0.15281205,0
0.08818046,0
0.13979252,0
0.016842544,0
0.008121854,0
0.10461369,0
0.41248372,0
0.11347503,0
0.04414205,0
0.1043518,0
0.87380713,0
0.01042974,0
0.004485158,0
0.056825478,0
0.028290609,0
0.11543912,0
0.08166815,0
0.41876438,0
0.03983142,0
0.10137563,0
0.15223818,0
0.028742444,0
0.095566384,0
0.35367674,0
0.40870047,1
0.56911296,0
0.0074151442,0
0.23712103,0
0.73587406,0
0.22195171,0
0.42561725,0
0.35164452,1
0.23993155,0
0.043381575,0
0.7712987,1
0.020328986,0
0.7356808,0
0.24464715,0
0.44257957,0
0.027890986,0
0.061721794,0
0.007930611,0
0.11986386,0
0.31726032,0
0.686747,0
0.12640207,0
0.46598512,0
0.07305714,0
0.053214014,0
0.16721451,0
0.025593847,0
0.006962186,0
0.15204546,0
0.11040487,0
0.32822523,0
0.32861853,0
0.30989534,0
0.8269998,1
0.3565904,0
0.065712094,0
0.011743992,0
0.3636143,0
0.17254075,0
0.84395456,0
0.011008253,0
0.00914354,0
0.29103523,0
0.05529735,0
0.03546176,0
0.4775607,0
0.08050419,0
0.1010309,0
0.11644238,0
0.0021958319,0
0.13716792,0
0.073833674,0
0.017797953,0
0.029699218,0
0.23085003,0
0.1881764,0
0.7793072,1
0.031052431,0
0.18044107,0
0.88645446,0
0.10884452,0
0.031315483,0
0.5476138,0
0.02049124,0
0.012669692,0
0.26603737,0
0.061621264,0
0.039354302,0
0.071438305,0
0.06309507,0
0.08877991,0
0.01620256,0
0.6288557,0
0.829155,1
0.11201033,0
0.095937215,0
0.003851013,0
0.11147379,0
0.06896876,0
0.14977379,0
0.3474632,0
0.11806988,0
0.7744584,1
0.4126712,0
0.10328602,0
0.2238946,0
0.25205645,0
0.0480318,0
0.17814703,0
0.05508586,0
0.023302758,0
0.06520493,0
0.4198924,0
0.02403391,0
0.30572167,0
0.12107563,0
0.26319212,0
0.3425785,0
0.17388643,0
0.00356171,0
0.34163728,0
0.073588714,0
0.2866352,0
0.12940714,0
0.019389722,0
0.09308731,0
0.13242921,0
0.0042714616,0
0.24614365,0
0.097795814,0
0.0056401137,0
0.45149377,0
0.21599217,0
0.052410536,0
0.040647216,0
0.180145,0
0.91344714,1
0.107155465,0
0.66190815,0
0.12285442,0
0.15334669,0
0.099203296,0
0.15921286,0
0.870296,1
0.027787762,0
0.18975922,0
0.45515683,0
0.03736393,0
0.65614986,1
0.10981435,0
0.23791419,0
0.11676616,0
0.01287327,0
0.062306393,0
0.079521574,0
0.041856512,0
0.04472128,0
0.141567,0
0.101229854,0
0.04999855,0
0.16119353,0
0.04184847,0
0.06701293,0
0.099682786,0
0.0036135353,0
0.06589026,0
0.16150124,0
0.7223421,0
0.017776826,0
0.8921755,1
0.019688426,0
0.031018145,0
0.011153797,0
0.1230836,0
0.28068146,0
0.14298257,0
0.19666356,0
0.31829503,0
0.83216316,0
0.091581464,0
0.077764206,0
0.06268816,0
0.20701563,0
0.26998743,0
0.030677177,0
0.3629475,0
0.0065446757,0
0.35659498,0
0.5367466,0
0.3566821,0
0.18045495,0
0.17469808,0
0.081153944,0
0.2548727,0
0.520483,0
0.011946304,0
0.060066618,0
0.5042962,0
0.15247194,0
0.033420138,0
0.11844259,0
0.07471784,0
0.6858878,0
0.007291172,0
0.3253379,0
0.037167173,0
0.03751518,0
0.15319869,0
0.00382148,0
0.46523276,0
0.64520675,0
0.41092172,0
0.4429215,1
0.0033525275,0
0.032450553,0
0.8654023,1
0.015146063,0
0.15084185,0
0.77508247,0
0.8882108,0
0.12854806,0
0.14457221,0
0.042655088,0
0.020666448,0
0.005127539,0
0.024689507,0
0.18331842,0
0.83377975,1
0.47522032,0
0.2678386,0
0.42095697,0
0.8409595,0
0.4129331,0
0.1469496,0
0.8274698,0
0.004883232,0
0.20397457,0
0.023577582,0
0.33725783,0
0.18825471,0
0.28695545,0
0.28285864,1
0.004828679,0
0.34390387,0
0.28770924,0
0.14678293,0
0.08474603,0
0.5727771,0
0.027001966,0
0.28277785,0
0.17419769,0
0.15427217,0
0.20197375,0
0.24710226,0
0.48270994,0
0.4744313,0
0.7977012,0
0.023359345,0
0.65787005,0
0.34605625,0
0.007859506,0
0.06036536,0
0.8773832,1
0.03789241,0
0.50016516,0
0.0019232901,0
0.4963749,0
0.2536791,0
0.19971554,0
0.06135083,0
0.8235615,1
0.30794647,0
0.15060714,0
0.017303783,0
0.1481484,0
0.021366782,0
0.065383345,0
0.6847834,0
0.14101438,0
0.01114125,0
0.02207906,0
0.37669665,0
0.019804837,0
0.75221807,1
0.607484,0
0.18667707,0
0.4974961,0
0.006867491,0
0.54922396,0
0.72185224,1
0.333041,0
0.068176486,0
0.676527,1
0.46238092,0
0.7943853,1
0.13875344,0
0.3175766,0
0.06278054,0
0.0020874408,0
0.12771317,0
0.514259,0
0.594412,0
0.1870124,0
0.07742958,0
0.34809256,0
0.032110736,0
0.19736573,0
0.10600358,0
0.006304144,0
0.43323237,0
0.005711705,0
0.13251835,0
0.04315835,0
0.05949239,0
0.10491105,0
0.009129627,0
0.038820673,0
0.26368356,0
0.01622276,0
0.18137637,0
0.37087193,0
0.266707,0
0.361623,0
0.06026424,0
0.71613115,1
0.59971,1
0.12840694,0
0.23261592,0
0.046446793,0
0.083351284,0
0.16008249,0
0.3844545,0
0.02747817,0
0.085695736,0
0.07228248,0
0.033107143,0
0.37309366,0
0.7787016,0
0.430704,0
0.068228684,0
0.00257249,0
0.31148636,0
0.2631933,0
0.08819948,0
0.0704146,0
0.4114281,0
0.70002776,1
0.68374497,1
0.053936187,0
0.4477732,0
0.025966529,0
0.039639857,0
0.7386397,0
0.2825744,0
0.0504455,0
0.021957405,0
0.0076788063,0
0.5026016,0
0.2470061,0
0.015809197,0
0.7044874,0
0.06649814,0
0.34505314,0
0.280512,0
0.10068818,0
0.26382807,0
0.76104045,1
0.9388834,1
0.030023104,0
0.9578176,1
0.020670265,0
0.30981168,0
0.11903358,0
0.27765718,0
0.07540315,0
0.305783,0
0.06612531,0
0.1511967,1
0.107312374,0
0.14758505,0
0.0022272132,0
0.040200733,0
0.08104393,0
0.020905439,0
0.085212864,0
0.26648992,0
0.2244465,0
0.04720056,0
0.106106505,0
0.13641831,0
0.17917491,0
0.5038612,0
0.19497004,0
0.8687574,1
0.2155657,0
0.4265184,1
0.0033701581,0
0.3233111,0
0.009406776,0
0.06520945,0
0.006237977,0
0.05501386,0
0.86456394,0
0.08430816,0
0.023727583,0
0.22068025,0
0.0016367354,0
0.15200076,0
0.18248321,0
0.7058729,0
0.32708842,0
0.0568127,0
0.026156923,0
0.29962125,0
0.7629411,0
0.019256683,1
0.24608357,0
0.7800348,0
0.035034463,0
0.037453957,0
0.54634637,0
0.5460309,0
0.58627754,0
0.15539724,0
0.12945496,0
0.51774657,0
0.5529743,0
0.0077096825,0
0.0689805,0
0.13884981,0
0.4410095,0
0.71071625,0
0.01349262,0
0.34056002,1
0.065923676,0
0.031870417,0
0.33402845,0
0.09968005,0
0.0637924,0
0.2934896,0
0.13728073,0
0.32003096,1
0.10485614,0
0.008445327,0
0.039475467,0
0.33443016,0
0.46950704,0
0.00655977,0
0.44634557,0
0.012095354,0
0.088138945,0
0.026307028,0
0.38888627,0
0.042417083,0
0.18595186,0
0.3255978,0
0.06828468,0
0.121131465,0
0.47101703,0
0.068091266,0
0.17261885,0
0.4977698,0
0.27828914,0
0.2796557,0
0.04773752,0
0.021223469,0
0.35194626,0
0.07292951,0
0.6954192,0
0.5493728,0
0.029658569,0
0.30674312,0
0.88889575,1
0.13885376,0
0.25141472,0
0.68018657,0
0.3148515,0
0.035867363,0
0.395871,0
0.01558427,0
0.5729406,1
0.03513626,0
0.0640554,0
0.013377428,0
0.055025395,0
0.014957016,0
0.009675944,0
0.2350867,0
0.06710859,0
0.10316065,0
0.11747658,0
0.0010268316,0
0.716937,0
0.05404699,0
0.020046102,0
0.026472183,0
0.090482436,0
0.8878412,1
0.27015653,0
0.6258548,1
0.53962183,0
0.16963534,0
0.03895524,0
0.73218167,1
0.10529799,0
0.206672,0
0.36362714,0
0.15236767,0
0.48873815,0
0.39273965,0
0.014256916,0
0.07857424,0
0.71903676,0
0.08384893,0
0.062261526,0
0.6361752,0
0.49441874,0
0.04440616,0
0.76448077,1
0.0775046,0
0.19802323,0
0.519306,0
0.12655577,0
0.023184033,0
0.108830094,0
0.20012017,0
0.0023027468,0
0.0037987265,0
0.021468231,0
0.041380607,0
0.3624168,0
0.4366656,0
0.009632156,0
0.17567658,0
0.05598111,0
0.3683694,0
0.0053143348,0
0.7462324,0
0.2974046,0
0.30739537,0
0.057202484,0
0.45374143,0
0.016566634,0
0.19633617,0
0.057592396,0
0.6912209,0
0.8981804,1
0.37329078,0
0.29671776,1
0.009735916,0
0.012899788,0
0.14739108,0
0.065314315,0
0.21708697,0
0.082748994,0
0.21843135,0
0.011247604,0
0.01043846,0
0.014366385,0
0.041453347,0
0.21620525,0
0.141392,0
0.015440759,0
0.032541152,0
0.016062122,0
0.47129583,0
0.01976707,0
0.29535577,0
0.7191025,0
0.013245875,0
0.004693438,0
0.23215492,0
0.60390943,0
0.61514086,1
0.03823873,0
0.51799303,0
0.021188011,0
0.27311373,0
0.16402024,0
0.13106728,0
0.5113224,1
0.30810824,0
0.007576496,0
0.017487988,0
0.040028647,0
0.13694155,0
0.27498248,0
0.085387975,0
0.06414213,0
0.583606,0
0.016235275,0
0.12520652,0
0.31437814,0
0.045002956,0
0.088854216,0
0.05038287,0
0.008919182,0
0.0047430745,0
0.09235048,0
0.15206973,0
0.023809537,0
0.81257516,1
0.10296405,1
0.113300554,0
0.006825429,0
0.20716123,0
0.26718783,0
0.38093257,0
0.12571265,0
0.9062767,1
0.015715528,0
0.48656344,0
0.0034938846,0
0.4426237,0
0.47385725,0
0.080161184,0
0.22417651,0
0.053401485,0
0.42362377,1
0.027680488,0
0.05346665,0
0.07008567,0
0.1047642,0
0.2907693,1
0.37298822,0
0.22612408,0
0.7830803,1
0.12450036,0
0.39962462,0
0.12173473,0
0.045445316,0
0.19302857,0
0.1690062,0
0.02177209,0
0.06423727,0
0.0080024265,0
0.0006581374,0
0.018133752,0
0.32899368,0
0.09731365,0
0.15868977,0
0.123889215,0
0.24051814,0
0.03363076,0
0.07449309,0
0.17862254,0
0.03610618,0
0.060302954,0
0.06430497,0
0.0813672,0
0.11870596,0
0.022758115,0
0.27694505,0
0.029882886,0
0.24983281,0
0.307224,0
0.036595263,0
0.12763552,0
0.28538623,0
0.27034375,0
0.055377677,0
0.43767276,0
0.085999966,0
0.0377961,0
0.73279005,0
0.15692307,0
0.10954806,0
0.45260862,0
0.034983326,0
0.13453448,0
0.38477206,0
0.7251997,1
0.22815238,0
0.02096434,0
0.13796695,0
0.5500033,0
0.812,0
0.43380982,0
0.75837266,0
0.100669384,0
0.50910825,0
0.5340888,1
0.79339546,0
0.08425167,0
0.7967443,0
0.11362672,0
0.1851064,0
0.048749216,0
0.014888309,0
0.52015895,0
0.061467208,0
0.1960973,0
0.19729139,0
0.6791666,0
0.09514704,0
0.3519234,0
0.47630775,0
0.6509263,1
0.8512911,1
0.3783558,0
0.06392098,0
0.53458077,1
0.56595063,0
0.03199098,0
0.15044338,0
0.0132655585,0
0.004931242,0
0.10012884,0
0.14080998,0
0.3048072,0
0.20666724,0
0.07009003,0
0.115069486,0
0.1526589,0
0.003987543,0
0.10036877,0
0.0031286536,0
0.056530964,0
0.58133686,1
0.0032425944,0
0.1477619,0
0.06330596,0
0.44859055,0
0.092319295,0
0.13934886,0
0.008957143,0
0.6894608,0
0.14096916,0
0.06107297,0
0.07813164,0
0.01769385,0
0.046542525,0
0.7180172,1
0.05067347,0
0.3180952,0
0.063976415,0
0.036813334,0
0.2907395,0
0.50135833,0
0.05818621,0
0.42429614,0
0.032303058,0
0.042554367,0
0.21655987,0
0.0011924346,0
0.04520107,0
0.058698814,0
0.4794088,0
0.83853805,1
0.63951874,0
0.5281479,0
0.6147124,0
0.035590187,0
0.010561331,0
0.5342788,1
0.9162104,1
0.15834998,0
0.045817085,0
0.13147853,0
0.5306986,0
0.8964775,1
0.49520287,1
0.13979226,0
0.16839722,0
0.039845407,0
0.26280612,0
0.8706414,0
0.7176559,0
0.48310488,0
0.17036143,0
0.44874245,0
0.022208102,0
0.027275598,0
0.21538456,0
0.018250553,0
0.70115525,1
0.02171451,0
0.092523344,0
0.41698432,0
0.7031665,0
0.084334634,0
0.52495617,1
0.50164974,0
0.012109715,0
0.045975577,0
0.21065502,0
0.5275947,1
0.03648436,0
0.39008975,0
0.057308298,0
0.008080408,0
0.024990937,0
0.24115895,0
0.6116075,1
0.008167767,0
0.039474014,0
0.035262823,0
0.52115864,0
0.37706918,0
0.0120784715,0
0.10636103,0
0.4704987,1
0.0671973,0
0.8693486,1
0.42237768,0
0.041835655,0
0.10602509,0
0.09023188,0
0.08571574,0
0.018534916,0
0.033101995,0
0.008755277,0
0.7011518,0
0.2502722,0
0.14551921,0
0.002455148,0
0.29317236,0
0.31592128,1
0.0075587435,0
0.0459519,0
0.06741996,0
0.04969141,0
0.040068902,0
0.14616369,0
0.025218256,0
0.11897647,0
0.42864734,0
0.5235147,0
0.28431362,0
0.45947534,0
0.11819238,0
0.019313537,0
0.8923193,1
0.052600574,0
0.08269174,0
0.38133428,0
0.44707808,0
0.14945522,0
0.0046893144,0
0.8685314,1
0.19883011,0
0.028897317,0
0.030372202,0
0.20703153,0
0.38221312,0
0.0084726075,0
0.35677657,0
0.27790087,1
0.30189693,0
0.7523211,1
0.06089121,0
0.14900248,0
0.013931912,0
0.8754122,0
0.061933666,0
0.18606049,0
0.22225593,0
0.017370358,0
0.36783686,1
0.09517139,0
0.78822786,1
0.76769644,0
0.39793092,0
0.34886673,0
0.046389323,0
0.11378133,0
0.5967948,0
0.24969846,0
0.034992736,0
0.19658807,0
0.2160245,1
0.08649918,0
0.096578635,0
0.047627598,0
0.40820587,0
0.48352766,0
0.29599252,0
0.07557058,0
0.029734256,0
0.0011260874,0
0.63752395,0
0.13606521,0
0.01470762,0
0.04616003,0
0.22970632,0
0.15804824,0
0.025604658,0
0.22937916,0
0.09191865,0
0.86914676,1
0.008964066,0
0.32709125,0
0.2760254,0
0.02427176,0
0.66821903,0
0.21299234,0
0.4219946,0
0.2035892,0
0.5480634,0
0.13691293,0
0.86604017,1
0.018933991,0
0.37725616,0
0.037815727,0
0.12758565,0
0.28727216,0
0.1138565,0
0.32622117,0
0.084824845,0
0.30772805,0
0.0049383254,0
0.16849679,0
0.17070553,0
0.94550276,0
0.005675774,0
0.3272743,0
0.4578235,0
0.10537549,0
0.07747975,0
0.72347504,1
0.056491993,0
0.44128197,0
0.6935944,1
0.009594407,0
0.809981,0
0.6013053,0
0.47508177,0
0.14095926,0
0.48332334,0
0.028310085,0
0.10877988,0
0.22238152,0
0.47496286,0
0.5903688,1
0.13621338,0
0.9416448,0
0.70141417,1
0.1692251,0
0.010632368,0
0.09608668,0
0.010925573,0
0.10681022,0
0.26838878,0
0.038012907,0
0.038292117,0
0.3086051,0
0.09900053,0
0.21283697,0
0.090868175,0
0.6393079,0
0.17088397,0
0.13751948,0
0.27911627,0
0.066632524,0
0.20296271,0
0.0057545584,0
0.21586226,1
0.0058768913,0
0.013143159,0
0.21707185,0
0.8655941,0
0.7961024,1
0.33766633,0
0.47416604,0
0.08274593,0
0.22514482,0
0.10682572,0
0.181401,0
0.04290481,0
0.006152747,0
0.13592298,0
0.018511003,0
0.04825608,0
0.5734096,1
0.6823487,1
0.43797335,1
0.03836973,0
0.6961984,1
0.2553648,0
0.021798795,0
0.115650654,0
0.118071444,0
0.16823454,0
0.24681918,0
0.700334,1
0.28173465,0
0.06329013,0
0.07480551,0
0.5754312,0
0.4369561,0
0.021785896,0
0.006102723,0
0.035825733,0
0.079687364,0
0.06474142,0
0.40273765,0
0.8107986,0
0.6232028,0
0.04067305,0
0.0907661,0
0.6925805,0
0.65268916,0
0.039366554,0
0.036025014,0
0.10546354,0
0.67641175,0
0.74832386,1
0.066451415,0
0.06220459,0
0.01761008,0
0.0028558157,0
0.06334345,0
0.33585507,0
0.2707827,0
0.30393445,0
0.52625495,0
0.012795198,0
0.09593259,0
0.60362566,0
0.06028285,0
0.02502234,0
0.0455135,0
0.10877385,0
0.49315152,0
0.036760043,0
0.47703582,0
0.15351725,0
0.07797486,0
0.0025979015,0
0.035059337,0
0.45827907,1
0.17380826,0
0.13967735,0
0.0020246452,0
0.0035591912,0
0.01550476,0
0.021379346,0
0.056662466,0
0.20167905,0
0.11713462,0
0.07672745,0
0.18350455,0
0.042261146,0
0.0046850923,0
0.910304,1
0.1842386,0
0.5273941,0
0.21267492,0
0.23270977,0
0.86600256,1
0.06050057,0
0.024661304,0
0.18644291,0
0.15254626,0
0.52763605,1
0.11075041,0
0.71066767,0
0.37074736,0
0.04506607,0
0.030804144,0
0.5288598,0
0.17131738,0
0.0023257523,0
0.0034127077,0
0.09887482,0
0.4722534,0
0.02607494,0
0.4095608,0
0.8074558,1
0.24747008,0
0.19039851,0
0.025238032,0
0.37336862,0
0.36045635,1
0.046828076,0
0.10761506,0
0.54382056,1
0.035652597,0
0.013268824,0
0.77319264,1
0.1491381,0
0.0834983,0
0.09837069,0
0.55836827,1
0.11747948,0
0.09104743,0
0.518461,0
0.44800267,0
0.31873634,0
0.06837429,0
0.6674594,0
0.6979712,0
0.08738202,0
0.07024338,0
0.008224234,0
0.0037459293,0
0.10754104,0
0.018459557,0
0.04304438,0
0.13109098,0
0.22953819,0
0.058852155,0
0.42218056,1
0.06749469,0
0.60462254,0
0.08210687,0
0.037813384,0
0.037030093,0
0.092154756,0
0.6469797,0
0.16654988,0
0.056200597,0
0.13540058,0
0.44363987,0
0.022644535,0
0.47447392,0
0.67265797,0
0.108804405,0
0.12561776,0
0.663527,0
0.14090607,0
0.69305354,0
0.26457426,0
0.7706682,0
0.49981552,0
0.5880645,0
0.026687525,0
0.7364044,1
0.26115146,0
0.16513158,0
0.07736039,0
0.41783112,0
0.52536225,0
0.0072497763,0
0.5834683,0
0.0030187687,0
0.07433695,0
0.07474842,0
0.16513315,0
0.16669835,0
0.5765458,0
0.022682652,0
0.6247302,0
0.65577334,0
0.15492845,0
0.17792302,0
0.0067989356,0
0.06912295,0
0.55046356,0
0.25766215,0
0.2316437,0
0.046371944,0
0.07035978,0
0.053285737,0
0.0060376646,0
0.6974904,1
0.16509369,0
0.07420256,0
0.36773854,0
0.7700577,1
0.19493766,0
0.19691864,0
0.02845025,0
0.14363773,0
0.26268026,0
0.5224511,0
0.63754195,1
0.37513143,1
0.014241003,0
0.034868944,0
0.513874,0
0.5662732,0
0.62163246,0
0.6604381,0
0.013846195,0
0.09079741,0
0.47171474,0
0.6347687,0
0.05683197,0
0.21499908,0
0.2129986,0
0.024299776,0
0.102864645,0
0.16290437,0
0.29664174,0
0.198812,0
0.8370546,1
0.11501154,0
0.027395597,0
0.016478999,0
0.77765113,1
0.8435645,1
0.23958744,0
0.0520309,0
0.06581177,0
0.058872607,0
0.019775799,0
0.18088046,0
0.67285734,0
0.15285988,0
0.0052738967,0
0.1558815,0
0.2800875,0
0.16252942,0
0.61113244,1
0.4969995,0
0.14737943,0
0.1664303,0
0.57184404,0
0.08459751,0
0.024904829,0
0.018010836,0
0.011853914,0
0.16109897,0
0.017469931,0
0.30473107,0
0.025315952,0
0.18489598,0
0.03439204,0
0.13336866,0
0.304428,0
0.6171266,0
0.3623886,0
0.2545646,0
0.19271661,0
0.005142362,0
0.02757002,0
0.04278151,0
0.07484856,0
0.075394385,0
0.6843254,0
0.13526979,0
0.0078090834,0
0.33094588,0
0.2380934,1
0.066716306,0
0.05904458,0
0.01115538,0
0.0093492195,0
0.04222397,0
0.4041369,0
0.1676911,0
0.019405805,0
0.009312991,0
0.017267302,0
0.6165498,1
0.2882827,0
0.017057177,0
0.14087942,0
0.012210278,0
0.0035908306,0
0.4752874,0
0.16363516,0
0.0629447,0
0.051210485,0
0.08854031,0
0.018300943,0
0.3196013,0
0.04433658,0
0.08837229,0
0.23517723,0
0.14139149,0
0.31941897,0
0.057695735,0
0.29951188,0
0.07607261,0
0.0046151965,0
0.06393509,0
0.02158206,0
0.3994316,0
0.5051701,0
0.040972,0
0.014527392,0
0.12488826,0
0.8212443,1
0.04012914,0
0.19625679,0
0.54484934,0
0.28500783,0
0.69190335,0
0.017162025,0
0.88050926,1
0.08453994,0
0.48478842,0
0.09557842,0
0.038371015,0
0.114835985,0
0.50262207,0
0.010968088,0
0.09273475,0
0.26525763,0
0.04716223,0
0.6166691,0
0.0705557,0
0.0807792,0
0.17964213,0
0.15240094,0
0.12516993,0
0.20500194,0
0.004753172,0
0.1992753,0
0.03125728,0
0.17201635,1
0.36226875,0
0.07514046,0
0.24158834,0
0.012047546,0
0.01873114,0
0.112897746,0
0.04483312,0
0.39961782,0
0.23016436,0
0.11150791,0
0.45471206,0
0.091079496,0
0.11027892,0
0.22485958,0
0.02129812,0
0.026101071,0
0.25601637,0
0.06262667,0
0.16194677,0
0.122788414,0
0.016390197,0
0.87832737,0
0.69876987,0
0.060369752,0
0.68822396,1
0.051506482,0
0.03894936,0
0.032190453,0
0.076469235,0
0.3629512,0
0.023878692,0
0.67847383,0
0.5906165,0
0.06347902,0
0.16592169,0
0.1577554,0
0.3285492,0
0.011598253,0
0.6707994,0
0.81896126,1
0.08848901,0
0.50913846,0
0.31582782,0
0.0032833104,0
0.40288603,0
0.23356171,0
0.5727157,0
0.013763936,0
0.007683804,0
0.034330714,0
0.0012793513,0
0.03202183,0
0.5838101,1
0.15375957,0
0.087954536,0
0.08050891,0
0.26801407,0
0.8941252,0
0.8136785,0
0.062874906,0
0.20462471,0
0.51782537,1
0.36357248,1
0.0057162372,0
0.05570004,0
0.03498054,0
0.108928405,0
0.070533894,0
0.008869452,0
0.029892001,0
0.01893227,0
0.096479684,0
0.010163161,0
0.010167167,0
0.2786608,0
0.07769859,0
0.06679428,0
0.04793635,0
0.20350267,0
0.0142879365,0
0.05420678,0
0.0666199,0
0.05106209,0
0.046617117,0
0.18399678,0
0.17107654,0
0.04893517,0
0.21709171,0
0.5334189,0
0.5310361,0
0.15781741,0
0.17696348,0
0.68690014,1
0.12947664,0
0.1512649,0
0.22636434,0
0.055044312,0
0.048204493,0
0.31472862,0
0.051450767,0
0.3300313,0
0.0012428766,0
0.2333268,0
0.113474615,0
0.012151354,0
0.7268205,0
0.023451123,0
0.34530982,0
0.049429715,0
0.013453382,0
0.54144,0
0.86839265,0
0.6218757,1
0.006090333,0
0.06155578,0
0.15152763,0
0.03397451,0
0.0535411,0
0.013056755,0
0.608086,0
0.004681363,0
0.265938,1
0.15692522,0
0.31256217,0
0.013141119,0
0.13772663,0
0.15862152,0
0.17988427,0
0.3549272,0
0.4948793,0
0.54782605,1
0.5668548,0
0.6143027,0
0.41991827,0
0.28552133,0
0.112578265,0
0.031964764,0
0.78622067,1
0.3420243,0
0.049230047,0
0.0012422972,0
0.009555328,0
0.0790486,0
0.38862568,0
0.36585924,0
0.053302225,0
0.0030778928,0
0.47102585,0
0.047469493,0
0.7115885,0
0.046605963,0
0.09016551,0
0.0016059758,0
0.11659361,0
0.041360732,0
0.037360903,0
0.0535883,0
0.060393438,0
0.21107951,0
0.026091335,0
0.38893148,0
0.11135329,0
0.042538777,0
0.3263265,0
0.14382565,0
0.2384843,0
0.78893214,0
0.5439505,0
0.10183654,0
0.74986726,1
0.8352866,1
0.015176072,0
0.5514679,1
0.15927398,0
0.04127012,0
0.10253684,0
0.8567711,1
0.52145743,0
0.021351276,0
0.79042065,0
0.0070074443,0
0.22484039,0
0.7601529,0
0.02147543,0
0.16044037,0
0.26737103,0
0.14925121,0
0.17130287,1
0.18608995,0
0.62400055,0
0.08811762,0
0.5121577,0
0.5479699,0
0.1309622,0
0.6036493,0
0.25031647,0
0.013577616,0
0.66160774,1
0.4736671,0
0.32746476,0
0.11840741,0
0.34724617,0
0.07414021,0
0.3559981,0
0.6504702,0
0.09299504,0
0.075508,0
0.9442251,1
0.31334957,0
0.7412502,0
0.05761707,0
0.21219602,0
0.12183909,0
0.10422308,0
0.13266128,0
0.0098580355,0
0.08299257,0
0.03993447,0
0.54647595,1
0.468791,0
0.056282725,0
0.013739245,0
0.043639928,0
0.62358737,0
0.030337622,0
0.028505858,0
0.012663393,0
0.6399793,0
0.23462595,0
0.24242091,1
0.3341735,0
0.01977705,1
0.33342117,0
0.93904716,1
0.040515948,0
0.60529596,1
0.23533528,0
0.025732763,0
0.097286366,0
0.017122056,0
0.06938883,0
0.25656742,0
0.023595601,0
0.015181711,0
0.07178733,0
0.46577057,0
0.5866561,0
0.57947713,0
0.087713696,0
0.36371532,1
0.3593147,0
0.050370216,0
0.010761416,0
0.5145514,0
0.07143863,0
0.32572877,0
0.09835974,0
0.042437773,0
0.047863908,0
0.00024590816,0
0.30793718,0
0.6390561,1
0.009777336,0
0.04101887,0
0.10807587,0
0.010903566,0
0.058071118,0
0.37773538,0
0.026105545,0
0.22846383,0
0.3787882,0
0.24266046,1
0.0021867766,0
0.43323615,0
0.07629619,0
0.014683317,0
0.51348805,0
0.06179153,0
0.08229641,0
0.034623176,0
0.110937074,0
0.01678516,0
0.14779301,0
0.01109861,0
0.042752735,0
0.052874763,0
0.6492244,0
0.37610972,0
0.80020595,0
0.058212362,0
0.28978917,0
0.05088985,0
0.1701976,0
0.6768466,0
0.62868416,1
0.15188633,0
0.20238367,0
0.32614523,0
0.17915446,0
0.08297659,0
0.80432224,1
0.773928,1
0.12050387,0
0.35330975,0
0.64143324,0
0.0036896383,0
0.0026830658,0
0.054962028,0
0.39255044,0
0.035087667,0
0.0036274716,0
0.16996835,0
0.49007386,1
0.02529971,0
0.95536757,1
0.5104458,0
0.11719715,0
0.078579284,0
0.3187774,0
0.0028883228,0
0.45441982,0
0.9182636,1
0.02120426,0
0.28715533,0
0.092477985,0
0.08947655,0
0.10101596,0
0.21393533,0
0.6557553,1
0.5830795,1
0.10874928,0
0.10411959,0
0.11344611,0
0.049893487,0
0.049682844,0
0.048859395,0
0.13400179,0
0.03829389,0
0.2214836,0
0.6162601,0
0.056814566,0
0.084963284,0
0.17366865,0
0.035169214,0
0.33186135,1
0.008555414,0
0.04446426,0
0.50430125,0
0.1050771,0
0.008226285,0
0.08187368,0
0.1824412,0
0.37697873,1
0.6389788,0
0.6737749,0
0.27802595,0
0.18052916,0
0.73524296,0
0.050080143,0
0.35624823,0
0.014479636,0
0.029079499,0
0.52491087,0
0.55453783,1
0.0021806476,0
0.016254373,0
0.008473064,0
0.049749963,0
0.21616206,0
0.010356655,0
0.109176084,0
0.033556722,0
0.04587216,0
0.0028107692,0
0.8211706,1
0.14135106,0
0.14774531,0
0.007345264,0
0.15337607,0
0.33229065,0
0.16146576,0
0.004568581,0
0.03786015,0
0.1196127,0
0.16913016,0
0.0008999655,0
0.3811344,0
0.13528423,0
0.0013513223,0
0.09082509,0
0.14565113,0
0.16921933,0
0.13593845,0
0.5204678,0
0.015764246,0
0.15009584,0
0.2808109,0
0.19261451,0
0.07163562,0
0.059953846,0
0.056206062,0
0.18402329,0
0.1132036,0
0.84377587,1
0.02480688,0
0.059795123,0
0.21395694,0
0.18945633,0
0.15451665,0
0.003335277,0
0.2054152,0
0.44649792,0
0.1028172,0
0.082449466,0
0.3200308,0
0.57851,0
0.18253428,0
0.5639186,1
0.22123803,0
0.31649655,0
0.5099218,0
0.053832766,0
0.84437853,1
0.20857704,0
0.10270501,0
0.09759111,0
0.03773024,0
0.12852162,0
0.66527987,0
0.028165713,0
0.0493946,0
0.009558212,0
0.49981707,0
0.0031291055,0
0.015805755,0
0.68113655,0
0.08628685,0
0.07079416,0
0.80067396,1
0.03391933,0
0.045318324,0
0.60237473,1
0.22666663,0
0.03267329,0
0.19223067,0
0.42267463,0
0.0024178894,0
0.78853774,0
0.33410954,0
0.090860665,0
0.03177051,0
0.43291205,0
0.5249442,0
0.069519676,0
0.10284278,0
0.19684172,0
0.024056463,0
0.59938574,1
0.032029744,0
0.001168862,0
0.0027469075,0
0.052096073,0
0.020271327,0
0.15739687,0
0.10940109,0
0.3430529,0
0.7158086,0
0.16515413,0
0.2481975,0
0.8262058,0
0.31862274,0
0.62177265,0
0.84056765,0
0.026928548,0
0.035918977,0
0.16184385,0
0.70311666,1
0.010604925,0
0.03023586,0
0.11280017,0
0.011195912,0
0.40069717,0
0.64189327,1
0.5230893,0
0.07599498,0
0.041498143,0
0.5232428,0
0.61326486,0
0.45269233,0
0.20433311,0
0.38407746,0
0.030946873,0
0.017405666,0
0.21947236,0
0.19820575,0
0.09466934,0
0.011199809,0
0.046087842,0
0.5624646,1
0.0024689564,0
0.7219004,1
0.054327626,0
0.07676705,0
0.13573927,0
0.037237626,0
0.013941171,0
0.0039227214,0
0.02682121,0
0.2692987,0
0.13409789,0
0.035433296,0
0.114945844,0
0.36295846,0
0.032735538,0
0.09895534,0
0.0584959,0
0.71794176,1
0.42623958,0
0.39366326,0
0.9334422,1
0.1768306,0
0.40780035,0
0.09465832,0
0.2031611,0
0.039231118,0
0.567188,1
0.007848151,0
0.18663065,0
0.08484534,0
0.019186903,0
0.029873561,0
0.032008823,0
0.03999187,0
0.06308305,0
0.35503814,0
0.067860916,0
0.031117128,0
0.020164402,0
0.1741499,0
0.093627445,0
0.5599732,0
0.05470981,0
0.04681174,0
0.038999084,0
0.32345667,0
0.45221967,0
0.045738485,0
0.6327769,0
0.013278111,0
0.06656981,0
0.04541875,0
0.037357014,0
0.000619464,0
0.374449,0
0.21997833,0
0.7637728,1
0.07489977,0
0.048997357,0
0.34671992,0
0.050845027,0
0.054724965,0
0.008465444,0
0.7550134,1
0.45230725,0
0.008552163,0
0.026123263,0
0.6740397,0
0.5121696,0
0.05067571,0
0.6083208,0
0.52442586,0
0.44427985,1
0.16210511,0
0.63283867,0
0.07416694,0
0.090669215,0
0.1977425,0
0.26370218,0
0.038930792,0
0.20106322,0
0.12198974,0
0.5509953,0
0.060854644,0
0.4758438,0
0.030522935,0
0.032409143,0
0.73734933,1
0.055629086,0
0.23982383,0
0.36763576,0
0.108524784,0
0.021510791,0
0.1045681,0
0.0069730505,0
0.08816058,0
0.07781161,0
0.2457689,1
0.17347075,0
0.008093745,0
0.03051926,0
0.0799594,0
0.052890763,0
0.71743625,1
0.071364954,0
0.34340158,0
0.13091172,0
0.025560498,0
0.03963424,0
0.009238109,0
0.3694557,0
0.0063731475,0
0.17586166,0
0.17083327,0
0.26273277,0
0.13680667,0
0.042898357,0
0.03357964,0
0.011721991,0
0.06860561,0
0.04882371,0
0.17943574,0
0.16073483,0
0.027005078,0
0.3176194,0
0.090786785,0
0.1646267,0
0.18323573,0
0.014564603,0
0.10451668,0
0.024692854,0
0.22884269,0
0.051360633,0
0.20231971,0
0.36004928,0
0.1798999,0
0.67275715,0
0.014943317,0
0.829868,1
0.01110582,0
0.07113241,0
0.012451378,0
0.2921016,0
0.6698626,0
0.49334705,0
0.6554901,0
0.02393552,0
0.020742217,0
0.8529642,0
0.008141504,0
0.56772983,1
0.14983559,0
0.22135717,0
0.076985344,0
0.08771916,0
0.4746828,1
0.06884337,0
0.02229375,0
0.313262,0
0.039773803,0
0.015127319,0
0.14065404,0
0.067520656,0
0.5539191,1
0.019838778,0
0.3175267,0
0.30928892,0
0.22174045,0
0.028605971,0
0.19518606,0
0.07314293,0
0.20547755,0
0.08088186,0
0.08810728,0
0.31047237,1
0.31046778,0
0.01845738,0
0.12059715,0
0.0060120104,0
0.16745435,1
0.00843865,0
0.08340214,0
0.12942481,0
0.06570196,0
0.2538603,0
0.47352895,0
0.28965437,0
0.77505815,1
0.09494245,0
0.47105545,0
0.2055533,0
0.06855914,0
0.0336225,0
0.7046675,1
0.11817794,0
0.0154207945,0
0.09014701,0
0.23586036,0
0.19799928,0
0.4636517,0
0.42298114,0
0.10903977,0
0.10061217,0
0.00980865,0
0.031276003,0
0.10360962,0
0.09509901,0
0.13798092,0
0.050881468,0
0.020367531,0
0.11960468,0
0.015452232,0
0.137749,0
0.7105707,0
0.03855093,0
0.25344616,0
0.047161277,0
0.087033324,0
0.014041964,0
0.83224684,1
0.017790427,0
0.22764616,0
0.07581017,0
0.6507556,0
0.8297832,0
0.042841215,0
0.03269212,0
0.2397468,0
0.061122425,0
0.017151225,0
0.45812005,0
0.25652298,0
0.58306116,0
0.004100498,0
0.1141871,0
0.1801491,0
0.22539978,0
0.10577014,0
0.3455039,0
0.017958926,0
0.22994103,0
0.44476795,0
0.29253358,0
0.10822669,0
0.25644612,0
0.018295225,0
0.16141172,0
0.043312162,0
0.0072407015,0
0.7317859,0
0.36052364,0
0.48821995,1
0.7465591,1
0.08510872,0
0.03267385,0
0.0045511704,0
0.09756079,0
0.34159145,0
0.010523116,0
0.08158688,0
0.18342449,0
0.3265901,0
0.08711887,0
0.07706845,0
0.008686134,0
0.105190314,0
0.02404563,0
0.05226539,0
0.25681296,0
0.011830929,0
0.5943551,0
0.47227207,1
0.19527642,0
0.65312284,0
0.03840676,0
0.15602523,0
0.093701385,0
0.014593471,0
0.68313336,1
0.12368057,0
0.28219104,0
0.8656846,0
0.7564978,0
0.1134503,0
0.0851468,0
0.00978037,0
0.06193101,0
0.1797257,0
0.123964585,0
0.011027343,0
0.03662223,0
0.0018244331,0
0.0037060096,0
0.09175954,0
0.0049759103,0
0.03675259,0
0.043598242,0
0.14579949,0
0.20447588,0
0.18641953,0
0.19468117,0
0.12200731,0
0.018131617,0
0.008752042,0
0.15745899,0
0.15975755,0
0.005283208,0
0.020880638,0
0.8002672,1
0.08549165,0
0.11037988,0
0.015798258,0
0.08712407,0
0.89094824,1
0.16862674,0
0.41380033,0
0.57915735,1
0.14527296,1
0.43739992,0
0.77999294,0
0.8872789,1
0.19188282,0
0.110145986,0
0.19954088,0
0.01083828,0
0.9645108,1
0.20401119,0
0.17599806,0
0.31565413,0
0.07452681,0
0.51871127,0
0.16008884,0
0.77371377,0
0.68846536,0
0.00804006,0
0.896573,1
0.61967576,0
0.4135414,0
0.04613728,0
0.23664759,0
0.11780405,0
0.061474793,0
0.029383924,0
0.0054891077,0
0.079842426,0
0.02080447,0
0.6953035,0
0.3616808,0
0.20534159,0
0.0386379,0
0.034611717,0
0.04001354,0
0.9102681,1
0.40853,0
0.15428953,0
0.6721671,0
0.010320781,0
0.14036728,0
0.018383255,0
0.22891304,0
0.060348127,0
0.6852719,0
0.009298888,0
0.07900026,0
0.7488252,1
0.06739915,0
0.017880596,0
0.39204013,0
0.42702717,0
0.006486696,0
0.6871535,0
0.0722993,0
0.6437161,0
0.53509676,0
0.19999516,0
0.23864827,0
0.9313643,1
0.0061486457,0
0.11951107,0
0.9782244,1
0.014464817,0
0.58891493,0
0.049599566,0
0.12636709,0
0.23338377,0
0.34613436,0
0.40512252,0
0.03735221,0
0.052655336,0
0.72544134,1
0.0052043167,0
0.0025331646,0
0.16542758,0
0.30749568,0
0.052901417,0
0.13626122,0
0.15220876,0
0.01389485,0
0.16300352,0
0.07081748,0
0.014568778,0
0.105557114,0
0.24449569,0
0.059704885,0
0.29929453,0
0.033090044,0
0.038794164,0
0.22439104,0
0.023771098,0
0.012981337,0
0.13035874,0
0.29756662,0
0.62017745,1
0.019905202,0
0.057821807,0
0.026381355,0
0.044699967,0
0.49474528,1
0.8571967,1
0.008439575,0
0.28246722,0
0.29308665,0
0.016588487,0
0.5643494,0
0.032103527,0
0.026156772,0
0.10565929,0
0.017992806,0
0.011142049,0
0.24148864,0
0.024206955,0
0.07679554,0
0.06776705,0
0.66809464,0
0.039027356,0
0.08441763,0
0.65154094,0
0.06516502,0
0.57040536,0
0.09605393,0
0.41676807,0
0.030642245,0
0.053127583,0
0.34177575,0
0.5701429,0
0.11256591,0
0.23480871,0
0.008519222,0
0.1039092,0
0.0214444,0
0.044120304,0
0.22632982,0
0.15776959,0
0.1396012,0
0.5737813,0
0.05929,0
0.045930173,0
0.030262668,0
0.33313146,0
0.13091277,0
0.124032095,0
0.5459649,0
0.07007021,0
0.92032623,1
0.5764814,0
0.30787092,0
0.74665123,0
0.13601625,0
0.79362917,1
0.31533998,0
0.22244829,0
0.3068547,0
0.06493063,0
0.20925185,0
0.015507462,0
0.53118646,1
0.13102421,0
0.07722104,0
0.41286746,0
0.018276509,0
0.13781078,0
0.16137274,0
0.039509002,0
0.31084123,0
0.11805176,0
0.52561843,0
0.052880984,0
0.014157544,0
0.05163397,0
0.03306049,0
0.043871243,0
0.08248636,0
0.37328085,0
0.07876268,0
0.07424758,0
0.20250759,0
0.004410628,0
0.0105529735,0
0.6846035,0
0.084407866,0
0.20123565,0
0.028684406,0
0.013497527,0
0.14292932,0
0.23389028,0
0.25247046,0
0.19860886,0
0.26723602,1
0.02505099,0
0.14495885,0
0.35584205,0
0.20300412,0
0.32082924,0
0.09067034,0
0.07809394,0
0.14674206,0
0.47846222,0
0.07887334,0
0.11774158,0
0.48604771,0
0.4282376,0
0.13179643,0
0.3392048,0
0.047805227,0
0.050805002,0
0.062336944,0
0.21843818,0
0.035901748,0
0.04524742,0
0.14174546,0
0.7816551,0
0.023185447,0
0.0114794625,0
0.08192115,0
0.15802938,0
0.012327529,0
0.31144074,0
0.09808367,0
0.016562045,0
0.06798148,0
0.28717148,0
0.008959874,0
0.5803171,0
0.34711426,1
0.17383978,0
0.15011135,0
0.08248032,0
0.78249913,0
0.47182593,0
0.3122071,0
0.48035097,0
0.56783193,0
0.05813837,0
0.042843297,0
0.051820755,0
0.13317606,0
0.008277228,0
0.18539648,0
0.13705964,0
0.18031093,1
0.24509251,0
0.12534992,0
0.19887616,0
0.012733548,0
0.09959515,0
0.101827145,0
0.033505842,0
0.027132,0
0.20179267,0
0.60021406,1
0.0049262815,0
0.122164555,0
0.1650484,0
0.077748455,0
0.59836674,0
0.011875117,0
0.07953142,0
0.1115574,0
0.16340333,0
0.009725862,0
0.07427295,0
0.66109467,0
0.0016698733,0
0.30274513,0
0.046021808,0
0.24432501,0
0.033628277,0
0.7012888,0
0.0020419776,0
0.06790827,0
0.28632405,0
0.1704642,0
0.17250772,0
0.17589039,0
0.0677994,0
0.005372731,0
0.01055251,0
0.0067402855,0
0.03395042,0
0.009304349,0
0.05657367,0
0.054351162,0
0.011953291,0
0.47590986,0
0.15728022,0
0.20342502,1
0.56603676,0
0.05347102,0
0.2003293,0
0.015425146,0
0.013196381,0
0.2365499,0
0.37273708,0
0.17387502,0
0.038177475,0
0.035042033,0
0.006458819,0
0.33380574,1
0.26608023,0
0.05968374,0
0.7252634,0
0.44701394,0
0.7422151,0
0.3891455,0
0.1580826,0
0.001656861,0
0.03548214,0
0.644906,1
0.8779781,1
0.06405994,0
0.39261273,0
0.02386227,0
0.009601002,0
0.0654634,0
0.22400592,0
0.864242,0
0.8498441,1
0.39173308,1
0.19059213,0
0.02087611,0
0.6410552,1
0.042752825,0
0.008041677,0
0.29701003,0
0.014107152,0
0.20406632,0
0.30123147,0
0.77409935,1
0.12456211,0
0.055514567,0
0.3072811,0
0.3420429,0
0.7239651,0
0.033736724,0
0.06135686,0
0.04168515,0
0.060443953,0
0.5417015,0
0.027472736,0
0.01230697,0
0.5173952,1
0.061406057,0
0.027524784,0
0.63807124,0
0.57141167,0
0.44619685,0
0.07063854,0
0.8872882,1
0.0012566204,0
0.12639365,0
0.07060883,0
0.23501177,0
0.52806467,0
0.18495066,0
0.52444905,0
0.46948302,0
0.53695965,0
0.1765637,0
0.09960157,0
0.09419156,0
0.49053296,0
0.025175072,0
0.043065913,0
0.27595332,0
0.026731567,0
0.0828622,0
0.036438134,0
0.01562141,0
0.6127538,0
0.050382055,0
0.15413901,0
0.10690875,0
0.43973452,0
0.017533345,0
0.008924546,0
0.21122797,0
0.039835937,0
0.15505195,0
0.010314188,0
0.117711075,0
0.8185055,0
0.30536574,0
0.51736,0
0.008732229,0
0.5021327,1
0.0123296175,0
0.053321492,0
0.58617043,0
0.46532473,0
0.21233879,0
0.0072436975,0
0.07699529,0
0.4916072,0
0.039615475,0
0.7658561,0
0.17396064,0
0.040058248,0
0.039656006,0
0.03624918,0
0.056501064,0
0.7285867,0
0.0820651,0
0.0057709944,0
0.4762024,0
0.76173973,0
0.17431618,0
0.028687553,0
0.117076196,0
0.38163576,0
0.051845875,0
0.009565857,0
0.12156123,0
0.14388356,0
0.70977247,0
0.0564448,0
0.18630107,0
0.06918132,0
0.6760512,0
0.16599736,0
0.009852019,0
0.013984671,0
0.031633575,0
0.18635549,0
0.6320334,0
0.07633179,0
0.03269835,0
0.080748886,0
0.15051204,0
0.32691035,0
0.40274882,0
0.68368125,1
0.027381733,0
0.1091314,0
0.5676782,1
0.5126345,0
0.02945153,0
0.09098953,0
0.10270665,0
0.25184625,0
0.6095371,0
0.07799015,0
0.56709886,1
0.08008888,0
0.047201987,0
0.12244488,0
0.15048817,0
0.049675584,0
0.053339813,0
0.24384706,0
0.058601797,0
0.19302754,0
0.21650426,0
0.011518791,0
0.7476592,0
0.7431625,0
0.49790418,0
0.44729367,0
0.014194288,0
0.24841768,0
0.1778501,0
0.3630655,0
0.013965524,0
0.034490697,0
0.43632355,0
0.32293844,0
0.17973767,0
0.10956216,0
0.6065799,0
0.012366121,0
0.60711634,0
0.45321435,0
0.15642402,0
0.08219061,0
0.08901576,0
0.14787774,0
0.08014153,0
0.042612687,0
0.22096872,0
0.2335005,0
0.78353876,0
0.2682157,0
0.0031170007,0
0.074982546,0
0.06630327,0
0.022720939,0
0.17964755,0
0.04585217,0
0.21356523,0
0.07169611,0
0.04095206,0
0.22983858,0
0.0021989567,0
0.075806335,0
0.037110835,0
0.034366038,0
0.1428497,0
0.22430441,0
0.20794502,0
0.06650397,0
0.04092819,0
0.27704266,0
0.12163541,0
0.06356164,0
0.3061231,1
0.058910325,0
0.29578263,0
0.14902751,0
0.010632704,0
0.14995804,0
0.098890565,0
0.1783193,0
0.41943234,0
0.019363372,0
0.061190087,0
0.05486764,0
0.19253029,0
0.32859814,0
0.18959434,0
0.046151806,0
0.1092578,0
0.6187623,0
0.112471804,0
0.850709,1
0.07060455,0
0.19952,0
0.084529646,0
0.06705104,0
0.06316613,0
0.016726445,0
0.091005914,0
0.10582773,0
0.73884654,0
0.08411211,0
0.025194623,0
0.8737346,1
0.41332543,0
0.06672856,0
0.32910264,0
0.6561787,0
0.2531607,0
0.32073984,0
0.36486578,0
0.47088748,0
0.42710367,0
0.07933206,0
0.029207975,0
0.023638204,0
0.04034899,0
0.10103768,0
0.33658975,0
0.021121489,0
0.19355428,1
0.041510634,0
0.027515065,0
0.94081694,0
0.084183306,0
0.015828758,0
0.82695544,1
0.44791195,0
0.063404895,0
0.4021666,1
0.7140843,0
0.19382401,0
0.05198853,0
0.03602954,0
0.7507232,0
0.026998615,0
0.15742594,0
0.24046858,0
0.0033532556,0
0.43852937,0
0.23552094,0
0.21254154,0
0.0904394,0
0.2109973,0
0.24519335,0
0.06941027,0
0.034612354,0
0.053417336,0
0.7969011,0
0.09121949,0
0.05788881,0
0.7637362,0
0.07666169,0
0.014092946,0
0.04769918,0
0.2759356,0
0.019145185,0
0.26185417,0
0.0028976293,0
0.10338813,0
0.043274812,0
0.0739742,0
0.039760627,0
0.10419533,0
0.20357157,0
0.032932542,0
0.2775828,0
0.10936502,0
0.010398427,0
0.03764476,0
0.3046432,0
0.104889445,0
0.785674,1
0.55647796,1
0.6465262,0
0.6965896,0
0.22572424,0
0.078766905,0
0.011747501,0
0.08068155,0
0.3006784,0
0.4614289,0
0.5628852,0
0.020109367,0
0.059914123,0
0.052728843,0
0.032655656,0
0.039574757,0
0.091925316,0
0.17401,0
0.6623897,0
0.02991886,0
0.63977295,1
0.0129263615,0
0.2330794,0
0.08080755,0
0.22659871,0
0.33568245,0
0.20537066,0
0.0057018185,0
0.1462104,0
0.22357237,0
0.20591943,0
0.04056446,0
0.017240912,0
0.21756305,0
0.47444302,1
0.031580254,0
0.06025598,0
0.015415705,0
0.85572255,1
0.2691683,0
0.8198704,0
0.042280518,0
0.035298347,0
0.71052057,0
0.009089675,0
0.15720321,0
0.5282296,0
0.8128419,0
0.3952199,0
0.71810913,1
0.11911454,0
0.106221594,0
0.013658216,0
0.030694794,0
0.8619058,1
0.65568763,0
0.4778984,0
0.133657,0
0.020726712,0
0.0108515145,0
0.046955638,0
0.056017775,0
0.2697349,0
0.7105196,1
0.43565074,0
0.22863726,0
0.12668265,0
0.045572326,0
0.124169655,0
0.07698081,0
0.03582676,0
0.03154474,0
0.0037779987,0
0.0081798555,0
0.12557784,0
0.017088376,0
0.033003937,0
0.3316686,0
0.7998406,1
0.23702016,0
0.6245075,0
0.71488327,1
0.31945047,0
0.55793333,0
0.026423588,0
0.30518988,0
0.040576383,0
0.311243,0
0.03004269,0
0.016332144,0
0.056454338,0
0.0395496,0
0.06849277,0
0.054018132,0
0.24425426,0
0.08305595,0
0.64972055,0
0.24571238,0
0.34560284,0
0.02059507,0
0.009933032,0
0.04162131,0
0.003746732,0
0.2557114,0
0.85205626,0
0.4049541,0
0.9156025,1
0.2554354,0
0.031566583,0
0.012748069,0
0.014957156,0
0.834081,1
0.5182385,0
0.060956415,0
0.045708627,0
0.19170882,0
0.009645616,0
0.47578484,0
0.07767845,0
0.1320148,0
0.0076207123,0
0.05939892,0
0.028251085,0
0.050112657,0
0.31692085,1
0.03194511,0
0.016634,0
0.032239914,0
0.05142843,0
0.016802456,0
0.23580746,0
0.2525335,0
0.8050618,0
0.09200706,0
0.102145895,0
0.5196062,1
0.04644597,0
0.29044148,0
0.046355646,0
0.052732788,0
0.14372517,0
0.069066845,0
0.18561663,0
0.55927444,0
0.118129045,0
0.32699358,0
0.004734731,0
0.5805326,1
0.5220463,0
0.10778485,0
0.7705868,1
0.88686335,1
0.06655575,1
0.23881513,0
0.06852962,0
0.03098227,0
0.2039518,0
0.28866482,0
0.493977,1
0.056067742,0
0.018315332,0
0.5338786,0
0.0949304,0
0.10449187,0
0.24474682,0
0.06304755,0
0.10809539,0
0.0012244275,0
0.020604301,0
0.17895453,0
0.038592793,0
0.11590708,0
0.0028705578,0
0.3361994,1
0.18042757,0
0.3807787,0
0.74116516,0
0.20485453,0
0.32565072,1
0.033376694,0
0.8501534,1
0.3619611,0
0.015405765,0
0.17248976,0
0.035323873,0
0.6507007,0
0.07189877,0
0.6484526,0
0.9133854,1
0.89986867,1
0.025400912,0
0.0447875,0
0.013386348,0
0.8780521,1
0.720714,1
0.012505607,0
0.22709236,0
0.59025615,0
0.1034908,0
0.21848306,0
0.4328422,0
0.20679228,0
0.67531145,0
0.020322217,0
0.027374262,0
0.5658108,0
0.004330801,0
0.27747884,0
0.7252419,0
0.5875419,0
0.20990251,0
0.8109585,1
0.79087794,1
0.4926535,0
0.05450738,0
0.0023098355,0
0.02321878,0
0.021427846,0
0.65560585,1
0.0342666,0
0.144851,0
0.052713856,0
0.09218048,0
0.2490225,0
0.22370593,0
0.011270148,0
0.06706846,0
0.5298059,0
0.024930215,0
0.020400757,0
0.014408688,0
0.032703612,0
0.6218747,0
0.15965155,0
0.026183229,0
0.09232481,0
0.07892736,0
0.4421555,0
0.4001035,0
0.5234807,0
0.038465705,0
0.009162572,0
0.019888557,0
0.0026980257,0
0.7770489,1
0.06271584,0
0.011536351,0
0.8852618,0
0.83120036,0
0.19081654,0
0.10258764,0
0.124851465,0
0.100089036,0
0.27063227,0
0.12619513,0
0.29349038,0
0.82996994,0
0.059625816,0
0.15536109,0
0.12290367,0
0.0018813323,0
0.11636564,0
0.0029274987,0
0.0014796519,0
0.2397781,0
0.019479318,0
0.027458584,0
0.11798331,0
0.83279157,1
0.28492382,0
0.009820221,0
0.22573702,1
0.94393224,1
0.36489248,0
0.3570831,0
0.4665318,0
0.29784447,0
0.013736427,0
0.08370552,0
0.42235452,0
0.17067844,0
0.55899876,0
0.22514962,0
0.118234135,0
0.35149565,0
0.057616953,0
0.2678471,1
0.06620183,0
0.34138846,0
0.03542108,0
0.13017452,0
0.0029900102,0
0.12567225,0
0.0076444633,0
0.24410614,0
0.010054566,0
0.2897594,0
0.5326612,0
0.55991346,0
0.092500836,0
0.33653456,0
0.29094818,0
0.078873836,0
0.040170487,0
0.33205515,0
0.046888582,0
0.38297158,0
0.025948593,0
0.08254775,0
0.029106868,0
0.6559993,1
0.077629626,0
0.08460405,0
0.17437908,0
0.7462514,0
0.0023348548,0
0.086264506,0
0.44514593,0
0.6754961,0
0.23114981,1
0.06604384,0
0.043097533,0
0.6873166,1
0.3597125,0
0.10223816,0
0.079017505,0
0.3444172,0
0.26445186,0
0.08389817,0
0.09343632,0
0.42929816,0
0.15057243,0
0.04753833,0
0.037574824,0
0.9302516,1
0.012391509,0
0.1548134,0
0.17589055,0
0.14651865,0
0.0060124435,0
0.010796722,0
0.08440418,0
0.24937755,0
0.47695076,0
0.047299687,0
0.24329863,0
0.60752326,0
0.13668637,0
0.15276836,0
0.05474499,0
0.045271255,0
0.0901582,0
0.61424816,1
0.017677363,0
0.022208812,0
0.16168101,0
0.0069469525,0
0.1571223,0
0.07281309,0
0.44908425,0
0.19084457,0
0.2197014,0
0.010364859,0
0.07825553,0
0.00092033506,0
0.5611295,0
0.13900605,0
0.8283943,0
0.3367763,0
0.024570841,0
0.31293622,0
0.116809346,1
0.061213814,0
0.35112083,1
0.018701524,0
0.18857424,0
0.3805216,0
0.8309218,0
0.27281213,0
0.6490038,0
0.4687207,0
0.42868313,0
0.043192722,0
0.5935822,0
0.22715597,0
0.09480018,0
0.39060092,0
0.8489698,1
0.7509613,0
0.0027507413,0
0.35519356,0
0.56384254,0
0.04812481,0
0.41174832,0
0.79536057,1
0.054437008,0
0.17670715,0
0.7218262,0
0.0467904,0
0.10004103,0
0.08879575,0
0.12065873,0
0.053102475,0
0.03220353,0
0.02841277,0
0.05492433,0
0.037126914,0
0.16533342,0
0.16605815,0
0.034668274,0
0.15878966,0
0.17167822,0
0.19732289,0
0.51688236,0
0.026631676,0
0.007605801,0
0.081623554,0
0.011305346,0
0.095605135,0
0.6130555,0
0.40975878,0
0.80800325,1
0.23968646,0
0.59357154,0
0.04157165,0
0.2098865,0
0.15112087,1
0.022634141,0
0.057941664,0
0.48661104,0
0.6536232,0
0.29152054,1
0.5373706,0
0.0890506,0
0.00914516,0
0.3198365,0
0.15686235,0
0.03905112,0
0.9191425,1
0.04540266,0
0.46725425,0
0.17528242,0
0.33214194,0
0.027330693,0
0.06609908,0
0.061273165,0
0.20482633,0
0.06668466,0
0.027277736,0
0.08548753,0
0.046841998,0
0.056538127,0
0.08426142,0
0.40705132,0
0.0078934785,0
0.68453026,0
0.77380127,0
0.065020904,0
0.49782878,0
0.53569824,0
0.033361044,0
0.036761023,0
0.18555288,0
0.0034686544,0
0.138528,0
0.017240442,0
0.09697999,0
0.0013944786,0
0.81445557,1
0.30600423,0
0.5822124,0
0.08134377,0
0.020794054,0
0.07530809,0
0.04603838,0
0.09015057,0
0.049580023,0
0.033359297,0
0.11251441,0
0.89146197,1
0.40851966,0
0.022914162,0
0.53054106,0
0.884395,1
0.56961846,0
0.7488555,0
0.3744711,1
0.13657787,0
0.16715713,0
0.15313601,0
0.124361925,0
0.0674281,0
0.55780476,0
0.08182328,0
0.015279484,0
0.01598881,0
0.40656868,0
0.13910934,0
0.054511044,0
0.43985742,0
0.466376,0
0.007983201,0
0.046403434,0
0.048596602,0
0.2768416,0
0.006306573,0
0.8385736,1
0.037724268,0
0.0044590123,0
0.11042086,0
0.01949179,0
0.5039944,0
0.18823335,0
0.0077418364,0
0.019030495,0
0.8042522,0
0.6998935,1
0.4971886,0
0.5173031,0
0.19298112,0
0.27462268,0
0.43959466,0
0.1159737,0
0.48692232,0
0.15336142,0
0.051193286,0
0.18165044,0
0.0086381,0
0.015515326,0
0.012424259,0
0.2642455,1
0.009055247,0
0.122649804,0
0.62500954,0
0.008047023,0
0.15132748,0
0.41711977,0
0.0069748107,0
0.047846053,0
0.45847166,0
0.050730206,0
0.035616677,0
0.07227275,0
0.6571392,0
0.4648587,0
0.06183007,0
0.010335769,0
0.09425864,0
0.13075069,0
0.30555832,0
0.0758225,0
0.076564535,0
0.3265965,0
0.10463472,0
0.33655512,0
0.5660319,0
0.26943073,0
0.4459181,0
0.0065649706,0
0.028989648,0
0.14112145,0
0.6299948,1
0.2573166,0
0.15086147,0
0.8907175,1
0.233194,0
0.0075667314,0
0.38533506,0
0.67077667,0
0.046928264,0
0.0017528296,0
0.3558711,0
0.014322219,0
0.82146406,0
0.6703737,0
0.04312168,0
0.92374176,1
0.19658408,0
0.30817097,0
0.46338096,0
0.01160261,0
0.5939425,1
0.3742471,0
0.11844494,0
0.08040724,0
0.8073502,1
0.36571988,0
0.5104871,1
0.20809379,0
0.008668341,0
0.13610168,0
0.15005864,0
0.017062254,0
0.07381282,0
0.5602211,0
0.008720852,0
0.84070116,1
0.1415835,0
0.013707607,0
0.054872688,0
0.6486483,1
0.111958906,0
0.033923823,0
0.089095466,0
0.82532316,1
0.7918235,1
0.0981721,0
0.02588759,0
0.08703806,0
0.011043334,0
0.20975149,0
0.07910517,0
0.0043105725,0
0.74476874,0
0.21933053,0
0.13644087,0
0.18846239,0
0.03477385,0
0.06980417,0
0.593641,1
0.14024313,0
0.47160637,0
0.94133276,1
0.025603486,0
0.068716995,0
0.067520976,0
0.06721021,0
0.014507915,0
0.029490711,0
0.07690813,0
0.25080544,0
0.5702636,0
0.8057327,0
0.006603868,0
0.056588624,0
0.020436866,0
0.04570844,0
0.15627225,0
0.019526428,0
0.057388138,0
0.051489018,0
0.21781686,0
0.31952414,0
0.71203196,0
0.17990182,0
0.0074908403,0
0.69512075,1
0.8293864,0
0.057241894,0
0.017290596,0
0.082647294,0
0.058277216,0
0.09615154,0
0.05391113,0
0.06380423,0
0.08841746,0
0.70931035,0
0.5736881,0
0.5204185,0
0.5943696,0
0.30126098,0
0.026335752,0
0.020660596,0
0.004973066,0
0.6872602,1
0.51597,1
0.051692042,0
0.24189357,0
0.24171586,0
0.0423206,0
0.13285768,0
0.011800081,0
0.0774759,0
0.2654839,0
0.4755164,0
0.4422961,0
0.00577763,0
0.49872568,0
0.20648995,0
0.009416743,0
0.015883703,0
0.61823475,0
0.050732616,0
0.23071076,0
0.46131387,0
0.051565114,0
0.0044040023,0
0.24000096,0
0.27644372,0
0.1801437,0
0.56472343,0
0.03393944,0
0.03310926,0
0.013791653,0
0.07246169,0
0.057648987,0
0.10901749,0
0.2691347,0
0.32841456,0
0.018595967,0
0.008347284,0
0.09059901,0
0.5237769,0
0.42483878,0
0.07503988,0
0.011577368,0
0.20405224,0
0.15049349,0
0.43990812,0
0.51091415,0
0.1905252,0
0.11104006,0
0.37620586,0
0.17618358,0
0.078343466,0
0.13727488,1
0.09243191,0
0.1305615,0
0.17130148,0
0.06678452,0
0.752134,0
0.123520456,0
0.3276572,0
0.20472431,0
0.0066718566,0
0.7935542,0
0.0687352,0
0.17285836,0
0.37936002,0
0.43411323,1
0.015523223,0
0.49119157,1
0.7169416,0
0.84453964,0
0.0069918004,0
0.13054055,0
0.033937417,0
0.014804368,0
0.25594017,0
0.13164058,0
0.42451903,0
0.30068225,0
0.02783357,0
0.36208922,0
0.7477682,0
0.010159357,0
0.59756917,1
0.6457877,0
0.024833303,0
0.7524753,0
0.45077214,0
0.10663482,0
0.9345029,1
0.10533656,0
0.027825056,0
0.04305424,0
0.052114077,0
0.12103417,0
0.005548567,0
0.2742818,0
0.10384914,0
0.3039007,1
0.13033788,0
0.04499845,0
0.51113737,1
0.1631047,0
0.9465282,1
0.36017784,0
0.45959103,1
0.38901427,0
0.0676687,0
0.8298388,1
0.21489005,0
0.011615112,0
0.8485971,0
0.046161354,0
0.16400208,0
0.11429788,0
0.31647938,0
0.15821886,1
0.5866111,0
0.19336322,0
0.12978014,0
0.17066379,0
0.063960426,0
0.012446746,0
0.06270856,0
0.08852921,0
0.09746342,0
0.21256821,0
0.3473215,0
0.011222412,0
0.06249973,0
0.6860529,0
0.028753057,0
0.020113455,0
0.0106489835,0
0.7255338,0
0.12916456,0
0.021174142,0
0.01685245,0
0.09242247,0
0.015880207,0
0.011410058,0
0.0018946932,0
0.10371826,0
0.6524382,0
0.081261195,0
0.51870775,0
0.0612414,0
0.839943,1
0.23225968,0
0.055906367,0
0.013476463,0
0.7203928,1
0.021728711,0
0.8860011,0
0.09733711,0
0.8513148,1
0.79782414,0
0.07537168,0
0.7015532,0
0.3394798,0
0.024071973,0
0.04690108,0
0.022892518,0
0.036166564,0
0.35862693,0
0.50583,0
0.08578748,0
0.10881144,0
0.114236444,0
0.74036306,0
0.11826078,0
0.21067765,0
0.8344411,1
0.13440274,0
0.035537172,0
0.06380956,0
0.17216533,0
0.34152317,0
0.62634045,0
0.17711407,0
0.46192536,0
0.9018554,1
0.4074563,0
0.5151657,0
0.5219298,0
0.0486289,0
0.2462852,0
0.14526312,0
0.026628543,0
0.107847735,0
0.3905025,1
0.04402106,0
0.17483738,0
0.19225681,0
0.03043081,0
0.17977852,0
0.008099474,0
0.41170236,0
0.2339241,0
0.60374004,0
0.34944844,0
0.033201154,0
0.31772152,0
0.07487582,0
0.12469401,0
0.09644585,0
0.33704033,0
0.4890314,0
0.88219875,1
0.0041694483,0
0.5806263,0
0.04277249,0
0.09644592,0
0.018664483,0
0.022291105,0
0.5530743,0
0.105494834,0
0.23041078,0
0.31405532,0
0.28350642,0
0.12980953,0
0.58390033,0
0.31464097,0
0.08901472,0
0.034440853,0
0.8146539,1
0.2280883,0
0.44978273,0
0.1445168,0
0.0818852,0
0.112651445,0
0.36929634,0
0.03159363,0
0.28279695,0
0.14017065,0
0.07537773,0
0.54464716,0
0.0052212775,0
0.050333787,0
0.00193009,0
0.2229418,0
0.72636837,1
0.16100684,0
0.07978434,0
0.015763862,0
0.049981512,0
0.50444824,0
0.5434797,0
0.0028549386,0
0.122940876,0
0.25398615,0
0.03718604,0
0.044126276,0
0.75786436,0
0.11106024,0
0.1586664,0
0.49272862,0
0.5167363,0
0.080898464,0
0.0035501702,0
0.6493247,0
0.034600813,0
0.0049814777,0
0.6092766,0
0.7479199,1
0.38564122,0
0.5738351,0
0.006859979,0
0.03181008,0
0.25321785,0
0.42443946,0
0.0067253523,0
0.8020816,0
0.06457976,0
0.38902083,0
0.026623353,0
0.40527707,0
0.44259933,0
0.009086476,0
0.3680486,0
0.0021939457,0
0.020756083,0
0.1554448,0
0.024357745,0
0.0075729396,0
0.13017572,0
0.2724874,0
0.21693815,0
0.16198461,0
0.5359375,0
0.011431146,0
0.25578135,0
0.4551949,0
0.4127433,0
0.02426235,0
0.53304833,0
0.019022072,0
0.020006564,0
0.6673324,1
0.049176473,0
0.08602229,0
0.6597579,0
0.15078811,0
0.10376576,0
0.02104986,0
0.19674098,0
0.011797773,0
0.013723953,0
0.007618366,0
0.8615022,0
0.03951745,0
0.63062936,0
0.08240291,0
0.62579316,1
0.3429412,0
0.23333655,0
0.21679448,0
0.26455432,0
0.25768217,0
0.017232608,0
0.11656553,0
0.04740848,0
0.017983457,0
0.6004197,0
0.36974555,0
0.046045758,0
0.06479377,0
0.040827636,0
0.020172192,0
0.017649945,0
0.027718998,0
0.0015067203,0
0.5578425,0
0.4224556,0
0.29073864,0
0.05141994,0
0.2204351,0
0.41435853,0
0.008185239,0
0.024430675,0
0.39009315,0
0.5091589,0
0.010019183,0
0.055169575,0
0.23309396,0
0.79443115,1
0.8066217,0
0.20834123,0
0.07901099,0
0.886455,0
0.0031437161,0
0.18829606,0
0.0071844053,0
0.21704866,0
0.102495186,0
0.27361575,0
0.036051415,0
0.03372346,0
0.4018644,0
0.79627806,1
0.031343926,0
0.28204527,0
0.35883015,0
0.0387187,0
0.007479494,0
0.09479595,0
0.059838,0
0.32783258,0
0.10209713,0
0.30098346,0
0.219317,0
0.08462508,0
0.12229298,0
0.032535788,0
0.017624045,0
0.13441926,0
0.06690992,0
0.76283157,0
0.2982843,0
0.18432477,0
0.43449557,0
0.0064732316,0
0.01235125,0
0.67146575,0
0.15608098,0
0.073642105,0
0.058122575,0
0.005125231,0
0.066309616,0
0.7487861,1
0.07991544,0
0.730852,0
0.11574696,0
0.5658546,0
0.06442471,0
0.024808975,0
0.35665485,0
0.69714195,0
0.14684454,0
0.78763425,0
0.10263309,0
0.06483807,0
0.047764566,0
0.009793342,0
0.01841134,0
0.11714725,0
0.031199014,0
0.77096516,1
0.060480386,0
0.024793554,0
0.018394956,0
0.47313875,0
0.009021916,0
0.43297043,0
0.5971664,0
0.090575755,0
0.65092707,0
0.20618854,0
0.1586011,0
0.055829663,0
0.4937733,1
0.74798644,1
0.0936513,0
0.92018044,1
0.0055548404,0
0.011998218,0
0.037961926,0
0.019375816,0
0.017588241,0
0.308563,0
0.82221264,1
0.11678339,0
0.81106067,0
0.037656832,0
0.123212636,0
0.11027635,0
0.024717176,0
0.87791973,1
0.65214384,0
0.5006535,1
0.05148715,0
0.16205667,1
0.2977258,1
0.18381976,0
0.5534465,0
0.08156697,0
0.008101991,0
0.19412647,0
0.016247055,0
0.19636832,0
0.21895428,0
0.08075593,0
0.32048625,0
0.32575685,0
0.042995363,0
0.85634,0
0.6819798,0
0.59691477,1
0.008509432,0
0.022234371,0
0.58345187,0
0.33672398,0
0.2182088,0
0.06427521,0
0.122847974,0
0.12228464,0
0.021550164,0
0.11911867,1
0.024688222,0
0.62794644,0
0.09905028,0
0.076186344,0
0.101582654,0
0.20520747,0
0.017809052,0
0.011182517,0
0.49830785,0
0.16472432,0
0.22831753,0
0.040415984,0
0.32409865,0
0.096338324,0
0.5390204,0
0.09476128,0
0.8879758,1
0.013671231,0
0.5570474,1
0.4595606,1
0.0129052,0
0.08314904,0
0.15877683,0
0.18087658,0
0.76503617,0
0.33974558,1
0.92197204,1
0.011862037,0
0.08442403,0
0.07181429,0
0.011621727,0
0.019145243,0
0.093019515,0
0.27172348,0
0.31527674,0
0.05783486,0
0.019591436,0
0.5897885,0
0.29991907,0
0.5140704,0
0.07243059,0
0.40671176,1
0.23836549,0
0.11605128,1
0.037678994,0
0.15918873,0
0.39720893,0
0.8914055,1
0.15960672,0
0.16063283,0
0.21118064,0
0.62825793,0
0.2844204,0
0.53957397,0
0.26625323,0
0.14601554,0
0.14448369,0
0.07510022,0
0.03310945,0
0.71054995,0
0.49077523,1
0.09936337,0
0.41528165,0
0.008805685,0
0.0077828295,0
0.16892518,0
0.43159375,0
0.21052553,0
0.017863732,0
0.03510486,0
0.17695278,0
0.012858148,0
0.20001937,0
0.008710553,0
0.7381874,0
0.10840745,0
0.1177154,0
0.031082505,0
0.0013067307,0
0.68785846,0
0.36678347,0
0.0011721975,0
0.018818244,0
0.27756104,0
0.5512419,1
0.027566174,0
0.38985273,0
0.019928938,0
0.22681771,0
0.04050413,0
0.07869932,0
0.008744297,0
0.061531313,0
0.37435648,0
0.0054198164,0
0.28781044,0
0.8467612,0
0.27120852,0
0.520711,0
0.085720584,0
0.13495205,0
0.20886864,0
0.07158214,0
0.029948344,0
0.10370374,0
0.053331,0
0.2605495,0
0.0768349,0
0.09325571,0
0.52675384,0
0.22299126,0
0.6398292,0
0.0074176257,0
0.74752367,0
0.17871003,0
0.09394846,0
0.100317046,0
0.17162873,0
0.20612937,0
0.01736087,0
0.17150147,0
0.108864136,0
0.5827359,0
0.8905858,0
0.023301085,0
0.052355587,0
0.08681042,0
0.5580052,1
0.0014954282,0
0.06306435,0
0.18457182,0
0.12173824,0
0.05221515,0
0.041727554,0
0.08052644,0
0.018757718,0
0.81407493,1
0.44248128,0
0.082270555,0
0.21899424,0
0.41431904,0
0.11832884,0
0.51146346,0
0.04435314,0
0.25259343,0
0.06899579,0
0.03945649,0
0.787597,1
0.047813185,0
0.16430643,0
0.21032886,0
0.52425015,1
0.34556186,0
0.16817893,0
0.26934507,0
0.4916017,0
0.008875306,0
0.11585075,0
0.014267683,0
0.009377619,0
0.08934869,0
0.2289007,0
0.06266301,0
0.022523278,0
0.033062395,0
0.7178825,1
0.090791106,0
0.09116847,0
0.0060785967,0
0.8674565,1
0.47108126,0
0.22219332,0
0.012563505,0
0.026833104,0
0.8167516,1
0.07063638,0
0.36605722,0
0.08211784,0
0.13454342,0
0.41629753,0
0.30119115,0
0.8206854,1
0.07211708,0
0.057296317,0
0.027621476,0
0.018372618,0
0.009211193,0
0.071995705,0
0.024964802,0
0.02652861,0
0.06454921,0
0.009225409,0
0.5274157,0
0.2696749,0
0.64852405,0
0.07711057,0
0.1277473,0
0.34445184,0
0.050356124,0
0.29091886,0
0.055925477,0
0.009615544,0
0.008868362,0
0.43442953,1
0.43167806,0
0.041362118,0
0.21646671,0
0.0526772,0
0.011732381,0
0.1419732,0
0.48243707,0
0.43753114,0
0.026632227,0
0.49553636,0
0.06904833,0
0.008519572,0
0.73902655,1
0.005837663,0
0.05983249,0
0.4067068,0
0.16962358,0
0.41319883,0
0.36559147,0
0.05106945,0
0.14520931,0
0.07539766,0
0.38963386,0
0.22521973,0
0.2673444,0
0.06906941,0
0.66353035,1
0.006908933,0
0.24041535,0
0.1317469,0
0.84947884,1
0.36447284,1
0.20124829,0
0.68597806,0
0.039410584,0
0.054361105,0
0.060909964,0
0.02593283,0
0.26403373,0
0.86923736,1
0.39219394,0
0.23320553,0
0.10151169,0
0.12694427,0
0.018870398,0
0.06436414,0
0.1995617,0
0.13952531,0
0.030775646,0
0.04868492,0
0.9465828,0
0.53728235,0
0.31754228,0
0.013476387,0
0.62246144,0
0.14809723,0
0.1883162,0
0.062311377,0
0.0051618386,0
0.010770399,0
0.01601963,0
0.026438981,0
0.06418824,0
0.0022678745,0
0.15808101,0
0.09954366,0
0.60068345,0
0.3331433,0
0.030445496,0
0.10959952,0
0.022392692,0
0.31326675,0
0.65859663,0
0.24270171,0
0.13052697,0
0.43699178,0
0.7401747,1
0.43391016,0
0.13015682,0
0.45449078,0
0.36284283,0
0.10682612,0
0.18918008,0
0.15405169,0
0.7064927,1
0.6637422,1
0.6732816,0
0.006227953,0
0.038743876,0
0.8353367,1
0.03841987,0
0.002690721,0
0.64705735,0
0.15747379,0
0.01281643,0
0.47368494,0
0.019790404,0
0.28812724,0
0.07038898,1
0.027689494,0
0.1259405,0
0.17936207,0
0.31826282,0
0.031116843,0
0.21787266,0
0.016408196,0
0.52075344,1
0.014231789,0
0.7774563,1
0.07884877,0
0.00769449,0
0.063488856,0
0.40127358,0
0.14502606,0
0.100948684,0
0.47075832,0
0.020424746,0
0.7351441,0
0.39229473,0
0.14190415,0
0.024122534,0
0.34968945,0
0.2869764,0
0.0006690347,0
0.07497327,0
0.012665945,0
0.10460702,0
0.02181734,0
0.5278781,0
0.577408,1
0.049661394,0
0.0104989745,0
0.5957522,0
0.1198237,0
0.076479435,0
0.28308812,0
0.12176479,0
0.019652555,0
0.024891898,0
0.012009325,0
0.12360935,0
0.13497095,0
0.15122627,0
0.07620423,0
0.25517616,0
0.0795869,0
0.02803807,0
0.0556177,0
0.06282856,0
0.3014782,0
0.13791981,0
0.060230285,0
0.38869178,0
0.43309,1
0.08356728,0
0.030498577,0
0.16430691,0
0.012182382,0
0.025416475,0
0.15785275,0
0.082167774,0
0.007813423,0
0.027817748,0
0.6487351,0
0.11199667,0
0.32102847,0
0.15969077,0
0.8612618,1
0.1284268,0
0.032129098,0
0.5861632,0
0.5560876,1
0.01940444,0
0.0075233663,0
0.009557734,0
0.04494153,0
0.253775,0
0.121438876,0
0.55402404,0
0.027444733,0
0.23644207,0
0.64592177,1
0.15503682,0
0.08267552,0
0.47992855,0
0.053026833,0
0.36615983,0
0.16325985,0
0.59363186,1
0.2659701,0
0.06580043,0
0.024853824,0
0.013111044,0
0.14107786,0
0.22501405,0
0.75220823,1
0.43998638,1
0.1028891,0
0.6728309,1
0.012469579,0
0.010390634,0
0.0018683376,0
0.38776717,0
0.07272493,0
0.0116297975,0
0.6153969,0
0.19315809,0
0.10044081,0
0.46896008,0
0.05919607,0
0.3632281,0
0.0076448102,0
0.14310938,0
0.021768816,0
0.41203454,0
0.33354792,0
0.02476966,0
0.24840064,0
0.0028857696,0
0.03254206,0
0.24513666,0
0.1215718,0
0.10981401,0
0.12596554,0
0.107363604,0
0.18888378,0
0.08684063,0
0.33319607,1
0.3460238,0
0.25129962,0
0.030245999,0
0.047903247,0
0.71884614,0
0.38341781,0
0.43969876,0
0.7340877,0
0.23585336,0
0.048209097,0
0.45885935,0
0.60259336,0
0.0059126406,0
0.034495372,0
0.2702982,0
0.025110107,0
0.015296188,0
0.5877293,0
0.28716546,0
0.15213387,0
0.402876,0
0.54075855,0
0.50608945,1
0.043611486,0
0.5177176,0
0.040289804,0
0.17583211,0
0.010143148,0
0.022944443,0
0.34707344,0
0.12653221,0
0.013057751,0
0.7383814,0
0.059497427,0
0.05840843,0
0.29074204,0
0.6250271,0
0.71132433,0
0.14379214,0
0.06152498,0
0.05977238,0
0.2986074,0
0.43859836,0
0.42236477,0
0.29915544,0
0.025676684,0
0.5707355,1
0.75283194,0
0.12200402,0
0.05490447,0
0.030479493,0
0.18134789,0
0.76415753,0
0.45970526,0
0.775917,1
0.5898548,0
0.4979269,0
0.01641266,0
0.60752594,0
0.35571948,0
0.0070019052,0
0.218064,0
0.09498971,0
0.012820937,0
0.7201396,0
0.21949428,0
0.70438975,0
0.059190717,0
0.73756707,0
0.6384919,0
0.03427146,0
0.17806467,0
0.087215796,0
0.28804103,0
0.028773231,0
0.11596942,0
0.54224026,0
0.2624949,0
0.036673795,0
0.3345103,0
0.30867824,0
0.7348233,1
0.07770921,0
0.0061516073,0
0.13339943,0
0.022130124,0
0.008799373,0
0.13972001,0
0.018414762,0
0.057820678,0
0.9073506,1
0.018305086,0
0.16106476,0
0.05259022,0
0.936902,1
0.012002323,0
0.13178796,0
0.31286824,0
0.08042929,0
0.03021913,0
0.6518532,0
0.041225925,0
0.0107111605,0
0.30088246,0
0.054640163,0
0.04444858,0
0.8679742,0
0.09820792,0
0.1908699,0
0.07525929,0
0.06681649,0
0.67966396,1
0.19408436,0
0.04217938,0
0.777315,0
0.008496745,0
0.5459894,0
0.021607146,0
0.13534798,0
0.11542251,0
0.03388321,0
0.39865616,0
0.09769781,0
0.013101564,0
0.62962896,0
0.018245421,0
0.0820583,0
0.06083232,0
0.45561522,1
0.034017924,0
0.5234083,0
0.016732438,0
0.09079727,0
0.29110253,0
0.108350776,0
0.02121252,0
0.1624149,0
0.07642567,0
0.46497235,0
0.08349363,0
0.20547147,0
0.036906157,0
0.55221814,0
0.013284822,0
0.004136381,0
0.8086746,1
0.0061402856,0
0.2932056,0
0.37541983,0
0.012344051,0
0.1128087,0
0.060546458,0
0.39175415,0
0.20389993,0
0.2110574,0
0.045271985,0
0.7624646,0
0.012683662,0
0.5908285,0
0.06665698,0
0.0018121577,0
0.9268355,1
0.13113979,0
0.22745146,0
0.0032965934,0
0.2770925,0
0.38097277,0
0.6274234,1
0.076980926,0
0.683386,0
0.10639159,0
0.102228336,0
0.10447483,0
0.0018889353,0
0.14224133,0
0.043287344,0
0.00091665646,0
0.0040024086,0
0.016302394,0
0.87472284,1
0.40920258,0
0.6304113,0
0.3862817,0
0.004823027,0
0.0046521635,0
0.38683957,0
0.0025152208,0
0.153195,1
0.23033093,0
0.04402573,0
0.05354916,0
0.50038815,0
0.18514223,0
0.43242767,0
0.28378353,0
0.71092314,0
0.07671318,0
0.027920945,0
0.014390085,0
0.8523259,0
0.17613095,0
0.0060268342,0
0.04237347,0
0.06159798,0
0.3963114,0
0.6726559,0
0.060300805,0
0.4963799,0
0.018638683,0
0.009662064,0
0.28986517,1
0.032638058,0
0.049159463,0
0.008905742,0
0.78955543,0
0.022781199,0
0.043813083,0
0.690786,1
0.21705952,0
0.44698808,1
0.011516832,0
0.381307,0
0.39992678,0
0.13707475,0
0.29858664,0
0.8020565,1
0.21741045,0
0.23332486,0
0.1502095,0
0.057299655,0
0.77323365,0
0.08104929,0
0.01820708,0
0.05273804,0
0.08610398,0
0.40456,0
0.014064639,0
0.0106608365,0
0.06701345,0
0.1364819,0
0.309454,0
0.09758603,0
0.055992488,0
0.0046357517,0
0.01203869,0
0.15261179,0
0.19697197,0
0.08980058,0
0.009383951,0
0.31197715,0
0.011311583,0
0.2822709,0
0.017805956,0
0.8784272,1
0.7270777,0
0.5797717,0
0.1939259,0
0.2030491,0
0.010688619,0
0.15080993,0
0.08551708,0
0.6883783,0
0.19894396,0
0.030923031,0
0.4327699,0
0.1495762,0
0.8339837,1
0.019252433,0
0.003652799,0
0.70878774,0
0.27317372,0
0.6245636,0
0.7013882,0
0.1997658,0
0.33941966,0
0.12908125,0
0.052346986,0
0.13764653,0
0.019007906,0
0.41012707,0
0.21013261,0
0.72117037,0
0.030668302,0
0.07235499,0
0.8455355,1
0.06478453,0
0.51967436,0
0.21732645,0
0.014345408,0
0.09455987,0
0.11138477,0
0.052734893,0
0.041120306,0
0.016011769,0
0.40844977,0
0.23132317,0
0.24564734,0
0.0845995,0
0.0066894474,0
0.2686326,0
0.35753572,1
0.028519217,0
0.71749395,0
0.89577293,1
0.1368273,0
0.029730836,0
0.17092676,0
0.62863404,0
0.16418901,0
0.32623658,0
0.4302506,0
0.2343473,0
0.15994482,0
0.11616824,0
0.15160753,0
0.37968588,0
0.028483074,0
0.09996543,0
0.13206086,0
0.049521413,0
0.18927625,0
0.44072026,0
0.1797626,0
0.18307605,0
0.54399884,0
0.06179728,0
0.010763969,0
0.14789347,0
0.018173162,0
0.010842612,0
0.11304708,0
0.017154803,0
0.04268471,0
0.053726614,0
0.0023432304,0
0.023391929,0
0.23008524,0
0.26140922,0
0.1702222,1
0.5287167,0
0.8036883,0
0.39070866,0
0.8243777,1
0.3871232,0
0.047808148,0
0.00686979,0
0.043862373,0
0.30955642,0
0.013096669,0
0.2979758,0
0.04832687,0
0.109575205,0
0.05426152,0
0.7468797,0
0.15349635,0
0.2434433,0
0.039029904,0
0.82583165,0
0.27926612,0
0.024265178,0
0.3276855,0
0.03236238,0
0.0017460361,0
0.32857633,0
0.6219327,0
0.16212639,0
0.07345298,0
0.67542326,0
0.24692564,0
0.5878657,0
0.0029309636,0
0.19413342,0
0.07783112,0
0.086345576,0
0.29091442,0
0.193336,0
0.124281876,0
0.119830355,0
0.20616317,0
0.024227843,0
0.8748296,1
0.48189884,0
0.05416083,0
0.038640067,0
0.13402113,0
0.10202465,0
0.66581,1
0.77227026,1
0.7011184,0
0.5338731,1
0.0472612,0
0.71803147,0
0.12067565,0
0.0011650571,0
0.07203334,0
0.39283183,0
0.6095468,0
0.6563069,0
0.076077394,0
0.004618424,0
0.65953124,1
0.02709922,0
0.22088684,0
0.16322145,0
0.49255553,0
0.573038,1
0.8965646,1
0.044876184,0
0.17409243,0
0.029283332,0
0.2704428,0
0.016323544,0
0.16645862,0
0.1745762,0
0.44852847,0
0.022600826,0
0.0011412156,0
0.16401644,0
0.005140791,0
0.09911711,0
0.11245977,0
0.1352028,0
0.021631029,0
0.03305174,0
0.052287206,0
0.41329327,0
0.0047963616,0
0.09544862,0
0.11265594,0
0.30811155,0
0.005126445,0
0.27415535,0
0.7747168,0
0.034463156,0
0.045712985,0
0.09415197,0
0.061400536,0
0.14429475,0
0.10696686,0
0.003379507,0
0.3961277,0
0.6303796,0
0.19739257,0
0.028413502,0
0.19105081,0
0.13279596,0
0.02058025,0
0.019980721,0
0.16537708,0
0.019349048,0
0.64675254,1
0.009378053,0
0.002499413,0
0.20406573,0
0.10921896,0
0.01844708,0
0.081499904,0
0.33120754,0
0.011887865,0
0.028487733,0
0.22143196,0
0.1233575,0
0.34686533,0
0.2834433,0
0.2049834,0
0.88437086,1
0.060028024,0
0.14247555,0
0.09628713,0
0.051394667,0
0.72118914,0
0.038957804,0
0.19657102,0
0.15456562,0
0.033255424,0
0.1429117,0
0.34272206,0
0.85218525,0
0.012327574,0
0.014383892,0
0.0042865286,0
0.73837715,0
0.01900695,0
0.03162547,0
0.8563525,0
0.26608258,0
0.5769224,1
0.20306636,0
0.032884404,0
0.14322717,0
0.60175025,0
0.13080204,0
0.114718795,0
0.15828465,0
0.32435524,0
0.4762257,1
0.18473785,0
0.015486945,0
0.05345237,0
0.7904926,0
0.9316591,1
0.056958936,0
0.1564065,0
0.52015036,0
0.041755944,0
0.008218818,0
0.15444142,0
0.0096465405,0
0.69311786,0
0.01595373,0
0.2921449,0
0.030326294,0
0.004529457,0
0.03416638,0
0.1865725,0
0.47773558,0
0.07745862,0
0.03766019,0
0.039985828,0
0.83935004,1
0.055065326,0
0.011641763,0
0.14976996,0
0.021766357,0
0.33391362,0
0.09999368,0
0.29224542,1
0.010067959,0
0.021801258,0
0.033144936,0
0.34809256,0
0.019933619,0
0.015807409,0
0.41065463,1
0.06639169,0
0.07401733,0
0.63485605,0
0.055651534,0
0.043793283,0
0.5319556,0
0.1706625,0
0.1727013,0
0.33842584,0
0.078814924,0
0.58826065,0
0.8591357,1
0.06324531,0
0.031230707,0
0.35285717,0
0.09901882,0
0.5733483,1
0.050034203,0
0.051732883,0
0.06577903,0
0.15137744,0
0.10141756,0
0.22147654,0
0.06671314,0
0.54853094,0
0.015099013,0
0.26371294,0
0.14941335,0
0.017685156,0
0.011088321,0
0.19511576,0
0.030276438,0
0.15640306,0
0.92188716,1
0.0029820264,0
0.089550674,0
0.09918267,0
0.24921764,0
0.58076936,1
0.025743531,0
0.09040857,0
0.5496181,0
0.23815452,0
0.48349372,0
0.044843774,0
0.81411237,0
0.16612521,0
0.06163436,0
0.05504538,0
0.03715295,0
0.12535074,0
0.028587678,0
0.20285712,0
0.12201905,0
0.6942929,0
0.06860528,0
0.019308638,0
0.09554087,0
0.55071616,0
0.18252876,0
0.015285441,0
0.41858545,0
0.74825776,1
0.03791585,0
0.114117086,0
0.02136467,0
0.09384733,0
0.7629783,1
0.09350582,0
0.668965,0
0.15982115,0
0.81294847,0
0.6611798,0
0.58200073,0
0.10190398,0
0.13329336,0
0.24670112,0
0.1968418,0
0.09298511,0
0.122943744,0
0.23338792,0
0.117681466,0
0.08745357,0
0.42396522,0
0.06674024,0
0.38282618,0
0.55033195,0
0.107679494,0
0.22316119,0
0.67777956,1
0.20333216,0
0.2357908,0
0.119186245,0
0.12736793,0
0.857964,1
0.12977473,0
0.16198444,0
0.033873174,0
0.123932265,0
0.04174526,0
0.03192364,0
0.018147524,0
0.590183,0
0.65461284,1
0.063022524,0
0.14708315,0
0.6377182,1
0.0880991,0
0.07481589,0
0.17197789,0
0.049458962,0
0.23944284,0
0.1561851,0
0.2544367,0
0.36271068,1
0.018153379,0
0.15372601,0
0.050560217,0
0.1484124,0
0.60384136,0
0.19668047,0
0.7895588,0
0.046993323,0
0.09650434,0
0.49218348,1
0.0019536475,0
0.46375826,1
0.40207642,0
0.3948809,0
0.011214715,0
0.04877963,0
0.04536528,0
0.23438911,0
0.0017951927,0
0.46378002,0
0.013656257,0
0.83707446,1
0.5020248,0
0.023819424,0
0.14752488,0
0.120391764,0
0.7279281,1
0.33346066,0
0.034757137,0
0.42330295,0
0.077956386,0
0.01913513,0
0.16758867,0
0.11455881,0
0.8822001,0
0.19540887,1
0.07799271,0
0.08315579,0
0.12039545,0
0.023970468,0
0.03555143,0
0.35134187,0
0.022886476,0
0.53934914,1
0.18602452,0
0.005324414,0
0.6422721,1
0.36890677,0
0.4848209,0
0.008167536,0
0.27132872,0
0.0039114594,0
0.122359455,0
0.005508036,0
0.20420915,0
0.0784657,0
0.0509408,0
0.08270776,0
0.041888095,0
0.32152545,0
0.03815369,0
0.3056846,0
0.071128875,0
0.009311038,0
0.037895355,0
0.6025659,0
0.012112762,0
0.2445696,0
0.08682972,0
0.027627556,1
0.006692781,0
0.010681667,0
0.09745746,0
0.013863869,0
0.6113177,0
0.310787,0
0.35202402,0
0.867313,1
0.20594051,0
0.60684264,0
0.008299931,0
0.33855006,0
0.012544714,0
0.44371963,1
0.051278345,0
0.02929539,0
0.28956625,0
0.039188877,0
0.14470287,0
0.17507586,0
0.3266047,0
0.112041235,0
0.073902845,0
0.36703202,1
0.5170105,0
0.008183233,0
0.010913955,0
0.47615007,0
0.024290543,0
0.3264698,0
0.79140544,1
0.2577042,0
0.17789681,0
0.020487756,0
0.13280906,0
0.6038794,1
0.3355727,0
0.38458782,0
0.10418778,0
0.02888194,0
0.0153462505,0
0.04889502,0
0.34041464,0
0.012966797,0
0.040132623,0
0.016089832,0
0.045874268,0
0.0020910625,0
0.3251703,0
0.0697966,0
0.6784805,1
0.329606,0
0.36280423,0
0.5822839,0
0.2641848,0
0.62509274,1
0.03643281,0
0.047437605,0
0.09302511,0
0.07792407,0
0.1327815,0
0.067070805,0
0.00920278,0
0.64827526,0
0.19696769,0
0.023740647,0
0.00556663,0
0.24869418,0
0.09234549,0
0.6014831,0
0.016039861,0
0.03463614,0
0.021019073,0
0.6456796,1
0.007834033,0
0.26471356,0
0.12094311,0
0.15629771,0
0.03419893,0
0.1393041,0
0.25773314,0
0.0004120018,0
0.19697604,0
0.7370228,1
0.10084833,0
0.071619146,0
0.02889533,0
0.41180265,0
0.052673902,0
0.0327872,0
0.35506004,0
0.28846157,0
0.10846531,0
0.50069994,1
0.33883554,0
0.008504191,0
0.7972489,1
0.34563598,0
0.07633535,0
0.010538942,0
0.70656216,1
0.33996913,0
0.02308813,0
0.24517596,0
0.4990029,0
0.5497555,0
0.5268644,0
0.048359197,0
0.3205111,0
0.04954286,0
0.06143039,0
0.70261693,0
0.056239925,0
0.05641332,0
0.06931009,0
0.5745276,0
0.27009326,0
0.6462956,0
0.1250119,0
0.0055441274,0
0.035405062,0
0.3292836,0
0.15437882,0
0.5447553,0
0.82277554,0
0.045747664,0
0.14076634,0
0.02558937,0
0.71343064,1
0.011295468,0
0.024447722,0
0.03822345,0
0.0022995402,0
0.20105022,0
0.16314135,0
0.08333358,0
0.12990484,0
0.058351304,0
0.0061047827,0
0.09428991,0
0.48057756,0
0.056446087,0
0.075230144,0
0.3268959,0
0.13379851,0
0.34613335,0
0.11388985,0
0.08726433,0
0.031312086,0
0.015396322,0
0.13324806,0
0.12331966,0
0.9517167,1
0.0063835615,0
0.39784735,0
0.014943702,0
0.26387802,0
0.5342484,0
0.0309886,0
0.031482305,0
0.10738618,0
0.79097027,1
0.07016504,0
0.047556978,0
0.004887984,0
0.06925384,0
0.31748086,0
0.054382447,0
0.03356381,0
0.017899456,0
0.013282928,0
0.61146224,0
0.01568698,0
0.025894197,0
0.0036771356,0
0.09779194,0
0.21400663,0
0.0061603272,0
0.48920584,0
0.2761977,1
0.4145339,0
0.21067503,0
0.07906477,0
0.016597364,0
0.007958388,0
0.0756391,0
0.060157843,0
0.05965275,0
0.6926741,0
0.040120445,0
0.0130919805,0
0.12978615,0
0.13359977,0
0.09027669,0
0.09383066,0
0.27243382,1
0.03615285,0
0.23411201,0
0.013056043,0
0.1033245,0
0.17965811,0
0.121057056,0
0.8208729,1
0.030048385,0
0.53950685,0
0.046521876,0
0.107737355,0
0.475857,0
0.8072129,1
0.0026266125,0
0.39208382,0
0.5927445,0
0.013173363,0
0.27429128,0
0.074645974,0
0.639771,0
0.43988258,0
0.11510104,0
0.48138183,1
0.19241895,0
0.28951496,0
0.51294863,0
0.24961454,0
0.08061482,0
0.018202314,0
0.09160128,0
0.37912038,0
0.031992096,0
0.014889436,0
0.72510904,0
0.03348339,0
0.3625814,0
0.00968769,0
0.018746627,0
0.019502053,0
0.052166186,0
0.12410446,0
0.8820858,1
0.10715339,1
0.0013220009,0
0.8705977,1
0.068521924,0
0.32479978,0
0.060582727,0
0.019658986,0
0.4969776,0
0.9277285,1
0.050997052,0
0.046524014,0
0.38470212,0
0.8420699,0
0.0170762,0
0.14132123,0
0.11906682,0
0.20646857,0
0.15521431,0
0.040965717,0
0.5100561,0
0.84233814,1
0.016845562,0
0.3241426,0
0.06804603,0
0.16112223,0
0.12998404,0
0.06935403,0
0.18985085,0
0.14953205,0
0.006462143,0
0.20256957,0
0.14796236,0
0.7154169,1
0.24840017,0
0.042100936,0
0.32399878,1
0.09750667,0
0.098277055,0
0.04353266,0
0.013772152,0
0.7729764,0
0.65193087,0
0.01598203,0
0.06222608,0
0.7956257,1
0.17277336,0
0.71343225,0
0.5923976,0
0.2725551,1
0.16538274,0
0.2690913,0
0.074752696,0
0.020052688,0
0.67893136,1
0.2877942,0
0.0072037973,0
0.391349,0
0.62799346,0
0.78766567,0
0.6781365,1
0.5192886,0
0.17733578,0
0.0027861001,0
0.4535329,0
0.06794684,0
0.7788266,1
0.29428974,0
0.2354854,0
0.2635691,0
0.6475087,0
0.49341086,0
0.16616772,0
0.44626284,0
0.048903115,0
0.09703189,0
0.8837231,0
0.01631954,0
0.04212628,0
0.5973242,0
0.10843348,0
0.16017479,0
0.042657997,0
0.40038964,1
0.25975233,0
0.03731821,0
0.011449103,0
0.060028262,0
0.0208939,0
0.09316592,0
0.39966643,0
0.1999848,0
0.7010029,1
0.02805293,0
0.79195184,1
0.023283437,0
0.04418586,0
0.008581379,0
0.3064323,0
0.2331318,0
0.40539873,0
0.24915054,0
0.089585364,0
0.00855232,0
0.3458674,0
0.3779169,0
0.53013223,0
0.83227617,0
0.40171194,1
0.070469484,0
0.39585248,0
0.073169656,0
0.043109097,0
0.33049214,0
0.83483624,1
0.6744368,1
0.6813874,0
0.06783771,0
0.031073507,0
0.13787225,0
0.53223455,1
0.023089096,0
0.35841224,0
0.07978077,0
0.005461639,0
0.13323289,0
0.082862385,0
0.19038403,0
0.011703457,0
0.05045473,0
0.08558594,0
0.5715954,0
0.033389002,0
0.29977506,0
0.1447268,0
0.9346624,1
0.61009663,0
0.11396185,0
0.058685772,0
0.05650305,0
0.010590056,0
0.10884127,0
0.069065236,0
0.4896435,0
0.013301307,0
0.18556519,0
0.0016372357,0
0.24915819,0
0.51198804,0
0.024848886,0
0.041492566,0
0.23742051,0
0.031622015,0
0.75147164,0
0.13016795,0
0.09485001,0
0.008063746,0
0.0027285719,0
0.8561594,1
0.78144264,0
0.025609987,0
0.12901223,0
0.5634784,1
0.16332912,0
0.006059687,0
0.25158614,0
0.013325606,0
0.022364557,0
0.014508345,0
0.3588849,0
0.6444159,1
0.21957363,0
0.3553144,0
0.04483958,0
0.79941505,0
0.3682291,0
0.23312202,0
0.049947716,0
0.30933818,0
0.23752867,0
0.7451978,0
0.06011042,0
0.042018525,0
0.24022722,0
0.05085367,0
0.08558595,0
0.29059526,0
0.22807987,0
0.8879955,1
0.6231489,0
0.23721729,0
0.36815825,0
0.60636085,0
0.25711623,0
0.015249547,0
0.35253605,0
0.033729948,0
0.03855828,0
0.36848944,0
0.012669374,0
0.01856912,0
0.2552346,0
0.21039322,0
0.0056276657,0
0.17739725,0
0.19088651,0
0.047477104,0
0.127791,0
0.11220828,0
0.006148471,0
0.1858897,0
0.065197885,0
0.60389954,0
0.8392487,0
0.029239455,0
0.1392773,0
0.002365865,0
0.66488457,0
0.7000705,0
0.25703636,1
0.037755195,0
0.13709864,0
0.03368105,0
0.15567222,0
0.02471404,0
0.26880938,0
0.14030474,0
0.035440825,0
0.0525602,0
0.3520234,0
0.047328096,0
0.014391289,0
0.16696687,0
0.22918671,0
0.15850452,0
0.0021198986,0
0.090756714,0
0.032511123,0
0.14856167,1
0.052691974,0
0.6762765,1
0.07277724,0
0.23428029,0
0.45421815,0
0.54692173,0
0.26161778,0
0.061265375,0
0.07588961,0
0.24194771,0
0.6661969,0
0.1117673,0
0.017877199,0
0.007950113,0
0.17282793,0
0.009916066,0
0.32576066,0
0.018640738,0
0.43240705,0
0.8391147,1
0.008022377,0
0.045811474,0
0.25595698,0
0.0044609155,0
0.10055292,0
0.40379405,0
0.06530254,0
0.12414536,0
0.23972416,0
0.6978158,1
0.2264819,0
0.26565486,0
0.2301854,0
0.04923276,0
0.085508354,0
0.010726846,0
0.15163887,0
0.5470497,0
0.43069974,0
0.14419651,0
0.05955928,0
0.08472218,0
0.34484097,0
0.15984507,0
0.61766076,0
0.21564466,0
0.05892838,0
0.15700273,0
0.42043826,0
0.38726267,0
0.24844351,0
0.851172,1
0.5773032,0
0.032563116,0
0.18747379,0
0.43005842,0
0.028402895,0
0.023734028,0
0.012893324,0
0.18088138,0
0.0019298604,0
0.20739138,0
0.00821651,0
0.023317643,0
0.11216576,0
0.66702384,1
0.0995543,0
0.28004676,0
0.15929939,0
0.7551551,0
0.5706152,0
0.15251179,0
0.23926823,0
0.522835,0
0.014154823,0
0.047790807,0
0.25126445,0
0.19086589,0
0.04834975,0
0.001718365,0
0.07947295,0
0.16387035,0
0.113363,0
0.20332643,0
0.62620026,0
0.050965134,0
0.019194396,0
0.07962826,0
0.0929897,0
0.83311164,1
0.035224967,0
0.12112144,0
0.14047672,0
0.043306243,0
0.3351645,0
0.011804975,0
0.026492719,0
0.01698328,0
0.069232054,0
0.6524993,1
0.020802343,0
0.33655623,0
0.054930396,0
0.23741272,0
0.7360037,0
0.14840561,0
0.0994828,0
0.50065273,0
0.11060298,0
0.15939738,0
0.285089,0
0.0047879065,0
0.015285942,0
0.6465923,0
0.45814353,0
0.105703905,0
0.040027756,0
0.051051993,0
0.0067222156,0
0.006949163,0
0.036339913,0
0.27999994,0
0.09143026,0
0.05204301,0
0.66826344,0
0.4758575,0
0.24045606,0
0.010273464,0
0.90091115,1
0.33148748,0
0.4902205,1
0.38094172,0
0.007593092,0
0.13529295,0
0.06402986,0
0.17911331,1
0.30347565,0
0.02142681,0
0.2055939,0
0.1494513,0
0.5560593,1
0.4912258,0
0.037740733,0
0.21463504,1
0.2521499,0
0.33331734,0
0.34495667,0
0.16938423,0
0.038791098,0
0.8656796,1
0.319791,0
0.18556376,0
0.22899152,0
0.6884603,1
0.057169527,0
0.2624577,0
0.22879791,0
0.4759267,0
0.073338516,0
0.26831442,0
0.012448223,0
0.07779658,0
0.043336067,0
0.010385315,0
0.1694943,0
0.0452385,0
0.68274844,0
0.108102076,0
0.045468558,0
0.027031597,0
0.30738175,0
0.030436834,0
0.33563003,0
0.2516716,0
0.48100904,0
0.038585257,0
0.55606514,1
0.7934784,0
0.027275883,0
0.064739,0
0.17697918,0
0.8256529,1
0.0018353935,0
0.037851363,0
0.59067285,0
0.087516434,0
0.029356793,0
0.021540051,0
0.66221434,1
0.03407365,0
0.011866951,0
0.09379168,0
0.31166235,0
0.33532596,0
0.1941132,0
0.26788267,0
0.0064649936,0
0.040110614,0
0.070343696,0
0.009867586,0
0.20195714,0
0.44239148,0
0.2820331,0
0.10166001,0
0.004898381,0
0.105292246,1
0.48157275,0
0.05257891,0
0.5688753,1
0.0030303318,0
0.34631437,0
0.046496123,0
0.029511232,0
0.4164456,0
0.06490181,0
0.10184814,0
0.04227291,0
0.6033337,1
0.18588157,0
0.07625606,0
0.0596347,0
0.89909786,1
0.029133856,0
0.22322431,0
0.025370345,0
0.13106547,0
0.34630927,0
0.026165871,0
0.765772,1
0.33198962,0
0.06329332,0
0.5161758,0
0.29710534,1
0.19023083,0
0.018936312,0
0.17250112,0
0.07924259,0
0.3173508,0
0.5420346,0
0.3844003,1
0.13993959,0
0.026319768,0
0.20321229,0
0.0431418,0
0.1000893,0
0.25839654,0
0.1445495,0
0.4958099,1
0.015199588,0
0.34202477,0
0.4781229,1
0.37565348,0
0.11472552,0
0.92078626,1
0.011978948,0
0.0019436762,0
0.07842668,0
0.5059876,0
0.02819938,0
0.11659934,0
0.12097281,0
0.011570838,0
0.42433238,0
0.41739845,0
0.049340755,0
0.07756266,1
0.7263885,0
0.9403198,1
0.01165835,0
0.597488,0
0.06858868,0
0.23002544,0
0.8248417,0
0.49819735,0
0.3661415,0
0.44487032,0
0.0070966366,0
0.25905296,0
0.574705,0
0.71324354,0
0.19472194,0
0.12844318,0
0.36192855,0
0.052597374,0
0.14624052,0
0.8966433,1
0.16445342,0
0.06641217,0
0.31736082,0
0.47812906,0
0.0049453313,0
0.09184279,0
0.73452145,0
0.3386773,0
0.023885256,0
0.070976876,0
0.7136354,0
0.8420902,1
0.11845606,0
0.6823582,0
0.0049329293,0
0.73920596,0
0.017931454,0
0.90845245,1
0.30689707,0
0.046129685,0
0.7211949,0
0.010444218,0
0.20751324,0
0.059684053,0
0.15134853,0
0.017440582,0
0.05765868,0
0.1539572,0
0.7412164,1
0.011889142,0
0.21423334,0
0.028037509,0
0.0038659188,0
0.020322597,0
0.0016440589,0
0.09815242,0
0.066720635,0
0.8756523,1
0.73002917,0
0.4091532,0
0.030264767,0
0.0461795,0
0.26779982,0
0.6904271,1
0.60087854,0
0.014108579,0
0.062031463,0
0.2223421,0
0.100033134,0
0.8031411,1
0.123378165,0
0.753115,1
0.090833,0
0.29992172,0
0.8862326,0
0.24704528,0
0.078766905,0
0.7958042,0
0.037633616,0
0.26936018,0
0.9077118,1
0.4476625,0
0.38308492,1
0.020133425,0
0.03750894,0
0.21832061,1
0.15046006,0
0.29861677,0
0.4612214,0
0.2629152,0
0.12766716,0
0.32345948,0
0.34583265,0
0.027394658,0
0.5115675,0
0.1698167,0
0.0963206,0
0.030813804,0
0.050438773,0
0.12751728,0
0.14769526,0
0.070582055,0
0.46427897,0
0.055440452,0
0.41076797,0
0.027493369,0
0.11447519,0
0.008351374,0
0.097124256,0
0.86425024,1
0.52968264,0
0.035338607,0
0.051284663,0
0.6112518,0
0.008857074,0
0.42022908,0
0.054872327,0
0.060276907,0
0.009470443,0
0.4662486,0
0.783975,1
0.036089648,0
0.6387226,0
0.07664723,0
0.5557239,1
0.43852872,0
0.013001562,0
0.0027819802,0
0.09139182,0
0.23729189,0
0.075783186,0
0.020797124,0
0.10571428,0
0.24581967,0
0.12616636,0
0.27157524,0
0.92914426,1
0.12598683,0
0.08291103,0
0.5596831,0
0.31062114,0
0.032810245,0
0.03798414,0
0.5462713,0
0.010069612,0
0.07540902,0
0.3332169,0
0.13252702,0
0.03505471,0
0.38955244,0
0.09626687,0
0.2687609,0
0.010341872,0
0.6654583,0
0.025109215,0
0.05583411,0
0.49402398,0
0.06991479,0
0.44302076,0
0.082081564,0
0.13552111,0
0.055555742,0
0.69544786,1
0.30266684,0
0.3540789,0
0.5668819,0
0.004252107,0
0.43694445,0
0.28997916,0
0.005206102,0
0.007565278,0
0.10978243,0
0.010753211,0
0.23113999,0
0.4878897,1
0.53021044,1
0.8771185,1
0.6014362,0
0.033040963,0
0.089514494,0
0.003567945,0
0.13929895,0
0.08230299,0
0.18053056,0
0.0097276345,0
0.0616842,0
0.9350756,1
0.03038125,0
0.031091722,0
0.26297122,0
0.55121267,1
0.10095689,0
0.60557806,0
0.7032934,0
0.17881934,0
0.018408552,0
0.08532991,0
0.39255068,0
0.11315226,0
0.48794103,0
0.27691516,0
0.010660575,0
0.7514866,1
0.001412146,0
0.047671862,0
0.11885903,0
0.020218093,0
0.14787717,0
0.17496955,0
0.077121176,0
0.04682411,0
0.26005077,0
0.042023662,0
0.17442304,0
0.0028944912,0
0.20022586,0
0.44469985,1
0.034522332,0
0.39700156,0
0.65080035,0
0.073368564,0
0.65090364,0
0.0686184,0
0.006031867,0
0.6347094,1
0.08228795,0
0.43586215,0
0.8089182,1
0.015310214,0
0.08071468,0
0.0076949587,0
0.016744852,0
0.30907947,0
0.0169287,0
0.10343195,0
0.019104838,0
0.048547458,0
0.028858738,0
0.13805847,0
0.20441969,0
0.0006522584,0
0.1908201,0
0.36702096,0
0.32496968,0
0.5036821,0
0.04107644,0
0.0048689074,0
0.08355351,0
0.5588824,1
0.33439997,0
0.024258161,0
0.043884452,0
0.51880234,0
0.039428476,0
0.204291,0
0.03981075,0
0.659719,0
0.001876875,0
0.13905303,0
0.33794624,0
0.005336041,0
0.076218046,0
0.0596059,0
0.39470002,0
0.2245756,0
0.016716016,0
0.070376255,0
0.14055823,0
0.18971416,0
0.6553305,0
0.32891926,0
0.055759843,0
0.40865946,0
0.67349184,0
0.7507405,1
0.07430659,0
0.0063288715,0
0.70065904,0
0.01728934,0
0.25407192,0
0.6399932,1
0.15453741,0
0.056108225,0
0.027192356,0
0.019274293,0
0.22735095,0
0.53566384,0
0.6520387,0
0.56426424,0
0.016239306,0
0.13165687,0
0.055571094,0
0.14628054,0
0.85876656,0
0.014431201,0
0.17870575,0
0.01711923,0
0.075220555,1
0.8652429,0
0.70856506,0
0.039652973,0
0.019210104,0
0.75232625,0
0.48728973,0
0.5945922,0
0.017075535,0
0.3834566,0
0.3160611,0
0.39974687,0
0.29644847,0
0.25398543,0
0.15583073,0
0.059231304,0
0.19436926,0
0.013464646,0
0.73699975,1
0.037371326,0
0.0057966537,0
0.015807735,0
0.02114743,0
0.38932124,0
0.5182059,0
0.11268775,0
0.20234758,0
0.050181203,0
0.1483866,0
0.4808711,1
0.02427917,0
0.028774872,0
0.88846844,1
0.34346822,0
0.03687183,0
0.22072935,0
0.04856848,0
0.0145414965,0
0.06300275,0
0.1902219,0
0.33293393,0
0.48665485,0
0.10295844,0
0.32994592,0
0.02655956,0
0.05020197,0
0.32827026,0
0.43440667,0
0.1102036,0
0.10192437,0
0.41464728,0
0.32499233,0
0.91779876,1
0.683656,0
0.6795391,0
0.17906551,0
0.059076294,0
0.041642226,0
0.25480586,0
0.034049675,0
0.017805407,0
0.06125892,0
0.30812317,0
0.45758802,0
0.69824,1
0.015889114,0
0.09140384,0
0.7299872,0
0.09714531,0
0.049431812,0
0.040834155,0
0.25679305,0
0.061049487,0
0.039563905,0
0.2383148,0
0.31515923,1
0.15088743,0
0.37883803,0
0.045025956,0
0.11655636,0
0.5707308,0
0.2280945,0
0.1075874,0
0.2063314,0
0.26943484,0
0.18811923,0
0.034008533,0
0.009919863,0
0.6766319,0
0.01979991,0
0.015749538,0
0.7750712,1
0.3978277,0
0.45422542,1
0.089844696,0
0.025621658,0
0.10418055,0
0.46684942,0
0.453164,0
0.0458016,0
0.614551,1
0.84972745,1
0.029492434,0
0.09735788,0
0.04387443,0
0.026598936,0
0.5027405,1
0.45188242,0
0.025284393,0
0.14225438,0
0.4399097,1
0.68913174,0
0.2786586,0
0.52923477,0
0.06727752,0
0.068305865,0
0.023612665,0
0.10648098,0
0.1660372,0
0.038450755,0
0.029033208,0
0.03586684,0
0.16815862,0
0.0057555865,0
0.03595699,0
0.048368324,0
0.055012003,0
0.34727672,0
0.2457244,0
0.08712411,0
0.68535745,1
0.14462005,0
0.56591165,1
0.08691838,0
0.30124456,0
0.012128451,0
0.5171228,0
0.6128796,1
0.706926,1
0.015179935,0
0.22154081,1
0.5198264,0
0.040997986,0
0.21431771,0
0.17435475,0
0.13782975,0
0.5497569,0
0.17296122,0
0.42137,1
0.008376132,0
0.09594565,0
0.64690804,0
0.015703576,0
0.51744425,1
0.40501276,1
0.3543013,0
0.7047251,1
0.57955015,0
0.025536774,0
0.054418683,0
0.52335817,0
0.15769354,0
0.122287005,0
0.009585588,0
0.14295273,0
0.19361435,0
0.16385908,0
0.12768555,1
0.083246246,0
0.5883387,0
0.70706797,0
0.33056,0
0.6657049,0
0.063624024,0
0.0424813,0
0.011814062,0
0.01212242,0
0.33668545,0
0.022832656,0
0.0038351477,0
0.036194246,0
0.8378838,1
0.50065523,0
0.04051461,0
0.12886886,0
0.40535513,1
0.3453811,0
0.021031076,0
0.70149744,0
0.45664078,0
0.031385683,0
0.10376527,0
0.28009003,0
0.029946018,0
0.063354686,0
0.08431331,0
0.19932556,0
0.4783803,0
0.114097364,0
0.23441552,0
0.06265981,0
0.2083778,0
0.79981905,0
0.10342215,0
0.09830573,0
0.027497277,0
0.86420685,1
0.55706555,1
0.156297,0
0.23516293,0
0.22614397,0
0.07945447,0
0.007689703,0
0.0030915565,0
0.007237233,0
0.14950758,0
0.51042897,0
0.64033175,1
0.034884606,0
0.002476473,0
0.07251487,0
0.20422836,0
0.54450625,0
0.20992403,0
0.06301537,0
0.16441834,0
0.015890077,0
0.16084851,0
0.038382094,0
0.122783355,0
0.38064358,0
0.0029802206,0
0.24240614,1
0.37664226,0
0.30287695,0
0.017206067,0
0.5561447,0
0.27238092,0
0.7601661,1
0.55822694,0
0.24153113,0
0.279098,0
0.20609887,0
0.28621945,0
0.046684813,0
0.035017814,0
0.04541741,0
0.060420778,0
0.36085746,0
0.015761865,0
0.7266814,0
0.4932776,0
0.10031927,0
0.2793372,0
0.03174165,0
0.1468633,0
0.053495653,0
0.75048625,1
0.049575586,0
0.29344276,0
0.52119255,0
0.7103414,1
0.65810364,0
0.13047385,0
0.5455657,1
0.37531322,0
0.016919544,0
0.13004066,0
0.8919166,1
0.13487901,0
0.2742558,0
0.074575685,0
0.036605168,0
0.23138133,0
0.35146815,0
0.5595673,1
0.010999842,0
0.4304047,0
0.4247128,0
0.64158803,0
0.58036387,1
0.3908232,0
0.9272175,0
0.034448158,0
0.58002484,0
0.49649072,1
0.3478692,0
0.08827722,0
0.10964152,0
0.00832245,0
0.017348874,0
0.11931074,0
0.01702664,0
0.0049320725,0
0.015401793,0
0.014381943,0
0.055084508,0
0.4613349,1
0.8709802,1
0.18553467,0
0.19032884,0
0.04120979,0
0.18147716,0
0.08907403,0
0.61345464,0
0.016136384,0
0.24568912,0
0.38775036,1
0.18743871,0
0.3287563,0
0.014595007,0
0.02540498,0
0.80371165,0
0.19718938,0
0.00027643293,0
0.043829978,0
0.4569491,0
0.5264651,0
0.021317907,0
0.051367,0
0.2925729,0
0.039502233,0
0.31950936,0
0.019588908,0
0.7495599,0
0.18832035,0
0.025003582,0
0.6719538,0
0.097847514,0
0.2368153,0
0.31342041,0
0.19885786,0
0.37406152,0
0.28540546,1
0.20019524,0
0.9488607,1
0.64841056,1
0.006606831,0
0.28937587,0
0.06082144,0
0.004879153,0
0.0615405,0
0.1397605,0
0.034112867,0
0.9194098,0
0.0135464715,0
0.58703065,0
0.023872746,0
0.2420829,0
0.021640496,0
0.22068316,1
0.03354672,0
0.1431961,0
0.042711493,0
0.1149274,0
0.40899706,0
0.5770942,0
0.19695897,0
0.19500275,0
0.14567074,0
0.047732275,0
0.03673864,0
0.67480785,0
0.01718808,0
0.11844296,0
0.039388962,0
0.06850718,0
0.104314044,0
0.23911025,0
0.75647426,0
0.045687802,0
0.013379807,0
0.19551174,0
0.14257269,0
0.14328146,0
0.8972466,1
0.90652245,1
0.5353349,0
0.024118764,0
0.27501985,0
0.19653952,0
0.7556389,0
0.026414836,0
0.3460909,1
0.01895136,0
0.116203785,0
0.37554175,0
0.030216597,0
0.30444092,0
0.5107287,0
0.022036478,0
0.09638979,0
0.40771413,0
0.87362695,0
0.0011971404,0
0.030421562,0
0.30666965,0
0.059104446,0
0.14588797,0
0.012369277,0
0.85676783,1
0.8361033,1
0.0898144,0
0.3198994,0
0.026113104,0
0.016585562,0
0.014635442,0
0.021719176,0
0.059089486,0
0.3556564,0
0.039178345,0
0.0079268,0
0.24309422,0
0.27676475,0
0.07586797,0
0.03677975,0
0.67404526,1
0.010587523,0
0.015168021,0
0.3251232,0
0.14274852,0
0.022252131,0
0.4690014,1
0.023581952,0
0.056348193,0
0.026792157,0
0.5284067,0
0.012091184,0
0.05457004,0
0.12647296,0
0.35245737,0
0.035058975,0
0.04737747,0
0.77341765,0
0.24236865,0
0.11085071,0
0.011777715,0
0.081721395,0
0.22361526,0
0.05441692,0
0.008778532,0
0.092906795,0
0.038490016,0
0.18564735,0
0.110413186,0
0.12758875,0
0.24616222,0
0.008424051,0
0.1180396,0
0.037553113,0
0.07377901,0
0.03391241,0
0.15995833,0
0.1993562,0
0.027309872,0
0.60932076,1
0.4675458,0
0.30230796,0
0.33032966,0
0.42810133,0
0.90502167,1
0.385664,0
0.23918292,0
0.009215394,0
0.114488885,0
0.56980455,0
0.05030656,0
0.3547747,0
0.09093004,0
0.42124355,0
0.63751435,0
0.2761706,1
0.06091816,0
0.8252619,1
0.28214598,0
0.7227995,0
0.7214189,1
0.023166897,0
0.021439562,0
0.22030534,1
0.18997546,0
0.0060880533,0
0.39609376,0
0.05320144,0
0.29597726,0
0.00093777507,0
0.011590537,0
0.8591253,0
0.04273188,0
0.05192867,0
0.05266202,0
0.7198737,0
0.005891962,0
0.005681932,0
0.86130965,1
0.077383965,0
0.0038998132,0
0.015248665,0
0.053225126,0
0.26272634,0
0.01638444,0
0.019046828,0
0.1321988,0
0.04971,0
0.11691638,0
0.050671875,0
0.042675428,0
0.28130773,0
0.5792492,0
0.12337808,0
0.27072117,0
0.17687486,0
0.06280783,0
0.252197,0
0.010474423,0
0.045505412,0
0.43697643,0
0.006829716,0
0.0023139569,0
0.7433492,1
0.016495615,0
0.49399105,0
0.0470265,0
0.43756813,0
0.5301139,0
0.22575758,0
0.28170615,0
0.58505845,0
0.033604648,0
0.0912478,0
0.01732819,0
0.36380157,0
0.14017797,0
0.097763844,0
0.030990453,0
0.9015345,1
0.07447327,0
0.021532929,0
0.097992234,0
0.67976344,0
0.086788945,1
0.0017709241,0
0.049016345,0
0.10186075,1
0.043892108,0
0.60639143,1
0.021211946,0
0.09932724,0
0.23799527,0
0.010610846,0
0.116046295,0
0.644034,0
0.034877412,0
0.30266777,0
0.03713422,0
0.1044102,0
0.3281603,0
0.81310254,0
0.056326926,0
0.71326035,0
0.01027169,0
0.22694267,1
0.12742074,0
0.049397968,0
0.14417891,0
0.1277059,0
0.046931963,0
0.14288282,0
0.0828411,0
0.24150527,0
0.13092515,0
0.28469607,0
0.18038873,0
0.102924995,0
0.6407091,0
0.17098288,0
0.021123117,0
0.37319377,0
0.039597236,0
0.6670489,0
0.19569826,0
0.30403027,0
0.07869628,0
0.011760956,0
0.14228778,0
0.009402174,0
0.039451085,0
0.10713439,0
0.7086623,0
0.07845389,0
0.059423734,0
0.42807317,0
0.050084326,0
0.1177111,0
0.25666198,0
0.00573032,0
0.045242485,0
0.70553195,1
0.030649893,0
0.27534074,1
0.03694124,0
0.04695792,0
0.01930458,0
0.036593877,0
0.49598035,0
0.16982014,0
0.018731432,0
0.2842869,0
0.041609503,0
0.01746985,0
0.3382676,0
0.7275214,0
0.22387646,0
0.8705159,0
0.10438202,0
0.6323471,0
0.34160426,0
0.8394242,1
0.0032588465,0
0.53268677,0
0.053775422,0
0.09913395,0
0.5797995,0
0.22497733,0
0.08977956,0
0.037031505,0
0.7644816,0
0.120529056,0
0.3678328,0
0.025021268,0
0.25389096,0
0.4473386,0
0.18209495,0
0.29225126,0
0.010421008,0
0.44425845,0
0.40406433,0
0.21657723,0
0.007916049,0
0.046001203,0
0.15804133,0
0.58062255,0
0.06232909,0
0.269754,0
0.09175606,0
0.15016647,0
0.102042235,0
0.9348901,1
0.0077941087,0
0.46805078,1
0.0044221114,0
0.07073009,0
0.51098305,0
0.6700699,0
0.2545531,0
0.40813708,0
0.23384517,0
0.6999755,1
0.11049074,0
0.029006116,0
0.2865269,0
0.05303969,0
0.27474084,0
0.3313709,0
0.48830464,0
0.119973,1
0.013893721,0
0.27337402,0
0.6034194,0
0.099278875,0
0.3652466,0
0.15930854,0
0.06673036,0
0.16892162,0
0.017659321,0
0.60951006,1
0.017016938,0
0.03136066,0
0.059550516,0
0.023649888,0
0.14471962,0
0.037520524,0
0.5839895,0
0.11521446,0
0.08025358,0
0.0010977001,0
0.013999268,0
0.015918607,0
0.21509558,0
0.05448377,0
0.024840206,0
0.11824656,0
0.57765627,0
0.06078908,0
0.17604944,0
0.35262504,0
0.15858401,0
0.0029062873,0
0.5071479,1
0.012114188,0
0.7950236,1
0.67352873,0
0.25234002,0
0.37450567,0
0.38312954,0
0.65586746,0
0.36269122,0
0.086901255,0
0.13047679,0
0.018764937,0
0.06362507,0
0.076960765,1
0.14716035,0
0.2467445,0
0.6774793,0
0.10447061,0
0.14853242,0
0.09078265,0
0.005863298,0
0.85558194,0
0.18869889,0
0.0077328375,0
0.021017289,0
0.7335869,0
0.08357377,0
0.059946705,0
0.0055236984,0
0.04807476,0
0.0062168925,0
0.05107249,0
0.83836824,1
0.004744011,0
0.5678074,1
0.87907386,1
0.28183967,0
0.44865853,0
0.020613994,0
0.48858273,0
0.09993859,0
0.0907672,0
0.13202444,0
0.87168694,1
0.044930108,0
0.0063116783,0
0.5553313,1
0.02069284,0
0.3752332,0
0.30625483,0
0.015374946,0
0.49539798,1
0.016757065,0
0.8496952,1
0.34248185,0
0.0460987,0
0.13330089,0
0.7407398,1
0.007978109,0
0.59343874,0
0.014661146,0
0.04812507,0
0.066356234,0
0.54835975,0
0.42646793,0
0.01746948,0
0.46451923,0
0.00544564,0
0.11610412,0
0.015799584,0
0.11504873,0
0.037194952,0
0.3248415,0
0.008944957,0
0.07123397,0
0.025586199,0
0.3597747,0
0.12824437,0
0.0063063484,0
0.3753823,0
0.03911362,0
0.25285947,0
0.08328677,0
0.25584048,0
0.034917872,0
0.051744193,0
0.6158808,0
0.03738264,0
0.36573637,0
0.01075246,0
0.07623819,0
0.019373162,0
0.053421337,0
0.0026677751,0
0.037672482,0
0.21647169,0
0.7295793,1
0.35677737,0
0.33510342,0
0.0687189,0
0.036884926,0
0.6667125,0
0.017625349,0
0.17047513,0
0.82847226,1
0.8669662,1
0.011182305,0
0.06418512,0
0.010290457,0
0.021175528,0
0.10024273,0
0.06899649,0
0.053874165,0
0.20123391,0
0.09333074,0
0.2116539,0
0.07133058,0
0.78038013,0
0.79436815,1
0.04762892,0
0.0049448432,0
0.7430421,1
0.09529377,0
0.23658349,0
0.7694436,1
0.10073099,0
0.063983634,0
0.09038938,0
0.53868914,0
0.45765463,0
0.14373401,0
0.23192483,0
0.13693665,0
0.12742159,0
0.061828494,0
0.58390474,0
0.9040229,1
0.044381402,0
0.16152146,0
0.03275843,0
0.6979429,1
0.083356515,0
0.42706257,0
0.042559873,0
0.048295792,0
0.041261103,0
0.17572902,0
0.16077974,0
0.038059726,0
0.00931648,0
0.13403717,0
0.5648449,0
0.035331365,0
0.39658406,0
0.53370106,0
0.12352939,0
0.07221204,0
0.41869098,0
0.04877933,0
0.07747956,0
0.053162027,0
0.7438694,0
0.017505234,0
0.041613623,0
0.15487549,0
0.02535091,0
0.2896472,0
0.07727324,0
0.02708231,0
0.045085877,0
0.033952873,0
0.01437187,0
0.6733912,0
0.086012654,0
0.5395453,0
0.03732423,0
0.15664895,0
0.0307447,0
0.052927043,0
0.29524788,0
0.24761738,0
0.037725426,0
0.0046361787,0
0.30510473,0
0.05266522,0
0.037433714,0
0.26843512,0
0.28025582,0
0.7348297,1
0.07287154,0
0.14610134,0
0.18456341,0
0.06985806,0
0.061673395,0
0.55985475,0
0.10396565,0
0.05490937,0
0.054124337,0
0.077182405,0
0.8397383,1
0.12664178,0
0.01769224,0
0.028545111,0
0.058788665,0
0.121728964,0
0.04400017,0
0.7448521,1
0.51704836,0
0.72645134,1
0.015122147,0
0.12077249,0
0.0089117875,0
0.30630994,0
0.28968868,0
0.10825001,0
0.07217467,0
0.19531132,0
0.3501362,0
0.010625107,0
0.9173381,1
0.0038025195,0
0.77880156,1
0.23788717,0
0.55146176,0
0.1782108,0
0.8712141,1
0.18233305,0
0.24654436,0
0.07173015,0
0.03862732,0
0.004856802,0
0.54517174,0
0.036732785,0
0.24973677,0
0.01659805,0
0.053377256,0
0.032523915,0
0.84065014,1
0.26942703,0
0.011412608,0
0.056878928,0
0.27152094,0
0.24461712,0
0.054952644,0
0.014749491,0
0.6037153,1
0.11366764,0
0.52756524,0
0.27104592,0
0.66960436,1
0.32183704,0
0.2109925,0
0.16309628,0
0.58395773,0
0.040041454,0
0.118054815,0
0.15598021,0
0.56792957,0
0.19018313,0
0.7527576,0
0.6189474,1
0.12294353,0
0.02675277,0
0.26671916,0
0.15441814,0
0.19740286,0
0.19305892,0
0.12398962,0
0.101629205,0
0.47623914,0
0.005811925,0
0.29665038,0
0.21352148,0
0.3408877,1
0.023703221,0
0.064691745,0
0.034875695,0
0.20233434,0
0.008991812,0
0.011846253,0
0.0361173,0
0.121518224,0
0.34847984,0
0.5983437,1
0.5160665,1
0.41652182,0
0.019140452,0
0.19106656,0
0.03926412,0
0.15304372,0
0.10528647,0
0.076790154,0
0.020423798,0
0.19392908,0
0.03791373,0
0.4668146,0
0.16306463,0
0.11496979,0
0.025022933,0
0.04196914,0
0.28143582,0
0.064488314,0
0.94501555,1
0.8705914,0
0.0249589,0
0.11289362,0
0.47462243,0
0.73584014,1
0.062343914,0
0.08286418,0
0.74715424,0
0.003626481,0
0.068263404,0
0.3814339,0
0.071563676,0
0.47589052,0
0.02195626,0
0.032778952,0
0.04785262,0
0.47272846,0
0.18344763,0
0.36387315,0
0.10312467,0
0.28678536,0
0.9196175,1
0.015805688,0
0.23463956,0
0.022447973,0
0.3189473,0
0.8761196,0
0.30889705,0
0.4950093,0
0.029746823,0
0.0776712,0
0.0068370756,0
0.1468744,0
0.01472317,0
0.16989072,0
0.21531887,0
0.5821088,0
0.11652552,0
0.252359,0
0.5088609,0
0.6528494,0
0.47757953,0
0.15461926,0
0.034221552,0
0.08112475,0
0.12491887,0
0.1860433,0
0.154033,0
0.2573017,0
0.02205474,0
0.31086233,0
0.2611706,0
0.115856715,0
0.22086105,0
0.044932194,0
0.09288634,0
0.08486322,0
0.0028380866,0
0.26279455,0
0.010766255,0
0.6526658,1
0.08092689,0
0.01966011,0
0.013358812,0
0.015547325,0
0.020849645,0
0.046731275,0
0.009444615,0
0.055055648,0
0.022263417,0
0.031531386,0
0.61319464,0
0.014829266,0
0.011244953,0
0.73145026,1
0.07727586,0
0.22297977,0
0.1317104,0
0.12446062,0
0.059311494,0
0.03977598,0
0.5075262,0
0.02361608,0
0.18766223,0
0.059964195,0
0.1601953,0
0.05738678,0
0.62352073,0
0.026418854,0
0.18540046,0
0.008362949,0
0.016628703,0
0.29669353,0
0.16648452,0
0.3648252,0
0.016934209,0
0.1560311,0
0.062454943,0
0.57280993,0
0.1549831,0
0.15562406,0
0.09717909,0
0.00550031,0
0.026424054,0
0.11347378,0
0.75084007,1
0.010724165,0
0.07024891,0
0.34030023,0
0.9092057,1
0.32458326,0
0.5925909,0
0.07490253,0
0.0820324,0
0.016854765,0
0.011818192,0
0.32822317,0
0.45367643,0
0.12951139,0
0.028710024,0
0.059686486,0
0.28865474,0
0.24116638,0
0.061021764,0
0.22729109,0
0.6518355,1
0.058752187,0
0.83742255,1
0.019946598,0
0.11426865,0
0.09914696,0
0.82512647,1
0.06775232,0
0.13681659,0
0.12667106,0
0.45248356,0
0.046453387,0
0.19174679,0
0.22845152,0
0.088523015,0
0.013113191,0
0.07054478,0
0.09151633,0
0.23857826,0
0.015184249,0
0.77641034,1
0.26436996,0
0.020747008,0
0.1757247,0
0.5759627,0
0.24332954,0
0.74011314,0
0.082180664,0
0.041728057,0
0.24284895,0
0.94982105,1
0.12542386,0
0.07565242,0
0.30758727,0
0.54256713,0
0.086598456,0
0.42622498,0
0.03313192,0
0.6057768,0
0.69383436,0
0.041500475,0
0.48067647,0
0.24025838,0
0.025311647,0
0.11974242,0
0.45525163,0
0.097844094,0
0.020309215,0
0.022697534,0
0.08792281,0
0.4278139,0
0.12809452,0
0.07841322,0
0.06782934,0
0.04473325,0
0.45447034,1
0.4381993,0
0.008811321,0
0.033050157,0
0.017354973,0
0.55140066,0
0.014577584,0
0.0062078517,0
0.4416088,0
0.14795373,0
0.022077095,0
0.53694713,0
0.31061113,0
0.58834404,0
0.12206495,0
0.3547669,0
0.1278983,0
0.02504125,0
0.0046782065,0
0.18934967,0
0.04691367,0
0.14842822,0
0.25918433,0
0.01834281,0
0.23804434,0
0.060600527,0
0.114878796,0
0.6671812,0
0.009082998,0
0.20173661,0
0.39741924,0
0.59139866,1
0.07720112,0
0.38533884,0
0.081217885,0
0.556161,0
0.053067505,0
0.23250398,0
0.25842148,0
0.043756884,0
0.004076343,0
0.101059206,0
0.05145968,0
0.07865176,0
0.23697872,0
0.062004253,0
0.30176046,1
0.08606238,1
0.028120264,0
0.015473749,0
0.017519543,0
0.8812138,1
0.69372493,0
0.025567012,0
0.36897993,0
0.5120349,0
0.04500457,0
0.29839572,0
0.032008536,0
0.05995467,0
0.00827627,0
0.11535586,0
0.3754788,0
0.051924657,0
0.06492862,0
0.008331995,0
0.05004864,0
0.03563934,0
0.0559624,0
0.10843794,0
0.43529046,0
0.0869324,0
0.021037348,0
0.3220726,0
0.0176625,0
0.0024512329,0
0.10148798,0
0.41453025,0
0.07663857,0
0.001584409,0
0.05455113,0
0.08927549,0
0.33948654,0
0.011212701,0
0.00238089,0
0.1546658,0
0.3520855,1
0.7116277,1
0.11655179,0
0.35302868,0
0.040853508,0
0.68775386,1
0.2639996,0
0.69354695,0
0.19417581,0
0.00911517,0
0.50430584,0
0.41638446,0
0.07888655,0
0.033375256,0
0.017179728,0
0.28009906,0
0.10636933,0
0.07577206,0
0.07180523,0
0.013680879,0
0.2556521,0
0.22139406,0
0.27895406,0
0.04084226,0
0.046773937,0
0.5080164,0
0.07022851,0
0.72287947,1
0.4353006,0
0.47570172,0
0.20363633,0
0.020647103,0
0.15170595,0
0.030594911,0
0.009289304,0
0.22418495,0
0.40901265,0
0.007589507,0
0.16790773,0
0.058485676,0
0.060818408,0
0.30110842,0
0.69641745,0
0.71005845,1
0.021563409,0
0.023144785,0
0.02176846,0
0.5275092,1
0.023510985,0
0.015825238,0
0.85669917,1
0.029410299,0
0.50365376,0
0.12994707,0
0.33777398,0
0.09704798,0
0.19171524,0
0.20961212,0
0.5602208,0
0.6416275,1
0.2856007,0
0.46823552,1
0.04219374,0
0.015645815,0
0.0096848905,0
0.036401838,0
0.13066861,0
0.10400039,0
0.029988913,0
0.0048755147,0
0.20999251,1
0.20000787,0
0.80745965,0
0.8210105,0
0.012635813,0
0.48509377,0
0.3275878,0
0.27261397,0
0.03796212,0
0.0037157359,0
0.58143574,0
0.1218911,0
0.788518,1
0.38089716,0
0.0066088624,0
0.53622645,0
0.12311065,0
0.024132153,0
0.018904531,0
0.33139047,0
0.023563836,0
0.43673915,0
0.16389613,0
0.32297638,0
0.055712335,0
0.2143322,0
0.27358517,0
0.7661723,0
0.1968576,0
0.5003255,0
0.10972182,0
0.051890433,0
0.6402851,0
0.45752543,0
0.18095079,0
0.13618058,0
0.62520087,0
0.04089702,0
0.20604025,0
0.08563197,0
0.20036964,0
0.29466087,0
0.23882082,0
0.3269762,0
0.099752925,0
0.083143406,0
0.022912024,0
0.5022515,0
0.52356887,0
0.046186104,0
0.015938332,0
0.011918167,0
0.01609887,0
0.027445473,0
0.16177748,0
0.037303187,0
0.09575655,0
0.20781107,0
0.028636072,0
0.13246247,0
0.029064048,0
0.36480305,1
0.013732901,0
0.36844057,1
0.011547727,0
0.03599712,0
0.20172073,0
0.07157165,0
0.016008629,0
0.06534837,0
0.017177071,0
0.06588287,0
0.2687655,0
0.20409165,0
0.0205469,0
0.3017264,1
0.04232382,0
0.749154,0
0.33915383,0
0.41158727,1
0.19942166,0
0.017037282,0
0.3924965,0
0.1560654,0
0.051874608,0
0.0739145,0
0.01412388,0
0.5344938,0
0.09729388,0
0.19429944,0
0.057393517,0
0.11514679,0
0.36016375,0
0.5548089,1
0.024084238,0
0.5120291,0
0.69250387,1
0.11446029,0
0.92109466,1
0.82543045,1
0.19626796,0
0.043038666,0
0.77419263,0
0.34305155,0
0.462937,0
0.0060960683,0
0.09051099,0
0.0071574366,0
0.106787115,0
0.18852274,0
0.06569044,0
0.2067376,0
0.113202244,0
0.008164002,0
0.3004787,0
0.81205976,0
0.1645852,0
0.062224645,0
0.023165403,0
0.15060672,0
0.49373552,0
0.15843406,0
0.2497937,0
0.32585105,0
0.16009143,0
0.7235041,0
0.4787725,0
0.14884028,0
0.5336379,0
0.092032,0
0.24745761,0
0.6463206,0
0.10037223,0
0.44499236,1
0.5531354,0
0.28643385,0
0.5384732,0
0.13924898,0
0.40502992,0
0.0490785,0
0.52069074,0
0.19975011,0
0.027933506,0
0.040678196,0
0.3879822,0
0.022070482,0
0.08943008,0
0.053282466,0
0.14377467,0
0.075706504,0
0.406406,0
0.35295177,0
0.022304386,0
0.22237624,0
0.08819332,0
0.79723674,0
0.19645831,0
0.0045406446,0
0.04689732,0
0.0071952455,0
0.71623886,0
0.00573742,0
0.030787371,0
0.020418804,0
0.0679368,0
0.23965189,0
0.710703,0
0.118466966,0
0.12789428,0
0.31263027,0
0.008300913,0
0.40323734,0
0.91887635,0
0.37114882,0
0.5133622,0
0.5512529,0
0.023807425,0
0.024634762,0
0.47402704,0
0.19016027,0
0.11787947,0
0.059656616,0
0.86252594,1
0.4284035,0
0.08304368,0
0.010110425,0
0.013462461,0
0.6636363,1
0.051899925,0
0.18722689,0
0.0134874545,0
0.572996,0
0.03903687,0
0.5818094,0
0.053288218,0
0.43988615,0
0.876536,1
0.041236106,0
0.20410143,0
0.04673011,0
0.008560164,0
0.43894282,0
0.018124424,0
0.0612574,0
0.3029406,0
0.028260106,0
0.16148233,0
0.17179704,0
0.23839676,0
0.009205963,0
0.004061383,0
0.25076923,1
0.5361951,0
0.024306307,0
0.31867895,0
0.2012087,0
0.051792916,0
0.007971182,0
0.1596351,0
0.2173223,0
0.058164947,0
0.35072073,0
0.008065878,0
0.008895533,0
0.01084566,0
0.14179781,0
0.056428906,0
0.2751356,0
0.011822626,0
0.0157418,0
0.21914098,0
0.10331451,0
0.05493646,0
0.0127902,0
0.342545,0
0.8258902,0
0.1596849,0
0.0035348062,0
0.55996335,0
0.71967375,1
0.38082242,0
0.0619538,0
0.33146262,0
0.051226057,0
0.79694426,0
0.18987161,0
0.08907998,0
0.04037182,0
0.13011117,0
0.12723325,0
0.016510358,0
0.21991059,0
0.823473,1
0.18520427,0
0.10243716,0
0.67956656,0
0.39358738,0
0.047647472,0
0.23740919,0
0.37292653,0
0.17141597,0
0.115852,0
0.097489215,0
0.034187764,0
0.34269014,0
0.4808781,0
0.77047867,0
0.06631629,0
0.22047411,0
0.15861748,0
0.03969925,0
0.010378887,0
0.32005808,1
0.26442596,0
0.071397826,0
0.14873089,0
0.0031801155,0
0.055848595,0
0.06810835,0
0.14220785,0
0.10025587,0
0.17576447,0
0.07599962,0
0.63994825,1
0.5658505,0
0.012747216,0
0.005836966,0
0.09485036,0
0.11978136,0
0.5521343,1
0.006988676,0
0.03860765,0
0.3209286,0
0.039031833,0
0.023581654,0
0.5072016,0
0.10886677,0
0.023479443,0
0.46723133,0
0.3035545,0
0.10984209,0
0.34472132,0
0.007346686,0
0.11928958,0
0.027698072,0
0.11231856,0
0.0036555163,0
0.11420078,0
0.057785384,0
0.27038532,0
0.0116558345,0
0.09544014,0
0.083659634,0
0.16289335,0
0.27957234,0
0.010052754,0
0.13540708,1
0.9304462,1
0.037091237,0
0.012452303,0
0.3659456,0
0.064702176,0
0.03109576,0
0.01326212,0
0.8471821,1
0.24229282,0
0.29571,0
0.51836956,0
0.069089346,0
0.5679485,0
0.068963155,0
0.04141215,0
0.15624218,0
0.010042608,0
0.020213574,0
0.2920494,0
0.5919569,0
0.074413314,0
0.48958853,0
0.58185303,0
0.011946568,0
0.009821673,0
0.19397339,0
0.01655223,0
0.553267,1
0.013501496,0
0.064090155,0
0.58511144,1
0.33439422,0
0.0033778257,0
0.08381567,1
0.11250537,0
0.50786716,0
0.7480371,1
0.2600555,0
0.24686222,0
0.0014550776,0
0.19776268,0
0.32576635,0
0.025555613,0
0.14427295,0
0.39514896,1
0.40528357,0
0.0030110877,0
0.40278012,0
0.015220043,0
0.26459804,0
0.00631379,0
0.07525883,0
0.012833937,0
0.03582963,0
0.564849,0
0.015782768,0
0.025858423,0
0.055112235,0
0.09377586,0
0.2933268,0
0.7556429,0
0.5767553,0
0.3474297,0
0.013423076,0
0.69945735,0
0.011225084,0
0.58206034,0
0.334777,0
0.3031382,0
0.01185955,0
0.61639315,0
0.010673306,0
0.026322978,0
0.0361773,0
0.8395118,1
0.021760704,0
0.015393899,0
0.1991809,0
0.1433098,0
0.7703064,0
0.49157688,0
0.25684953,0
0.17881043,0
0.6280128,1
0.007924914,0
0.037744395,0
0.7517777,1
0.12085913,0
0.031971935,0
0.2856783,0
0.20996663,0
0.03715351,0
0.33680332,0
0.04647951,0
0.30170733,1
0.07552601,0
0.097314365,0
0.7264879,1
0.08071868,0
0.21837181,0
0.44181514,0
0.021750186,0
0.0685141,1
0.017137703,0
0.7102977,0
0.037743736,0
0.58881426,0
0.009089687,0
0.24786796,0
0.7441787,0
0.28312585,0
0.023503788,0
0.015871214,0
0.13559018,0
0.41309187,0
0.5393013,0
0.014673655,0
0.26193282,0
0.09013193,0
0.21166834,0
0.3253327,0
0.20019971,0
0.12538998,0
0.026854647,0
0.024856223,0
0.76154464,0
0.04551061,0
0.10310192,0
0.012565339,0
0.625861,0
0.704608,0
0.010841057,0
0.0038515911,0
0.2489063,0
0.018757394,0
0.06135508,0
0.18275957,0
0.21958087,0
0.1375894,0
0.080815695,0
0.025319453,0
0.06952663,0
0.5509244,1
0.010804858,0
0.027791888,0
0.79247445,1
0.026142323,0
0.3482331,0
0.34016412,0
0.22147958,0
0.015016412,0
0.10021014,0
0.5131638,0
0.7695744,0
0.0027095824,0
0.06282491,0
0.19979964,0
0.020187479,0
0.28419748,0
0.01087833,0
0.17712648,0
0.012350052,0
0.14983761,0
0.46263587,0
0.11398126,0
0.32372588,0
0.0052132467,0
0.38621655,0
0.0088485135,0
0.23097217,0
0.39374965,0
0.40919805,0
0.7280406,0
0.59435177,1
0.80581343,0
0.06686943,0
0.017376747,0
0.32966444,0
0.06728892,0
0.026845003,0
0.37766963,0
0.02891376,0
0.19730109,0
0.031719547,0
0.05160606,0
0.5125481,0
0.05928908,0
0.014063765,0
0.63133353,0
0.13316992,0
0.021354359,0
0.34666386,0
0.105919026,0
0.54124606,0
0.0036631674,0
0.3320392,0
0.12349511,0
0.18949762,0
0.019532891,0
0.42027217,1
0.02813179,0
0.1113328,0
0.023623489,0
0.012877294,0
0.05055714,0
0.09057063,0
0.32448927,0
0.48446095,1
0.78657377,0
0.5047916,0
0.17905986,0
0.022193182,0
0.09150618,0
0.076391265,0
0.008626947,0
0.33054855,0
0.60783935,0
0.018118378,0
0.13492449,0
0.75709784,0
0.13940008,0
0.16762353,0
0.32799795,0
0.39512938,0
0.027808182,0
0.0014336966,0
0.55170864,0
0.21412326,0
0.0568532,1
0.012163059,0
0.14983411,0
0.007802127,0
0.039694503,0
0.057431076,0
0.1398481,0
0.27233225,0
0.69858015,0
0.10167954,0
0.034937836,0
0.108189166,0
0.627737,0
0.5683505,0
0.4047384,0
0.007397207,0
0.18242998,0
0.022188082,0
0.008812363,0
0.17823267,0
0.13402286,0
0.31921333,1
0.07532704,0
0.14437756,0
0.05939549,0
0.8830772,1
0.14414822,0
0.8279285,0
0.10823372,0
0.07497391,0
0.009012593,0
0.07748709,0
0.5488041,0
0.46146607,0
0.027987724,0
0.060967125,0
0.106512465,0
0.102413304,0
0.09100773,0
0.16934733,0
0.48260376,0
0.18781894,0
0.44700658,0
0.03552714,0
0.48599893,0
0.121832386,0
0.5197638,0
0.6568581,1
0.030000228,0
0.060116276,0
0.48725516,0
0.0067370622,0
0.629001,0
0.06004055,0
0.65877545,1
0.36305088,0
0.04319151,0
0.007416193,0
0.4317145,0
0.11960131,0
0.41444618,1
0.21597026,0
0.27884862,0
0.54707175,0
0.07451701,0
0.46177286,0
0.052083455,0
0.122870974,0
0.009694293,0
0.2609497,0
0.4835625,1
0.16268705,0
0.74287665,0
0.0078736255,0
0.92135984,1
0.8119789,0
0.15963598,0
0.0042418633,0
0.2691537,0
0.009036183,0
0.6624779,1
0.021912977,0
0.038791925,0
0.063838504,0
0.7323907,1
0.041167673,0
0.050745785,0
0.5285674,0
0.009343114,0
0.29672104,1
0.57683307,1
0.013994544,0
0.23396014,0
0.006507703,0
0.34111246,0
0.3955767,0
0.39831817,1
0.30008084,0
0.15885042,0
0.48833153,0
0.13230811,0
0.080630526,0
0.21052885,0
0.010807309,0
0.166114,0
0.2794736,0
0.155651,0
0.028917441,0
0.39986175,0
0.39672124,0
0.09074806,0
0.06702613,0
0.0101900445,0
0.016911132,0
0.77127475,1
0.18183851,0
0.2579163,0
0.020254401,0
0.5695112,0
0.030397842,0
0.101685755,0
0.022229282,0
0.027618386,0
0.57247293,0
0.15979192,0
0.07729218,0
0.028605072,0
0.03043285,0
0.81259584,1
0.023775276,0
0.080373,0
0.033521853,0
0.20056956,0
0.035230096,0
0.327612,0
0.012455988,0
0.23130034,1
0.0652536,0
0.0032110813,0
0.12330174,0
0.42048144,0
0.62842596,0
0.03929528,0
0.019522712,0
0.4581101,0
0.017005544,0
0.0017849546,0
0.14753337,0
0.2322674,0
0.7157618,0
0.24243559,0
0.033241432,0
0.5423774,0
0.04148831,0
0.20555413,0
0.011673503,0
0.024888104,0
0.0008670539,0
0.47168848,0
0.48100236,1
0.35764349,0
0.02573706,0
0.054675356,0
0.47665426,0
0.30214226,0
0.07716756,0
0.0063923025,0
0.17304762,0
0.086734,0
0.004787416,0
0.6808122,1
0.022728087,0
0.32186383,0
0.009943946,0
0.03930173,0
0.033888914,0
0.022767238,0
0.007160517,0
0.08250529,0
0.0029337576,0
0.085340254,0
0.010482101,0
0.5153635,0
0.09184782,0
0.55181724,0
0.06121792,0
0.0053708437,0
0.15166625,0
0.35941747,0
0.04678575,0
0.14946558,1
0.013494239,0
0.70821375,0
0.03484805,0
0.25046757,1
0.077945486,0
0.0916093,0
0.08687481,0
0.16895956,0
0.34256202,0
0.0016374089,0
0.3814075,0
0.7717431,0
0.48662695,0
0.40259516,0
0.44274443,0
0.1480868,0
0.2567732,0
0.009488765,0
0.035754126,0
0.3846492,0
0.03705213,0
0.055940405,0
0.18694583,0
0.51416314,0
0.5707363,0
0.059862502,0
0.41388065,0
0.20072162,0
0.030011738,0
0.071620695,0
0.012062454,0
0.08033148,0
0.08516643,0
0.6399681,0
0.015683968,0
0.011944952,0
0.40110505,0
0.23028472,0
0.018543484,0
0.44446546,1
0.5974633,0
0.021420257,0
0.32294157,0
0.016701054,0
0.03440955,0
0.10919446,0
0.18544997,0
0.060216393,0
0.06018707,0
0.05779,0
0.07084983,0
0.86275375,1
0.15392141,0
0.011021364,0
0.7083081,0
0.54551184,0
0.21455957,0
0.051518235,0
0.043903373,0
0.5464899,0
0.15008564,0
0.05669269,0
0.88130444,0
0.15874653,0
0.0029194024,0
0.02105653,0
0.015715403,0
0.32282785,0
0.8738277,1
0.55600435,0
0.16304131,0
0.40133947,0
0.13108622,0
0.62672824,0
0.120683216,0
0.8391964,1
0.8347146,0
0.014275813,0
0.40748158,0
0.88157827,0
0.19827808,0
0.74610806,0
0.02099396,0
0.012116642,0
0.21747312,0
0.48802063,1
0.29257503,0
0.4359909,0
0.07214836,0
0.37602273,1
0.5582403,0
0.001305552,0
0.05700582,0
0.04932205,0
0.20263728,0
0.15484682,0
0.03473822,0
0.050342724,0
0.22702652,0
0.018320387,0
0.045025762,0
0.0324377,0
0.054347906,0
0.05111453,0
0.59499943,0
0.0771823,0
0.17431533,0
0.4332613,0
0.45149776,0
0.13947536,0
0.15119264,0
0.022309845,0
0.0039883573,0
0.32178545,0
0.24355707,0
0.004029155,0
0.017037243,0
0.3214999,0
0.5791304,0
0.15962966,0
0.062268373,0
0.90209854,1
0.046299167,0
0.0062368982,0
0.014987376,0
0.14869137,0
0.18507981,0
0.125394,0
0.070205554,0
0.5622221,0
0.51208514,1
0.14948574,0
0.39279008,0
0.22076873,0
0.008207745,0
0.18230112,0
0.0034309456,0
0.13815701,0
0.17904608,0
0.111845315,0
0.0068917167,0
0.075907655,0
0.55210704,0
0.37161586,0
0.322886,0
0.16836765,0
0.23189758,0
0.50054747,1
0.37011352,0
0.055338316,0
0.025251636,0
0.061642665,0
0.019771455,0
0.060800705,0
0.06413646,0
0.03585046,0
0.36003166,0
0.04460086,0
0.056980167,0
0.56336814,0
0.07077398,0
0.007955459,0
0.009006513,0
0.032991182,0
0.30514842,0
0.15969215,0
0.07257505,0
0.13771455,0
0.02499869,0
0.7775303,1
0.0059822155,0
0.604654,0
0.031438123,0
0.067190334,0
0.20950378,0
0.8586847,0
0.020473918,0
0.31557995,0
0.542145,0
0.040466946,0
0.048305437,0
0.065655045,0
0.0467284,0
0.1776981,0
0.29484722,0
0.16997832,0
0.27527732,0
0.63213694,0
0.18507037,0
0.49198765,0
0.08742524,0
0.30289766,0
0.008229016,0
0.29284748,0
0.014961985,0
0.2511012,0
0.029673772,0
0.020930307,0
0.10177466,0
0.012239891,0
0.37807006,0
0.30342367,0
0.0007811539,0
0.25185302,0
0.088956594,0
0.0044645593,0
0.33222553,0
0.65523845,1
0.17516415,0
0.018890316,0
0.83816004,0
0.022087257,0
0.10444472,0
0.054700512,0
0.3321147,0
0.20512953,0
0.251134,0
0.060048196,0
0.23058747,0
0.05971029,0
0.044195313,0
0.07854792,1
0.2753462,0
0.032700807,0
0.19191137,0
0.1539875,0
0.024519855,0
0.023726473,0
0.10547023,0
0.0008437326,0
0.37198526,0
0.52776754,1
0.36828396,0
0.12587711,0
0.2782292,0
0.05921637,0
0.058218166,0
0.023800062,0
0.030006811,0
0.09393219,0
0.65150684,1
0.2555085,0
0.5274315,0
0.115775265,0
0.7433878,0
0.23048128,0
0.71865296,1
0.18500492,0
0.22077464,0
0.4934916,0
0.0053717503,0
0.26798886,0
0.023151318,0
0.08682375,0
0.5530989,1
0.67067176,0
0.47657123,0
0.16088253,0
0.0796766,0
0.15844867,0
0.012301308,0
0.13232109,0
0.11674666,0
0.096388884,0
0.003947459,0
0.608681,1
0.40390036,0
0.0681232,0
0.3297951,1
0.013232481,0
0.30225614,0
0.07593346,0
0.75206375,0
0.8000336,1
0.35813802,0
0.11547525,0
0.031675138,0
0.09791809,0
0.04461243,0
0.611995,1
0.03314974,0
0.04787284,0
0.23339228,0
0.19863634,0
0.010497875,0
0.030323844,0
0.44856498,1
0.4714418,0
0.13695541,0
0.022819515,0
0.08995389,0
0.8946834,1
0.05687857,0
0.056649975,0
0.10107383,0
0.2731193,0
0.19974627,0
0.15561432,0
0.100089744,0
0.07360554,0
0.15246812,0
0.19105609,0
0.19620875,0
0.044718165,0
0.14857244,0
0.18550126,0
0.10279191,0
0.28647104,0
0.30196893,0
0.013759982,0
0.038189564,0
0.4274365,0
0.24486107,0
0.16263881,0
0.48162904,0
0.6328652,1
0.51207453,0
0.18471026,0
0.70357907,1
0.02524497,0
0.026782192,0
0.010929304,0
0.073949344,0
0.08646678,0
0.080415614,0
0.6532604,0
0.0052823685,0
0.12214829,0
0.42019835,0
0.75394464,0
0.33559158,0
0.18665104,0
0.46086574,1
0.108284935,0
0.27887323,0
0.5681442,1
0.08206561,0
0.5878718,0
0.016358357,0
0.049408726,0
0.0033301215,0
0.16192822,0
0.38250476,0
0.04365935,0
0.20343795,0
0.6338202,0
0.4636625,0
0.46934846,0
0.35107785,0
0.8716599,1
0.2301914,0
0.010850874,0
0.08874834,0
0.0422599,0
0.01903837,0
0.01291525,0
0.070633434,0
0.10906301,0
0.06584567,0
0.2715795,0
0.015073457,0
0.023976788,0
0.011039455,0
0.005348753,0
0.030101193,0
0.0757982,0
0.029502425,0
0.049102854,0
0.22820534,0
0.4416828,0
0.22583431,0
0.8606029,1
0.02364683,0
0.3044759,0
0.9316936,1
0.08408933,0
0.13318795,0
0.71948427,0
0.30114242,0
0.005377353,0
0.05638185,0
0.26461104,0
0.024215406,0
0.034351327,0
0.11939861,0
0.24231544,0
0.04369105,0
0.21609922,0
0.18764795,0
0.03660121,0
0.40310773,0
0.022139521,0
0.29389715,0
0.024364818,0
0.040246606,0
0.22156006,0
0.08848685,0
0.3585632,0
0.8719445,1
0.24938692,0
0.09006339,0
0.07528867,0
0.63435054,0
0.57591474,1
0.62421757,0
0.00588384,0
0.010224441,0
0.0630591,0
0.08982329,0
0.009426458,0
0.5482258,0
0.13976431,0
0.5570207,0
0.031590264,0
0.16888522,0
0.5871835,1
0.11960701,0
0.07214535,0
0.2838828,0
0.012224492,0
0.10764078,0
0.107743606,0
0.010267439,0
0.07836738,0
0.03865639,0
0.075336,0
0.25807962,0
0.30347455,0
0.65942514,1
0.018090028,0
0.51210034,1
0.33965677,0
0.09702032,0
0.7639123,1
0.19325459,0
0.045525048,0
0.034829214,0
0.5943567,0
0.07788418,0
0.26885602,0
0.06544285,0
0.0054545,0
0.70590043,0
0.02004059,0
0.41508615,1
0.07429669,0
0.095036775,0
0.47120255,0
0.04668499,0
0.013292581,0
0.007487626,0
0.05287076,0
0.011368545,0
0.3735172,0
0.18001066,0
0.77376217,1
0.117700875,0
0.04233187,0
0.21500935,0
0.068906695,0
0.03456192,0
0.64556575,1
0.016844716,0
0.02633487,0
0.41778758,0
0.5122221,0
0.042852968,0
0.50542885,0
0.46150872,0
0.08850245,0
0.24836811,0
0.22535908,0
0.022681464,0
0.794544,0
0.09701919,0
0.43225685,0
0.04386711,0
0.07866049,0
0.21392049,0
0.45333213,0
0.14021958,0
0.037209615,0
0.8967536,1
0.011810148,0
0.080346316,0
0.449038,0
0.031407572,0
0.8630575,0
0.6424619,1
0.03571752,0
0.4675698,0
0.0432093,0
0.16902484,0
0.53483456,0
0.0069853053,0
0.023560282,0
0.23952413,0
0.5292905,1
0.17928563,0
0.01850969,0
0.04142274,0
0.074210994,0
0.05053609,0
0.13169985,0
0.1760956,0
0.0057431874,0
0.09416283,0
0.07324995,0
0.14659734,0
0.13421462,0
0.011705829,0
0.07433357,0
0.47446105,0
0.005362856,0
0.15181908,0
0.10729154,0
0.08495876,0
0.035497013,0
0.021170815,0
0.890688,1
0.002220595,0
0.015891733,0
0.6787818,0
0.18425645,0
0.001939015,0
0.15593278,0
0.76729256,1
0.25501892,0
0.2542112,0
0.1776678,0
0.12490238,0
0.19529794,0
0.0088118045,0
0.5030536,1
0.008016857,0
0.8632329,1
0.041805718,0
0.3446886,0
0.0118553,0
0.37065378,0
0.027929721,0
0.04435361,0
0.032300327,0
0.21343851,0
0.021921376,0
0.02765445,0
0.02781084,0
0.16605265,0
0.31487197,0
0.037151095,0
0.011485622,0
0.16129614,0
0.019374562,0
0.55975986,0
0.112593636,0
0.03832765,0
0.045711134,0
0.13464518,0
0.77545804,1
0.68911463,0
0.5569011,1
0.056491688,0
0.7569541,1
0.23946537,0
0.03874185,0
0.31777653,0
0.14617749,0
0.009758191,0
0.29374683,0
0.62274325,0
0.01325237,0
0.052736815,0
0.64698905,1
0.018362181,0
0.13372025,0
0.078530855,0
0.23799576,0
0.2297566,0
0.05387482,0
0.13743709,0
0.033290755,0
0.08731861,0
0.86657304,0
0.28173578,0
0.009270242,0
0.56711894,0
0.51539505,1
0.20079038,0
0.033478037,0
0.8262372,1
0.05940849,0
0.12078179,0
0.37275,0
0.28306907,0
0.3129364,0
0.021838969,0
0.040938262,0
0.3287476,0
0.114476934,0
0.2845496,0
0.48956236,0
0.6892193,1
0.21485503,0
0.04425577,0
0.110448785,0
0.64083487,1
0.61441016,0
0.00043960544,0
0.1436386,1
0.027482152,0
0.20790356,0
0.29079348,0
0.06410191,0
0.27650365,0
0.066058025,0
0.07473761,0
0.026937364,0
0.037501123,0
0.20923577,0
0.41986495,0
0.44003624,0
0.025349425,0
0.20331573,0
0.68122464,1
0.16918606,1
0.20360513,0
0.8619123,0
0.45435706,0
0.014340588,0
0.16263354,0
0.013221901,0
0.085452564,0
0.31460968,0
0.07378887,0
0.086729005,0
0.021573506,0
0.14079331,0
0.02806254,0
0.39693746,0
0.10812939,0
0.2159104,0
0.50296813,0
0.21054436,1
0.015148496,0
0.25307587,0
0.45322034,0
0.08672247,0
0.075591534,0
0.121806934,0
0.304663,0
0.19949004,0
0.061533898,0
0.07631432,0
0.08997892,0
0.4265308,0
0.08616009,0
0.1106621,0
0.37986782,0
0.30718154,0
0.2085009,1
0.32022974,0
0.0013056651,0
0.0036391234,0
0.7714798,0
0.061230287,0
0.9026284,1
0.04457441,0
0.009817263,0
0.90728176,1
0.17909566,0
0.01961491,0
0.08466941,0
0.4658615,0
0.20360501,0
0.09947519,0
0.027124621,0
0.011681201,0
0.6070655,0
0.033432256,0
0.23652051,0
0.080709904,0
0.15775855,0
0.09241058,0
0.23510942,0
0.3521165,0
0.535326,1
0.13200343,0
0.68602645,0
0.8183694,1
0.09226606,0
0.014350891,0
0.8148395,0
0.23096412,0
0.33409512,1
0.1052886,0
0.015095389,0
0.043745536,0
0.038694926,0
0.68891484,0
0.0089530805,0
0.036304794,0
0.11416125,0
0.06535201,0
0.7333876,0
0.36806855,0
0.23700859,0
0.022246473,0
0.06725932,0
0.22372998,0
0.25003055,0
0.27510622,0
0.24002728,0
0.11534766,0
0.1112261,0
0.12626608,0
0.2435474,0
0.12777337,0
0.4178621,0
0.061258182,0
0.041246004,0
0.6747028,0
0.1893613,0
0.06546288,0
0.7419065,1
0.1837626,0
0.016617557,0
0.032202408,0
0.9119671,1
0.038986288,0
0.27295136,0
0.022077965,0
0.008841657,0
0.86362064,1
0.38835198,1
0.057209413,0
0.2788135,0
0.25334907,1
0.028985312,0
0.033296727,0
0.5600144,1
0.3230265,0
0.20694034,0
0.0144374,0
0.016513271,0
0.8694891,1
0.006655791,0
0.08641199,0
0.100873716,0
0.17392135,0
0.17288066,0
0.7227631,0
0.24305765,0
0.09925852,0
0.28326023,0
0.027716756,0
0.01162469,0
0.00821951,0
0.30764392,0
0.9260432,1
0.051610224,0
0.09655985,0
0.105657265,0
0.21786082,0
0.021061279,0
0.74097824,0
0.23028247,0
0.06576702,0
0.3529434,0
0.49144095,0
0.06196837,0
0.09949999,0
0.10667167,0
0.15140079,0
0.058675762,0
0.50036407,1
0.78286624,1
0.13026984,0
0.48328406,0
0.5823333,0
0.11683702,0
0.23500545,0
0.66396177,1
0.11281667,0
0.50666654,0
0.17540696,0
0.6171591,0
0.7632515,0
0.16586007,0
0.009436904,0
0.10941838,0
0.015763115,0
0.16221811,0
0.0056349123,0
0.52047914,0
0.37251577,0
0.030809034,0
0.07621352,0
0.0043325345,0
0.90960795,1
0.27826616,0
0.2158664,0
0.110238716,0
0.42658874,0
0.021551365,0
0.30956262,0
0.69562227,0
0.015390237,0
0.77803916,1
0.11274521,0
0.03360775,0
0.08538512,1
0.022075005,0
0.21447359,0
0.34091765,0
0.4115593,0
0.013436608,0
0.7688133,1
0.07684346,0
0.10489032,0
0.03290627,0
0.08122663,0
0.4778831,0
0.30653152,0
0.5880493,0
0.32014236,0
0.20581563,0
0.13971917,0
0.005809358,0
0.010898025,0
0.49431124,1
0.016124504,0
0.24187723,0
0.25950667,0
0.26448673,0
0.2972779,0
0.25397205,0
0.18631762,0
0.029474922,0
0.15869904,0
0.021410739,0
0.74795616,0
0.33850583,0
0.012012194,0
0.018246396,0
0.0044222563,0
0.033498935,0
0.044546932,0
0.07729696,0
0.05012245,0
0.08697255,0
0.049030643,0
0.7992501,0
0.03235219,0
0.01606739,0
0.2501091,0
0.73041487,1
0.011528492,0
0.06120964,0
0.24726827,0
0.1151495,0
0.035289086,0
0.36987066,0
0.2686144,0
0.04563795,0
0.022105614,0
0.0058371075,0
0.224641,0
0.26220396,0
0.041415006,0
0.13877876,0
0.037874438,0
0.10555321,0
0.65231293,0
0.025575027,0
0.3143466,0
0.16502053,0
0.21791354,0
0.14224088,0
0.06094453,0
0.1748518,0
0.4699187,0
0.0074470122,0
0.010577434,0
0.17065576,0
0.004762576,0
0.008249309,0
0.3011134,0
0.10537789,0
0.25292715,0
0.4270921,0
0.75462383,0
0.03911723,0
0.1209452,0
0.30391303,0
0.32390115,0
0.026813244,0
0.40433115,0
0.8854853,1
0.06466589,0
0.8524253,1
0.031464923,0
0.006418672,0
0.9519365,1
0.9046848,0
0.8125055,1
0.663059,0
0.38414437,0
0.12686461,0
0.007532865,0
0.009679962,0
0.6151911,0
0.5942062,1
0.10878865,0
0.1454849,1
0.09473857,0
0.24580999,0
0.5109512,0
0.0056249686,0
0.4878209,1
0.2387403,0
0.041079186,0
0.08455936,0
0.13746881,0
0.06647732,0
0.17968942,0
0.1850026,0
0.0026846537,0
0.013107188,0
0.5092773,0
0.0091232965,0
0.26973954,0
0.19652587,0
0.8428101,0
0.41809195,0
0.038283814,0
0.46746045,0
0.36388478,0
0.8970829,1
0.8079029,1
0.5102232,0
0.10379036,0
0.674282,0
0.063633285,0
0.16390486,0
0.014706404,0
0.49116403,0
0.5366257,0
0.63931364,0
0.4439271,0
0.30253795,0
0.43515083,0
0.32075796,0
0.7250269,0
0.025498752,0
0.75737745,0
0.4423578,0
0.18992703,0
0.07922761,0
0.12616977,0
0.19518021,0
0.019935085,0
0.21088031,0
0.039965857,0
0.28515014,1
0.029108353,0
0.44153273,0
0.2874909,0
0.023697225,0
0.025262548,0
0.005121802,0
0.19975512,0
0.0630223,0
0.04362924,0
0.028845936,0
0.013760292,0
0.12421658,0
0.18442617,0
0.6369131,0
0.26168635,0
0.029177831,0
0.01974966,0
0.35733482,0
0.042577934,0
0.2616299,0
0.036559187,0
0.008965253,0
0.749588,0
0.006844046,0
0.05854332,0
0.40865546,0
0.04337147,0
0.011124221,0
0.0065274173,0
0.0027675615,0
0.01976447,0
0.2008585,0
0.09974975,0
0.2929999,0
0.842301,0
0.09858249,0
0.9061459,1
0.02880729,0
0.12880927,0
0.033433083,0
0.22511548,0
0.3263521,0
0.22143403,0
0.12443926,0
0.16117664,0
0.4162731,0
0.330504,0
0.49255398,0
0.03553951,0
0.6082835,0
0.0051261093,0
0.035757184,0
0.1957448,0
0.09437368,0
0.5284042,1
0.5418663,1
0.25429633,0
0.092459254,0
0.22992244,0
0.0041503864,0
0.21150836,0
0.4310803,0
0.79411095,1
0.6628054,0
0.16373287,0
0.1286343,0
0.046532337,0
0.006886203,0
0.040664613,0
0.45405912,0
0.006197649,0
0.044110987,0
0.73519266,0
0.055347897,0
0.18446541,0
0.2432146,0
0.42411223,0
0.025850566,0
0.005557188,0
0.18451001,0
0.15327375,0
0.118844315,0
0.7821201,1
0.026119873,0
0.1423312,0
0.837683,0
0.08264377,0
0.10575044,0
0.57524,1
0.011682831,0
0.0008065854,0
0.92494,0
0.010842842,0
0.69093907,0
0.005884476,0
0.22039826,0
0.15842573,0
0.44855058,1
0.12764998,0
0.15258105,0
0.34564587,0
0.13750775,0
0.124236055,0
0.79636866,1
0.76113796,0
0.40364715,0
0.0031996334,0
0.013333583,0
0.014301864,0
0.27383667,0
0.4115107,0
0.43548128,1
0.420513,0
0.20691542,0
0.66690356,1
0.06186937,0
0.60371834,0
0.05030601,0
0.48702362,1
0.1500579,0
0.022857016,0
0.33371907,0
0.011347096,0
0.0135956425,0
0.03272067,0
0.20101891,0
0.05335431,0
0.05967158,0
0.09549237,0
0.14358689,0
0.97419214,1
0.04447443,0
0.21880381,0
0.02239723,0
0.75451547,0
0.13567068,0
0.056922235,0
0.31669027,0
0.009897344,0
0.81358504,1
0.025461333,0
0.82230055,1
0.15259333,0
0.038102064,0
0.28977334,0
0.22818251,0
0.015087927,0
0.014759917,0
0.04052491,0
0.047424074,0
0.08088265,0
0.5901025,1
0.8386913,0
0.39955756,0
0.19347781,0
0.04770821,0
0.6864325,1
0.13098043,0
0.05283096,0
0.06898381,0
0.7328652,0
0.020012043,0
0.06287818,0
0.41695037,0
0.4696461,0
0.3310696,0
0.06803377,0
0.40440986,0
0.30445075,0
0.0112716565,0
0.18459347,0
0.076328054,0
0.29270715,0
0.011141618,0
0.032845072,0
0.38658285,0
0.76554364,1
0.062000383,0
0.020803606,0
0.08492604,0
0.0228094,0
0.28028378,0
0.0037506444,0
0.02386488,0
0.44850275,0
0.8770879,0
0.063550815,0
0.019005943,0
0.24231075,0
0.14925142,0
0.44695714,1
0.015362233,0
0.61472,1
0.050607882,0
0.05863282,0
0.40804568,0
0.0056262487,0
0.009132203,0
0.11382708,0
0.002762079,0
0.05857548,0
0.018303959,0
0.088421665,0
0.04843395,0
0.23260428,0
0.3814093,0
0.54401016,1
0.047637,0
0.030663783,0
0.15464081,0
0.050844774,0
0.0410175,0
0.11430804,0
0.04148557,0
0.019911753,0
0.731792,0
0.36522228,0
0.2780194,0
0.31676173,1
0.010643459,0
0.048907395,0
0.025850074,0
0.08256532,0
0.043829978,0
0.05129094,0
0.50026935,0
0.53014296,0
0.4990923,0
0.7344439,1
0.009185935,0
0.01961133,0
0.25146398,0
0.027002417,0
0.45674738,0
0.043116327,0
0.36442024,0
0.76987875,1
0.03673588,0
0.6989372,0
0.023130499,0
0.04096943,0
0.01344744,0
0.81824213,0
0.2589073,0
0.133771,0
0.12368153,0
0.30394384,0
0.32811174,0
0.09075101,0
0.2399657,0
0.38029182,0
0.021209853,0
0.014373517,0
0.18739356,0
0.12565328,0
0.022975573,0
0.069891796,0
0.36659613,0
0.33366683,0
0.8654518,0
0.46387613,0
0.1391701,0
0.12031578,0
0.5015073,1
0.014189478,0
0.1332125,0
0.014443318,0
0.65395504,0
0.42697653,0
0.0211646,0
0.80254024,0
0.56554693,1
0.14877898,0
0.011553018,0
0.0070905145,0
0.060445674,0
0.0026460108,0
0.41066083,0
0.21759294,0
0.020512277,0
0.26502293,0
0.43156594,0
0.26577926,0
0.42409673,0
0.29458475,0
0.2808617,0
0.29295674,0
0.006667532,0
0.035194933,0
0.0010217183,0
0.50754964,1
0.028680278,0
0.3260938,0
0.6061261,1
0.030341411,0
0.19885574,0
0.10178505,0
0.01247503,0
0.37021562,1
0.6126886,0
0.21272773,0
0.040490605,0
0.8777835,0
0.04936069,0
0.63996464,0
0.9035188,1
0.0075048786,0
0.08462506,0
0.0505921,0
0.029648554,0
0.19790097,0
0.05194499,0
0.31736207,0
0.22474337,0
0.029214446,0
0.08515772,0
0.002040509,0
0.68906766,0
0.19057098,0
0.047632772,0
0.012558875,0
0.40611723,0
0.03296393,0
0.069151685,0
0.060121104,0
0.099062875,0
0.035824943,0
0.9118548,1
0.48431692,0
0.09648056,0
0.296266,0
0.19496986,0
0.73145086,1
0.04280275,0
0.08336023,0
0.3914659,0
0.016317213,0
0.2694712,0
0.299845,1
0.025400912,0
0.08193788,0
0.9079747,1
0.048413686,0
0.026913853,0
0.06131276,0
0.5793332,1
0.5692677,0
0.7213056,0
0.1632481,0
0.68353426,0
0.102558255,0
0.18914272,0
0.045038197,0
0.1403884,0
0.2575086,0
0.8933813,1
0.3809865,0
0.27523866,0
0.15430294,0
0.38894692,0
0.8883915,0
0.04413156,0
0.039901648,0
0.025034074,0
0.2874971,0
0.07438581,0
0.25806534,0
0.01053401,0
0.47917515,0
0.10889306,0
0.14246778,0
0.03131199,0
0.100064665,0
0.075491056,0
0.012362225,0
0.288201,0
0.7390132,0
0.16062787,0
0.04166022,0
0.06411387,0
0.014061195,0
0.11790717,0
0.002138773,0
0.3237544,0
0.547878,0
0.26348677,0
0.013181518,0
0.12239993,0
0.030070944,0
0.01576899,0
0.11627628,0
0.047798596,0
0.2954565,0
0.06321609,0
0.22392257,0
0.7986802,1
0.12264262,1
0.17105463,0
0.631302,0
0.008143317,0
0.6395496,1
0.058446888,0
0.20754363,1
0.023948628,0
0.07764659,0
0.09697866,0
0.19536152,0
0.6023984,1
0.2375398,0
0.2336348,0
0.8267447,1
0.19732699,0
0.20108305,0
0.10261826,0
0.118197724,0
0.54955167,0
0.5431763,1
0.05907301,0
0.37136033,0
0.71295196,0
0.39835465,1
0.06753891,0
0.2271168,0
0.27394995,0
0.55060446,0
0.8253358,0
0.6946531,0
0.43063235,0
0.03361126,0
0.11880473,0
0.39627495,0
0.31464055,0
0.026492307,0
0.0902261,0
0.4901844,0
0.24264611,0
0.661834,1
0.0029490034,0
0.73033637,0
0.28771898,0
0.22036743,0
0.28182012,0
0.0057694023,0
0.053425115,0
0.741729,0
0.18115692,1
0.20257233,0
0.6680826,0
0.11461979,0
0.70690256,0
0.113291174,0
0.048658203,0
0.031933192,0
0.014008512,0
0.022002432,0
0.007452964,0
0.21376772,0
0.39190748,0
0.046824872,0
0.020104274,0
0.028574612,0
0.72091776,0
0.3947825,0
0.7795226,1
0.0009344884,0
0.7464039,1
0.38034955,0
0.5444986,0
0.18987097,0
0.72600305,0
0.07455424,0
0.85501134,0
0.81957024,1
0.17546359,0
0.056006476,0
0.15007477,0
0.0047750184,0
0.09695417,0
0.14565203,0
0.34724912,0
0.13083147,0
0.44779995,0
0.4487938,0
0.20916843,0
0.2225449,0
0.35435474,0
0.6055505,0
0.27815124,0
0.30104655,0
0.2026416,0
0.06931217,0
0.0397915,0
0.5488499,0
0.025208952,0
0.09574677,0
0.32753634,0
0.110446446,0
0.002412562,0
0.31798646,1
0.005444726,0
0.18058035,0
0.084872186,0
0.22550443,0
0.066232726,0
0.08141853,0
0.017610056,0
0.147778,0
0.06881333,0
0.234932,0
0.47368228,0
0.041078262,0
0.5538226,1
0.015377278,0
0.078302495,0
0.0034525092,0
0.016066132,0
0.14650483,0
0.056609258,0
0.14386725,0
0.60564435,1
0.06584031,0
0.09504174,0
0.007642419,0
0.27904737,0
0.24547772,0
0.6459329,1
0.008062945,0
0.8335709,0
0.036044367,0
0.062853456,0
0.5653731,0
0.15319042,0
0.038491175,0
0.4478594,0
0.04782229,0
0.70369655,0
0.28486016,0
0.14997107,0
0.1929103,0
0.2271476,0
0.6242147,0
0.22238617,0
0.12288346,0
0.016040659,0
0.08399662,0
0.009004343,0
0.016166678,0
0.16971877,0
0.12401421,0
0.3016935,0
0.29540923,0
0.047329083,0
0.24512738,0
0.0037816362,0
0.02982083,0
0.03731688,0
0.004780394,0
0.4575137,0
0.7637557,0
0.41845545,0
0.044809498,0
0.12826069,0
0.1315939,0
0.24401894,0
0.09206412,0
0.36181134,0
0.11930215,0
0.5166117,1
0.40757802,0
0.0633534,0
0.07735069,0
0.18045028,0
0.08942949,0
0.005163122,0
0.038646597,0
0.015630335,0
0.028688675,0
0.03304182,0
0.061563175,0
0.07310794,0
0.07729104,0
0.72385323,1
0.48397315,0
0.10160485,0
0.23531106,0
0.14078258,0
0.243822,0
0.0111188665,0
0.20420358,0
0.13569352,0
0.10571788,0
0.22115077,0
0.8165846,0
0.52389324,0
0.02684138,0
0.024400849,0
0.000986942,0
0.069718,0
0.009450693,0
0.120087326,0
0.014635744,0
0.01606935,0
0.33460546,0
0.15022849,0
0.18446004,0
0.8096593,1
0.006487569,0
0.24401076,0
0.04127072,0
0.047602743,0
0.027787467,0
0.011098736,0
0.4317407,0
0.1352368,0
0.05734169,0
0.031283833,0
0.1034361,0
0.11367127,1
0.22847053,0
0.06227987,0
0.04210789,0
0.005401638,0
0.022420947,0
0.16582589,0
0.048495993,0
0.069749676,0
0.002301633,0
0.011638566,0
0.36886245,0
0.6310788,0
0.035461303,0
0.0761135,0
0.0739402,0
0.862728,1
0.019026944,0
0.055882607,0
0.18566178,0
0.031486414,0
0.26050383,0
0.050575268,0
0.47665438,0
0.13397273,0
0.1698799,0
0.079050474,0
0.024644915,0
0.010429454,0
0.016657125,0
0.13299032,0
0.31389335,0
0.9183374,0
0.039602105,0
0.02344752,0
0.010562158,0
0.026601138,0
0.28766716,0
0.062492177,0
0.0070589706,0
0.024958275,0
0.28477046,0
0.13050456,0
0.3201048,0
0.1256881,0
0.059840187,0
0.7573114,1
0.018245721,0
0.21424441,0
0.043982476,0
0.08429642,0
0.15091835,0
0.5443416,0
0.21333498,0
0.15919524,0
0.048008595,0
0.490875,1
0.13708319,0
0.12847446,0
0.0064139115,0
0.074625574,0
0.10504568,0
0.03212948,0
0.2781745,0
0.20032707,0
0.044589877,0
0.17274065,0
0.58588815,0
0.12201251,0
0.13144624,0
0.06491609,0
0.3036034,0
0.035654664,0
0.0036468012,0
0.4469059,0
0.9461219,1
0.49147376,0
0.58090687,0
0.005859058,0
0.015803427,0
0.20742951,0
0.039574824,0
0.07825448,0
0.4787091,0
0.29672998,0
0.38950107,0
0.08879345,0
0.029169075,0
0.44822183,0
0.36873433,0
0.029252112,0
0.01959336,0
0.3929367,0
0.84196556,1
0.3241423,0
0.827048,1
0.26234725,0
0.1396116,0
0.20850143,0
0.41822374,0
0.2654155,0
0.16646248,0
0.008406762,0
0.20018907,0
0.08494938,0
0.22068891,0
0.00859839,0
0.02926128,0
0.07359686,0
0.78350675,0
0.3832854,0
0.7264424,0
0.22252055,0
0.13050665,0
0.06468964,0
0.14235336,0
0.355717,0
0.07496315,0
0.46499684,0
0.020734752,0
0.020339567,0
0.28604198,0
0.5708787,0
0.8787604,1
0.498481,0
0.49431357,0
0.7962988,1
0.048811387,0
0.020126062,0
0.0036941008,0
0.18053141,0
0.37334153,0
0.3874144,1
0.087436885,0
0.047609724,0
0.060897294,0
0.27502596,0
0.05451231,0
0.7894437,1
0.0687571,0
0.09130471,0
0.0465298,0
0.09846263,0
0.041030075,0
0.35396364,0
0.13331176,0
0.24263193,0
0.046073925,0
0.022471098,0
0.061323475,0
0.012025013,0
0.023560645,0
0.67264885,0
0.04649205,0
0.0037048548,0
0.036175583,0
0.35106298,0
0.29113942,0
0.27710056,1
0.13524994,0
0.19242755,0
0.113727726,0
0.009105748,0
0.11547225,0
0.01591273,0
0.14188942,0
0.026031638,0
0.27527937,0
0.15812917,0
0.5988302,1
0.059642095,0
0.017152753,0
0.5425695,0
0.41133484,0
0.7247091,0
0.17151119,0
0.01600648,0
0.012085785,0
0.01524424,0
0.34941772,0
0.1619407,0
0.02317138,0
0.83760834,0
0.6243395,0
0.019406537,0
0.27285424,0
0.39392382,0
0.063299745,0
0.2755293,0
0.81740046,0
0.094146214,0
0.5618209,0
0.40768856,0
0.024800917,0
0.3255366,0
0.57471746,0
0.25596952,0
0.61772966,0
0.2946385,0
0.46829945,0
0.00832643,0
0.60783964,0
0.042511575,0
0.03210381,0
0.026728509,0
0.36118984,0
0.04453514,0
0.02469281,0
0.05170662,0
0.0071386136,0
0.011253386,0
0.26926824,0
0.004185939,0
0.00418367,0
0.71284837,0
0.5660169,0
0.023935508,0
0.11135953,0
0.82871795,0
0.03410408,0
0.06500416,0
0.12597542,0
0.20099607,0
0.76941055,0
0.021600338,0
0.016293328,0
0.44550937,0
0.021444714,0
0.009473194,0
0.30444074,0
0.30984685,0
0.39207757,0
0.68045485,1
0.13787697,0
0.73404247,0
0.1802431,0
0.015608793,0
0.7213938,1
0.7365618,0
0.5910346,1
0.008244465,0
0.13665693,0
0.47838646,1
0.4096799,0
0.08572843,0
0.43508953,0
0.4358599,0
0.6176752,0
0.0055317353,0
0.01600091,0
0.02057175,0
0.013698926,0
0.8382205,1
0.16786958,0
0.48739144,0
0.84424955,0
0.5759701,1
0.4045651,0
0.70805734,0
0.60226506,0
0.41917756,0
0.31881967,0
0.22031279,0
0.6170988,0
0.010587833,0
0.37288675,0
0.1607969,0
0.28761202,0
0.6936799,0
0.508876,0
0.022380639,0
0.04968648,0
0.07563026,0
0.098000266,0
0.09337545,0
0.07455432,0
0.14346783,0
0.100866035,0
0.25900152,0
0.6599008,0
0.07045733,0
0.040848304,0
0.04164277,0
0.34408006,0
0.04424445,0
0.073582925,0
0.81594086,1
0.042130224,0
0.2071785,0
0.02862146,0
0.08848622,0
0.79560417,0
0.41729987,0
0.3884772,0
0.45468464,0
0.085297935,0
0.5560459,0
0.72973466,0
0.9103051,1
0.095451206,0
0.06711827,0
0.3804366,0
0.8272319,0
0.040692713,0
0.18838051,0
0.23319417,0
0.042259622,0
0.29250354,0
0.27136016,0
0.73435104,0
0.8165223,1
0.11657707,0
0.62966686,0
0.6721124,0
0.01882245,0
0.08403984,0
0.15550753,0
0.028614355,0
0.03633922,0
0.10576633,0
0.057154134,0
0.41003537,0
0.31306264,0
0.28872594,0
0.60922915,0
0.2068704,0
0.03516219,0
0.019453624,0
0.54498786,0
0.54202676,0
0.2128425,0
0.16442193,1
0.07849006,0
0.8251608,1
0.019952262,0
0.5639808,0
0.025791459,0
0.077439934,0
0.0039947703,0
0.04206404,0
0.049713187,0
0.039692823,0
0.015136094,0
0.37877515,0
0.3243666,0
0.18028513,0
0.077922516,0
0.048650995,0
0.010175563,0
0.055871163,0
0.4308136,0
0.12237065,0
0.10526107,0
0.5510484,0
0.0851663,0
0.1437129,0
0.031013211,0
0.09316137,0
0.08713617,0
0.012869937,0
0.51515126,1
0.6843618,1
0.1911168,0
0.040788487,0
0.047652904,0
0.4287269,0
0.254224,0
0.07589528,0
0.06342818,0
0.32722166,0
0.048284814,0
0.7252463,0
0.008211538,0
0.012523379,0
0.29041445,0
0.09617881,0
0.043649856,0
0.8861741,1
0.066780016,0
0.69060534,0
0.13238534,0
0.09212682,0
0.05375867,0
0.39694065,1
0.41788077,0
0.67910475,0
0.0024409276,0
0.057576753,0
0.42443398,0
0.0140210455,0
0.03502335,0
0.6831935,0
0.005932343,0
0.111132994,0
0.08433381,0
0.03717126,0
0.29224718,0
0.019746596,0
0.08642677,0
0.28698257,0
0.11409692,0
0.47582144,0
0.34819695,0
0.12801613,0
0.107752204,0
0.03342437,0
0.11165555,0
0.20033461,0
0.1687906,0
0.84351116,1
0.04512505,0
0.009407682,0
0.035647623,0
0.6487919,0
0.19441436,0
0.4828884,0
0.63824195,0
0.008182846,0
0.60574013,0
0.01437393,0
0.91893876,1
0.3727247,1
0.005282206,0
0.23499645,0
0.7862263,1
0.7716215,0
0.07547437,0
0.50900835,0
0.12317019,0
0.15212084,0
0.26311743,0
0.35834816,0
0.40292874,0
0.9462091,1
0.08149109,0
0.3127075,0
0.03708847,0
0.20629546,0
0.03697156,0
0.15240416,0
0.033672314,0
0.5004909,0
0.83742756,0
0.008555244,0
0.18208593,0
0.2534601,0
0.64773226,0
0.46911094,0
0.36977416,0
0.050905593,0
0.26841772,0
0.62782735,0
0.25306824,0
0.026085623,0
0.02751132,0
0.15413782,0
0.07374702,0
0.19965586,0
0.015162345,0
0.0103977695,0
0.09136389,0
0.34383193,0
0.33898452,0
0.07252635,0
0.07917456,0
0.039387755,0
0.6478108,0
0.25086686,0
0.025221076,0
0.019674221,0
0.13451028,0
0.43334788,0
0.19019191,0
0.77410835,1
0.7394779,0
0.06764949,0
0.108571075,0
0.517939,0
0.5666674,0
0.12408361,0
0.032095566,0
0.18626155,0
0.06101866,0
0.14091717,0
0.09859234,0
0.017241994,0
0.3466917,0
0.037526924,0
0.025167871,0
0.06884689,0
0.6720869,0
0.38768366,1
0.017275453,0
0.34934622,0
0.6096736,1
0.060750544,0
0.033063676,0
0.25019926,0
0.36878034,0
0.8830181,0
0.017841835,0
0.12000896,0
0.1434947,0
0.30204567,0
0.36208728,0
0.027644016,0
0.24467826,0
0.062274795,0
0.0689944,0
0.013157541,0
0.027774865,0
0.23901208,0
0.7970776,0
0.5895575,1
0.39081973,0
0.2356035,1
0.76724905,1
0.3421695,0
0.02984814,0
0.07885089,0
0.07259616,0
0.027981915,0
0.045379706,0
0.2527721,0
0.005712948,0
0.1561929,0
0.044618394,0
0.0048914272,0
0.17759058,0
0.4734841,0
0.097977884,0
0.54197073,0
0.07801733,0
0.06607705,0
0.08164116,0
0.5199965,0
0.035790164,0
0.07833348,0
0.17119911,0
0.62217194,0
0.17925984,0
0.80430365,1
0.65058357,0
0.4505697,0
0.17984809,0
0.17487803,0
0.09346208,0
0.06910946,0
0.62028605,0
0.06319932,0
0.1496018,0
0.03900814,0
0.36699837,0
0.06978926,0
0.33365712,0
0.05032549,0
0.19752473,0
0.05011746,0
0.06592759,0
0.17638518,0
0.43339884,0
0.7208132,0
0.1379115,0
0.011876371,0
0.2820706,0
0.08674812,0
0.55577016,1
0.009294843,0
0.17762472,0
0.080524445,0
0.74072593,0
0.053469803,0
0.13073933,0
0.086413555,0
0.40860593,0
0.08652274,0
0.042016413,0
0.38043228,0
0.0488235,0
0.51930964,0
0.567241,1
0.06345128,0
0.66722435,0
0.113839455,0
0.15915622,0
0.10677259,0
0.87023216,0
0.12535408,0
0.037115205,0
0.41246527,1
0.053775765,0
0.021083435,0
0.8716096,0
0.1063302,0
0.1946564,0
0.00905817,0
0.19217771,0
0.015525708,0
0.022007244,0
0.40298033,0
0.011114641,0
0.033083934,0
0.07900388,0
0.5181628,0
0.628252,0
0.23281185,0
0.76190984,0
0.59291387,1
0.058097076,0
0.33533278,0
0.091343194,0
0.39560455,0
0.16511083,0
0.014409215,0
0.33103198,1
0.32334027,0
0.76743394,0
0.055028494,0
0.016882252,0
0.019265497,0
0.05707194,0
0.73582757,1
0.7422334,0
0.011507536,0
0.007762872,0
0.565823,0
0.14567034,0
0.3872375,0
0.06721021,0
0.80000365,0
0.5427274,0
0.057986267,0
0.10636196,0
0.034481082,0
0.048555877,0
0.60721815,0
0.45820248,0
0.046296638,0
0.048975512,0
0.029411409,0
0.037452,0
0.1558658,0
0.13148919,0
0.21597448,0
0.67300326,0
0.19110815,0
0.26627532,0
0.23337603,0
0.6423382,0
0.5193481,0
0.017301302,0
0.3075087,0
0.054281335,0
0.22814816,0
0.4986907,0
0.08370432,0
0.2621604,0
0.5647982,1
0.028016835,0
0.14858185,0
0.22381438,1
0.51597357,0
0.25400493,0
0.03606547,0
0.36975887,0
0.763357,1
0.12545022,0
0.44195193,0
0.0020455488,0
0.0559973,0
0.13710962,0
0.13806379,0
0.199211,0
0.6190659,0
0.73314023,0
0.7492823,0
0.39442733,0
0.18225808,0
0.03176509,0
0.016350478,0
0.6501515,0
0.49938622,1
0.3339306,0
0.00479294,0
0.030374244,0
0.5631819,1
0.38985687,0
0.24733518,0
0.11628319,0
0.026951073,0
0.046736132,0
0.2296568,0
0.7214479,0
0.0071911216,0
0.0021502103,0
0.017181516,0
0.09956069,0
0.1813237,0
0.36052766,0
0.21471426,0
0.024260443,0
0.121742986,0
0.014340379,0
0.8469165,1
0.45941296,0
0.15685414,0
0.104527146,0
0.05434087,0
0.095817246,0
0.19000609,0
0.023185171,0
0.07161577,0
0.25558898,1
0.30509472,0
0.6273391,0
0.0208819,0
0.009852633,0
0.04955299,0
0.05393789,0
0.4364275,0
0.0017255626,0
0.25027376,0
0.15650979,0
0.2614688,0
0.20495431,0
0.33608457,0
0.3789061,0
0.033344224,0
0.0071616224,0
0.43799472,0
0.59164494,0
0.6778103,0
0.59285396,0
0.16334774,0
0.8706618,1
0.02128182,0
0.045170367,0
0.36370358,0
0.032194078,0
0.26942137,0
0.60174084,0
0.6020156,0
0.0058048293,0
0.009495893,0
0.018755788,0
0.13113889,0
0.39613152,0
0.34492823,0
0.0131329335,0
0.12161293,0
0.5027028,0
0.19987975,0
0.5366217,0
0.076097384,0
0.06003062,0
0.013301789,0
0.5394021,0
0.6413315,0
0.0102281235,0
0.15613195,0
0.23815398,0
0.5213716,0
0.5567175,0
0.15872243,0
0.8209382,0
0.77256984,0
0.32795686,0
0.6288619,0
0.21068518,0
0.1737351,1
0.7609935,1
0.73075396,0
0.6996534,0
0.15712592,0
0.7295177,0
0.51685596,0
0.3767363,0
0.30183047,0
0.21697442,0
0.2394803,0
0.31043273,0
0.004698216,0
0.19733997,0
0.3086777,0
0.0518964,0
0.48132914,1
0.26659626,0
0.2286254,0
0.006034429,0
0.038008146,0
0.339711,0
0.14575371,0
0.13074781,0
0.66182846,0
0.3047539,0
0.003984385,0
0.18094274,0
0.10730939,0
0.37490097,0
0.040236782,0
0.19148166,0
0.03399324,0
0.45196286,0
0.48324126,1
0.08474946,0
0.042921934,0
0.5324744,0
0.097305186,0
0.08241578,0
0.1864535,1
0.39782646,0
0.7171818,1
0.01863043,0
0.011272997,0
0.036656033,0
0.5630562,0
0.2609125,0
0.03496773,0
0.062329534,0
0.036554713,0
0.01196797,0
0.4292929,0
0.002955551,0
0.013555395,0
0.3135964,0
0.0472306,0
0.08246689,0
0.00981451,0
0.0060997936,0
0.39792266,1
0.65276325,0
0.050229844,0
0.28032202,0
0.13365866,0
0.3989997,0
0.06903867,0
0.39955765,0
0.563997,0
0.016335722,0
0.0061501265,0
0.75329167,0
0.4309334,0
0.21478884,0
0.087602325,0
0.025217446,0
0.13243745,0
0.023534397,0
0.11921928,0
0.05361528,0
0.021542614,0
0.01388455,0
0.05324486,0
0.012320274,0
0.2491721,0
0.16878773,0
0.22287996,0
0.34614405,0
0.031005364,0
0.01566154,0
0.093037404,0
0.06432031,0
0.09185709,0
0.35484394,0
0.015314096,0
0.61856157,0
0.42450458,0
0.026726332,0
0.6101842,1
0.046622906,0
0.034046974,0
0.07870117,0
0.5726067,0
0.091453336,0
0.89909005,1
0.06847134,0
0.10293602,0
0.011560176,0
0.5025425,0
0.5908668,1
0.03298473,0
0.2661006,0
0.024914628,0
0.008370972,0
0.52095526,0
0.5590352,0
0.0860669,0
0.08900856,0
0.019132305,0
0.050387185,0
0.099790916,0
0.071928084,0
0.035856184,0
0.6602185,1
0.24722467,0
0.068971485,0
0.19961053,0
0.14262943,0
0.59152925,1
0.04644651,0
0.6928471,0
0.3364792,0
0.06919109,0
0.13026129,0
0.5489702,0
0.1267375,0
0.16778995,0
0.052583642,0
0.23736231,0
0.023023639,0
0.7340799,1
0.006334244,0
0.38997033,0
0.017142981,0
0.020627176,0
0.0072049024,0
0.14154626,0
0.30369732,0
0.09282299,0
0.7684351,0
0.72658527,0
0.035600416,0
0.4133884,0
0.00669268,0
0.18444197,0
0.068027966,0
0.68812245,1
0.72208506,0
0.0501084,0
0.010401921,0
0.20711455,0
0.07064229,0
0.7623792,1
0.27859592,0
0.7433987,0
0.016313003,0
0.14634612,0
0.19826387,0
0.031645387,0
0.19500026,0
0.2706795,0
0.4309744,1
0.04362145,0
0.026531454,0
0.24507064,0
0.058821537,0
0.010948135,0
0.022388136,0
0.02810874,0
0.8236621,1
0.30242467,0
0.11845461,0
0.7514671,1
0.6946028,1
0.62231827,0
0.34742683,0
0.061882753,0
0.29398757,0
0.6323563,1
0.09919407,0
0.21392874,0
0.011233311,0
0.017876519,0
0.008821084,0
0.030247949,0
0.07201387,0
0.11923834,0
0.016156033,0
0.41284692,0
0.11420299,0
0.12699115,0
0.37061858,0
0.014085172,0
0.08939638,0
0.021792345,0
0.61696064,0
0.09816686,0
0.22438456,0
0.54691464,0
0.03297024,0
0.57912767,0
0.023956098,0
0.051722616,0
0.37501907,0
0.07861162,0
0.53081834,0
0.105887234,0
0.48229468,0
0.017027581,0
0.2411269,0
0.51540047,0
0.32513696,0
0.049298935,0
0.22792034,0
0.059617985,0
0.29434428,0
0.21714047,0
0.7218479,1
0.18750866,0
0.11837323,0
0.004914578,0
0.011339325,0
0.05091614,0
0.016142093,0
0.08972428,0
0.0019270399,0
0.08441216,0
0.7265717,0
0.10348602,0
0.5284881,0
0.24554871,0
0.009929788,0
0.64135766,0
0.05607863,0
0.10501836,0
0.49524766,0
0.013271614,0
0.19257033,0
0.7420404,0
0.24756537,0
0.20850445,0
0.092947274,0
0.30406135,0
0.08025203,0
0.095514305,0
0.08537598,0
0.5292051,1
0.09166558,0
0.113182366,0
0.26812392,0
0.015448592,0
0.01685215,0
0.078212924,0
0.038711708,0
0.03365126,0
0.34973356,0
0.032692242,0
0.03540899,0
0.78736115,1
0.16735815,0
0.002307909,0
0.060218494,0
0.25351098,0
0.66814995,0
0.049937166,0
0.016090171,0
0.3610376,0
0.13859814,0
0.44309598,0
0.026600102,0
0.23935309,0
0.056834996,0
0.36148095,0
0.37159714,1
0.55986404,0
0.30015597,0
0.020928808,0
0.030501254,0
0.05488881,0
0.005539973,0
0.08370659,0
0.039828673,0
0.36570454,0
0.72987694,0
0.81839234,1
0.18770476,0
0.036327332,0
0.090931,0
0.051851634,0
0.49308753,0
0.39715418,0
0.09795054,0
0.0013739556,0
0.027016997,0
0.039668955,0
0.14373986,0
0.022833826,0
0.22644417,0
0.06798695,0
0.27800477,0
0.01470563,0
0.7402584,0
0.40407342,0
0.09528863,0
0.5332368,0
0.14564037,0
0.11502263,1
0.023219122,0
0.23527263,0
0.19739121,0
0.12580185,0
0.14874564,0
0.020667177,0
0.32697242,0
0.19716083,0
0.1132774,0
0.04571987,0
0.02710619,0
0.3576369,0
0.19545351,0
0.02647644,0
0.014015165,0
0.62665164,0
0.51910394,1
0.42956126,0
0.03146101,0
0.33676723,0
0.3603066,0
0.4692459,0
0.22665362,0
0.875252,1
0.027591351,0
0.010240064,0
0.2562412,0
0.0074710706,0
0.06927453,0
0.832671,1
0.8406541,1
0.2360433,0
0.058766358,0
0.19700438,0
0.102073275,0
0.15764806,0
0.5255227,0
0.18675634,0
0.00071382185,0
0.2779942,0
0.056335896,0
0.13567688,0
0.05022926,0
0.022683904,0
0.7433077,0
0.03066157,0
0.93065286,1
0.14950685,0
0.36635762,0
0.020542309,0
0.56282824,0
0.69250715,1
0.01953854,0
0.76184785,1
0.087258436,0
0.0154049685,0
0.341027,0
0.0032127483,0
0.0007256261,0
0.14102642,0
0.022075247,0
0.14400092,0
0.033265546,0
0.36089912,0
0.52376217,0
0.15916479,0
0.09035753,0
0.011976013,0
0.333144,0
0.10227005,0
0.005870501,0
0.037103064,0
0.5047064,0
0.012957,0
0.014282766,0
0.012962996,0
0.7915098,0
0.093230136,0
0.039862886,0
0.083960295,0
0.017534725,0
0.36246735,0
0.20351171,0
0.101743475,0
0.71376014,0
0.035427667,0
0.32080004,0
0.49770057,0
0.2091966,0
0.19615944,0
0.036509294,0
0.085457,0
0.23938596,0
0.76475304,1
0.08311748,0
0.018937463,0
0.06208055,0
0.019558042,0
0.14789908,0
0.007949545,0
0.23651631,0
0.14670226,0
0.17392872,0
0.22694324,0
0.0212238,0
0.0845067,0
0.0786917,0
0.031025559,0
0.035814524,0
0.1934361,0
0.052274067,0
0.28448635,0
0.29899344,0
0.05155363,0
0.75727177,1
0.6318633,0
0.12847444,0
0.20057559,0
0.35902736,0
0.18428786,0
0.6617236,0
0.11885551,0
0.7582836,1
0.62835205,0
0.14696628,0
0.13358955,0
0.02055478,0
0.01246794,0
0.028128164,0
0.118165396,0
0.019583676,0
0.64278585,0
0.07229841,0
0.08359147,0
0.53012466,0
0.32357186,0
0.022299021,0
0.26844752,1
0.055831388,0
0.1975147,0
0.011972402,0
0.27651075,0
0.5126866,0
0.11144978,0
0.44259784,0
0.08404979,0
0.013029624,0
0.40230384,0
0.07127016,0
0.07585512,0
0.19976006,0
0.16799462,0
0.14132947,0
0.047478475,0
0.028197518,0
0.56265223,0
0.17883368,0
0.18975557,0
0.84306806,0
0.39011458,1
0.06998903,0
0.4946959,0
0.14589563,0
0.71307397,0
0.06346588,0
0.0026793364,0
0.014467073,0
0.04676975,0
0.6186528,0
0.004350068,0
0.08761995,0
0.0054463167,0
0.021587765,0
0.0095829405,0
0.15212968,0
0.65192294,0
0.039140284,0
0.023370031,0
0.05914979,0
0.0027747392,0
0.023781242,0
0.057954226,0
0.044101946,0
0.02296179,0
0.0038665119,0
0.5665619,1
0.089158446,0
0.2046154,0
0.040625215,0
0.37098563,0
0.11352532,0
0.7908322,0
0.19134511,0
0.27976486,0
0.352716,0
0.23871817,0
0.22615018,0
0.019377958,0
0.07839758,0
0.6975546,0
0.10035443,0
0.12813434,0
0.013584297,0
0.04650606,0
0.013903929,0
0.0074188155,0
0.78706974,1
0.16181271,0
0.34996727,0
0.072391436,0
0.0011281257,0
0.050243855,0
0.02125991,0
0.030020831,0
0.1970555,0
0.15520582,0
0.15340504,0
0.20572786,0
0.28321016,0
0.11967867,0
0.113965064,0
0.43631068,0
0.48709273,0
0.57837725,0
0.35996607,0
0.69921875,0
0.2867475,0
0.10946301,0
0.032199435,0
0.019241033,0
0.08335041,0
0.038284674,0
0.63496685,0
0.8933845,1
0.051901013,0
0.020389311,0
0.16913985,0
0.1967489,0
0.11094328,0
0.3905633,0
0.5671102,0
0.26940426,0
0.011736357,0
0.6129949,0
0.5996649,0
0.96297044,1
0.07066895,0
0.5352401,0
0.2275191,0
0.24396838,0
0.19004385,0
0.37547508,0
0.0010069386,0
0.58107567,1
0.0015179666,0
0.07319339,0
0.4462448,0
0.73273325,0
0.12741335,0
0.504357,0
0.14292568,0
0.46678966,0
0.093817666,0
0.29302037,0
0.31341925,0
0.06417465,0
0.048157815,0
0.53334475,0
0.08901711,0
0.078639254,0
0.3105779,0
0.43551433,0
0.82616544,1
0.08914801,0
0.22952558,0
0.13553151,0
0.8824927,1
0.52165943,0
0.5834713,0
0.0073712035,0
0.5017855,0
0.0069210553,0
0.119611226,0
0.41818583,0
0.005717066,0
0.2557457,0
0.8649271,0
0.033794224,0
0.0644565,0
0.08377345,0
0.2336581,0
0.010241228,0
0.011591013,0
0.007362413,0
0.3536654,0
0.29439768,0
0.07808359,0
0.0044650873,0
0.08684544,0
0.12343853,0
0.5924968,1
0.030878317,0
0.05087448,0
0.021284416,0
0.068535045,0
0.39346144,1
0.05733847,0
0.82062405,0
0.05349617,0
0.39039147,0
0.09964753,0
0.15744321,0
0.42981288,0
0.030267887,0
0.045555476,0
0.012378391,0
0.38960218,0
0.056993257,0
0.33525187,0
0.3287491,0
0.058831267,0
0.028876396,0
0.30415708,0
0.892381,1
0.03153797,0
0.06536534,0
0.12835269,0
0.14259674,0
0.06862295,0
0.8165661,0
0.14247791,0
0.25921392,0
0.04939924,0
0.05767092,0
0.18279834,0
0.5962959,0
0.028376542,0
0.020543585,0
0.23597138,0
0.7431961,0
0.062635586,0
0.40129158,0
0.0035124044,0
0.09686296,0
0.006170711,0
0.023977904,0
0.5089584,0
0.08620472,0
0.021389015,0
0.029582167,0
0.050651662,0
0.47113204,0
0.12306101,0
0.341149,0
0.14566231,0
0.13250923,0
0.2614252,0
0.38251427,0
0.44886044,0
0.08653464,0
0.68820065,1
0.024465201,0
0.09038862,0
0.17669338,0
0.6806745,1
0.018694604,0
0.093269505,0
0.13073981,0
0.14410067,0
0.22331968,0
0.85979366,1
0.021226395,0
0.24878915,0
0.13308515,0
0.40125522,0
0.3896722,0
0.034639146,0
0.88176936,1
0.027082989,0
0.9008615,0
0.006916734,0
0.18124309,0
0.03120999,0
0.54973125,0
0.056042176,0
0.31592628,0
0.7004122,1
0.008155234,0
0.050072316,0
0.014131606,0
0.25718415,0
0.37236238,1
0.051735338,0
0.73580575,0
0.004716041,0
0.30663314,0
0.10404925,0
0.3439875,0
0.15787743,0
0.22415861,0
0.0030320555,0
0.42395732,0
0.7384484,1
0.06064551,0
0.13894686,0
0.0069914693,0
0.01054299,0
0.081462756,0
0.043515783,0
0.18940112,0
0.04522331,0
0.0031161192,0
0.008044055,0
0.23400985,0
0.5382564,0
0.6908729,0
0.13841061,0
0.677245,0
0.13185474,0
0.043716718,0
0.215413,0
0.5794346,0
0.55404305,0
0.008987662,0
0.23086472,0
0.07214583,0
0.6583206,1
0.021859279,0
0.6328114,0
0.16574201,0
0.009736509,0
0.0040332843,0
0.03984887,0
0.46980163,0
0.19462666,0
0.03356263,0
0.0023641144,0
0.08773205,0
0.75377095,0
0.77059877,0
0.5992558,0
0.02198665,0
0.005470185,0
0.09609692,0
0.120736144,0
0.36758268,0
0.21430074,0
0.019981528,0
0.032101344,0
0.035467748,0
0.05897702,0
0.053025957,0
0.16066338,0
0.20724943,0
0.10492833,0
0.27997804,0
0.026212111,0
0.1552333,0
0.56731856,1
0.18024684,0
0.02970307,0
0.030578246,0
0.045073282,0
0.11464636,0
0.022875383,0
0.4351773,0
0.14640447,0
0.24634764,0
0.41801134,0
0.22842145,0
0.13476038,0
0.65432554,0
0.11343049,0
0.04012014,0
0.7518676,1
0.0024283633,0
0.7037161,0
0.13977695,0
0.07177394,0
0.064660825,0
0.10863086,0
0.70711637,0
0.07412473,0
0.7161501,0
0.010843062,0
0.009246698,0
0.69013035,0
0.072587326,0
0.42400327,1
0.6502495,0
0.3574862,0
0.009460093,0
0.23033138,0
0.008520201,0
0.08797471,0
0.14080477,0
0.27750275,0
0.2667854,0
0.0082238065,0
0.0761135,0
0.020801183,0
0.4203434,0
0.83351207,0
0.4977942,1
0.01473775,0
0.06942397,0
0.075975716,0
0.007898894,0
0.06438623,0
0.012275091,0
0.04990004,0
0.36452353,0
0.29149616,1
0.12655008,0
0.2776885,0
0.18976149,1
0.44411492,0
0.5904431,0
0.29561305,0
0.17343736,0
0.24592708,0
0.010072698,0
0.23882566,0
0.34366277,0
0.038062885,0
0.027184553,0
0.45245662,0
0.8568171,0
0.59752923,0
0.08387316,0
0.20595421,0
0.87343866,1
0.33174863,0
0.09994446,0
0.0141407885,0
0.5616058,0
0.013425077,0
0.26788616,0
0.08963336,0
0.25210592,0
0.36901286,0
0.111462265,0
0.15441404,0
0.18921834,0
0.1481252,0
0.11224897,0
0.7556063,1
0.058030963,0
0.20383197,0
0.8516049,0
0.018877855,0
0.74988234,1
0.45623517,0
0.032838274,0
0.036306128,0
0.1322423,0
0.19877096,0
0.26835567,0
0.16772279,0
0.12788598,0
0.51936203,0
0.1540815,0
0.06632379,0
0.08126495,0
0.0029369171,0
0.29731664,0
0.21865696,0
0.78500026,0
0.622871,1
0.31047916,0
0.5600564,1
0.4517655,1
0.056610927,0
0.047366347,0
0.19457059,0
0.1054313,0
0.04485457,0
0.00845022,0
0.10027761,0
0.32874852,0
0.013585644,0
0.09434356,0
0.024543691,0
0.07491893,0
0.06673684,0
0.25501132,0
0.20421706,0
0.2538894,0
0.1157279,0
0.09374873,0
0.039144777,0
0.0044776336,0
0.07217391,0
0.04687263,0
0.0076750834,0
0.8607562,1
0.16932674,0
0.11795327,0
0.41876137,0
0.021126874,0
0.7168037,0
0.37717733,0
0.0880316,0
0.17050806,0
0.36139068,0
0.10983772,0
0.5615505,0
0.07502727,0
0.2511775,0
0.71914375,0
0.15843931,0
0.005990367,0
0.027959082,0
0.07491353,0
0.63749886,0
0.21337579,0
0.48259816,0
0.12733956,0
0.19984452,0
0.06331337,0
0.0028658,0
0.09827372,0
0.0648707,0
0.0034571507,0
0.1203181,0
0.0470971,0
0.03924272,0
0.11530958,0
0.064428,0
0.015980927,0
0.01425571,0
0.52488786,0
0.12512025,0
0.040074542,0
0.07371507,0
0.1615187,0
0.00881325,0
0.337004,1
0.19900204,0
0.03637592,0
0.027549261,0
0.4391992,0
0.045832284,0
0.13932079,0
0.15272409,0
0.028306803,0
0.07797032,0
0.14631665,0
0.19918701,0
0.11314149,0
0.061676253,0
0.008391516,0
0.06351713,0
0.043968894,0
0.0112702865,0
0.27221248,0
0.013166824,0
0.015301928,0
0.09716907,0
0.45972684,0
0.15280576,0
0.019414332,0
0.27650934,0
0.029090658,0
0.6749573,0
0.0861512,0
0.87384427,0
0.32191178,0
0.8784146,0
0.16203725,0
0.11862526,0
0.054680586,0
0.647929,1
0.0146406125,0
0.017541626,0
0.35975027,0
0.016827881,0
0.16836894,0
0.24316438,0
0.47787428,0
0.007880945,0
0.27322853,0
0.037983753,0
0.23415682,0
0.32031277,0
0.7638508,1
0.8192076,0
0.5451761,0
0.03250135,0
0.25795144,0
0.30907163,0
0.0060399654,0
0.014777075,0
0.47264555,0
0.12148124,0
0.016032133,0
0.65264016,0
0.6989319,0
0.06759288,0
0.07397949,0
0.07153655,0
0.20863731,0
0.031627636,0
0.070824504,0
0.3054977,0
0.060811747,0
0.3547907,0
0.78424495,0
0.41636908,0
0.73307604,0
0.031266917,0
0.12895042,0
0.5566432,1
0.01198453,0
0.0983921,0
0.45712602,1
0.13339102,0
0.5202901,0
0.026021525,0
0.36239216,1
0.20188594,0
0.06514035,0
0.020909198,0
0.0076884986,0
0.2660121,0
0.28500953,0
0.026848648,0
0.31224453,0
0.13722195,0
0.055856988,0
0.7216939,1
0.016125472,0
0.01336777,0
0.53921854,0
0.19115327,0
0.11957474,0
0.19729395,0
0.05039264,0
0.0019020061,0
0.0553351,0
0.5977824,0
0.01697864,0
0.02998518,0
0.11195433,0
0.15591964,0
0.7282945,1
0.05924612,0
0.24706087,0
0.009940257,0
0.17326957,0
0.2627559,0
0.16304502,1
0.005242553,0
0.19403337,0
0.011302809,0
0.07268398,0
0.045262124,0
0.043117154,0
0.39411032,1
0.09250982,0
0.2209958,0
0.008131528,0
0.062735535,0
0.2589523,1
0.24145932,0
0.7568008,1
0.116289,0
0.021871706,0
0.26418346,0
0.18235782,0
0.0064040637,0
0.11122066,1
0.12764806,0
0.5347518,0
0.34120822,0
0.10046183,0
0.701943,0
0.027812054,0
0.74199915,1
0.021389358,0
0.11778278,1
0.020873006,0
0.15263814,0
0.061532784,0
0.36955076,0
0.06687607,0
0.048825316,0
0.07199486,0
0.010045837,0
0.011580992,0
0.07238649,0
0.017759075,0
0.32637432,0
0.27370358,0
0.39174074,0
0.06235465,0
0.058975533,0
0.107258536,0
0.7873651,0
0.2074774,0
0.09295911,0
0.08133048,0
0.5161281,0
0.18260045,0
0.5442711,0
0.1633859,1
0.46713284,0
0.088751584,0
0.54173714,0
0.6115425,1
0.32782787,0
0.14847541,0
0.20367292,0
0.45850834,0
0.16202614,0
0.016804954,0
0.66890574,0
0.00974293,0
0.19840235,0
0.26929206,0
0.70035565,0
0.19776331,0
0.17440085,1
0.14229272,0
0.03453261,0
0.716297,0
0.38586643,0
0.036165714,0
0.035097227,0
0.18467313,0
0.03642772,0
0.30712345,0
0.078771904,0
0.12716275,0
0.103631586,0
0.38323602,0
0.20162286,0
0.04730479,0
0.69046354,0
0.17211485,0
0.026820306,0
0.46433723,0
0.07862082,0
0.042757265,0
0.5794029,0
0.012577764,0
0.17655872,0
0.101738386,0
0.081082344,0
0.13198224,0
0.76661307,1
0.13111927,0
0.024005271,0
0.029669411,0
0.22244638,0
0.0051667383,0
0.3914357,0
0.087474994,0
0.0037367549,0
0.011595924,0
0.40177,0
0.006003428,0
0.65394,0
0.387155,0
0.08595532,0
0.25738642,0
0.25496122,0
0.017770292,0
0.1557527,0
0.11178927,0
0.32540897,0
0.0076207486,0
0.022027718,0
0.11688716,0
0.4677012,0
0.07577931,0
0.08256734,0
0.16691609,0
0.4339427,0
0.02418443,0
0.6362012,0
0.056005973,0
0.8771699,1
0.5851269,0
0.07719142,0
0.35056716,0
0.10372799,0
0.0016606206,0
0.7731044,1
0.21608588,0
0.018158372,0
0.26966456,0
0.061321024,0
0.012379149,0
0.24726559,0
0.035729438,0
0.022083405,0
0.68561685,1
0.057416912,0
0.014114469,0
0.40329126,0
0.45581293,0
0.27237833,0
0.08914116,0
0.787163,1
0.052546706,0
0.13203894,0
0.046194643,0
0.35704824,0
0.74996406,0
0.014382113,0
0.09323995,0
0.023836037,0
0.060668167,0
0.43173546,0
0.007587909,0
0.27154765,0
0.7527899,0
0.15138878,0
0.060213517,0
0.3378473,0
0.014068117,0
0.29481065,0
0.50513506,0
0.108444355,0
0.3102641,0
0.6764173,0
0.45322505,0
0.87771267,1
0.7044873,0
0.020611148,0
0.031654987,0
0.4757981,0
0.08654642,0
0.1591175,0
0.048100077,0
0.7061286,1
0.015426878,0
0.38316396,0
0.0119013265,0
0.023646489,0
0.6053777,0
0.8064685,0
0.045238405,0
0.02737251,0
0.015866805,0
0.0216794,0
0.3009188,1
0.025588095,0
0.042329576,0
0.011886778,0
0.60201967,0
0.13853534,0
0.015452131,0
0.4143608,0
0.016448855,0
0.054225687,0
0.40332863,0
0.87133753,1
0.06343094,0
0.42085466,0
0.20166056,0
0.013495742,0
0.0035224757,0
0.14881296,0
0.16219236,0
0.02688537,0
0.056914955,0
0.39758593,0
0.14056034,0
0.2352995,0
0.32273334,0
0.18423414,0
0.3809238,0
0.028927948,0
0.38475472,0
0.010107447,0
0.0902154,0
0.15527017,0
0.19448902,0
0.33157745,1
0.04787821,0
0.04508147,0
0.019593392,0
0.30490315,0
0.0673098,0
0.019121451,0
0.28893933,1
0.1022771,0
0.18438122,0
0.029812383,0
0.010902472,0
0.18718636,0
0.609386,1
0.03289838,0
0.008664703,0
0.016280843,0
0.6075881,0
0.6806041,0
0.055403538,0
0.36982393,0
0.009218698,0
0.008786776,0
0.1576387,0
0.048969105,0
0.23598373,0
0.37971014,0
0.67435324,0
0.076980405,0
0.13191245,0
0.012734494,0
0.48925337,0
0.061788205,0
0.060406644,0
0.06435314,0
0.1610867,0
0.1631782,0
0.48326597,0
0.91119957,1
0.09910153,0
0.02493877,0
0.14721227,0
0.03162604,0
0.115725406,0
0.011113489,0
0.11664279,0
0.04703047,0
0.055525515,0
0.30010316,0
0.0073499586,0
0.05631845,0
0.10899936,0
0.15869795,0
0.030867111,0
0.041462444,0
0.25447837,0
0.5811703,1
0.022301558,0
0.13142231,0
0.39429614,0
0.008299667,0
0.19660033,0
0.09885459,0
0.6257694,0
0.69307405,1
0.42835343,0
0.059556834,0
0.5934202,1
0.6283257,0
0.02070563,0
0.029513964,0
0.3609593,0
0.02698114,0
0.24040516,0
0.12495987,0
0.38794425,0
0.49361554,0
0.03632547,0
0.11598014,0
0.009034202,0
0.37582856,0
0.6693607,0
0.115454845,0
0.2910228,0
0.8346776,1
0.020834703,0
0.54162693,0
0.020066747,0
0.013296897,0
0.09371276,0
0.13679786,0
0.75469524,1
0.5353682,0
0.15519857,0
0.28246507,0
0.84397674,1
0.21937457,0
0.0411233,0
0.29084358,0
0.215872,1
0.2673329,0
0.11044473,0
0.8776442,1
0.11935259,0
0.19287406,0
0.06807806,0
0.67710775,0
0.006471343,0
0.18118525,0
0.07174603,0
0.083238564,0
0.8390893,1
0.01609856,0
0.030013695,0
0.0125335315,0
0.20240703,0
0.6512491,1
0.49046528,0
0.08671752,0
0.00799593,0
0.55493945,0
0.0033259522,0
0.6639635,0
0.6363621,0
0.32040194,1
0.5370289,0
0.0753522,0
0.63732386,0
0.12985085,0
0.008724196,0
0.7805297,0
0.60456973,0
0.103289224,0
0.13822277,0
0.06578293,0
0.20717295,0
0.23755412,0
0.20806266,0
0.118824035,1
0.5080705,0
0.07881174,0
0.9118399,1
0.044827327,0
0.016393881,0
0.2179294,0
0.13963905,0
0.025771942,0
0.1358803,0
0.12994863,0
0.1208875,0
0.7953231,0
0.17672583,0
0.060285494,0
0.054420713,1
0.076030515,0
0.46195695,0
0.28386405,0
0.030192737,0
0.14363727,0
0.032603662,0
0.3320314,0
0.0066676773,0
0.07198291,0
0.028588472,0
0.119695075,0
0.031257097,0
0.11613755,0
0.507026,0
0.57670534,0
0.33826953,0
0.69293344,1
0.10636274,0
0.0539302,0
0.12392279,0
0.8515966,0
0.031275623,0
0.015502119,0
0.010521175,0
0.23854959,0
0.0024912995,0
0.0017768617,0
0.01789348,0
0.2512395,0
0.12369754,0
0.08223802,0
0.15560776,0
0.1834116,0
0.21159893,0
0.026511118,0
0.2840714,0
0.04453843,0
0.023858499,0
0.82812476,0
0.0046323314,0
0.63526094,0
0.22925998,0
0.78354114,0
0.0076981965,0
0.060880557,0
0.04067957,0
0.21187589,0
0.0060757394,0
0.073177315,0
0.557278,0
0.018862477,0
0.024262236,0
0.013901994,0
0.42729634,0
0.104723,0
0.1425067,0
0.78508794,1
0.40426457,0
0.40791905,0
0.23940009,0
0.074752845,0
0.41154495,0
0.009426645,0
0.024152478,0
0.5980789,0
0.26910433,0
0.38723916,0
0.21712844,0
0.33643362,0
0.003956234,0
0.0054556667,0
0.024171457,0
0.13160609,0
0.06175344,0
0.06129057,0
0.3774664,0
0.3364135,0
0.78616905,1
0.010510845,0
0.3571917,0
0.25522143,0
0.045954123,0
0.041052032,0
0.50883955,0
0.070562415,0
0.13810803,0
0.28632042,0
0.029675975,0
0.006738042,0
0.5809486,0
0.42085508,0
0.035773393,0
0.16463917,0
0.1176802,0
0.03314094,0
0.23335068,0
0.50427413,0
0.07909794,0
0.13430668,0
0.022393115,0
0.48732206,0
0.07216982,0
0.05082916,0
0.05650043,0
0.26705533,0
0.05565365,0
0.6608723,1
0.6074544,0
0.60903543,1
0.0023983754,0
0.0915738,0
0.40551162,0
0.099405006,0
0.094532564,0
0.40470967,0
0.041093115,0
0.36316746,0
0.010630066,0
0.37961316,0
0.026414497,0
0.7404455,0
0.64651155,1
0.012256246,0
0.4713164,1
0.14127384,0
0.2697273,0
0.45872486,0
0.63635576,1
0.46327022,0
0.5929514,0
0.50335294,0
0.06627715,0
0.19054013,0
0.644285,0
0.14947017,0
0.052390598,0
0.0041736397,0
0.12932162,0
0.08865112,0
0.51223725,0
0.034266923,0
0.2808877,0
0.54461414,0
0.0054382873,0
0.18490288,0
0.38867998,0
0.008498797,0
0.059284978,0
0.28863165,0
0.09373085,0
0.16432564,0
0.5881248,0
0.056064025,0
0.4294477,0
0.6213607,0
0.20159759,0
0.52125514,0
0.024354147,0
0.4611155,0
0.12484944,0
0.08272194,0
0.18032333,0
0.012373612,0
0.18164079,0
0.37365597,0
0.35803875,0
0.21304207,0
0.78885496,1
0.5517927,0
0.61241424,0
0.11426439,0
0.13673596,0
0.07284908,0
0.5752219,0
0.18552333,0
0.039230004,0
0.22650076,1
0.9001577,1
0.772765,0
0.035765704,0
0.17106631,0
0.6379864,0
0.061783634,0
0.048028357,0
0.31457412,0
0.56626576,0
0.1430785,0
0.055049658,0
0.024873381,0
0.5637702,0
0.83972716,1
0.07578813,0
0.008776893,0
0.8064664,1
0.07776439,0
0.058480605,0
0.06323494,0
0.20415823,0
0.0043871514,0
0.01602817,0
0.07358211,0
0.4122743,0
0.63164806,0
0.69451797,1
0.12640043,0
0.115091614,0
0.04932081,0
0.0015308581,0
0.24127081,0
0.03743366,0
0.14763035,0
0.029862618,0
0.2439612,0
0.45546338,0
0.21754879,0
0.05315174,0
0.064055555,0
0.029790869,0
0.008837956,0
0.09258547,0
0.2580713,0
0.2083811,0
0.004934451,0
0.06284593,0
0.7334223,1
0.07126029,0
0.029815963,0
0.007804545,0
0.24714874,0
0.029373141,0
0.0956675,0
0.024920506,0
0.043055728,0
0.060848165,0
0.08141157,0
0.27285427,0
0.054838732,0
0.04245516,0
0.0012366652,0
0.25721952,0
0.38757527,0
0.005394324,0
0.021780761,0
0.06301727,0
0.022306388,0
0.0036319434,0
0.3484774,0
0.6387197,0
0.54155046,1
0.19349925,0
0.093543805,0
0.007368609,0
0.0060655572,0
0.42243525,0
0.94849765,1
0.49559152,0
0.13447016,0
0.32057786,0
0.54760194,0
0.13779677,0
0.0019254183,0
0.7099892,1
0.28770334,0
0.14306012,0
0.011110958,0
0.021920761,0
0.31341487,0
0.30957875,0
0.71293956,0
0.13472176,0
0.29115102,0
0.5858866,0
0.8533864,1
0.07129007,0
0.41105556,0
0.07150224,0
0.092309944,0
0.005893549,0
0.49249557,0
0.86697227,1
0.07108338,0
0.13643792,0
0.12066284,0
0.22226919,0
0.017699908,0
0.7184543,0
0.18105325,0
0.037789967,0
0.23706764,1
0.13782412,0
0.07828933,0
0.2586912,0
0.15183856,0
0.14815998,0
0.53904074,0
0.579392,0
0.08965821,0
0.04120278,0
0.35195553,0
0.25802082,0
0.0009619829,0
0.016978966,0
0.93259716,1
0.11601997,0
0.015500955,0
0.050644323,0
0.027239818,0
0.7308243,1
0.24785896,0
0.59327096,0
0.0036482948,0
0.22697912,0
0.009882682,0
0.7177152,1
0.3030614,0
0.34597355,0
0.15537657,0
0.8751322,1
0.37906164,0
0.61985356,0
0.017159926,0
0.12256217,0
0.04404756,0
0.036264043,0
0.33241606,0
0.036218565,0
0.047887247,0
0.26761284,0
0.06805732,0
0.29253638,0
0.0069356263,0
0.045977805,0
0.105876654,0
0.25731593,0
0.0049450123,0
0.4887393,0
0.027875101,0
0.20520273,0
0.0053540603,0
0.001368196,0
0.47370303,0
0.14022501,0
0.12255627,0
0.20828988,0
0.043200016,0
0.20195103,0
0.8858937,1
0.28435838,0
0.25436035,0
0.37368384,0
0.2152788,0
0.43352857,0
0.49797517,0
0.18619311,0
0.76303434,1
0.049980234,0
0.40023506,1
0.26998347,0
0.04164843,0
0.24510853,0
0.16575058,0
0.014479812,0
0.0320602,0
0.16305238,0
0.35240722,0
0.6711097,0
0.097974025,0
0.04454184,0
0.20884843,0
0.26808518,0
0.8235788,1
0.2691446,0
0.3434264,0
0.48983073,0
0.1410697,0
0.05998363,0
0.11473836,0
0.024682693,0
0.06783009,0
0.053793717,0
0.1129966,0
0.007768714,0
0.22696656,0
0.018554565,0
0.104062654,0
0.368198,0
0.13310948,0
0.69159603,0
0.0017685739,0
0.24938266,0
0.42808753,0
0.06404709,0
0.014697217,0
0.3369517,0
0.8275665,1
0.19684649,0
0.37471527,0
0.01956316,0
0.08709567,0
0.017361756,0
0.5513251,0
0.071150824,0
0.018701004,0
0.6055295,0
0.7566258,0
0.06239376,0
0.05990381,0
0.29950574,0
0.045915827,0
0.052283708,0
0.47956207,0
0.014324314,0
0.061480183,0
0.19985165,0
0.42787564,0
0.027971515,0
0.39458176,0
0.07700199,0
0.6194357,0
0.4344793,0
0.3111042,0
0.8845826,1
0.1027594,0
0.11365665,0
0.097685285,0
0.5225676,0
0.082094125,0
0.82623667,1
0.03536641,0
0.16604286,0
0.032867804,0
0.6624749,1
0.24791496,0
0.032560997,0
0.17312592,0
0.5427048,0
0.12631428,0
0.1266135,0
0.021708738,0
0.16439436,0
0.040576246,0
0.18596004,0
0.07456856,0
0.784272,1
0.64059997,0
0.45286772,1
0.10393771,0
0.01783014,0
0.011823723,0
0.14255297,0
0.30338272,0
0.038126882,0
0.52388376,0
0.7027284,1
0.305895,1
0.023492666,0
0.081359774,0
0.39610738,1
0.49115598,0
0.08356457,0
0.009749211,0
0.026545146,0
0.40407908,0
0.0052174125,0
0.043218337,0
0.1733925,0
0.49982983,0
0.9094029,1
0.014877676,0
0.22919148,0
0.2920937,0
0.0056069065,0
0.03380956,0
0.10910024,0
0.0056340196,0
0.8319475,1
0.71071094,1
0.5600785,0
0.056452498,0
0.039975297,0
0.22648296,0
0.11287935,0
0.61735857,0
0.3385952,0
0.38764155,0
0.09465016,0
0.07452532,0
0.114516184,0
0.015897281,0
0.02923295,0
0.0619984,0
0.081477925,0
0.0838998,0
0.07712009,0
0.7396986,0
0.08349764,0
0.009856816,0
0.5162599,0
0.546707,0
0.035539877,0
0.53071487,0
0.37174875,0
0.0014342627,0
0.39427966,0
0.02866318,0
0.061597597,0
0.21822923,0
0.8404279,1
0.37338307,1
0.52798134,0
0.02529568,0
0.20607667,0
0.4075632,0
0.39445552,0
0.044214617,0
0.8684855,1
0.15748972,0
0.024440775,0
0.4329143,0
0.27976272,0
0.7568091,0
0.099881396,0
0.6739546,1
0.48337212,0
0.1389152,1
0.004815373,0
0.0107536055,0
0.01553499,0
0.07144328,0
0.017478053,0
0.018849928,0
0.14326559,0
0.23937851,0
0.42466775,0
0.29152837,0
0.074991375,0
0.8619616,0
0.13182983,0
0.3261495,0
0.04882598,0
0.23281166,0
0.053265225,0
0.28809935,0
0.14122446,0
0.03636536,0
0.6721346,0
0.38292825,1
0.17262708,0
0.35464764,0
0.27959275,0
0.21960089,0
0.049552124,0
0.020513637,0
0.13041307,0
0.2053347,0
0.081237525,0
0.086508125,0
0.05780962,0
0.16437246,0
0.05194027,0
0.8872538,0
0.033510715,0
0.07168236,0
0.30239633,0
0.24752691,0
0.15133122,0
0.61453736,0
0.019501753,0
0.06697968,0
0.007018166,0
0.12371038,0
0.01291077,0
0.1364442,0
0.007739737,0
0.87758934,1
0.45352328,0
0.17003888,0
0.44879323,0
0.06753285,0
0.5947732,0
0.13787234,0
0.46762896,1
0.6823092,0
0.7953107,0
0.7062409,0
0.24378331,1
0.12791009,0
0.8272329,1
0.235087,0
0.2205273,0
0.65085596,0
0.21643463,0
0.7173828,0
0.6874259,1
0.17083421,0
0.17953572,0
0.32831055,0
0.19775125,0
0.031787097,0
0.01774214,0
0.1667715,0
0.012163528,0
0.67181605,0
0.18118162,0
0.26251745,0
0.655606,0
0.2673327,0
0.46722966,0
0.22796823,0
0.12528028,0
0.105766945,0
0.6654801,0
0.36138165,0
0.22191375,0
0.7037347,1
0.006974497,0
0.13616887,0
0.017074192,0
0.61019284,1
0.021296885,0
0.0036268462,0
0.004684585,0
0.09916129,0
0.027677558,0
0.009612725,0
0.1440488,0
0.0741272,0
0.0024802643,0
0.04938277,0
0.084448315,0
0.7347419,0
0.60263795,0
0.2424296,0
0.19179642,0
0.08468971,0
0.01103689,0
0.13967629,0
0.08680947,0
0.046027455,0
0.886992,1
0.58731407,0
0.5397207,1
0.104185045,0
0.13326214,1
0.039420124,0
0.25355566,0
0.14990847,0
0.55950326,0
0.11376931,0
0.010712206,0
0.111079805,0
0.12509674,0
0.2801821,0
0.18468587,0
0.07556146,0
0.1741098,0
0.24323444,0
0.03548816,0
0.01919938,0
0.044819478,0
0.80027163,1
0.09705869,0
0.073249295,0
0.036320962,0
0.22162272,0
0.060644913,0
0.10768685,0
0.20712136,0
0.40373674,0
0.043843955,0
0.76515466,1
0.6107193,0
0.21910128,0
0.84519774,1
0.106181785,0
0.15631756,0
0.056289706,0
0.14123368,0
0.27849972,0
0.26700535,0
0.110533796,0
0.31261897,0
0.75805265,1
0.6857102,0
0.22508872,0
0.015636425,0
0.4517048,0
0.12987806,0
0.27340713,0
0.0379199,0
0.015696678,0
0.0174952,0
0.4068697,0
0.499025,0
0.005420919,0
0.12447693,0
0.80766636,1
0.04040538,0
0.25616106,0
0.34220567,0
0.039288912,0
0.13818781,0
0.02536969,0
0.7852763,1
0.3001407,0
0.0011848272,0
0.05816685,0
0.5850681,0
0.43234676,0
0.0862993,0
0.07224759,0
0.10078981,0
0.11501205,0
0.22508818,1
0.096998535,0
0.02862429,0
0.011371208,0
0.23969251,0
0.061625842,0
0.055765163,0
0.1736404,0
0.062588245,0
0.012675389,0
0.28637505,0
0.015538811,0
0.72144574,1
0.13109481,0
0.49027666,1
0.670248,0
0.02661465,0
0.028903272,0
0.44599593,0
0.4929584,0
0.1615067,0
0.05706108,0
0.4828285,1
0.060811352,0
0.06483622,0
0.09970118,0
0.24069849,0
0.20342462,0
0.43920815,0
0.20351136,1
0.012982028,0
0.039622687,0
0.118121855,0
0.06540701,0
0.16882572,0
0.08086002,1
0.5127038,0
0.11198472,0
0.06329501,0
0.44543272,0
0.1482656,0
0.0059254915,0
0.017966118,0
0.034892943,0
0.7217882,0
0.21891305,0
0.41464356,0
0.004701303,0
0.1558636,0
0.36224097,0
0.051311295,0
0.04082309,0
0.6422151,0
0.0035323347,0
0.25248095,0
0.03470439,0
0.06038321,0
0.20613228,1
0.010784344,0
0.17418894,0
0.07825973,0
0.8921402,1
0.4009475,0
0.020987282,0
0.04314991,0
0.07710416,0
0.7159604,1
0.5068236,0
0.010814265,0
0.75673413,0
0.010390829,0
0.6307287,0
0.5669845,0
0.17190081,0
0.30919033,0
0.040079184,0
0.086498104,0
0.05225887,0
0.24338153,0
0.24920316,0
0.054264914,0
0.26162398,0
0.35861063,0
0.010956487,0
0.71762353,0
0.07778573,0
0.057004858,0
0.05236093,0
0.20745002,0
0.5539745,1
0.0535121,0
0.008453158,0
0.09387955,0
0.35878915,0
0.00285889,0
0.26671958,0
0.3106045,0
0.12244487,0
0.22468144,0
0.100704305,0
0.028057143,0
0.6968233,0
0.04676571,0
0.84880745,0
0.5930036,0
0.46244153,0
0.86801165,1
0.3588723,0
0.053961705,0
0.21221209,0
0.03455616,0
0.0137490695,0
0.04892281,0
0.8364141,1
0.4631477,0
0.21979456,0
0.02715854,0
0.1844701,0
0.11714811,0
0.3397388,0
0.53537416,0
0.03415929,0
0.05086864,0
0.18145701,0
0.029914577,0
0.020167727,0
0.07474636,0
0.7888848,0
0.033162583,0
0.3145431,0
0.069971934,0
0.0077664168,0
0.17291239,0
0.8016291,0
0.14961396,0
0.029169738,0
0.04805663,0
0.51946336,0
0.08857774,0
0.32555744,0
0.066274464,0
0.35264567,0
0.43798336,0
0.024065537,0
0.03197722,0
0.33612144,1
0.008373225,0
0.5458726,0
0.24026191,0
0.13587306,0
0.089561105,0
0.09029124,0
0.066862985,0
0.07203207,0
0.025730401,0
0.09838704,0
0.2826467,0
0.009076388,0
0.30471352,0
0.08646863,0
0.3708662,0
0.8558709,1
0.10521112,0
0.012538519,0
0.03972377,0
0.54049593,0
0.31715932,0
0.031853862,0
0.31647685,0
0.37817526,0
0.03182093,0
0.15352814,0
0.14138672,0
0.15085752,0
0.0135990195,0
0.23710318,0
0.043501366,0
0.37398434,0
0.029157585,0
0.08122131,0
0.5562443,0
0.63145006,0
0.31620973,1
0.58166116,1
0.20229995,0
0.7587398,0
0.35311556,0
0.022902401,0
0.30604422,0
0.18164681,0
0.07661759,0
0.1802782,0
0.6278593,1
0.63195544,0
0.012559023,0
0.0051517137,0
0.0046316194,0
0.35873815,0
0.4571333,0
0.70098156,0
0.85646236,0
0.46092635,0
0.06499702,0
0.5514891,0
0.16360524,0
0.08998956,0
0.061834853,0
0.07992712,0
0.026651073,0
0.042080518,0
0.14645556,0
0.17224349,0
0.0057410393,0
0.096079916,0
0.05511697,0
0.46633306,0
0.031804822,0
0.21155505,0
0.061564174,0
0.220107,0
0.0059854854,0
0.545089,1
0.051958412,0
0.3492952,0
0.55475014,0
0.1564754,0
0.485117,1
0.08664663,0
0.8289278,0
0.109767616,0
0.03635237,0
0.6736497,1
0.6548274,1
0.10907823,0
0.08814021,0
0.1327859,0
0.19516833,0
0.49403608,0
0.2008245,0
0.14618666,0
0.02812333,0
0.008586622,0
0.03700333,0
0.7041678,1
0.011355508,0
0.25436184,0
0.028398935,0
0.061399516,0
0.11583359,0
0.7234585,0
0.16175105,0
0.032976504,0
0.68999743,1
0.025778899,0
0.22515067,0
0.24110344,0
0.06409024,0
0.89605623,1
0.19888525,0
0.016368195,0
0.051215295,0
0.11737404,0
0.08608158,0
0.05947684,0
0.20777072,0
0.024146883,0
0.08575036,0
0.052813675,0
0.017557766,0
0.095061176,0
0.46573043,1
0.11316949,0
0.57051134,0
0.01676501,0
0.3076195,0
0.28706014,0
0.102285266,0
0.37220263,0
0.3303997,0
0.31412148,0
0.043594368,0
0.009861131,0
0.27316156,0
0.371269,0
0.004574789,0
0.011325756,0
0.104754895,0
0.26569328,0
0.23496406,0
0.023553884,0
0.041347127,0
0.65861136,0
0.19974661,0
0.02604356,0
0.7073292,0
0.1112488,0
0.2199874,0
0.023779513,0
0.029153831,0
0.81800175,1
0.08256391,0
0.0052149086,0
0.8198227,0
0.64484954,0
0.00905674,0
0.26639006,0
0.026005268,0
0.5828082,1
0.057452194,0
0.015645675,0
0.030897897,0
0.26996145,0
0.020386307,0
0.28403956,0
0.6316983,1
0.009293614,0
0.29222265,0
0.13169461,0
0.023292096,0
0.0633843,0
0.024008868,0
0.13658574,0
0.1978798,0
0.101149395,0
0.48938283,0
0.026309775,0
0.014328946,0
0.03238924,0
0.16666783,0
0.03443994,0
0.0012565767,0
0.09399213,0
0.26484388,1
0.16061975,0
0.037539024,0
0.19199924,0
0.66908574,0
0.22215195,0
0.16880651,0
0.16005422,0
0.16162865,0
0.70816064,0
0.5298846,1
0.16708583,0
0.45971808,0
0.016810644,0
0.7103036,0
0.2741872,0
0.40255752,0
0.11353673,0
0.6784369,0
0.02877645,0
0.006091534,0
0.007552207,0
0.081032656,0
0.7184081,0
0.039496988,0
0.013803871,0
0.4641217,0
0.58538115,0
0.814831,1
0.2469943,0
0.4667233,0
0.6078138,0
0.2035423,0
0.13354608,0
0.11777645,0
0.6035548,0
0.71311855,0
0.40002498,0
0.18019062,0
0.13819326,0
0.010874498,0
0.07360107,0
0.75189126,0
0.3050418,1
0.87494886,1
0.6414535,0
0.35544166,0
0.073787026,0
0.24816397,0
0.02647193,0
0.2693499,1
0.017695978,0
0.026491458,0
0.0064786864,0
0.109800845,1
0.10617058,0
0.8553454,0
0.021228204,0
0.2907694,0
0.19352026,0
0.26975065,1
0.052607328,0
0.13135694,1
0.6457216,0
0.50870365,0
0.22339031,0
0.24777114,0
0.7401598,0
0.44190684,0
0.5271332,0
0.40007758,0
0.85379255,1
0.10025234,0
0.1020058,0
0.18553145,0
0.033049133,0
0.2065894,0
0.15525037,0
0.001059429,0
0.09575422,0
0.1465874,0
0.22288899,0
0.07666272,0
0.010868104,0
0.082026936,0
0.75979424,1
0.016051484,0
0.5047314,1
0.014918763,0
0.35769087,0
0.4768603,0
0.01767598,0
0.8465513,1
0.8704996,1
0.34676927,0
0.78093123,1
0.022067795,0
0.33697397,0
0.13513999,0
0.36593318,1
0.1427783,0
0.25562385,0
0.053312264,0
0.045443527,0
0.28435972,0
0.0065505034,0
0.2773027,0
0.65734106,1
0.4763041,0
0.16182241,0
0.027525757,0
0.12954356,0
0.05350179,0
0.15137179,0
0.26733783,0
0.071620725,0
0.013972637,0
0.02183145,0
0.16074985,0
0.1289211,0
0.20253341,0
0.21783246,0
0.40799257,0
0.42924944,0
0.042661365,0
0.014985856,0
0.8959851,1
0.6142419,0
0.055011958,0
0.029429115,0
0.005034864,0
0.011987235,0
0.18077484,0
0.30524585,0
0.7774776,0
0.4381179,0
0.05665081,0
0.04524954,0
0.034959894,0
0.017871272,0
0.009522576,0
0.60617775,0
0.048509702,0
0.09250672,0
0.0009916202,0
0.53210074,0
0.08092979,0
0.23102815,0
0.17699276,0
0.90842783,0
0.09201563,0
0.017753895,0
0.3618042,0
0.08884102,0
0.51406777,0
0.1988352,0
0.91339207,1
0.19473591,0
0.21403389,0
0.423849,0
0.03450417,0
0.06965005,0
0.3563389,1
0.031876724,0
0.05026847,0
0.21095741,0
0.008161253,0
0.5298881,1
0.48484254,0
0.4041154,0
0.49921688,0
0.0035439616,0
0.17726474,0
0.013848669,0
0.20471667,0
0.067073666,0
0.13728875,0
0.5677091,1
0.122769386,0
0.007324325,0
0.070175506,0
0.5581724,1
0.029872783,0
0.019032214,0
0.33594573,0
0.3394713,0
0.5347756,0
0.2567992,0
0.117697425,0
0.5063186,0
0.19932288,0
0.07487473,0
0.39837387,0
0.00396056,0
0.15733188,0
0.18272756,0
0.029769016,0
0.7539857,0
0.85476243,0
0.83160603,0
0.44332895,0
0.46893284,0
0.0037376955,0
0.20769933,0
0.22611427,0
0.4391269,0
0.21679376,0
0.041655738,0
0.17826493,0
0.15592821,0
0.29898658,0
0.07089588,0
0.8457098,1
0.018805638,0
0.18822022,0
0.07754259,0
0.00960525,0
0.052400127,0
0.018845985,0
0.016845861,0
0.03161147,0
0.13113928,0
0.31173277,0
0.37425125,0
0.31191832,0
0.16477372,0
0.12429963,0
0.16019876,0
0.053999495,0
0.04419195,0
0.010119658,0
0.031516034,0
0.8564379,1
0.030207517,0
0.5580553,0
0.06464531,0
0.031953163,0
0.042834736,0
0.016371174,0
0.058222502,0
0.19389132,0
0.009472649,0
0.15146098,0
0.10865857,0
0.08126392,0
0.0499592,0
0.046287272,0
0.06555337,0
0.06573193,0
0.25785583,0
0.5289915,0
0.011758261,0
0.21072707,0
0.039887212,0
0.6623431,0
0.00212881,0
0.3087169,0
0.058722753,0
0.5893383,0
0.11299054,0
0.094471805,0
0.5116829,0
0.026874786,0
0.74234706,1
0.11353722,0
0.58753926,0
0.025176818,0
0.08345735,0
0.88580126,1
0.13650805,0
0.23253106,0
0.019056667,0
0.01601082,0
0.26901984,0
0.88591576,1
0.14381757,0
0.37841198,0
0.18717203,0
0.032668762,0
0.21019585,0
0.21589205,0
0.28136665,0
0.057049755,0
0.8407776,0
0.74585253,0
0.5022763,0
0.25385812,0
0.6466589,0
0.033932514,0
0.15904103,0
0.22593544,1
0.0060749734,0
0.037913095,0
0.08205712,0
0.01519691,0
0.0052699507,0
0.16655198,0
0.016758865,0
0.35736254,0
0.04239423,0
0.03180745,0
0.0069339117,0
0.04778332,0
0.27982786,0
0.8535765,1
0.07484949,0
0.019873116,0
0.049759705,0
0.09258671,0
0.7970535,1
0.7374256,0
0.10042224,0
0.037075717,0
0.010622095,0
0.18582565,0
0.08167951,0
0.07704327,0
0.07297345,0
0.632574,0
0.057152823,0
0.029177826,0
0.7770761,1
0.18407935,0
0.60917664,0
0.015547808,0
0.017973017,0
0.18152012,0
0.107489094,0
0.007289322,0
0.17687668,0
0.116388924,0
0.83058196,0
0.7701731,1
0.09169461,0
0.14789723,0
0.039194506,0
0.03266431,0
0.35521528,0
0.90003866,0
0.0047891885,0
0.40687394,0
0.06975837,1
0.3684157,0
0.2900078,0
0.4658449,0
0.005415692,0
0.04299142,0
0.25484255,0
0.47953206,0
0.08280176,0
0.111626945,0
0.4953931,0
0.013974864,0
0.025329981,0
0.20047724,0
0.25589275,0
0.8930371,0
0.32004383,0
0.006935908,0
0.12746365,0
0.054133367,0
0.0050475616,0
0.50259817,0
0.008109076,0
0.10310447,0
0.005979967,0
0.13313763,0
0.096482486,0
0.47128907,1
0.0054751653,0
0.05844711,0
0.18400726,0
0.062914,0
0.022792816,0
0.7890791,0
0.55325484,0
0.84798753,1
0.0556853,0
0.28060365,0
0.014341169,0
0.11810937,0
0.013994971,0
0.18584229,0
0.8723107,1
0.09746103,0
0.41409752,0
0.0013855933,0
0.36924043,0
0.15172003,0
0.11632127,0
0.7801556,1
0.057977907,0
0.108237565,0
0.035396636,1
0.052097578,0
0.43507057,0
0.013560421,0
0.018868972,0
0.4988926,0
0.041184615,0
0.16230474,0
0.2172333,0
0.29946846,0
0.15546416,0
0.10984706,1
0.58161074,1
0.044246033,0
0.3741354,0
0.027596565,0
0.34535313,0
0.55890566,0
0.05473191,0
0.26292375,0
0.28179532,0
0.0017657005,0
0.29070908,0
0.6157681,0
0.025153918,0
0.39328483,0
0.12551369,0
0.76883334,0
0.35203168,0
0.78318,1
0.39649284,0
0.053017575,0
0.109321855,0
0.2909938,0
0.049633045,0
0.003613336,0
0.06854493,0
0.029589502,0
0.017973742,0
0.046605527,0
0.012945528,0
0.8237373,1
0.28567418,0
0.09248081,0
0.79899555,1
0.030233022,0
0.16901593,0
0.099495076,0
0.054687966,0
0.050862942,0
0.23785941,0
0.09217697,0
0.49262387,0
0.029211119,0
0.10880977,0
0.0650481,0
0.4319204,0
0.037273943,0
0.020126099,0
0.011158731,0
0.053323515,0
0.18352504,0
0.03443173,0
0.13882986,0
0.051589724,0
0.4193243,0
0.025841665,0
0.4435281,0
0.6705167,0
0.23576011,0
0.079288565,0
0.052409906,0
0.012095911,0
0.009667591,0
0.011099955,0
0.029428538,0
0.036531318,0
0.14124954,0
0.07172693,0
0.004458299,0
0.010412725,0
0.20596117,0
0.8101261,1
0.100134276,0
0.21503296,0
0.062112,0
0.15012002,0
0.3163646,0
0.12614283,0
0.018852247,0
0.09534584,0
0.03394699,0
0.068602756,0
0.7885192,1
0.00922655,0
0.2691785,0
0.28947097,0
0.30637872,0
0.72367674,0
0.0035137434,0
0.07119754,0
0.17089492,0
0.8677989,1
0.58700305,1
0.09404099,0
0.08279511,0
0.14844778,0
0.08478865,0
0.20669255,0
0.054149695,0
0.18223277,0
0.24703099,0
0.101225406,0
0.019971069,0
0.13178608,0
0.038426723,0
0.105079085,0
0.3541055,0
0.07437482,0
0.034485232,0
0.08833077,0
0.08763869,0
0.01000977,0
0.0030175077,0
0.016235694,0
0.0061093206,0
0.58457035,1
0.22928339,0
0.17941102,0
0.034443058,0
0.22006775,0
0.14140444,0
0.14219354,0
0.18589689,0
0.07168164,0
0.07614091,0
0.016449634,0
0.17779158,0
0.19466828,0
0.011465959,0
0.4585312,1
0.03288645,0
0.42338333,0
0.010631425,0
0.15355659,0
0.005723282,0
0.11324016,0
0.3440578,0
0.03940098,0
0.123031735,0
0.6938902,0
0.1031933,0
0.048284806,0
0.74993944,1
0.38247016,0
0.0071152747,0
0.21415947,1
0.063104555,0
0.032269116,0
0.10849828,0
0.43215695,1
0.025731232,0
0.16410947,0
0.5777849,0
0.56765705,0
0.554489,0
0.563009,0
0.0045285523,0
0.4973744,0
0.25251386,0
0.0006580894,0
0.46476215,0
0.050398894,0
0.81748855,0
0.20930408,0
0.11897347,0
0.8427832,1
0.14478008,0
0.8671796,1
0.0054432596,0
0.32675096,0
0.7970373,1
0.7124059,1
0.14053641,0
0.19400115,0
0.27637595,0
0.34723315,0
0.4137946,0
0.18377574,0
0.24762413,0
0.011003868,0
0.13307689,0
0.009385844,0
0.037933126,0
0.028841535,0
0.206412,0
0.10699173,0
0.27427763,1
0.8378172,1
0.054902073,0
0.05346651,0
0.46621612,0
0.4324658,0
0.23543417,0
0.25412056,0
0.03312317,0
0.15360649,0
0.5903938,0
0.07618535,0
0.53339785,0
0.046931207,0
0.14677073,0
0.20945978,0
0.08268251,0
0.050807912,0
0.5983234,0
0.24725099,0
0.08447207,0
0.27159262,0
0.4769132,0
0.258798,0
0.044919062,0
0.1729453,0
0.24949239,0
0.52968913,1
0.1037629,0
0.021033188,0
0.016449526,0
0.093918175,0
0.069644555,0
0.19038795,0
0.44200006,0
0.07013213,0
0.028367879,0
0.09190378,0
0.005281517,0
0.3600956,0
0.10773751,0
0.12864219,0
0.7618881,1
0.56175154,0
0.0013348534,0
0.0023468875,0
0.30370733,0
0.17725623,0
0.4255239,0
0.080639966,0
0.860181,0
0.3010544,0
0.018021433,0
0.30799818,0
0.3567696,0
0.44252932,0
0.02105049,0
0.07866695,0
0.44888103,0
0.13495453,0
0.06437371,0
0.8568599,1
0.25463495,0
0.13584915,0
0.030909235,0
0.25367722,0
0.06407418,0
0.25703856,0
0.8867388,1
0.7570379,1
0.47855392,0
0.011812018,0
0.09135384,0
0.38064435,0
0.0068985764,0
0.40724882,0
0.8175377,1
0.050182194,0
0.23176277,0
0.19317375,0
0.45270053,0
0.048730005,0
0.0585311,0
0.45122778,0
0.12883858,0
0.06287196,0
0.3868648,0
0.025339358,1
0.13815142,0
0.05724269,0
0.027255097,0
0.14601497,0
0.008153465,0
0.014195255,0
0.089270785,0
0.7007338,1
0.019418286,0
0.21503507,1
0.5978459,1
0.7840598,1
0.027597891,0
0.030645955,0
0.07821733,0
0.120314665,0
0.7297639,0
0.047642224,0
0.06514929,0
0.069815084,0
0.8413956,1
0.17473699,1
0.41235667,0
0.61869717,1
0.19659518,0
0.49047205,0
0.1670497,0
0.32309908,0
0.013263805,0
0.07934464,1
0.14268042,0
0.9480519,1
0.2829019,0
0.016830903,0
0.5095363,1
0.06736981,0
0.026984144,0
0.5655194,0
0.16369203,0
0.036727346,0
0.61998445,0
0.0033257517,0
0.891294,1
0.9210174,1
0.3078073,0
0.13613199,0
0.60243976,0
0.0121352915,0
0.16141072,0
0.020829221,0
0.054184895,0
0.010069503,0
0.21397473,0
0.21069092,0
0.062441703,0
0.14947039,0
0.05191493,0
0.0115049435,0
0.1466684,0
0.1055384,0
0.044791877,0
0.2219681,0
0.30953637,0
0.040798414,0
0.7267764,1
0.18850438,0
0.025658807,0
0.23540631,0
0.033579297,0
0.04534519,0
0.19688408,0
0.15043148,0
0.12826082,0
0.2836794,0
0.16488755,0
0.04851721,0
0.0028767514,0
0.32912877,1
0.20717451,0
0.00078917725,0
0.37229058,0
0.16891643,0
0.16926254,0
0.063643835,0
0.12623619,0
0.01661303,0
0.030125864,0
0.10956553,0
0.018082129,0
0.2357079,0
0.12129892,0
0.27231458,0
0.17697676,0
0.029231442,0
0.0019834898,0
0.021244735,0
0.22777937,0
0.12415278,0
0.4745332,1
0.004693672,0
0.022506656,0
0.29952428,0
0.6036508,1
0.43935207,0
0.61098796,1
0.2405744,0
0.016436154,0
0.56528527,0
0.20345868,0
0.059656344,0
0.17045774,0
0.2792737,0
0.004257653,0
0.1489237,0
0.60019004,1
0.040793348,0
0.045277964,0
0.11765765,0
0.4056067,0
0.34659263,0
0.015545252,0
0.18360712,0
0.43704724,1
0.36233908,0
0.604656,0
0.42603526,0
0.07585952,0
0.004196623,0
0.043611277,0
0.15469801,0
0.01831748,0
0.27671397,0
0.03457833,0
0.021660466,0
0.19170636,0
0.16063198,0
0.13196021,0
0.5333129,0
0.08968853,0
0.27912882,0
0.5222785,0
0.5032672,0
0.037151724,0
0.041765645,0
0.12239939,0
0.021972038,0
0.41096255,0
0.015593495,0
0.06302716,0
0.44066012,0
0.114797905,0
0.3926609,0
0.4429192,0
0.04761804,0
0.5677641,1
0.081491254,0
0.053772233,0
0.05097022,0
0.47100112,0
0.026387302,0
0.038941678,0
0.050252154,0
0.16165838,0
0.031703945,0
0.062008798,0
0.079138465,0
0.7087452,1
0.11629525,0
0.05286565,0
0.0029992398,0
0.3219618,0
0.20625624,0
0.53551936,0
0.049310178,0
0.23641029,0
0.2806937,0
0.21146913,0
0.60311115,0
0.044868764,0
0.44538578,0
0.25615692,0
0.059778918,0
0.21873455,1
0.6905031,0
0.1276097,0
0.84565896,1
0.011188113,0
0.5189578,0
0.023418043,0
0.14273778,0
0.38466766,0
0.2567658,0
0.28011605,0
0.01516261,0
0.15679356,0
0.32840452,0
0.0569902,0
0.30237252,0
0.06820278,0
0.024226654,0
0.6153569,0
0.023219712,0
0.524718,0
0.0004918142,0
0.024020374,0
0.8916821,1
0.49192142,0
0.0040959595,0
0.13066725,0
0.055392332,0
0.81828105,1
0.13193169,0
0.02791296,0
0.52041334,0
0.79048866,1
0.30397278,0
0.061185148,0
0.15618652,0
0.84797853,0
0.59265774,0
0.08694357,0
0.115761206,0
0.03592557,0
0.2241175,0
0.38422027,0
0.3455711,0
0.47787133,0
0.0111538395,0
0.058200937,0
0.0041225506,0
0.068001896,0
0.0929328,0
0.26064178,0
0.23562738,0
0.30408162,0
0.19193918,1
0.21035056,0
0.18994494,0
0.18715087,0
0.02421794,0
0.031070221,0
0.04172486,0
0.58784044,0
0.3785738,0
0.03075555,0
0.5672469,0
0.03548101,0
0.86515045,1
0.28331587,0
0.46880367,0
0.23699294,0
0.029721437,0
0.027867267,0
0.65685725,1
0.013770798,0
0.2224361,0
0.15197463,0
0.033592016,0
0.030832555,0
0.028127447,0
0.5724193,0
0.4921523,0
0.025749288,0
0.017072607,0
0.2189584,0
0.531356,0
0.09704586,0
0.5046642,1
0.11887172,0
0.051439077,0
0.023183294,0
0.363321,0
0.35219383,0
0.03647072,0
0.039611846,0
0.17694078,0
0.064444065,0
0.32583392,0
0.53637743,0
0.32804334,0
0.040071912,0
0.0319001,0
0.4651016,0
0.46462494,1
0.26510602,0
0.13641909,0
0.2281558,0
0.03554478,0
0.47865835,1
0.19788451,0
0.01153066,0
0.005930732,0
0.053724334,0
0.6065449,0
0.110777155,0
0.814674,1
0.15966818,0
0.15044588,0
0.07912888,0
0.09196348,0
0.048527204,0
0.5151754,0
0.15141186,0
0.027630618,0
0.5272728,0
0.13685615,0
0.26499507,0
0.010453813,0
0.4304986,1
0.0013634565,0
0.3150535,0
0.088989586,0
0.43759826,0
0.11899653,0
0.077798046,0
0.07096781,0
0.10849634,0
0.3046273,0
0.70904297,1
0.39488497,0
0.31489238,0
0.031431902,0
0.4567079,0
0.34538907,0
0.017502923,0
0.41856417,0
0.52818453,0
0.09232072,0
0.026815398,0
0.5558271,0
0.010982399,0
0.020452078,0
0.24057023,0
0.16927716,0
0.07112294,0
0.13245809,0
0.056814387,0
0.0975529,0
0.14334927,0
0.081597835,0
0.092236094,0
0.23840924,0
0.016649747,0
0.70562017,0
0.13883819,0
0.029680211,0
0.38589412,0
0.0068839793,0
0.8146088,1
0.059818197,0
0.067198105,0
0.20013408,0
0.2014373,0
0.05278353,0
0.01346443,0
0.088933155,0
0.20910561,0
0.0022699188,0
0.80949974,1
0.11015456,0
0.13354011,0
0.6362501,1
0.31801257,0
0.49090227,0
0.057585746,0
0.055113204,0
0.024281248,0
0.06415843,0
0.7814047,1
0.39583626,1
0.67368877,0
0.013115943,0
0.056034796,0
0.11347172,0
0.4050348,0
0.12417595,0
0.23434836,0
0.08382212,0
0.063890815,0
0.010634781,0
0.080457725,0
0.2644591,0
0.0769757,0
0.09394065,0
0.34830737,0
0.6274983,0
0.028793026,0
0.11253901,0
0.009246418,0
0.06573625,0
0.21935111,0
0.004846817,0
0.022980742,0
0.0048677544,0
0.15440062,0
0.5045095,0
0.5463868,0
0.02238965,0
0.5145306,0
0.0439484,0
0.05532361,0
0.47852126,0
0.038601916,0
0.052318644,0
0.55478793,0
0.07177112,0
0.023102194,0
0.13376357,0
0.10725537,0
0.008230421,0
0.08103523,0
0.022453902,0
0.04460862,0
0.1997773,0
0.17433693,0
0.31924158,0
0.073683724,0
0.02171719,0
0.011557447,0
0.03970163,0
0.57933784,0
0.29259723,0
0.042012125,0
0.027213378,0
0.5204323,0
0.041614193,0
0.019800942,0
0.12210816,0
0.031561308,0
0.20921993,0
0.8638688,1
0.11434911,0
0.0065156035,0
0.07303791,0
0.15981036,0
0.1100274,0
0.66769385,1
0.43229482,0
0.717272,1
0.17566943,0
0.0522425,0
0.19196646,0
0.8048921,1
0.1676966,0
0.07078961,0
0.8138758,1
0.0051896833,0
0.24960685,0
0.012873198,0
0.086881466,0
0.06366716,0
0.14433008,0
0.17495996,0
0.06947251,0
0.092122674,0
0.051786087,0
0.2260872,0
0.030049914,0
0.72886455,1
0.050505776,0
0.0077800686,0
0.7231692,1
0.047088444,0
0.050429698,0
0.011682804,0
0.23196706,0
0.004230985,0
0.6366235,0
0.34781814,0
0.8458306,0
0.03845638,0
0.012683572,0
0.19746614,0
0.35184428,0
0.25344032,0
0.01082894,0
0.09374383,0
0.26073098,0
0.09820231,0
0.07873705,0
0.7722536,1
0.32550055,0
0.013063558,0
0.30802286,1
0.017894696,0
0.008000057,0
0.4031069,0
0.3253797,0
0.4868623,1
0.018969845,0
0.14903381,0
0.19925192,0
0.36949062,0
0.7547553,1
0.036090925,0
0.33034045,0
0.13025573,0
0.25615156,0
0.1265445,0
0.2590681,0
0.035219017,0
0.14182493,0
0.76272327,1
0.15415034,0
0.028133517,0
0.17807382,0
0.46875024,0
0.19467142,0
0.013067323,0
0.5306294,0
0.012610163,0
0.0028009561,0
0.23943268,0
0.20631233,0
0.846401,1
0.004806743,0
0.26863953,0
0.033190854,0
0.039808992,0
0.03328879,0
0.7602788,0
0.0032264935,0
0.14048643,0
0.019404376,0
0.03571238,0
0.027271656,0
0.0020624383,0
0.19349588,0
0.17069489,0
0.55456036,0
0.013952259,0
0.025333267,0
0.3316899,0
0.052374855,0
0.54332674,1
0.27724415,0
0.4528684,0
0.061323248,0
0.07145928,0
0.2176305,0
0.07263905,0
0.37645903,0
0.013304268,0
0.102083005,0
0.24366717,0
0.037667412,0
0.9229341,0
0.037341565,0
0.023660516,0
0.36754882,0
0.6754735,0
0.009839783,0
0.41690654,0
0.0018625195,0
0.013106498,0
0.18141045,0
0.49104834,0
0.30248737,0
0.67137045,0
0.1871426,0
0.058753688,0
0.24766582,0
0.033086766,0
0.15400407,0
0.013244503,0
0.028473755,0
0.045993514,0
0.34057984,0
0.6799061,0
0.022315547,0
0.40425462,0
0.097444974,0
0.8873908,1
0.12395907,0
0.0482387,0
0.007777776,0
0.17317544,0
0.7792541,1
0.48065984,0
0.019808384,0
0.30317813,0
0.25119781,0
0.3994439,0
0.32910183,0
0.08210364,0
0.30102557,0
0.7544389,1
0.078213096,0
0.2528319,0
0.33065745,0
0.7564039,1
0.24404888,0
0.13556585,0
0.23140824,0
0.014654818,0
0.15263528,0
0.536141,1
0.14248896,0
0.018796897,0
0.04717445,0
0.84065056,1
0.12885465,0
0.016324364,0
0.48168898,0
0.34607404,0
0.26590505,0
0.21026702,0
0.0013928289,0
0.11589323,0
0.28025782,0
0.0636603,0
0.052927885,0
0.030954847,0
0.1544999,0
0.47714067,0
0.42710224,0
0.11264764,0
0.05622133,0
0.2828202,0
0.27026373,0
0.03137448,0
0.7569271,1
0.33688712,0
0.0037241916,0
0.084928036,0
0.082060516,0
0.5762646,1
0.56939983,0
0.018749466,0
0.27805936,0
0.7821538,0
0.090795696,0
0.06865322,0
0.009670358,0
0.012255836,0
0.24047573,0
0.28864044,0
0.31834635,0
0.14702968,0
0.35136735,0
0.113560244,0
0.070420146,0
0.08822924,0
0.14040263,0
0.00459743,0
0.037259135,0
0.03638475,0
0.021816738,0
0.21226308,0
0.1552245,0
0.2035431,0
0.14963226,0
0.05292149,0
0.51311225,0
0.109239176,0
0.15663467,0
0.6157019,0
0.06356901,0
0.38934177,0
0.013458997,0
0.076719075,0
0.015833074,0
0.13904354,0
0.90412205,1
0.22690292,0
0.05505688,0
0.051235665,0
0.02055755,0
0.40407982,0
0.025747601,0
0.36324918,0
0.090478316,0
0.0033096657,0
0.085246675,0
0.018288093,0
0.023236098,0
0.027054362,0
0.079670236,0
0.21782683,0
0.092869356,0
0.3065931,0
0.019938985,0
0.08072576,0
0.2035824,0
0.1398094,0
0.8744531,1
0.3406425,0
0.26927495,0
0.0887374,0
0.06295435,0
0.020678842,0
0.5663041,0
0.10581016,0
0.3529156,0
0.067386836,0
0.06861941,0
0.58183604,0
0.17983487,0
0.072767444,0
0.26446378,1
0.1910991,0
0.13030131,0
0.5534074,0
0.003882276,0
0.01724306,0
0.14607665,0
0.049489282,0
0.2994726,0
0.27948198,0
0.06014731,0
0.3720143,0
0.021742424,0
0.16478649,0
0.028592639,0
0.65531474,0
0.75589484,1
0.72163665,0
0.019256188,0
0.015283632,0
0.054279953,0
0.024903672,0
0.839143,0
0.89345056,1
0.06829811,0
0.37635785,0
0.009671678,0
0.7937503,0
0.004171827,0
0.015230625,0
0.44618052,1
0.19614081,0
0.26668474,0
0.008805513,0
0.098793514,0
0.05759931,0
0.034197733,0
0.6297321,1
0.01612787,0
0.012601599,0
0.4483069,0
0.030462736,0
0.09144462,0
0.7822672,1
0.17168802,0
0.014198118,0
0.4391103,1
0.07662074,0
0.42223123,0
0.036885105,0
0.14815822,0
0.016258009,0
0.18333937,0
0.11608484,0
0.5630533,0
0.62932837,0
0.106398866,0
0.07370784,0
0.027413646,0
0.021042246,0
0.1364606,0
0.37439135,0
0.0041316035,0
0.04931464,0
0.010305805,0
0.72032154,1
0.4510215,0
0.030860327,0
0.12207439,0
0.32208103,0
0.3605811,0
0.42193595,0
0.392433,0
0.07310656,0
0.89123183,1
0.036020268,0
0.062893406,0
0.11070165,0
0.71508366,0
0.10469222,0
0.032842796,0
0.019120736,0
0.08850672,0
0.45297307,0
0.013586092,0
0.27170688,0
0.39471355,1
0.0024713508,0
0.04440436,0
0.027944172,0
0.23672661,0
0.6704211,0
0.70045626,0
0.01365715,0
0.12507714,0
0.07140968,0
0.04368927,0
0.016740935,0
0.17061947,0
0.11356361,0
0.17499594,0
0.059420463,0
0.25823388,0
0.011880944,0
0.1519584,0
0.6376078,0
0.18881547,0
0.24437529,0
0.08343843,0
0.13050997,0
0.4718532,0
0.016001591,0
0.032576937,0
0.23230721,0
0.017336799,0
0.6134076,1
0.35740528,0
0.25335228,0
0.04111067,0
0.019226314,0
0.021401495,0
0.06528639,0
0.17291807,0
0.08659865,0
0.59826624,1
0.49112394,0
0.06466099,0
0.8738591,1
0.09627861,0
0.28400338,0
0.22291441,0
0.057249,0
0.835022,1
0.026638674,0
0.11004678,0
0.13125826,0
0.8075994,0
0.006667412,0
0.09361507,0
0.052508112,0
0.08610737,0
0.36469114,0
0.07175971,0
0.046527375,0
0.017820599,0
0.27877027,0
0.023219327,0
0.06501563,0
0.52215016,0
0.104695946,0
0.55622506,0
0.17464635,0
0.12149865,0
0.057510037,0
0.3128134,0
0.022811547,0
0.051926937,0
0.09729795,0
0.04841736,0
0.32360616,0
0.009917303,0
0.050314702,0
0.70917726,1
0.036349457,0
0.058658324,0
0.19053553,0
0.11386026,0
0.5163088,1
0.19558434,0
0.82300293,1
0.01313011,0
0.7319462,0
0.88647527,0
0.0064943526,0
0.57616013,0
0.010774581,0
0.2823712,0
0.22107565,0
0.88629234,1
0.6637432,1
0.11730575,0
0.031477727,0
0.046345506,0
0.38599065,0
0.09075984,0
0.023110036,0
0.28346932,0
0.04011027,0
0.05817636,0
0.11311851,0
0.02713,0
0.2483372,0
0.50565034,1
0.024986384,0
0.040598646,0
0.017077448,0
0.026501102,0
0.4837258,0
0.25656083,0
0.2870804,0
0.021094888,0
0.5723252,0
0.0025190818,0
0.06968232,0
0.01383556,0
0.5453829,1
0.67852235,0
0.24256898,0
0.049361818,0
0.0240752,0
0.10224991,0
0.054153968,0
0.028642293,0
0.008071053,0
0.07114129,0
0.86625046,0
0.60443723,0
0.23432107,0
0.2867255,0
0.006803493,0
0.02562219,0
0.23199372,0
0.30846834,0
0.64763916,0
0.8641172,0
0.031757925,0
0.09980817,0
0.1322662,0
0.1324574,0
0.005474156,0
0.002096257,0
0.11666707,0
0.007137644,0
0.040704895,0
0.1960675,0
0.028253084,0
0.22566585,0
0.78273356,1
0.17373233,0
0.5159923,0
0.08390461,0
0.87484676,1
0.3955515,0
0.89358884,0
0.22651452,0
0.020277593,0
0.8104945,0
0.09771471,0
0.2459929,0
0.05986473,0
0.681489,0
0.046036426,0
0.01734843,0
0.034527346,0
0.81646657,0
0.6651716,0
0.0373123,0
0.27850378,0
0.065592974,0
0.09247752,0
0.05126925,0
0.0164721,0
0.086598754,0
0.19818309,1
0.061706256,0
0.0074949474,0
0.06978623,0
0.51389414,0
0.29314083,0
0.08914137,0
0.054345958,0
0.54224,1
0.6161714,0
0.0036010668,0
0.006488091,0
0.30164564,0
0.7953023,0
0.1342126,0
0.75607663,0
0.19133914,0
0.020959973,0
0.7316822,1
0.41767716,0
0.54952604,0
0.031513173,0
0.034108885,0
0.66576725,0
0.06258998,0
0.029523438,0
0.23778835,0
0.5090048,1
0.2194501,0
0.7266477,1
0.3422413,0
0.67597514,0
0.7101603,1
0.031898648,0
0.7641179,0
0.33204252,0
0.016655954,0
0.10170954,0
0.13297445,0
0.2518227,0
0.07865593,0
0.27827066,0
0.12473473,0
0.555726,1
0.010150361,0
0.007812295,0
0.031526137,0
0.012410693,0
0.45592898,0
0.12382503,0
0.113034934,0
0.08040043,0
0.5018464,0
0.10735522,1
0.5169943,1
0.0046025524,0
0.2225016,0
0.7000275,0
0.017918728,0
0.058010586,0
0.048133202,0
0.05875016,0
0.39438128,0
0.033113983,0
0.32403177,0
0.3898626,0
0.012478854,0
0.1780697,0
0.5822092,0
0.6513916,1
0.8833887,0
0.3946168,1
0.020609604,0
0.3892265,0
0.044958416,0
0.05781309,0
0.2874226,0
0.09848733,0
0.02796185,0
0.05991155,0
0.025896057,0
0.059926655,0
0.10128484,0
0.26137385,0
0.5856537,0
0.053845026,0
0.014839943,0
0.48436606,0
0.47984493,0
0.07763833,0
0.01579068,0
0.3232516,0
0.47259647,0
0.103902735,0
0.8566866,1
0.019888775,0
0.1660541,0
0.08113272,0
0.55572283,0
0.103463314,0
0.8137546,1
0.02559809,0
0.047283147,0
0.87447846,0
0.023931865,0
0.23121952,1
0.07490402,0
0.7568622,1
0.1105872,0
0.68247575,1
0.6577992,0
0.5157611,0
0.12390013,0
0.07514246,1
0.23477273,0
0.03271603,0
0.18913417,0
0.0062296884,0
0.2186081,1
0.13801171,0
0.1264169,0
0.52323943,0
0.16377148,0
0.42054936,0
0.05033928,0
0.3029031,0
0.012491834,0
0.032068588,0
0.42236662,0
0.039905634,0
0.024023645,0
0.03644949,0
0.2315105,0
0.40036464,0
0.011917952,0
0.18062548,0
0.4453649,0
0.2852351,0
0.46855465,1
0.11367289,0
0.42022976,0
0.027136886,0
0.002701685,0
0.0050140866,0
0.5398516,0
0.008740293,0
0.46246377,0
0.052096765,0
0.77040833,1
0.018141339,0
0.21763435,0
0.033584222,0
0.0075427205,0
0.0222631,0
0.12252897,0
0.0334216,0
0.7218231,1
0.6219557,0
0.31044582,0
0.09514816,0
0.67844933,0
0.023957914,0
0.069737196,0
0.08374516,0
0.64807236,0
0.30715343,0
0.36307535,0
0.016184032,0
0.0037785822,0
0.008597488,0
0.084294416,0
0.00518474,0
0.058351118,0
0.04744619,0
0.6654494,0
0.42921367,1
0.10071711,0
0.5495846,0
0.31251425,0
0.44684467,0
0.039607223,0
0.42586997,0
0.10327494,0
0.010754407,0
0.609881,0
0.050734468,0
0.2844066,0
0.025014529,0
0.31589395,0
0.39468825,0
0.039123762,0
0.09574113,0
0.18633117,0
0.06018397,0
0.8140339,1
0.8942515,1
0.051590577,0
0.064086854,0
0.63870806,0
0.24684106,0
0.11044513,1
0.08842634,0
0.1202707,0
0.20914903,0
0.04377649,0
0.09834604,0
0.6513837,0
0.52283764,1
0.073908,0
0.15509693,0
0.27594,0
0.7405616,1
0.09888498,0
0.058261458,0
0.09663885,0
0.14046693,0
0.28949928,0
0.2657225,0
0.38510287,0
0.5371713,0
0.06261408,0
0.37739474,0
0.0055637374,0
0.39050514,0
0.52845985,1
0.08828801,0
0.09669117,0
0.1513868,0
0.059898175,0
0.016758377,0
0.011176645,0
0.018312186,0
0.04922186,1
0.20998155,0
0.1874371,0
0.37788093,0
0.00853693,0
0.17211686,0
0.115601815,0
0.01757447,0
0.048433814,0
0.052487433,0
0.037425965,0
0.6947725,1
0.44897527,1
0.22534819,0
0.65797824,0
0.25924793,0
0.019598741,0
0.12046004,0
0.13961108,0
0.4886858,0
0.03388805,0
0.017993184,0
0.12060668,0
0.031160777,0
0.7138524,1
0.16134469,0
0.0064621153,0
0.080038875,0
0.07897927,0
0.29970837,0
0.36984634,0
0.112606555,0
0.10137359,0
0.12530708,0
0.0045758383,0
0.118053876,0
0.17484666,0
0.25603247,0
0.0777162,0
0.21313919,0
0.030336456,0
0.7319321,1
0.71364135,1
0.03203284,0
0.05610728,0
0.4870071,0
0.0766355,0
0.042397507,0
0.24865924,0
0.06276243,0
0.816751,0
0.059976157,0
0.14937262,0
0.0099419365,0
0.007513749,0
0.80161405,1
0.027179044,0
0.14324588,0
0.3619209,0
0.07143452,0
0.49044394,0
0.4403575,0
0.04409623,0
0.18990305,0
0.22422361,0
0.0159114,0
0.069176994,0
0.29889867,0
0.021160161,0
0.15586855,0
0.23448507,0
0.35782313,0
0.06708295,0
0.015331529,0
0.42516685,0
0.7951089,1
0.03654272,0
0.039531592,1
0.10989304,0
0.72563887,0
0.23436454,0
0.1640429,0
0.089211516,0
0.6415337,0
0.79159915,1
0.8940715,0
0.14368999,1
0.044498023,0
0.030061396,0
0.57235754,0
0.8143693,1
0.43659496,0
0.10453261,0
0.6425068,0
0.010810021,0
0.8443842,0
0.031848878,0
0.0011566284,0
0.10787625,0
0.021253075,0
0.07598629,0
0.22851457,0
0.31911063,0
0.27886456,0
0.81620127,1
0.795122,0
0.017369445,0
0.00206606,0
0.19283414,0
0.031134393,0
0.20090234,0
0.11012983,0
0.087877415,0
0.0020536722,0
0.0010392576,0
0.1998387,0
0.029264057,0
0.02720373,0
0.43164748,0
0.38465893,1
0.08257749,0
0.08915887,0
0.023744538,0
0.024391798,0
0.095023245,0
0.41337398,0
0.026784442,0
0.014785629,0
0.38157016,0
0.25604868,0
0.07206919,0
0.022222308,0
0.015315032,0
0.048865035,0
0.68846685,0
0.0685601,0
0.05712313,0
0.034432013,0
0.34412438,1
0.022156462,0
0.41222265,0
0.069215156,0
0.015989494,0
0.33961833,0
0.45433024,1
0.042870946,0
0.021662313,0
0.17260802,0
0.20325445,0
0.29544517,0
0.4581143,0
0.009357282,0
0.017452825,0
0.058646116,0
0.4918594,1
0.0028245717,0
0.87582725,1
0.0024663964,0
0.029218592,0
0.014720838,0
0.15281148,0
0.67920935,0
0.43641198,0
0.07439904,0
0.048791666,0
0.2524322,0
0.034112953,0
0.31850293,0
0.008174604,0
0.17300731,0
0.3117139,1
0.676699,1
0.0067209834,0
0.015736697,0
0.8731614,0
0.10688419,0
0.6274367,0
0.15909791,0
0.58294606,1
0.36663494,0
0.115075044,0
0.609142,1
0.19329385,0
0.019758571,0
0.07237376,0
0.49723092,0
0.08799519,0
0.16832986,0
0.015152992,0
0.8563675,1
0.7257091,0
0.9004144,1
0.0027517853,0
0.047307447,0
0.012266549,0
0.6747454,0
0.063009955,0
0.7963043,1
0.29313722,0
0.0421467,0
0.089187704,0
0.5189274,1
0.32231054,0
0.054004222,0
0.069816664,0
0.22218512,0
0.29931214,0
0.54485625,1
0.15750723,0
0.6214822,1
0.065040834,0
0.7056543,0
0.1950739,0
0.23650886,0
0.21503256,0
0.26967087,0
0.096851975,0
0.7013757,0
0.28029743,1
0.03402344,0
0.5530218,0
0.011766283,0
0.18584734,0
0.33731347,0
0.007076589,0
0.4872551,0
0.7882981,1
0.6267363,0
0.12719367,0
0.103527084,0
0.0040372685,0
0.070156544,0
0.32580638,0
0.07075595,0
0.44317988,1
0.14264105,0
0.008267973,0
0.012929847,0
0.05235822,0
0.46682987,0
0.037014674,0
0.05297946,0
0.322748,0
0.031972468,0
0.9147739,1
0.094747745,0
0.17852293,0
0.19974756,0
0.004501622,0
0.038875103,0
0.018802522,0
0.3034953,0
0.37789178,0
0.2986147,0
0.19890508,0
0.12426669,0
0.10975615,0
0.28637213,0
0.008665133,0
0.41638654,0
0.37402976,0
0.11448918,0
0.027151037,0
0.08986535,0
0.20920436,0
0.38786328,0
0.10605782,0
0.031741895,0
0.07847444,0
0.036869813,0
0.40011036,0
0.27513638,0
0.07949817,0
0.33582422,0
0.014504691,0
0.26779625,0
0.038062885,0
0.10884661,0
0.43587327,0
0.3117244,0
0.0047449092,0
0.03805141,0
0.016074969,0
0.16500214,0
0.43767092,0
0.5038945,0
0.0120703485,0
0.040146556,0
0.057104442,0
0.0141598135,0
0.32545903,0
0.061127428,0
0.5544156,0
0.08144772,0
0.19375415,0
0.06449456,0
0.011552452,0
0.018107442,0
0.7186119,1
0.80438656,0
0.7749213,0
0.08792495,0
0.46405223,0
0.015646182,0
0.4927822,0
0.011047351,0
0.3612449,0
0.030806066,0
0.76079285,1
0.4600557,0
0.039206106,0
0.15035255,0
0.022026397,0
0.22643432,0
0.31271344,0
0.3572028,0
0.4942057,0
0.025702015,0
0.05349889,0
0.0070694126,0
0.43582642,0
0.0048972126,0
0.035778176,0
0.07727347,0
0.1731194,0
0.26732382,0
0.05047495,0
0.61834866,0
0.28765115,0
0.029868027,0
0.35803637,0
0.57826084,1
0.029478991,0
0.01773276,0
0.33939046,0
0.310972,1
0.0319212,0
0.008162254,0
0.2179274,1
0.039086476,0
0.23965617,0
0.07734242,0
0.032727476,0
0.28304365,0
0.0031309908,0
0.00068399665,0
0.5226433,0
0.06801774,0
0.019911632,0
0.23329471,0
0.18390241,1
0.2212969,0
0.02636018,0
0.47508994,0
0.31164864,0
0.009508931,0
0.30198178,0
0.28514925,0
0.019467808,0
0.021265438,0
0.2100553,0
0.3482479,0
0.041256785,0
0.020041583,0
0.07373086,0
0.47370517,0
0.122520745,0
0.44076678,0
0.04101192,0
0.56491697,0
0.13801774,0
0.01717402,0
0.050809946,0
0.19399743,0
0.006561647,0
0.007402127,0
0.16315828,0
0.10224786,0
0.6304051,0
0.32259738,1
0.2291966,0
0.021401634,0
0.8920422,1
0.5936424,0
0.03117551,0
0.096282616,0
0.18095534,0
0.14230259,0
0.2444412,0
0.4472646,0
0.32914275,0
0.047732405,0
0.08623905,0
0.3639082,0
0.030507969,0
0.41670647,0
0.20099998,0
0.32145247,0
0.06272682,0
0.025026044,0
0.69331074,1
0.09326708,0
0.6604728,0
0.9077682,1
0.0735802,0
0.44626147,0
0.03551546,0
0.07348003,0
0.6730777,0
0.080709636,1
0.03354671,0
0.2689129,0
0.32508588,0
0.003081925,0
0.064021476,0
0.17438918,0
0.077913776,0
0.47452992,0
0.16350484,0
0.04917254,0
0.060597416,0
0.42399454,0
0.036273926,0
0.23178856,0
0.12846053,0
0.88020474,1
0.40998212,0
0.31450528,0
0.87144136,1
0.033778347,0
0.17344627,0
0.19600044,0
0.07341787,0
0.5787988,0
0.22343753,0
0.002369049,0
0.40620643,0
0.2100762,0
0.24469307,0
0.8640863,1
0.35441083,0
0.77367723,0
0.71033275,1
0.48112965,0
0.17301074,0
0.061810985,0
0.08203832,0
0.18457098,0
0.3304108,0
0.47271812,0
0.014353252,0
0.03382318,0
0.26341102,0
0.004622437,0
0.26922533,0
0.6934322,0
0.92567587,1
0.44812217,0
0.016415,0
0.54014325,0
0.2992768,0
0.011147093,0
0.16469772,0
0.15928079,0
0.010722935,0
0.4008847,0
0.024366105,0
0.6786756,1
0.12208269,0
0.014127414,0
0.7470964,1
0.18084641,0
0.12405017,0
0.027536053,0
0.013552277,0
0.10428542,0
0.32125282,0
0.048520774,0
0.13363524,0
0.33355314,0
0.17840032,0
0.14312756,0
0.5448501,0
0.11243739,0
0.03335583,0
0.035255693,0
0.17738332,0
0.41978437,0
0.05773688,0
0.18139571,0
0.51597476,0
0.0008893332,0
0.06296217,0
0.018077895,0
0.17056902,0
0.0023313665,0
0.109879,0
0.58917236,0
0.23030297,0
0.14537817,0
0.016600642,0
0.8565934,1
0.5975879,0
0.47478867,0
0.13871714,0
0.020184333,0
0.027519664,0
0.13322453,0
0.3254345,0
0.04925359,0
0.38964695,0
0.7311579,1
0.06233429,0
0.20406465,0
0.012723684,0
0.13069017,0
0.63116175,0
0.028064081,0
0.36874947,0
0.8303149,1
0.23312128,0
0.65271044,1
0.012903979,0
0.031606637,0
0.22056195,0
0.09740228,0
0.8496868,0
0.03614748,0
0.018730722,0
0.012177281,0
0.07906299,0
0.2758737,0
0.8218563,1
0.012600957,0
0.7705799,1
0.038290076,0
0.7495727,1
0.4400233,0
0.1553689,0
0.12330273,0
0.06621612,0
0.16778407,1
0.055973876,0
0.0064993505,0
0.42384163,0
0.051818106,0
0.026558002,0
0.0038638497,0
0.012148349,0
0.26681408,0
0.13995513,0
0.7660966,0
0.015702588,0
0.8092908,0
0.0074113193,0
0.33968493,0
0.84402406,0
0.039962754,0
0.021714274,0
0.05082614,0
0.05838561,0
0.004956478,0
0.78793,0
0.18664563,0
0.41534588,0
0.30384523,0
0.7381711,0
0.024589472,0
0.2701612,0
0.24829268,0
0.09593614,0
0.8261403,0
0.14919207,0
0.43268216,0
0.85381293,1
0.03383294,0
0.4662013,0
0.92872435,1
0.77099335,1
0.02774951,0
0.28262243,0
0.029939191,0
0.048491217,0
0.01583821,0
0.029580023,0
0.24312429,0
0.04632349,0
0.30327275,0
0.016515562,0
0.060449786,0
0.0887684,0
0.020965377,0
0.07918937,0
0.19722866,0
0.3772908,0
0.097715214,0
0.6762632,0
0.02051559,0
0.011368834,0
0.64198786,0
0.05724668,0
0.59742033,1
0.02330316,0
0.049138274,0
0.33699766,0
0.08596939,0
0.09490505,0
0.7955439,1
0.041453432,0
0.006142166,0
0.013686812,0
0.13405111,0
0.066466555,0
0.8540813,1
0.22117153,0
0.052529246,0
0.44267556,1
0.02094831,0
0.08780255,0
0.20592494,0
0.10289942,0
0.6582237,0
0.21533594,0
0.004843336,0
0.0058393045,0
0.025605349,0
0.16828874,0
0.90657043,1
0.30955592,0
0.069846876,0
0.038643114,0
0.0073453817,0
0.042564888,0
0.46026048,0
0.10834698,0
0.608814,0
0.3477213,0
0.03205118,0
0.07551407,0
0.09648233,0
0.04949249,0
0.06366591,0
0.88448614,0
0.05231357,0
0.4274672,0
0.029872905,0
0.66519445,1
0.003650216,0
0.05308211,0
0.08718236,0
0.031090202,0
0.021247892,0
0.09091517,0
0.11552197,0
0.018592758,0
0.32171667,0
0.08027505,0
0.34141833,0
0.19417693,0
0.0014668977,0
0.01190781,0
0.054015663,0
0.30898586,0
0.7354283,0
0.06419585,0
0.16022445,0
0.087129585,0
0.0030944704,0
0.12970133,0
0.845131,1
0.1831889,0
0.32748315,0
0.003945212,0
0.32842195,0
0.09339721,0
0.26411116,0
0.34610632,0
0.13538453,0
0.008787885,0
0.36180753,0
0.13790916,0
0.34911123,0
0.04752036,0
0.063638166,0
0.005876259,0
0.50503343,0
0.6210883,1
0.009095007,0
0.35658425,0
0.34548137,0
0.11306305,0
0.32101697,0
0.09832013,0
0.067358285,0
0.0025537955,0
0.8899438,0
0.20800902,0
0.30171606,0
0.07404503,0
0.25123668,0
0.8538656,1
0.043902215,0
0.1979387,0
0.07953192,0
0.017390758,0
0.43594876,0
0.13897566,0
0.80329615,1
0.37324074,0
0.047085993,0
0.49558532,1
0.11327338,0
0.45276764,0
0.44125643,0
0.48980135,0
0.013786117,0
0.0921731,0
0.24907853,0
0.29713652,0
0.109634906,0
0.112063535,0
0.082194984,0
0.53692186,0
0.17172469,0
0.0067285793,0
0.025286335,0
0.16616428,1
0.120111905,0
0.38642466,0
0.5443063,1
0.101203136,0
0.34714302,0
0.075887054,0
0.043303467,0
0.018108724,0
0.0062579853,0
0.6297485,0
0.14871883,0
0.1573853,0
0.795164,0
0.0037799177,0
0.0041609793,0
0.6105136,1
0.028125877,0
0.051616617,0
0.42465428,0
0.052300073,0
0.13762125,0
0.011717136,0
0.48815638,0
0.047687255,0
0.80362445,1
0.008148356,0
0.24793573,0
0.010275859,0
0.05362639,0
0.68884975,0
0.31215394,0
0.069126785,0
0.027637057,0
0.032782823,0
0.6265595,1
0.22292726,1
0.7739751,0
0.019611632,0
0.179348,0
0.3479586,1
0.31242055,0
0.044429194,0
0.105470754,0
0.17512701,0
0.20071208,0
0.007524531,0
0.023286087,0
0.010101919,0
0.013324384,0
0.011840812,0
0.23177868,0
0.10784294,0
0.08273173,0
0.2552409,0
0.109124735,0
0.04864845,0
0.05026921,0
0.52572507,0
0.10553254,0
0.06083897,0
0.17862211,0
0.55785435,0
0.14154197,0
0.012580802,0
0.50203604,0
0.5083451,0
0.78951055,1
0.028077742,0
0.11980804,0
0.12166041,0
0.06413274,0
0.881852,0
0.11219462,0
0.0064461664,0
0.12197286,0
0.017545745,0
0.7217537,1
0.010857141,0
0.23432809,0
0.0706232,0
0.08175481,0
0.3541037,1
0.16522215,0
0.83924973,0
0.011278557,0
0.058228634,0
0.67701226,1
0.008915571,0
0.15204358,0
0.4618351,0
0.8438997,1
0.08115423,0
0.01675701,0
0.21275444,0
0.17154853,0
0.013357517,0
0.44989032,0
0.07315607,0
0.07123815,0
0.25111005,0
0.058015496,0
0.041396033,0
0.78820515,0
0.17390126,0
0.35200313,0
0.65312755,1
0.09538048,0
0.041421548,0
0.24442548,0
0.022579197,0
0.8142059,1
0.48727664,0
0.29468945,0
0.027828887,0
0.0424573,0
0.07615369,0
0.09662729,0
0.23813082,0
0.2133698,0
0.016912837,0
0.17216139,0
0.19486207,0
0.11204259,0
0.010520481,0
0.3478157,0
0.015104702,0
0.050291184,0
0.15121911,0
0.93805116,1
0.14287949,0
0.19211581,0
0.10701075,0
0.03729299,0
0.5820097,0
0.46960187,0
0.01904791,0
0.47774372,1
0.27614692,0
0.03794652,0
0.00590591,0
0.26559883,0
0.43436328,0
0.006679936,0
0.0017893048,0
0.017274197,0
0.027773578,0
0.10311006,0
0.16813694,0
0.69903845,0
0.90003926,0
0.12397036,0
0.13578555,0
0.31432337,0
0.18543941,0
0.2957064,0
0.18834107,0
0.105298705,0
0.006435958,0
0.1781837,0
0.36516035,0
0.13263965,0
0.0050517065,0
0.023420881,0
0.15699011,0
0.058076307,0
0.010779008,0
0.1573539,0
0.5308563,0
0.06726735,0
0.010916817,0
0.67933804,0
0.79094434,1
0.088700905,0
0.5307508,0
0.26772302,0
0.0038388057,0
0.15832001,0
0.03203709,0
0.15713124,0
0.41910693,1
0.77202445,1
0.008182339,0
0.011114684,0
0.112626694,0
0.033785537,0
0.6410483,0
0.5296461,0
0.13495868,0
0.034820285,0
0.01337627,0
0.0257266,0
0.027457068,0
0.26998648,0
0.08231303,0
0.03008605,0
0.019596089,0
0.11130314,0
0.16216835,0
0.2819186,0
0.43777025,0
0.070053466,0
0.19829486,0
0.10508682,0
0.0071192104,0
0.018553276,0
0.40556875,0
0.48855293,0
0.4599532,0
0.069011055,0
0.1371917,0
0.084008224,0
0.0025740382,0
0.024815677,0
0.14087412,0
0.850405,1
0.13952968,0
0.0110106,0
0.027842758,0
0.011159615,0
0.2739442,0
0.017480616,0
0.120571375,0
0.5916231,0
0.1926753,0
0.03911074,0
0.08496488,0
0.1803571,0
0.2458322,0
0.12710701,0
0.220613,0
0.29146615,0
0.23623599,0
0.72133225,0
0.4595338,1
0.40487882,0
0.11894305,0
0.016020162,0
0.1646032,0
0.014281927,0
0.08757502,0
0.0107569145,0
0.31418326,0
0.033814345,0
0.03141772,0
0.83937603,1
0.6987674,0
0.13396254,0
0.18170573,0
0.7282528,0
0.026817424,0
0.27970156,0
0.85678905,0
0.040339615,0
0.15361458,0
0.016731221,0
0.04819526,0
0.007175734,0
0.044681482,0
0.045846026,0
0.1696039,0
0.012028021,0
0.080271,0
0.69456965,0
0.18532506,0
0.7341501,1
0.26570448,0
0.05839932,0
0.6378482,1
0.0149788745,0
0.005412598,0
0.16188572,0
0.45689237,0
0.03635942,0
0.020041883,0
0.17944251,0
0.08658147,0
0.18902883,0
0.21747443,1
0.08067359,0
0.24346435,0
0.13326271,0
0.0042758104,0
0.53852445,0
0.0031659384,0
0.021501934,0
0.14010213,0
0.21944325,0
0.4339553,1
0.0524772,0
0.009956723,0
0.53044605,0
0.26605222,0
0.46111208,0
0.010088396,0
0.70774525,1
0.09041125,0
0.3613106,0
0.18453136,0
0.6565202,0
0.090662204,0
0.097781405,0
0.023624584,0
0.32140157,0
0.69180393,1
0.13038297,0
0.4603416,0
0.431353,0
0.2940487,0
0.19589144,0
0.015113635,0
0.60748345,0
0.55399203,0
0.77170354,0
0.16402172,0
0.43815523,0
0.21178329,0
0.7725906,0
0.008933732,0
0.21288903,0
0.15295531,0
0.020326756,0
0.08648835,0
0.24237476,1
0.019480327,0
0.7260083,0
0.018286664,0
0.02487976,0
0.00061060453,0
0.014221477,0
0.24467494,0
0.093125515,0
0.28809595,0
0.28981146,0
0.008398987,0
0.84340906,1
0.6204452,0
0.5548563,0
0.27911982,0
0.2657802,0
0.011414173,0
0.037938695,0
0.1529133,0
0.5355793,0
0.11616691,0
0.015338427,0
0.36835846,0
0.0057796077,0
0.2047588,0
0.11608516,0
0.023872547,0
0.009554123,0
0.83446324,0
0.11460095,0
0.41610852,0
0.039772633,0
0.0054317685,0
0.060599685,0
0.11576326,1
0.013419754,0
0.039649896,0
0.018842014,0
0.07885494,0
0.33287603,0
0.036789417,0
0.10242717,0
0.38322416,0
0.19975859,0
0.009397832,0
0.119804345,0
0.018553788,0
0.11379448,0
0.31735012,0
0.011512353,0
0.6365117,1
0.34879905,0
0.123225525,0
0.10807187,0
0.049882162,0
0.008012483,0
0.11286955,0
0.0018278395,0
0.23506725,0
0.42933708,1
0.23170887,0
0.01064593,0
0.39014095,0
0.040553346,0
0.2974403,0
0.47760716,1
0.8183032,1
0.4341816,0
0.015559336,0
0.13470082,0
0.05124903,0
0.42765775,0
0.036134593,0
0.034328945,0
0.04126196,0
0.007987893,0
0.25449237,0
0.38398266,0
0.02197064,0
0.48170602,0
0.06678568,0
0.154567,0
0.2010039,0
0.18430904,0
0.6226381,0
0.052809715,0
0.032326,0
0.07173444,0
0.1533594,0
0.017979743,0
0.13608062,0
0.019455057,0
0.13748558,0
0.75113547,1
0.26856878,0
0.005914819,0
0.013246971,0
0.3139749,0
0.04359062,0
0.7890125,1
0.052424222,0
0.6939226,0
0.057868335,0
0.49231347,0
0.024758264,0
0.27273047,0
0.02740206,0
0.013293806,0
0.06835546,0
0.17948015,0
0.48154223,0
0.13692078,0
0.14612897,0
0.1022896,0
0.6833645,0
0.016663633,0
0.7366737,0
0.3817607,1
0.40411505,0
0.020074626,0
0.10415347,0
0.1027998,0
0.067782395,0
0.55573237,1
0.27360475,0
0.08131463,0
0.121306576,0
0.1067245,0
0.6225261,1
0.034119327,0
0.22895859,0
0.15047632,0
0.8196555,1
0.42693883,1
0.34974992,0
0.644668,1
0.29489303,0
0.53718895,0
0.17533472,0
0.21535964,0
0.035327546,0
0.28009987,0
0.2228534,0
0.0702625,0
0.017811678,0
0.4759522,0
0.85893375,1
0.6426052,1
0.012309619,0
0.15020804,0
0.021314938,0
0.29666117,0
0.005296458,0
0.6004477,0
0.032367907,0
0.24010555,0
0.13572997,0
0.013462707,0
0.017536378,0
0.12785126,0
0.029876756,0
0.618732,0
0.38104874,1
0.10301804,0
0.046611782,0
0.021950629,0
0.16735071,0
0.17812686,0
0.09389064,0
0.2137699,0
0.034421656,0
0.06762022,0
0.33332562,0
0.0212556,0
0.0090168575,0
0.03184579,0
0.020098995,0
0.5035588,0
0.07074932,0
0.0314868,0
0.3081936,0
0.5027598,0
0.016806569,0
0.20866275,0
0.06257241,0
0.034139264,0
0.05452976,0
0.83219403,1
0.7178224,0
0.21014684,0
0.189535,0
0.15257587,1
0.098058864,0
0.023851682,0
0.67253494,1
0.11956362,0
0.8424873,1
0.3176685,0
0.0035031654,0
0.32705352,0
0.22529691,0
0.11719018,0
0.48316085,0
0.01589623,0
0.4477808,0
0.40030488,0
0.022698514,0
0.09802102,0
0.7805844,1
0.0061725597,0
0.045856364,0
0.045814957,0
0.70327723,0
0.13174847,0
0.33456868,0
0.002982347,0
0.011806087,0
0.07683685,0
0.07673934,0
0.5808352,0
0.45325187,0
0.08845732,0
0.533546,0
0.022618804,0
0.5086586,0
0.5028441,0
0.19100815,0
0.13878934,0
0.018643433,0
0.057261016,0
0.217563,0
0.0126052415,0
0.00799599,0
0.46392086,0
0.050293803,0
0.086397186,0
0.021597255,0
0.045409784,0
0.078472205,0
0.11003254,0
0.040038075,0
0.10981077,0
0.10629606,0
0.1109465,0
0.7486797,1
0.23616624,0
0.20304325,0
0.008964444,0
0.12146826,0
0.084347524,0
0.16371287,0
0.3602074,0
0.051664915,0
0.58271277,0
0.023047911,0
0.007040502,0
0.81203204,0
0.01081607,0
0.08615246,0
0.0033451302,0
0.36844596,0
0.804078,0
0.011095157,0
0.152277,0
0.36062616,0
0.46412447,0
0.56494206,0
0.060427923,0
0.10192085,0
0.41419247,0
0.10659543,0
0.0021031736,0
0.058259983,0
0.65962136,0
0.0046090866,0
0.5682172,0
0.0028351354,0
0.016687982,0
0.05179946,0
0.19827491,0
0.012359379,0
0.71248627,1
0.027800042,0
0.17241949,0
0.097691864,1
0.082624376,0
0.8185634,1
0.5388793,0
0.1214984,0
0.21946913,0
0.10779256,0
0.6387091,0
0.017597578,0
0.041632913,0
0.7048842,0
0.7333402,0
0.011411349,0
0.9468594,1
0.048302695,0
0.27286872,0
0.019146062,0
0.05540351,0
0.20804842,0
0.047855176,0
0.30145964,0
0.04703854,0
0.016335553,0
0.0050332113,0
0.25151962,0
0.21569863,0
0.5564737,1
0.13691564,0
0.39032868,0
0.099365726,0
0.034698345,1
0.100746244,0
0.6285313,0
0.023411041,0
0.2558559,0
0.07427473,0
0.07914398,0
0.6197241,1
0.03769934,0
0.0014771937,0
0.044553507,0
0.4253863,0
0.14055836,0
0.33647212,0
0.07265489,0
0.14218947,0
0.05746313,0
0.046559528,0
0.46347877,0
0.12622109,0
0.03142878,0
0.034642767,0
0.06533726,0
0.026506882,0
0.20880793,0
0.2139963,0
0.17365019,0
0.32049543,0
0.6606198,1
0.04468425,0
0.2490199,0
0.1750314,0
0.021320783,0
0.42638162,0
0.031121746,0
0.051566783,0
0.48406348,0
0.13124917,0
0.08609047,0
0.73990667,0
0.39094734,1
0.27759448,1
0.060148638,0
0.13757665,0
0.94317067,1
0.071454056,0
0.5678688,0
0.528383,0
0.16465054,0
0.37532887,0
0.030087255,0
0.04706363,0
0.19953312,0
0.31083646,0
0.020578107,0
0.09430243,0
0.018523179,0
0.18141812,0
0.011079451,0
0.028359847,0
0.36720642,0
0.18898468,0
0.47115153,0
0.3394593,1
0.13426478,0
0.013654593,0
0.5444125,0
0.2792629,0
0.043083936,0
0.5368972,0
0.35471302,0
0.010905115,0
0.2239609,0
0.09553783,0
0.1279741,0
0.032602135,0
0.010030773,0
0.4356835,0
0.10783335,0
0.06809449,0
0.11584128,0
0.42607278,0
0.48986307,0
0.69313526,1
0.4760503,0
0.013713539,0
0.6370489,0
0.00680214,0
0.019802352,0
0.18298014,0
0.058762223,0
0.18345872,0
0.24978073,0
0.08451721,0
0.6487656,1
0.14554678,0
0.020740567,0
0.21266395,0
0.13995698,0
0.092136666,0
0.0674743,0
0.35771778,0
0.112494804,0
0.7618227,0
0.6185206,1
0.57832766,0
0.021666605,0
0.22085567,0
0.17071486,0
0.36109748,0
0.074095346,0
0.8722836,1
0.30187422,0
0.5651735,0
0.15129618,1
0.6439185,0
0.011917661,0
0.031966638,0
0.21550597,0
0.18688214,0
0.91499615,1
0.07977247,0
0.011771456,0
0.48151714,0
0.051988345,0
0.02909937,0
0.052578628,0
0.47531703,0
0.13295017,0
0.6374621,1
0.7359593,0
0.38244522,0
0.30329612,0
0.13573286,0
0.38248464,1
0.7458179,1
0.10252326,0
0.017531998,0
0.8419194,1
0.14820501,0
0.07135525,0
0.23917326,0
0.07276843,0
0.099744774,0
0.73425764,1
0.22579306,0
0.17637092,0
0.37049693,0
0.13109685,0
0.8586713,1
0.017668886,0
0.1477536,0
0.3261275,0
0.7314938,1
0.607007,0
0.024194773,0
0.21033122,0
0.15781675,0
0.15593958,0
0.12757824,0
0.030519478,0
0.030734915,0
0.21952316,0
0.62469673,0
0.14453675,0
0.025520511,0
0.13793314,0
0.08802114,0
0.06294723,0
0.01607969,0
0.00955535,0
0.23857652,0
0.037632495,0
0.53839046,1
0.023646554,0
0.79912585,0
0.07201016,0
0.72688526,0
0.12060169,0
0.60962576,1
0.018615162,0
0.27038595,0
0.031202875,0
0.2918471,0
0.54194987,0
0.058297474,0
0.64208865,0
0.0510843,0
0.37173223,0
0.39232686,1
0.39823535,0
0.01447114,0
0.7236852,0
0.04735736,0
0.40308425,0
0.038065147,0
0.60580593,0
0.6409667,0
0.05257672,0
0.27309757,0
0.6143473,1
0.1445027,0
0.13255037,0
0.6037421,1
0.12900749,0
0.140232,0
0.093266524,0
0.0024359422,0
0.12089621,0
0.49709567,0
0.11526211,0
0.05664213,0
0.026903689,0
0.34117,0
0.0014519355,0
0.19755419,0
0.8478416,1
0.0636038,0
0.021521868,0
0.32137504,0
0.8325428,0
0.103459105,0
0.017596943,0
0.02506621,0
0.7968752,0
0.5629534,0
0.5393234,1
0.55762404,0
0.2579446,0
0.08802646,0
0.022543203,0
0.31382707,0
0.38674852,0
0.13123702,0
0.7910301,0
0.36144158,0
0.4362384,0
0.5465788,0
0.047645032,0
0.13119662,0
0.67090535,0
0.08115033,0
0.63162017,0
0.2099698,0
0.1828656,0
0.4456275,0
0.03980912,0
0.55569714,1
0.0014143552,0
0.06430537,0
0.01607085,0
0.0020462838,0
0.008492974,0
0.4448073,1
0.87396866,1
0.07934884,0
0.053144157,0
0.3689303,0
0.064944185,0
0.027105417,0
0.06619392,0
0.46352482,0
0.017175348,0
0.054717455,0
0.08142737,0
0.06933606,0
0.56588435,0
0.456638,0
0.032794185,0
0.7722674,1
0.33099878,0
0.08948613,1
0.20880951,0
0.021698928,0
0.074131355,0
0.02037377,0
0.11254117,0
0.03353087,0
0.039370537,0
0.7851792,0
0.11669956,0
0.7956793,1
0.31266606,0
0.39171222,0
0.730953,0
0.51587445,0
0.09296756,1
0.34966105,0
0.5489567,1
0.7800303,1
0.5247452,0
0.30083832,0
0.11202413,0
0.062331438,0
0.123212405,0
0.08632857,0
0.9057355,0
0.20560136,0
0.5510637,0
0.0070448704,0
0.11675256,0
0.07575777,0
0.48594996,0
0.07745515,0
0.048469845,0
0.12682322,0
0.06160752,0
0.0074642175,0
0.12611677,0
0.7945044,1
0.17552416,0
0.00778959,0
0.2597306,0
0.7487831,0
0.19258106,0
0.030981557,0
0.21757072,0
0.06687459,0
0.016363097,0
0.8164536,0
0.56862515,0
0.20537348,0
0.5749157,0
0.08021295,0
0.606309,0
0.26156676,0
0.018567251,0
0.13383985,0
0.23582584,0
0.056110572,0
0.29533482,0
0.113585114,0
0.17493194,0
0.84948987,1
0.15549335,0
0.33301356,0
0.082757644,0
0.14446764,0
0.23682994,0
0.52671415,1
0.18024883,0
0.044789042,0
0.08124885,0
0.01839627,0
0.20395796,0
0.06893063,0
0.74984473,1
0.51769954,1
0.004105554,0
0.8547884,0
0.3754787,0
0.001726851,0
0.09652402,0
0.49761212,0
0.22692992,0
0.018000979,0
0.19158663,0
0.2518061,0
0.037106857,0
0.03175635,0
0.00056095666,0
0.073243074,0
0.027578676,0
0.17463312,0
0.048608586,0
0.033707216,0
0.24601899,0
0.4627377,0
0.19389808,0
0.10682303,0
0.49241844,0
0.35006788,0
0.22505084,0
0.5685302,0
0.044427637,0
0.09145302,0
0.102855854,0
0.17738138,0
0.46547964,0
0.16235496,0
0.019625397,0
0.8945295,1
0.15863876,0
0.035953254,0
0.23488562,0
0.83324003,1
0.022417545,0
0.0042628045,0
0.4249811,0
0.04798661,0
0.35973218,0
0.2052151,0
0.59067816,0
0.1537611,0
0.88471746,1
0.013183954,0
0.7344784,0
0.15147087,0
0.057745613,0
0.2618666,0
0.0870463,0
0.3557732,0
0.04371577,0
0.20712146,0
0.031538658,0
0.006019013,0
0.07105067,0
0.22372237,0
0.005369764,0
0.049720142,0
0.04854258,0
0.3046492,0
0.062329743,0
0.029110825,0
0.032762215,0
0.34797603,0
0.41411564,1
0.13285555,0
0.31973794,1
0.0059733097,0
0.036709957,0
0.03234552,0
0.25299194,0
0.029623054,0
0.019360805,0
0.2592416,0
0.34167424,0
0.19458453,0
0.04297713,0
0.163963,0
0.13530548,0
0.05664274,0
0.37881494,0
0.085270666,0
0.41969398,0
0.007143665,0
0.8274558,1
0.13939942,0
0.06937162,0
0.021908889,0
0.13262527,0
0.47090963,0
0.01883972,0
0.09865874,0
0.23390546,1
0.56960833,0
0.07110752,0
0.4569125,0
0.018160429,0
0.044071205,0
0.33221737,0
0.020151,0
0.08394739,0
0.021405898,0
0.0062399874,0
0.13994968,0
0.095941894,0
0.015617449,0
0.34422842,0
0.89957577,1
0.09981079,0
0.31970978,0
0.08563592,0
0.018042207,0
0.027886586,0
0.73298126,0
0.008415416,0
0.14530595,0
0.6100734,0
0.08081977,0
0.032503974,0
0.0069809067,0
0.82051146,1
0.47905153,0
0.69711936,1
0.28342488,0
0.017094906,0
0.021501128,0
0.05249902,0
0.4261733,0
0.6429579,0
0.10583966,0
0.001957002,0
0.052676685,0
0.072300695,0
0.009853596,0
0.07621395,0
0.27492443,0
0.07652093,0
0.4226199,0
0.6324006,1
0.062459204,0
0.3206816,0
0.09823626,0
0.071736015,0
0.39803326,0
0.856794,1
0.097071916,0
0.021344103,0
0.5925285,1
0.19557153,0
0.010326753,0
0.012230608,0
0.4341616,0
0.5991505,1
0.016585942,0
0.01365927,0
0.18387897,0
0.1714515,0
0.116866365,0
0.0034266359,0
0.2584009,0
0.0683352,0
0.62066275,1
0.0017880312,0
0.23767766,0
0.06336882,0
0.21620113,0
0.19183335,0
0.29777208,0
0.18720809,0
0.015146134,0
0.35211787,1
0.28433126,0
0.1485059,0
0.048482694,0
0.11563485,0
0.062056668,0
0.16855277,0
0.32190812,0
0.73482126,1
0.0570831,0
0.011538385,0
0.060849655,0
0.06854305,0
0.2131,0
0.18206376,0
0.02121207,0
0.034460347,0
0.016084338,0
0.17360398,0
0.96244544,1
0.3743334,0
0.1964112,0
0.012866539,0
0.28147492,0
0.084134124,0
0.16909628,0
0.2641704,0
0.27490342,0
0.16409664,0
0.0022731102,0
0.071992636,0
0.5055183,0
0.21098237,0
0.17314702,0
0.16974051,0
0.70287305,1
0.100016795,0
0.018023854,0
0.7317514,0
0.01800133,0
0.15907726,0
0.18066585,0
0.3396637,0
0.04606263,0
0.2856733,0
0.31645152,0
0.09419415,0
0.87571573,1
0.021881277,0
0.37541258,0
0.70154804,1
0.10910473,0
0.023949694,0
0.013007322,0
0.6762995,1
0.17178035,0
0.37441045,0
0.44698507,0
0.74619275,1
0.5895453,0
0.6312779,0
0.37225217,0
0.34877893,0
0.19032821,0
0.10115791,0
0.02247101,0
0.17396909,0
0.658138,1
0.065855876,0
0.03925003,0
0.34707317,0
0.22116336,0
0.15693684,0
0.63117427,0
0.28273675,0
0.032191873,0
0.3101386,0
0.026744472,0
0.8443457,0
0.037267674,0
0.02192453,0
0.016628252,0
0.050812174,0
0.03364099,0
0.01695823,0
0.10373927,0
0.8069826,1
0.1857333,0
0.72875655,1
0.7254307,0
0.35167748,0
0.032798514,0
0.1147357,0
0.014101027,0
0.020413244,0
0.3142011,0
0.35332742,0
0.12641458,0
0.0007026882,0
0.0030632785,0
0.019111196,0
0.51728904,0
0.5498742,0
0.018666811,0
0.0734824,0
0.008172389,0
0.4242486,0
0.51357645,1
0.43916386,0
0.29125166,0
0.48613295,0
0.10708712,0
0.091529764,0
0.017942071,0
0.17485337,0
0.68596226,0
0.1296014,0
0.7451979,1
0.019751308,0
0.072942406,0
0.11509495,0
0.010530576,0
0.779443,1
0.07076677,0
0.5849627,0
0.0674166,0
0.040507786,0
0.005461854,0
0.26292753,0
0.8276381,1
0.0021339941,0
0.010767895,0
0.084101304,0
0.09096532,0
0.040714663,0
0.048899777,0
0.048283774,0
0.0072951117,0
0.03436948,0
0.3821867,0
0.15702848,0
0.34695166,0
0.37299293,0
0.5873913,0
0.831114,1
0.5742822,1
0.04322595,0
0.036836725,0
0.34653658,0
0.97664225,1
0.14460939,0
0.04590377,0
0.062036358,0
0.28304073,0
0.02314645,0
0.17908539,0
0.76341856,1
0.7562571,0
0.076287135,0
0.023642981,0
0.78511643,1
0.9467052,1
0.0645849,0
0.7007465,0
0.16710937,0
0.004178046,0
0.016339347,0
0.319422,0
0.6710526,0
0.18465188,0
0.8360059,1
0.54267025,1
0.19956304,0
0.24120328,0
0.07041506,0
0.5310563,0
0.65338117,0
0.36810896,0
0.7879075,0
0.06561602,0
0.056969855,0
0.03897467,0
0.008511665,0
0.129154,0
0.032963697,0
0.08216321,0
0.12370954,0
0.16220543,0
0.005198211,0
0.1162689,0
0.012976414,0
0.10339927,0
0.039419103,0
0.58504355,0
0.04530521,0
0.4995184,0
0.78075254,1
0.42370763,0
0.42815092,0
0.13673048,0
0.19978268,0
0.69847167,0
0.00846805,0
0.043061454,0
0.75925153,0
0.35515344,0
0.59573454,0
0.22120897,0
0.27633917,0
0.012348498,0
0.017703557,0
0.16464122,0
0.02563314,0
0.7732536,0
0.045632675,0
0.07430768,0
0.009974892,0
0.07548525,0
0.018418906,0
0.87576777,1
0.051516525,0
0.39631674,0
0.04132481,0
0.045944717,0
0.023354566,0
0.12127201,0
0.46817365,0
0.6913304,0
0.026392562,0
0.007320904,0
0.4984425,0
0.6725996,0
0.4932037,0
0.8380253,0
0.8895453,0
0.02258947,0
0.252466,0
0.13240853,0
0.1315018,0
0.4836218,0
0.28369164,0
0.02733412,0
0.7165494,1
0.43644094,0
0.49774274,0
0.28282642,0
0.5400708,0
0.36504707,0
0.03902562,0
0.05316385,0
0.18428592,0
0.8275921,0
0.2791764,0
0.1343069,0
0.18736754,0
0.24148527,0
0.7309894,0
0.0016501733,0
0.024283402,0
0.20346557,0
0.1498939,0
0.11466188,0
0.444663,0
0.3017724,0
0.047727298,0
0.50413907,0
0.009672938,0
0.17507423,0
0.85369885,1
0.018189386,0
0.003967982,0
0.16405123,0
0.20623794,0
0.56339556,0
0.15311475,0
0.3888546,0
0.6729826,0
0.021402314,0
0.19197044,0
0.20541729,0
0.22530408,0
0.5034141,1
0.0052268775,0
0.83923197,1
0.13045,0
0.18992376,0
0.58448017,1
0.23606905,0
0.029094353,0
0.17965543,0
0.09581481,0
0.07294403,1
0.0037554675,0
0.50619763,0
0.83676034,0
0.035009857,0
0.25511855,0
0.06229725,0
0.025425695,0
0.072664045,0
0.5301277,0
0.009859981,0
0.32252446,0
0.48377275,0
0.055702146,0
0.012061203,0
0.031808823,0
0.010606186,0
0.6265421,0
0.36200508,0
0.07087849,0
0.057030674,0
0.76507354,1
0.45829752,0
0.16148019,0
0.55252284,0
0.047166068,0
0.09926473,0
0.072147466,0
0.025634607,0
0.11081833,0
0.013336343,0
0.40488046,0
0.72642756,0
0.10553252,0
0.025900302,0
0.19724691,0
0.21963078,0
0.24159607,0
0.10755061,0
0.28878033,0
0.10853039,0
0.25788704,0
0.03122335,0
0.07188543,0
0.062333625,0
0.6651581,0
0.0027354471,0
0.002622057,0
0.44123527,0
0.025305312,0
0.74086165,0
0.0600117,0
0.017276812,0
0.0040556244,0
0.29083973,0
0.038386192,0
0.92332894,1
0.6640779,1
0.30344823,0
0.033404317,0
0.13044807,0
0.11477697,0
0.014411463,0
0.039357647,0
0.01632045,0
0.49485385,0
0.47691274,1
0.050808635,0
0.07985591,0
0.52372664,0
0.019516584,0
0.052979443,0
0.5852361,1
0.07390652,0
0.008227479,0
0.025328267,0
0.012171248,0
0.13071086,0
0.02613127,0
0.07915937,0
0.0762668,0
0.49683267,0
0.0072781486,0
0.2962062,0
0.07007065,0
0.010407297,0
0.043330118,0
0.105492786,0
0.66245645,1
0.42827278,0
0.0051434333,0
0.02243175,0
0.027445346,0
0.13068411,0
0.6279572,0
0.26556602,1
0.09421855,0
0.37946287,0
0.34870806,0
0.28927794,0
0.0030803825,0
0.12549655,0
0.31707013,0
0.13303451,0
0.07163739,0
0.70859027,1
0.16303217,0
0.63912135,0
0.89108044,1
0.012601652,0
0.07923596,0
0.021206615,0
0.10615456,0
0.015670782,0
0.6155949,0
0.13553467,0
0.9283164,1
0.18963301,0
0.0022538784,0
0.41846758,1
0.20494957,0
0.07675414,0
0.09482435,0
0.18180813,0
0.003791735,0
0.0014228644,0
0.0105576245,0
0.8606725,1
0.10607001,0
0.1590914,0
0.16378184,0
0.04322029,0
0.78783447,0
0.026563419,0
0.15869202,0
0.0018489232,0
0.044199757,0
0.31760424,0
0.15627462,0
0.07706292,0
0.1363398,0
0.07418716,0
0.017032955,0
0.04788956,0
0.11447139,0
0.061708435,0
0.61937666,1
0.38804594,0
0.049592044,0
0.07213389,0
0.20604537,0
0.0077055576,0
0.06800334,0
0.0070312843,0
0.052598763,0
0.07538483,0
0.5004445,0
0.7314421,1
0.08494866,0
0.5906674,0
0.044707857,0
0.16644002,1
0.12481374,0
0.0057726167,0
0.013783926,0
0.24474345,0
0.028978791,0
0.08357819,0
0.004355001,0
0.10240422,0
0.8040756,1
0.08420342,0
0.03243017,0
0.10863341,0
0.7389593,1
0.08361684,0
0.03594429,0
0.25174373,0
0.049082313,0
0.1246487,0
0.09331301,0
0.030537046,0
0.14249937,0
0.028602459,0
0.0054938607,0
0.13645083,0
0.070084676,0
0.019068636,0
0.09223432,0
0.24277335,0
0.014267233,0
0.49327615,0
0.3572049,0
0.040322073,0
0.021228643,0
0.017946778,0
0.010898061,0
0.38418165,0
0.32028595,0
0.1866627,0
0.2964754,0
0.0041285967,0
0.007503667,0
0.09838353,0
0.018412093,0
0.0064663324,0
0.050358284,0
0.3467967,0
0.81467956,1
0.13233082,0
0.15498276,0
0.039141152,0
0.0836629,0
0.026514962,0
0.64830023,0
0.1132575,0
0.012298209,0
0.11415296,0
0.025784655,0
0.1540966,0
0.08886331,0
0.6871247,0
0.7455297,0
0.8105347,0
0.7648668,0
0.6744991,1
0.04358231,0
0.23060499,0
0.79286945,0
0.021088246,0
0.28630018,0
0.6919426,0
0.03204047,0
0.9042522,1
0.06197855,0
0.04309124,0
0.3287733,0
0.17201485,0
0.37826815,0
0.054606196,0
0.05166817,0
0.5657045,0
0.2216864,0
0.504523,0
0.052695476,0
0.67937714,0
0.019387843,0
0.74992937,1
0.15201113,0
0.17212796,0
0.0020197635,0
0.03943161,0
0.14364095,0
0.015291549,0
0.25761127,0
0.039533757,0
0.06492968,0
0.011813544,0
0.21259475,0
0.013475576,0
0.8411311,1
0.31340337,0
0.62330866,0
0.068305194,0
0.14884815,0
0.60410976,1
0.009615217,0
0.6958731,0
0.60400444,0
0.009529289,0
0.033227663,0
0.79846114,1
0.348032,0
0.062344268,0
0.006486598,0
0.20690449,0
0.031077066,0
0.6571665,0
0.05583752,0
0.012920315,0
0.090518914,0
0.4824233,0
0.052804407,0
0.16553026,0
0.11563609,0
0.048041523,0
0.39573833,0
0.2190973,0
0.12324515,0
0.24514094,0
0.12013806,0
0.073426515,0
0.61303824,1
0.019647282,0
0.7465849,1
0.5634564,1
0.16453807,0
0.043644674,0
0.04078858,0
0.7851532,1
0.20947848,0
0.23844932,0
0.013498511,0
0.018565496,0
0.1344619,0
0.11602822,0
0.090019666,0
0.20944083,0
0.32871732,0
0.007620983,0
0.12257569,0
0.21786316,0
0.80690026,1
0.7096747,1
0.060174525,0
0.0023792994,0
0.1633066,0
0.28750443,0
0.06634678,0
0.20395353,0
0.1002908,0
0.0925017,0
0.0733561,0
0.046030875,0
0.18567501,0
0.010811751,0
0.13347842,0
0.53638214,1
0.29741904,0
0.08976333,0
0.095359005,0
0.09272117,0
0.20916744,0
0.010157056,0
0.016008658,0
0.41997898,0
0.31387544,0
0.12810183,0
0.3226776,0
0.012998772,0
0.013735885,0
0.0022509133,0
0.021090709,0
0.6341048,0
0.3123574,0
0.65445495,0
0.094867945,0
0.010677929,0
0.07986215,0
0.32042253,0
0.59007263,1
0.19753726,0
0.020666482,0
0.026724745,0
0.21074662,0
0.024648806,0
0.063890934,0
0.47948417,1
0.07805694,0
0.2562635,0
0.094445445,0
0.8632172,0
0.37047946,0
0.36453304,0
0.42426208,1
0.13186821,0
0.0293814,0
0.010842965,0
0.032665644,0
0.45089832,0
0.7922453,1
0.008923504,0
0.0465783,0
0.061067622,0
0.019923713,0
0.02664994,0
0.13428576,0
0.09222002,0
0.008344735,0
0.582391,0
0.22170934,0
0.06058358,0
0.12203347,0
0.30386093,1
0.036464956,0
0.25091845,0
0.84531605,1
0.033936296,0
0.004522883,0
0.26365057,0
0.17487222,0
0.21897464,0
0.5539443,0
0.08726372,0
0.014245414,0
0.32467762,0
0.022238478,0
0.25131595,0
0.14802933,0
0.012781063,0
0.1006667,0
0.029042855,0
0.6894177,0
0.35367078,0
0.0016578118,0
0.056281522,0
0.0025867783,0
0.18904711,0
0.2100876,0
0.86069626,1
0.21201578,0
0.0076424996,0
0.026706703,0
0.8367853,1
0.578886,1
0.12510633,0
0.7367796,0
0.43317613,0
0.12622142,0
0.017157882,0
0.3337603,0
0.010758741,0
0.004900925,0
0.07869789,0
0.029378915,0
0.56244415,0
0.008184147,0
0.095079295,0
0.05542546,0
0.44645134,0
0.3651611,0
0.16566552,0
0.036510117,0
0.52781206,0
0.05841992,0
0.14703536,0
0.16265701,1
0.8921978,1
0.4569975,0
0.47917292,0
0.05146783,0
0.14544351,0
0.090847395,0
0.49784496,1
0.1787235,0
0.17712736,0
0.18850565,0
0.04882801,0
0.019519549,0
0.42409125,0
0.46313298,0
0.018289633,0
0.4021691,1
0.07988994,0
0.010412229,0
0.6467084,0
0.09025568,0
0.033935647,0
0.1351724,0
0.030734945,0
0.55315816,0
0.022143114,0
0.49470466,0
0.022616269,0
0.13872811,0
0.19937961,0
0.025322476,0
0.822494,1
0.20990087,0
0.08067091,0
0.19027366,0
0.25921214,0
0.1626363,0
0.020133317,0
0.07309473,0
0.24917695,0
0.06299639,0
0.019239873,0
0.007066853,0
0.006234957,0
0.22697042,0
0.13794367,0
0.3025338,0
0.8341767,0
0.31366023,0
0.0046191914,0
0.37385353,0
0.28411224,0
0.04582027,0
0.065668,0
0.20701163,0
0.07536077,0
0.10657344,0
0.6022137,1
0.46117252,0
0.16057795,0
0.11707598,0
0.6839963,1
0.21714692,0
0.1487922,0
0.6734148,0
0.8939977,0
0.011235276,0
0.04344416,0
0.077384606,0
0.33498532,0
0.04604124,0
0.056335025,0
0.6194115,0
0.11067201,0
0.49972895,0
0.71834385,0
0.30100626,0
0.030843025,0
0.0032941487,0
0.16883853,1
0.046844203,0
0.4781614,0
0.22297038,0
0.064149454,0
0.015640572,0
0.13352375,0
0.5960603,0
0.1504455,0
0.107957736,1
0.6392894,1
0.11838868,0
0.5397822,0
0.34634954,0
0.22556216,0
0.12542711,0
0.18894668,0
0.19666801,0
0.6021733,1
0.16686045,0
0.011355545,0
0.28659424,0
0.013431344,0
0.3642721,0
0.13853762,0
0.3096678,1
0.19746491,0
0.015677404,0
0.47544387,0
0.11971478,0
0.6574392,1
0.6906703,0
0.4187765,1
0.1032826,0
0.35315558,0
0.014472806,0
0.10788478,0
0.09451299,0
0.85301065,1
0.02501215,0
0.016964965,0
0.05248721,0
0.19920272,0
0.51652306,1
0.06793349,0
0.105636,0
0.1846424,0
0.06250908,0
0.031018523,0
0.47480017,1
0.02601108,0
0.06862407,0
0.053736687,0
0.03296301,0
0.027752314,0
0.3172178,0
0.6619566,1
0.16748658,0
0.010642922,0
0.028588023,0
0.0018985467,0
0.38005653,0
0.18717948,0
0.37839222,0
0.17382048,0
0.16760394,0
0.026475284,0
0.024697937,0
0.50813276,1
0.84914315,1
0.03970832,0
0.5537866,0
0.016884912,0
0.16848585,0
0.36840558,0
0.27846932,0
0.026925232,0
0.040087294,0
0.024854125,0
0.082323484,0
0.46657962,0
0.3015406,0
0.6327345,0
0.57118034,0
0.68059933,0
0.15832642,0
0.10599191,0
0.02777858,0
0.3134161,0
0.47493136,0
0.18119596,0
0.7030966,0
0.18263079,0
0.43526855,0
0.913821,0
0.4534062,1
0.026786854,0
0.06835771,0
0.17424509,0
0.27116612,0
0.24128132,0
0.033388063,0
0.026202604,0
0.015460039,0
0.78358823,1
0.17865932,0
0.03614774,0
0.0859887,0
0.043311834,0
0.49396205,0
0.0385672,0
0.5258881,0
0.014029004,0
0.858345,1
0.1173051,0
0.02974705,0
0.7113521,1
0.2118543,0
0.16144802,0
0.45769307,1
0.18427444,0
0.9391487,1
0.01288426,0
0.09430836,0
0.054465976,0
0.22415408,0
0.09377867,0
0.39730525,1
0.02147063,0
0.0056077014,0
0.08253856,0
0.782588,0
0.62355673,0
0.49196032,0
0.21070416,0
0.03638397,0
0.08154925,0
0.004699117,0
0.853014,1
0.06525546,0
0.14197741,0
0.16452901,0
0.1260098,0
0.0056793652,0
0.05704369,0
0.009511792,0
0.025724122,0
0.00815871,0
0.9041124,0
0.259725,0
0.50379544,0
0.6258532,0
0.21422704,0
0.012589744,0
0.06858591,0
0.4257908,1
0.5508152,0
0.020025982,0
0.11016574,0
0.18172735,0
0.110196,0
0.29888573,0
0.107491374,0
0.0036990598,0
0.016639858,0
0.83136576,1
0.18278718,0
0.30610862,0
0.8734277,1
0.139342,0
0.010857417,0
0.21377228,0
0.020289239,0
0.5061382,0
0.06863537,0
0.28185907,0
0.050731167,0
0.46202505,0
0.48503828,0
0.020957083,0
0.16372547,0
0.29198402,0
0.473692,1
0.16097817,0
0.2509196,0
0.045761976,0
0.45226955,0
0.09597628,0
0.5066643,0
0.007489926,0
0.0013511266,0
0.032483865,0
0.030499643,0
0.74628997,0
0.02005566,0
0.012590527,0
0.048981775,0
0.17796637,0
0.014270332,0
0.038861487,0
0.013671089,0
0.052367933,0
0.011222586,0
0.7881777,1
0.37618035,0
0.31273744,0
0.06050873,0
0.4766722,0
0.004157379,0
0.014426644,0
0.6557907,1
0.5325319,0
0.82059574,1
0.12428678,0
0.063527055,0
0.074994154,0
0.2607499,0
0.06903103,0
0.12161972,0
0.04939127,0
0.81726396,0
0.12059652,0
0.42209473,0
0.8087749,0
0.5228516,1
0.26970112,0
0.15469803,0
0.9121685,1
0.3550778,0
0.013406056,0
0.1224728,0
0.5834119,0
0.08669019,0
0.07056127,0
0.5222534,0
0.09082552,0
0.4579322,0
0.055080634,0
0.021133758,0
0.004585594,0
0.3494711,0
0.39890686,0
0.051349435,0
0.16123249,0
0.18926007,0
0.2572614,0
0.017491134,0
0.91064,1
0.064958476,0
0.35902008,0
0.0068406737,0
0.2094869,0
0.27038163,0
0.046074323,0
0.11673417,0
0.77036005,1
0.33012924,0
0.103752196,0
0.007261107,0
0.79730827,0
0.2914217,0
0.3570873,0
0.002010698,0
0.0057411403,0
0.30583563,0
0.5964168,0
0.010715446,0
0.44684058,0
0.68740433,0
0.07191268,0
0.7815735,0
0.26382425,0
0.0745075,0
0.84638345,0
0.048325818,0
0.010187058,0
0.10431604,0
0.17815316,0
0.24147211,0
0.030039473,0
0.3800213,0
0.06692668,0
0.09687452,0
0.102507904,0
0.05216487,0
0.19784133,0
0.39400998,0
0.03510444,0
0.054664057,0
0.01000534,0
0.015215427,0
0.32773086,0
0.31759918,0
0.04246426,0
0.11123294,0
0.11088486,0
0.09953396,0
0.5962757,0
0.45443803,0
0.061907075,0
0.008711162,0
0.43231502,0
0.57782507,0
0.12038918,0
0.114897154,0
0.014440901,0
0.01291173,0
0.034944903,0
0.847961,1
0.021399792,0
0.03163239,0
0.15748727,0
0.35311052,0
0.05570487,0
0.05411726,0
0.38990808,0
0.01107592,0
0.011383572,0
0.111885846,0
0.01727029,0
0.61116254,0
0.049349815,0
0.19509953,0
0.1561577,0
0.009257065,0
0.005768007,0
0.051716346,0
0.1961383,0
0.10171318,0
0.7353626,0
0.7191181,0
0.7962523,1
0.43388233,0
0.03432591,0
0.43647984,0
0.029038431,0
0.14711872,0
0.85004526,1
0.022300305,0
0.30170208,0
0.051369008,0
0.012666763,0
0.12412318,0
0.62483627,0
0.5115468,0
0.041351825,0
0.53546345,1
0.1532245,0
0.19206749,0
0.0062930207,0
0.22741978,0
0.009890627,0
0.056847617,0
0.20993072,0
0.008780047,0
0.09171562,0
0.011688173,0
0.017763285,0
0.044120226,0
0.05278266,0
0.005300527,0
0.14673197,0
0.32871747,1
0.03861831,0
0.0026735044,0
0.16063571,0
0.20536901,0
0.6115539,0
0.69390625,0
0.76980925,0
0.14392379,0
0.22930878,0
0.35442784,0
0.060082287,0
0.15744172,0
0.06988501,0
0.6151032,1
0.040558252,0
0.012149935,0
0.14889587,0
0.052748382,0
0.8021887,0
0.55384564,1
0.06727987,0
0.53023446,0
0.23445241,0
0.113444015,0
0.59849495,0
0.27300128,0
0.0761729,0
0.69785106,0
0.12892054,0
0.049196146,0
0.32180044,0
0.37079066,1
0.22958045,0
0.76964295,1
0.024514455,0
0.0055642254,0
0.018803652,0
0.73557085,1
0.0048647528,0
0.094530486,0
0.67991716,0
0.3128452,1
0.02767147,0
0.15356077,0
0.3169735,0
0.20238423,0
0.25931746,0
0.08752638,0
0.51043797,0
0.051959492,0
0.0329496,0
0.64037615,0
0.15035921,0
0.024009869,0
0.070156746,0
0.37357476,0
0.7773962,1
0.052086163,1
0.3904219,0
0.4066735,1
0.004017125,0
0.31813508,0
0.060190752,0
0.11202568,0
0.14844269,0
0.7975288,1
0.16021994,0
0.27773365,0
0.12575652,0
0.47338727,0
0.51852614,0
0.14841925,0
0.27854106,0
0.79770064,1
0.25461563,0
0.044875864,0
0.045479305,0
0.10557218,0
0.22343479,0
0.41121233,0
0.108237565,0
0.0254476,0
0.010225184,0
0.18088357,0
0.029359741,0
0.28036413,0
0.017661838,0
0.48776287,0
0.051156253,0
0.5263255,0
0.61460364,1
0.00495648,0
0.08470573,0
0.5187047,0
0.007827868,0
0.3657296,0
0.63897544,0
0.07457929,0
0.13433875,0
0.2686806,0
0.22618699,0
0.0738895,0
0.16786565,0
0.030411208,0
0.3639888,0
0.04368213,0
0.11344721,0
0.68145484,0
0.17720947,0
0.6452333,0
0.0041584587,0
0.0027383845,0
0.015537505,0
0.047896776,0
0.31949574,0
0.5480283,0
0.6392662,0
0.3958784,0
0.03933598,0
0.019189034,0
0.5601864,1
0.047504477,0
0.059174545,0
0.67837536,1
0.12121949,0
0.3447714,0
0.433164,0
0.34071574,0
0.06700711,0
0.27126545,0
0.010449577,0
0.07274104,0
0.02882518,0
0.53956413,0
0.017681852,0
0.011565228,0
0.6247736,0
0.016166875,0
0.7812899,0
0.4608869,0
0.7245829,1
0.3601326,0
0.35478142,0
0.47241974,0
0.008936375,0
0.012930201,0
0.40433577,0
0.16163974,0
0.1385145,0
0.09073695,0
0.49842048,0
0.18765722,0
0.50150275,0
0.267765,0
0.045008715,0
0.5306249,0
0.0056011453,0
0.07270309,0
0.13815853,0
0.008679304,0
0.21414977,0
0.054914173,0
0.6632356,0
0.2667501,0
0.6652589,0
0.42790616,0
0.74042225,1
0.15107895,0
0.13157578,0
0.1278306,0
0.04173746,0
0.22960435,0
0.7488803,0
0.4049806,0
0.10868316,0
0.018681938,0
0.21798848,0
0.1516481,0
0.001049567,0
0.002125663,0
0.14956541,0
0.3825233,0
0.16546586,0
0.3645066,0
0.16505072,0
0.013564242,0
0.078106456,0
0.14133018,0
0.28803486,0
0.01674395,0
0.31898108,0
0.087235175,0
0.30031866,0
0.117356986,0
0.074282065,0
0.48956007,0
0.18056686,0
0.61564296,0
0.49848178,0
0.37985376,0
0.013663594,0
0.45207456,0
0.46313936,0
0.102644555,0
0.020163964,0
0.026828889,0
0.037036855,0
0.04538514,0
0.0054668756,0
0.16104977,0
0.33333325,0
0.084875315,0
0.03353079,0
0.15787718,0
0.2994732,0
0.13069578,0
0.08117425,0
0.76728326,0
0.0028794047,0
0.7313165,0
0.031119129,0
0.12334281,0
0.8198032,0
0.15240738,0
0.43096307,0
0.23243713,0
0.65347373,1
0.40884528,0
0.011444586,0
0.13701642,0
0.9000811,0
0.009094598,0
0.69365036,0
0.38472447,0
0.35254872,0
0.19485462,0
0.10605342,0
0.15868928,0
0.18226512,0
0.3245713,0
0.0053959284,0
0.18074316,0
0.007885394,0
0.31703854,0
0.27618366,0
0.44302338,0
0.4891354,1
0.23389514,0
0.29168478,0
0.011049758,0
0.042052742,0
0.013538852,0
0.13658744,0
0.08604547,0
0.030281635,0
0.12993881,0
0.17286386,0
0.052219916,0
0.042528037,0
0.7420982,0
0.02095404,0
0.050569087,0
0.01591108,0
0.013654787,1
0.021219844,1
0.017521596,0
0.13663061,0
0.02101049,0
0.07197091,0
0.67538357,1
0.24664733,0
0.07562558,0
0.0053999447,0
0.11276471,0
0.67925876,1
0.008656359,0
0.018623803,0
0.11203109,0
0.00897323,0
0.3895007,0
0.09320617,0
0.009901569,0
0.3082748,0
0.116808034,0
0.6092774,0
0.087817095,0
0.26187724,0
0.012303625,0
0.13760109,0
0.038852386,0
0.0133397505,0
0.35894993,0
0.14092332,0
0.13317646,1
0.3057761,0
0.18234204,0
0.037320204,0
0.44039005,0
0.66165835,1
0.10231244,0
0.6189348,0
0.7179958,0
0.4907816,1
0.038478848,0
0.48958418,0
0.039274264,0
0.02037905,0
0.06614451,0
0.08856471,0
0.04689958,0
0.10697015,0
0.49583524,0
0.027952157,0
0.031685743,0
0.5939501,1
0.46040627,0
0.45999944,1
0.12532255,0
0.70535177,0
0.07050292,0
0.18842351,0
0.08885107,0
0.026509361,0
0.013206413,0
0.03943509,0
0.004885211,0
0.57788783,0
0.4239066,0
0.025415735,0
0.2719174,0
0.8344433,1
0.09716746,0
0.17170097,0
0.2752289,0
0.041777562,0
0.016619919,0
0.3672282,0
0.5923172,0
0.08944986,0
0.08101965,0
0.05901879,0
0.0776546,0
0.084956646,0
0.024665382,0
0.31450132,0
0.12536593,0
0.0068501914,0
0.73714256,1
0.56087035,1
0.020945199,0
0.5738265,0
0.07358296,0
0.023487633,0
0.11726223,0
0.3761284,0
0.28545535,1
0.022728266,0
0.030520422,0
0.19320984,0
0.10016897,0
0.043375157,0
0.023246238,0
0.06903789,0
0.08751754,0
0.13599978,0
0.500774,0
0.035665065,0
0.7415118,0
0.1425904,0
0.57985437,0
0.03502053,0
0.38081735,0
0.33561507,0
0.5675566,0
0.047103822,0
0.31814313,0
0.16988897,0
0.15669324,0
0.009221521,0
0.018395714,0
0.07952536,0
0.0606753,0
0.027629323,0
0.0060242987,0
0.7782417,1
0.11833531,0
0.01897742,0
0.055015612,0
0.6419661,0
0.49312526,0
0.026793307,0
0.17361784,0
0.39017472,0
0.46959487,0
0.0024907116,0
0.6144967,1
0.15760477,0
0.15939716,0
0.042032942,0
0.21542332,0
0.33911812,0
0.015690595,0
0.1361878,0
0.9036595,1
0.16536082,0
0.6436095,0
0.004911328,0
0.49448642,0
0.3049441,0
0.1472366,0
0.074451566,0
0.034847856,0
0.016391458,0
0.3708211,0
0.072604544,0
0.11115975,0
0.55417424,0
0.41957802,0
0.15656602,0
0.026423,0
0.30153885,0
0.04765646,0
0.027354805,0
0.016812164,0
0.3232266,0
0.37750092,0
0.43703687,0
0.1378281,0
0.10997658,0
0.008102183,0
0.1802794,0
0.7899141,1
0.48209018,1
0.035645295,0
0.3381829,0
0.24380569,0
0.8946769,1
0.02252635,0
0.5223256,0
0.11510707,0
0.005105112,0
0.27907315,0
0.057381734,0
0.3515643,0
0.0069796513,0
0.82728314,1
0.17221454,0
0.34125757,1
0.12503734,0
0.43820316,0
0.07468576,0
0.86926687,1
0.19116186,0
0.098239616,0
0.059432115,0
0.008066439,0
0.01266619,0
0.045137398,0
0.6258501,0
0.41595197,0
0.04027489,0
0.068848126,0
0.18299498,0
0.04281717,0
0.13482672,0
0.25642666,0
0.77652514,1
0.15331478,0
0.86361665,0
0.05677538,0
0.06971955,0
0.034562495,0
0.70878154,1
0.74593914,0
0.037209284,0
0.15835643,0
0.360601,0
0.2656061,0
0.11182564,0
0.034017,0
0.013606569,0
0.497289,0
0.2521019,0
0.22493008,0
0.40777847,0
0.03695361,0
0.07727963,0
0.1366356,0
0.30080777,0
0.14948757,0
0.023659216,0
0.76626277,1
0.6047699,0
0.036652416,0
0.3114192,0
0.103417195,0
0.006018171,0
0.5909558,0
0.5204992,0
0.1525166,0
0.0067137834,0
0.066089384,0
0.60238934,0
0.20819382,0
0.03514729,0
0.0297974,0
0.13594371,0
0.615087,0
0.20707665,0
0.025877658,0
0.018799035,0
0.039174944,0
0.1463431,0
0.14292501,0
0.13322598,0
0.12412768,0
0.2035566,0
0.32669944,0
0.3127238,0
0.053140227,0
0.41787007,0
0.06100439,0
0.04823328,0
0.22131944,0
0.0331267,0
0.25622094,1
0.17996912,0
0.2957324,0
0.04685786,0
0.0031434395,0
0.110708475,0
0.048234724,0
0.20445794,0
0.014992662,0
0.033860825,0
0.036425028,0
0.05587549,0
0.06995029,0
0.47637546,0
0.15237892,0
0.14410533,0
0.025665572,0
0.25334826,0
0.32296854,0
0.16023509,0
0.029316539,0
0.09654051,0
0.12295215,0
0.4686196,0
0.0052557443,0
0.07352986,0
0.022006506,0
0.012685782,0
0.010556509,0
0.022481922,0
0.035910573,0
0.11811222,0
0.02224778,0
0.30882055,0
0.5799266,0
0.07256896,0
0.051268034,0
0.11400289,0
0.50582856,0
0.00096041284,0
0.42397007,0
0.0033318282,0
0.87882435,0
0.51894414,0
0.6613751,1
0.029602455,0
0.12566598,0
0.20008023,0
0.13964605,0
0.02831452,0
0.417635,0
0.1090218,0
0.12857012,0
0.13990271,0
0.74656016,0
0.12307958,0
0.8336288,1
0.025722532,0
0.7247388,1
0.19236082,0
0.598837,0
0.2796847,0
0.3138836,1
0.77052695,0
0.8135694,1
0.5182958,0
0.06939892,0
0.17084026,0
0.08697988,0
0.0145182535,0
0.66203725,1
0.035965446,0
0.14477003,0
0.28753313,0
0.085461736,0
0.076163545,0
0.009279412,0
0.10929813,0
0.66772604,1
0.01427533,0
0.060903553,0
0.0038666406,0
0.0040271785,0
0.28975394,0
0.21612018,0
0.100626886,0
0.062328216,0
0.28496277,1
0.8158264,1
0.2764613,0
0.16758074,0
0.29043877,0
0.1508938,0
0.294504,0
0.023176804,0
0.0016319925,0
0.06283987,0
0.19437304,0
0.064523965,0
0.06861999,0
0.70096636,0
0.045217928,0
0.32276616,0
0.3712583,0
0.2799907,0
0.21837895,0
0.13136439,0
0.0049529797,0
0.71776605,0
0.04016686,0
0.64259094,0
0.7025457,1
0.8099339,1
0.019672142,0
0.33345515,0
0.56616616,0
0.028694682,0
0.08868314,0
0.23925452,0
0.037921853,0
0.14441228,0
0.18470004,0
0.18558936,0
0.008850659,0
0.0034355412,0
0.03029206,0
0.10495681,0
0.01556114,0
0.07082336,0
0.0038418758,0
0.43135026,0
0.3608779,0
0.010889547,0
0.17918918,0
0.17316386,0
0.012679518,0
0.084048375,0
0.6901856,1
0.057708364,0
0.02481168,0
0.3232094,0
0.6445978,0
0.02362295,0
0.05179809,0
0.2232983,0
0.041164696,0
0.0593447,0
0.28143287,0
0.48185372,0
0.0154423835,0
0.036823276,0
0.028327424,0
0.026004799,0
0.6130338,0
0.052914746,0
0.109620616,0
0.008900311,0
0.13100561,0
0.04863534,0
0.0034646217,0
0.7899009,1
0.04018613,0
0.32787913,0
0.13417377,0
0.28838798,0
0.027291853,0
0.19316854,1
0.17952211,0
0.0098430505,0
0.3460481,0
0.0647597,0
0.16046026,0
0.5216605,0
0.2383927,0
0.07280323,0
0.40302238,0
0.10867887,0
0.06291647,0
0.4035945,0
0.7879016,1
0.6617231,1
0.17252992,0
0.018077096,0
0.08951597,0
0.18152763,0
0.002339755,0
0.29545853,0
0.052312333,0
0.61298203,0
0.023871874,0
0.091160186,0
0.022478223,0
0.12410993,0
0.014798117,0
0.081777796,0
0.7350327,0
0.19516453,0
0.0067310245,0
0.011639634,0
0.016317435,0
0.036872707,0
0.23403335,0
0.41133338,0
0.0043720254,0
0.18781577,0
0.18010059,0
0.8084238,1
0.034739077,0
0.026893528,0
0.01802339,0
0.18210757,0
0.047734864,0
0.4080515,1
0.06471074,0
0.044064473,0
0.3778885,0
0.16744265,0
0.08182845,0
0.32979083,0
0.17112347,0
0.042704746,0
0.020399658,0
0.2771012,0
0.021860044,0
0.85959756,0
0.030247753,0
0.046481356,0
0.100364745,0
0.024732055,0
0.0035514408,0
0.089746214,0
0.4639861,0
0.19955266,0
0.0661734,0
0.5085702,0
0.08049808,0
0.052003164,0
0.02734212,0
0.036455523,0
0.27226332,0
0.7425258,0
0.029456645,0
0.16730852,0
0.6801627,0
0.07032171,0
0.7423573,1
0.08104933,0
0.066196255,0
0.09517398,0
0.23505788,0
0.13660587,0
0.022807062,0
0.67883515,0
0.13325323,0
0.1403993,0
0.259689,0
0.0765396,0
0.03131755,0
0.21776456,0
0.042110916,0
0.032419987,0
0.34107226,0
0.053336985,0
0.09684887,0
0.037227403,0
0.121363945,0
0.4849507,0
0.014688547,0
0.45924577,0
0.014796512,0
0.59580153,1
0.0907807,0
0.1509063,0
0.0031157087,0
0.017855234,0
0.16089159,0
0.79409695,1
0.050233506,0
0.51674724,0
0.57527196,0
0.0073106084,0
0.0069485875,0
0.1369373,0
0.7369044,1
0.3337489,0
0.014894696,0
0.7573968,0
0.06724219,0
0.38291705,0
0.21427116,0
0.0063921963,0
0.039416928,0
0.05828776,0
0.33663058,0
0.013044895,0
0.3445388,0
0.14958254,0
0.11279302,0
0.17349246,0
0.008596195,0
0.05566642,0
0.024123507,0
0.10122018,0
0.64825505,1
0.01785016,0
0.20295468,0
0.3362039,0
0.673636,0
0.6521465,0
0.09494313,0
0.37921977,0
0.04851918,0
0.28088087,0
0.2016886,0
0.05507876,0
0.3276497,0
0.41145274,1
0.08157879,0
0.8118899,0
0.1390891,0
0.4552692,1
0.21187249,0
0.0028830105,0
0.5639812,0
0.029891234,0
0.029269714,0
0.21782084,0
0.6565,1
0.016528277,0
0.027564658,0
0.06402076,0
0.82432896,1
0.30483362,0
0.7701042,1
0.76065874,1
0.10880078,0
0.6518747,0
0.098258056,0
0.30818534,0
0.067489184,0
0.4823264,0
0.07804465,0
0.6643573,1
0.020064963,0
0.17093512,0
0.5652101,0
0.017799286,0
0.23166893,0
0.011845522,0
0.09866555,0
0.10092528,0
0.8964173,1
0.24560317,0
0.50204754,1
0.5226797,1
0.62202734,1
0.31823722,0
0.9189441,1
0.6422502,0
0.087843224,0
0.30592367,0
0.17299254,0
0.051144302,0
0.043899402,0
0.93941927,1
0.24630262,0
0.382785,0
0.056127585,0
0.23368758,0
0.07809981,0
0.20497705,0
0.33585778,1
0.13650003,1
0.29625016,0
0.0077968277,0
0.062399298,0
0.4784586,0
0.029605687,0
0.049942356,0
0.12563881,0
0.038549937,0
0.01176855,0
0.33791327,0
0.015149762,0
0.020885509,0
0.021188386,0
0.033477444,0
0.05950857,0
0.44575697,0
0.037125874,0
0.48136383,0
0.26310158,0
0.02102405,0
0.2612366,0
0.021850599,0
0.048581216,0
0.19040085,0
0.18468422,0
0.22019367,0
0.41492522,0
0.16309808,0
0.03962873,0
0.061434265,0
0.04867176,0
0.01805591,0
0.56271744,0
0.103410564,0
0.058378797,0
0.5394211,0
0.2025104,0
0.11394865,0
0.060868993,0
0.061393317,0
0.013487341,0
0.1323417,0
0.008835158,0
0.005312792,0
0.104780525,0
0.10245825,0
0.14135405,0
0.093239345,0
0.18881223,0
0.069701135,0
0.28053606,0
0.23354366,0
0.84418476,1
0.06330876,0
0.21847163,1
0.38222542,0
0.033612788,0
0.66966176,0
0.109511465,0
0.05429322,0
0.02527051,0
0.3225582,0
0.05086537,0
0.04706463,0
0.7318966,0
0.030039812,0
0.3128442,0
0.05538396,0
0.10235506,0
0.0013657107,0
0.008223601,0
0.13482955,0
0.07012289,0
0.036009137,0
0.028439056,0
0.21818215,0
0.1113829,0
0.022415219,0
0.016014315,0
0.08872527,0
0.84857726,0
0.014607164,0
0.07710322,0
0.45804116,0
0.24458465,1
0.12241211,0
0.36178595,0
0.5430746,1
0.04606152,0
0.1396741,0
0.00094673375,0
0.89120764,1
0.39058757,0
0.030251775,0
0.85264593,0
0.0048714033,0
0.032274254,0
0.69442016,1
0.18507828,0
0.06314673,0
0.14144993,0
0.006769305,0
0.13990858,0
0.27282673,0
0.06933803,0
0.040508173,0
0.559903,0
0.8328096,1
0.5943691,0
0.08058005,0
0.025177618,0
0.10508215,0
0.18960924,0
0.20374244,0
0.43755165,0
0.020346971,0
0.040171538,0
0.37309486,0
0.041123718,0
0.02198657,0
0.20160832,0
0.06673469,0
0.18572511,0
0.20983006,0
0.06376286,0
0.53466994,0
0.08019839,0
0.20514485,0
0.068260886,0
0.03156898,0
0.06296383,0
0.5418002,1
0.042508237,0
0.013610358,0
0.14104572,0
0.04468186,0
0.049816463,0
0.3246448,0
0.022848038,0
0.31192058,0
0.07818285,0
0.1351707,0
0.027105613,0
0.04079885,0
0.21077804,0
0.21406274,0
0.062733725,0
0.7495737,1
0.089273624,0
0.8690098,0
0.5136991,0
0.03669734,0
0.061197132,0
0.42347565,0
0.1018691,0
0.6095572,0
0.5187556,1
0.0783367,0
0.56121993,0
0.018675264,0
0.2554339,0
0.10735195,0
0.018643627,0
0.022474138,0
0.5954134,1
0.1906344,0
0.021821802,0
0.037978884,0
0.43886966,0
0.2559452,0
0.26424903,0
0.008359533,0
0.28765535,0
0.5591095,0
0.7949646,0
0.038383737,0
0.0058761947,0
0.084229656,0
0.009889964,0
0.09125831,0
0.06521255,0
0.13510768,0
0.10627246,0
0.5009764,0
0.4134139,0
0.016802946,0
0.07484699,0
0.4690485,0
0.06301906,0
0.39978066,0
0.7572328,1
0.4482567,1
0.16093253,0
0.15609035,0
0.61469525,0
0.04571366,0
0.214265,0
0.91754204,1
0.12685974,0
0.3991032,0
0.0726311,0
0.085750274,0
0.07720141,0
0.37079367,0
0.12721258,0
0.19272965,0
0.14079683,0
0.097026065,0
0.5700021,0
0.06869604,0
0.54815954,0
0.073908694,0
0.17588642,0
0.026315738,0
0.006443934,0
0.24675123,0
0.009768274,0
0.07251342,0
0.1413999,0
0.53497046,0
0.0029983146,0
0.016744869,0
0.13728234,0
0.7424173,0
0.083988264,0
0.1198862,0
0.8229104,1
0.03742125,0
0.13070937,0
0.36713806,0
0.7692864,1
0.1618849,0
0.07681355,0
0.08588673,0
0.10098154,0
0.13134429,0
0.7464878,0
0.10073979,0
0.50068593,1
0.008569059,0
0.88828593,1
0.14899388,0
0.05134688,0
0.03122864,0
0.5242658,1
0.009332324,0
0.2484339,0
0.30810413,0
0.044547834,0
0.6741199,1
0.19695899,0
0.5435931,0
0.07261071,0
0.64385474,0
0.0987324,0
0.17857905,0
0.0013240221,0
0.21139377,0
0.01184161,0
0.4984486,0
0.08883391,0
0.016280256,0
0.25794643,0
0.03440163,0
0.70090854,0
0.45623595,0
0.8929075,0
0.08481202,0
0.2119385,0
0.8305256,0
0.09943966,0
0.6866873,0
0.07423405,0
0.55213404,0
0.77092516,0
0.27928913,0
0.0068865228,0
0.15330446,0
0.7228533,1
0.3176596,0
0.087953754,0
0.6689643,0
0.3469851,0
0.62805367,0
0.34718814,0
0.0131488815,0
0.09303887,0
0.32304442,0
0.55277723,1
0.585397,0
0.041216515,0
0.25925264,0
0.10852492,0
0.05921984,0
0.15000229,0
0.03015883,0
0.18654671,0
0.023427373,0
0.0029274095,0
0.54528916,0
0.37531906,0
0.33210114,1
0.015795654,0
0.6550087,0
0.07216209,0
0.54255545,0
0.2285432,0
0.0396334,0
0.32209912,0
0.18097176,0
0.10252758,0
0.7680939,0
0.7547796,0
0.17680924,0
0.3036131,0
0.06280278,0
0.007607284,0
0.15511546,0
0.08287036,0
0.3777282,0
0.076418415,0
0.26266378,0
0.01000593,0
0.084394455,0
0.07171959,0
0.705002,0
0.045825787,0
0.18958874,0
0.18596417,0
0.13215414,0
0.17599587,0
0.05719076,0
0.3314698,0
0.17830184,0
0.031967517,0
0.030426838,0
0.044303257,0
0.16756275,0
0.5908419,0
0.013410294,0
0.48351878,0
0.039091133,0
0.5597365,0
0.11878696,0
0.016870495,0
0.010319125,0
0.0060779313,0
0.65569335,0
0.103072055,0
0.04534778,0
0.023130026,0
0.015351978,0
0.08238863,0
0.08680486,0
0.022540193,0
0.023300381,0
0.079947196,0
0.174634,0
0.031562053,0
0.0710326,0
0.16368073,0
0.6395671,1
0.5782627,0
0.08668664,0
0.023274995,0
0.0026478372,0
0.6097615,0
0.06377829,0
0.05222584,0
0.656996,1
0.26065758,0
0.0023973535,0
0.117627524,0
0.034237802,0
0.17721063,0
0.5796045,0
0.004125641,0
0.08333222,0
0.2091411,0
0.06304363,0
0.46578392,0
0.12965271,0
0.03734277,0
0.021104796,0
0.16007458,0
0.64648813,0
0.19245622,0
0.025802309,0
0.18347368,0
0.018468099,0
0.031131176,0
0.7320054,1
0.31143507,0
0.028594855,0
0.18449588,0
0.47714186,0
0.0064452104,0
0.0053612157,0
0.2754651,0
0.6230136,0
0.1173204,0
0.48161063,0
0.014062119,0
0.17736147,0
0.19612265,1
0.1435514,0
0.0382672,0
0.001734255,0
0.42142475,0
0.055796117,0
0.0057553384,0
0.0005688553,0
0.1352667,0
0.020867096,0
0.13597429,0
0.20191848,0
0.0065973517,0
0.2822328,0
0.06369149,0
0.0434635,0
0.03058887,0
0.25303024,0
0.1648911,0
0.060178284,0
0.32706755,0
0.085993856,0
0.027441036,0
0.041684423,0
0.05655312,0
0.13873245,0
0.11705215,0
0.2036183,0
0.041656367,0
0.43883875,0
0.035650574,0
0.039305754,0
0.05475487,0
0.5624666,1
0.6022923,0
0.38865894,0
0.1735786,0
0.4627133,0
0.12791412,0
0.012114587,0
0.080877535,0
0.5704972,1
0.03971734,0
0.29199246,0
0.22228988,0
0.56113666,1
0.031560127,0
0.24646136,0
0.09037695,0
0.0033873902,0
0.1720584,0
0.007781033,0
0.40025067,0
0.015222923,0
0.66464466,0
0.06128706,0
0.16379559,0
0.1698619,0
0.03242902,0
0.1019132,0
0.29757583,0
0.06384842,0
0.51483846,0
0.28152186,0
0.03808545,0
0.015505772,0
0.12011679,0
0.13535127,0
0.022967022,0
0.02840209,0
0.3249193,1
0.1444145,0
0.05096888,0
0.5766314,0
0.6366868,0
0.13051732,0
0.0067397715,0
0.40468526,0
0.016972171,0
0.22434318,0
0.01619039,0
0.10760804,0
0.5358247,0
0.017205268,0
0.016404025,0
0.071772665,0
0.5108989,0
0.034167577,0
0.064299665,0
0.066411056,0
0.033836085,0
0.21854547,0
0.0029184057,0
0.7149948,0
0.08920286,0
0.373861,0
0.55649304,0
0.13528213,0
0.030807272,0
0.071334355,0
0.6333283,0
0.2896585,1
0.558694,0
0.050288532,0
0.15879443,0
0.099243514,0
0.11435237,0
0.25206795,0
0.74223554,0
0.022008825,0
0.16791841,0
0.008879862,0
0.37116677,0
0.09174834,0
0.54695475,0
0.20477453,0
0.011713973,0
0.25573653,0
0.8414275,1
0.036007993,0
0.5535967,0
0.052442998,0
0.022562286,0
0.077306785,0
0.1992335,0
0.021792458,0
0.42007378,1
0.052458037,0
0.043974746,0
0.083087556,0
0.73441494,1
0.12061185,0
0.22562322,0
0.027445687,0
0.04218402,0
0.030445086,0
0.02844734,0
0.263924,0
0.01772126,0
0.15950367,0
0.85865575,0
0.23861235,0
0.1783534,0
0.08902989,0
0.06924559,0
0.18795934,0
0.0948353,0
0.013603081,0
0.16905473,0
0.94502246,1
0.021225568,0
0.022497138,0
0.111873545,0
0.3032798,0
0.026060147,0
0.041289926,0
0.15578336,0
0.8909246,1
0.5257164,0
0.042633828,0
0.13333283,0
0.77963126,1
0.862689,1
0.17657977,0
0.010509472,0
0.05718869,0
0.010350797,0
0.05898717,0
0.15895803,0
0.6674038,0
0.6899116,0
0.036499433,0
0.33208328,0
0.18846262,0
0.71687347,0
0.1166341,0
0.23018602,0
0.06365969,0
0.13582426,0
0.23915967,0
0.26065505,0
0.01534357,0
0.080212615,0
0.11003931,0
0.5313434,0
0.060508627,0
0.04746544,0
0.30301073,0
0.16557628,0
0.0066537233,0
0.05757188,0
0.4040205,0
0.47905448,0
0.032306165,0
0.44930634,0
0.39907768,0
0.5712097,0
0.9014512,1
0.09264198,0
0.21383356,0
0.071554765,0
0.048056543,0
0.13928497,0
0.56652474,1
0.009736638,0
0.016769066,0
0.056946665,0
0.04351474,0
0.28044188,0
0.0031257384,0
0.6552835,1
0.40894178,1
0.01800447,0
0.06713399,0
0.67089707,0
0.13271412,0
0.00495903,0
0.12935162,0
0.21435298,0
0.021294197,0
0.69003147,0
0.32788855,0
0.16723359,0
0.16641165,0
0.014737897,0
0.054641787,0
0.43732077,0
0.21198593,0
0.04988517,0
0.501265,0
0.07867343,0
0.62847257,0
0.03354759,0
0.68124586,0
0.038632866,0
0.65088356,0
0.16113,0
0.45608583,1
0.117498316,0
0.019648945,0
0.41353962,0
0.07907596,0
0.13594508,0
0.23565884,0
0.011319132,0
0.47599503,0
0.08002374,0
0.27746382,0
0.0966507,0
0.019386658,0
0.027156094,0
0.53192616,0
0.014095584,0
0.8271641,1
0.2533533,0
0.034686375,0
0.037135173,0
0.006531358,0
0.0293324,0
0.107149735,0
0.021194968,0
0.48631236,0
0.096270844,0
0.021347694,0
0.20183851,0
0.2783409,0
0.63674426,0
0.35402843,0
0.7875067,0
0.08081545,0
0.17950954,0
0.49691436,1
0.076219976,0
0.045659002,0
0.086056486,0
0.016874695,0
0.052590437,0
0.2562941,0
0.3347305,0
0.6029642,0
0.110969804,0
0.4181924,1
0.7409351,1
0.74674505,1
0.09241891,0
0.14486852,0
0.31574583,0
0.120562814,0
0.040154763,0
0.11516966,0
0.24263738,0
0.018432172,0
0.34178132,0
0.0710421,0
0.29323164,0
0.003924158,0
0.09080959,0
0.78072715,1
0.86919576,1
0.09406902,0
0.08462303,0
0.4669128,0
0.02179233,0
0.01448346,0
0.18209367,0
0.18772937,0
0.36569932,0
0.033706117,0
0.012755801,0
0.6482356,0
0.017375419,0
0.71239287,0
0.05941618,0
0.38842702,0
0.2724713,0
0.0050610355,0
0.015462035,0
0.09849701,0
0.60042477,0
0.6144981,0
0.026087686,0
0.062414125,0
0.057799168,0
0.023228452,0
0.16292694,1
0.07742525,0
0.016614059,0
0.24357946,0
0.056466553,0
0.007433483,0
0.012131519,0
0.32965443,1
0.0014281056,0
0.1701799,1
0.13233049,0
0.0026693882,0
0.31189713,0
0.28586164,0
0.56195915,0
0.124614805,0
0.1557733,0
0.26500577,0
0.2594033,0
0.53209877,0
0.6472966,0
0.13375217,0
0.24699743,0
0.055483922,0
0.05029074,0
0.073301874,0
0.04179592,0
0.6302854,0
0.07594987,0
0.79390633,1
0.19660427,0
0.0625178,0
0.13543274,0
0.09253192,0
0.49650642,0
0.026015077,0
0.087152004,0
0.046554428,0
0.039302956,0
0.07083056,0
0.047072444,0
0.47885048,0
0.13951115,0
0.5290176,0
0.52028894,0
0.027726455,0
0.009444307,0
0.812992,1
0.11518264,0
0.34310403,0
0.07756522,0
0.031414624,0
0.06162358,0
0.10504308,0
0.013320886,0
0.69055927,0
0.85019845,1
0.06927931,0
0.016765349,0
0.555925,0
0.014874579,0
0.7836335,1
0.24552031,0
0.098689936,0
0.04151626,0
0.27529642,0
0.7798576,1
0.025835387,0
0.2772441,0
0.5138127,0
0.12081368,0
0.026068432,0
0.06457471,0
0.12550113,0
0.14522332,0
0.036004163,0
0.20466693,0
0.072425686,0
0.07412866,0
0.073351145,0
0.51392484,0
0.033706468,0
0.28406876,0
0.013592905,0
0.12498921,0
0.24857162,0
0.050620202,0
0.1996467,0
0.036604974,0
0.17079274,0
0.7167887,0
0.6972613,0
0.060163133,0
0.09743541,0
0.35940048,0
0.40552855,0
0.004550991,0
0.540577,0
0.15932406,0
0.074961245,0
0.73734194,0
0.15216482,0
0.21054061,0
0.0014485071,0
0.6095817,1
0.27755153,0
0.1701345,0
0.43909883,0
0.271317,1
0.32793754,0
0.017053436,0
0.004667876,0
0.09513143,0
0.15254347,0
0.2267611,0
0.0012951591,0
0.01021011,0
0.04686918,0
0.5293725,0
0.050106756,0
0.77138823,0
0.37759295,0
0.017688546,0
0.5216615,0
0.02555449,0
0.54210734,1
0.051915426,0
0.6037343,0
0.10246132,0
0.42597958,0
0.043756336,0
0.10522025,0
0.04009859,0
0.57521355,0
0.008284387,0
0.86533004,1
0.14112216,0
0.0044319597,0
0.0474163,0
0.05159158,0
0.052118473,0
0.08152418,0
0.69452816,0
0.49523386,0
0.41612187,0
0.4815347,0
0.18034784,0
0.30722126,1
0.16221485,0
0.028046587,0
0.36440623,0
0.19264036,0
0.07008412,0
0.23088607,0
0.61275506,0
0.6744734,1
0.009722565,0
0.34971115,0
0.07421813,0
0.012604999,0
0.0486428,0
0.15353896,0
0.43530324,0
0.35791948,0
0.16586089,0
0.06574955,0
0.051196724,0
0.061203226,0
0.66334635,1
0.1426006,0
0.031141125,0
0.07262516,0
0.50067705,1
0.23521262,0
0.14689413,0
0.39148992,1
0.13346165,0
0.020467332,0
0.30693084,0
0.63552374,0
0.0034541585,0
0.19689168,0
0.44128472,0
0.39279896,1
0.111051,0
0.1935303,0
0.15897617,0
0.33766562,0
0.40621036,0
0.5827515,1
0.02740277,0
0.03588067,0
0.085117854,0
0.10005687,0
0.25371236,0
0.4441851,0
0.04903985,0
0.5627986,1
0.10959037,0
0.059961896,0
0.027490659,0
0.5287478,0
0.17949653,0
0.050740734,0
0.020409392,0
0.68287426,0
0.009603545,0
0.041867547,0
0.65992314,1
0.09992983,0
0.08341246,0
0.26526916,0
0.26846477,0
0.6486779,0
0.13127385,0
0.04580607,0
0.04865772,0
0.8011145,1
0.017627189,0
0.06584841,0
0.088956766,0
0.41866666,0
0.19157842,0
0.016545199,0
0.16796695,0
0.11685814,0
0.0025518772,0
0.25228202,0
0.013423417,0
0.25881732,0
0.2859036,0
0.5794198,0
0.19524604,0
0.18507998,0
0.05069958,0
0.12285054,0
0.19401732,0
0.825329,1
0.3503495,0
0.42025775,0
0.59002596,0
0.7092082,1
0.04051069,0
0.09626807,0
0.07187055,0
0.1350582,0
0.09525862,0
0.3258503,0
0.64938706,1
0.024995225,0
0.09331246,0
0.3747805,0
0.03055295,0
0.79899806,1
0.11984798,0
0.31253892,0
0.10122201,0
0.035184022,0
0.36960733,0
0.0050090794,0
0.091772355,0
0.6880589,1
0.72051835,1
0.021159766,0
0.019077808,0
0.22973424,0
0.21965766,0
0.16674545,0
0.20475224,0
0.16416183,0
0.010543493,0
0.09960567,0
0.22903688,0
0.5951059,1
0.03368361,0
0.2697222,0
0.005977709,0
0.44539207,1
0.20902045,0
0.8912977,1
0.13187826,0
0.014277362,0
0.111497335,0
0.0019887195,0
0.12112789,0
0.03138909,0
0.111486025,0
0.19309184,0
0.116729975,0
0.15839909,0
0.029753445,0
0.09104452,0
0.4032196,0
0.49027357,0
0.0015817877,0
0.014052287,0
0.062047586,0
0.6139395,1
0.6405816,0
0.013066068,0
0.64759076,1
0.45997217,0
0.19737224,0
0.40617597,0
0.66526073,0
0.16556236,0
0.04624927,0
0.010807391,0
0.7219166,1
0.37161434,0
0.8598907,1
0.032000817,0
0.25406325,0
0.051420536,0
0.73374724,0
0.0028905883,0
0.09299073,0
0.008744793,0
0.09399273,0
0.07255313,0
0.21796092,0
0.018845968,0
0.8494404,1
0.73572886,1
0.85207814,1
0.027463244,0
0.017027406,0
0.18816882,0
0.39333528,0
0.015451428,0
0.26192394,0
0.515669,0
0.10883798,0
0.020763885,0
0.8305444,1
0.18218496,0
0.043590847,0
0.18184014,0
0.75924134,0
0.07732068,0
0.010733036,0
0.05935699,0
0.040191367,0
0.09718298,0
0.06728041,0
0.21952832,0
0.121158086,0
0.02015118,0
0.032531388,0
0.26133353,0
0.08297554,0
0.4319053,0
0.23502389,0
0.7817923,1
0.3486263,0
0.15988472,0
0.8940892,0
0.20767552,0
0.010066476,0
0.90911365,1
0.112763494,0
0.059339583,0
0.08141027,0
0.086968236,0
0.22869162,0
0.06014455,0
0.18130879,0
0.0802927,0
0.073956646,0
0.0046880925,0
0.031197844,0
0.64402264,0
0.11062806,0
0.011639755,0
0.0772805,0
0.5496125,0
0.21304268,0
0.07673297,0
0.101371095,0
0.10408913,1
0.51861525,0
0.16840336,0
0.17691422,0
0.86086017,0
0.026814427,0
0.16265915,0
0.29897928,0
0.43737492,0
0.41790566,0
0.008504517,0
0.25241616,0
0.05136616,0
0.08320658,0
0.36070305,0
0.11686681,0
0.7630372,0
0.85437244,0
0.051680416,0
0.016219648,0
0.046028104,0
0.017630508,0
0.25123805,0
0.23642765,0
0.43101248,0
0.016177619,0
0.51562047,0
0.12005144,0
0.19181713,0
0.023839774,0
0.0021860453,0
0.014948982,0
0.19999011,0
0.10632818,0
0.2348657,0
0.06643314,0
0.65829974,0
0.11596974,0
0.15473472,0
0.03199789,0
0.025013268,0
0.7645953,0
0.24665162,1
0.42259336,0
0.078315414,0
0.0066488995,0
0.069205575,0
0.19207904,0
0.21723932,0
0.24739581,0
0.04612531,0
0.027789043,0
0.028741628,0
0.20931295,0
0.6299865,0
0.58690864,0
0.14836669,0
0.278155,0
0.28492975,0
0.05744405,0
0.009375617,0
0.19855861,0
0.047175217,0
0.01782336,0
0.0832314,0
0.0061709858,0
0.26085997,0
0.011153128,0
0.15109587,0
0.6789152,0
0.14402895,0
0.65173143,1
0.02844583,0
0.024616312,0
0.021520557,0
0.27781972,0
0.2383053,0
0.063761435,0
0.869397,1
0.051559366,0
0.60948193,0
0.23600328,1
0.6828607,0
0.7685638,1
0.018562654,0
0.024918526,0
0.23710966,0
0.116318084,0
0.17002676,0
0.12315142,0
0.01595826,0
0.5588496,0
0.42023295,1
0.68339515,0
0.043058917,0
0.057834614,0
0.011081437,0
0.010068534,0
0.052424245,0
0.66838586,0
0.048535362,0
0.047544863,0
0.19413187,0
0.28275827,0
0.50815886,0
0.17111269,0
0.16513462,0
0.42695218,0
0.057100736,0
0.064011425,0
0.058708694,0
0.45777112,0
0.042663302,0
0.5539813,0
0.039542656,0
0.17199506,0
0.7325312,0
0.22693548,0
0.056849096,0
0.29295936,0
0.01705816,0
0.16491725,0
0.11010038,0
0.029922744,0
0.148311,0
0.7510277,0
0.21838097,0
0.0040789726,0
0.22215094,0
0.7515901,0
0.1395859,0
0.56963885,0
0.3312558,0
0.1123703,0
0.4385716,0
0.42108384,0
0.09253421,0
0.8246888,1
0.15209126,0
0.17430885,0
0.11462277,0
0.01047542,0
0.13565184,0
0.27468914,0
0.054663528,0
0.5785334,0
0.020456444,0
0.03057499,0
0.41345254,0
0.7157331,1
0.0312718,0
0.44973734,0
0.111416586,0
0.013667997,0
0.09054072,0
0.17723595,0
0.11155028,0
0.2364099,0
0.6841316,0
0.012830222,0
0.8714162,1
0.003375608,0
0.041405655,0
0.7333766,1
0.110945515,0
0.032024648,0
0.015390121,0
0.020705465,0
0.0016338823,0
0.008153475,0
0.01786667,0
0.83819634,1
0.04494722,0
0.032781083,0
0.12534894,0
0.059842344,0
0.7872958,1
0.031137127,0
0.016911052,0
0.022325894,0
0.72340834,1
0.0062930803,0
0.38270816,0
0.2367412,0
0.85876596,1
0.51852643,0
0.3745899,0
0.12433629,0
0.5794777,1
0.15070367,0
0.22480872,0
0.03999556,0
0.49266738,1
0.050367173,0
0.035363276,0
0.5397789,0
0.5838899,0
0.21180564,0
0.53210646,0
0.2568301,0
0.0032918183,0
0.32510775,0
0.053531956,0
0.08891612,0
0.024110835,0
0.052105516,0
0.32234287,0
0.010371637,0
0.007101409,0
0.019954467,0
0.07790593,0
0.12050214,0
0.18929842,0
0.12973022,0
0.21161012,0
0.32888287,0
0.008842828,0
0.05731945,0
0.0088650305,0
0.20353206,0
0.22989184,0
0.07683291,0
0.053050864,0
0.63842016,0
0.3893015,0
0.006772461,0
0.03230315,0
0.034377195,0
0.027048394,0
0.006800607,0
0.09088996,0
0.69307923,1
0.011784609,0
0.6360447,0
0.3461546,0
0.08879976,0
0.4948928,0
0.16593614,0
0.039233968,0
0.03499046,0
0.113915846,0
0.10526794,0
0.17933623,0
0.4505822,0
0.39976683,0
0.16362284,0
0.045740344,0
0.004438474,0
0.6799508,0
0.17572066,0
0.41212004,0
0.016601887,0
0.72223866,0
0.5220168,0
0.027763639,0
0.06947379,0
0.057728916,0
0.52907664,0
0.67385626,0
0.645352,0
0.17584728,0
0.1136366,0
0.6397329,0
0.01000772,0
0.004445475,0
0.18139343,0
0.013981896,0
0.28370923,0
0.017751493,0
0.35600215,0
0.019893661,0
0.002642844,0
0.15572253,0
0.058615305,0
0.80684984,1
0.7942477,0
0.27800974,0
0.10044815,0
0.06878873,0
0.32037896,0
0.1551138,0
0.50740606,0
0.47349176,0
0.029355174,0
0.005380741,0
0.60394484,0
0.498848,0
0.07598204,0
0.15295796,0
0.17306247,0
0.011845488,0
0.013386041,0
0.07929427,0
0.02134679,0
0.12451524,0
0.034768816,0
0.3716988,0
0.111397736,0
0.62828594,1
0.027661938,0
0.09693717,0
0.05587833,0
0.09055861,0
0.05564448,0
0.13586515,0
0.3714357,0
0.35771918,0
0.016251324,0
0.54984635,0
0.7601457,0
0.028828382,0
0.10506198,0
0.16381517,0
0.33946452,0
0.012962177,0
0.14454758,0
0.009340677,0
0.050312832,0
0.7398499,0
0.6989415,0
0.0033830001,0
0.28293893,0
0.19570588,0
0.47903556,0
0.4250177,0
0.27882722,0
0.053509817,0
0.14316317,0
0.002400888,0
0.11531341,0
0.46242043,0
0.00846823,0
0.17848739,0
0.26690447,0
0.8888888,1
0.019334922,0
0.013685455,0
0.035436455,0
0.007256063,0
0.06443104,0
0.05829311,0
0.0034260363,0
0.37598404,0
0.019414337,0
0.04025857,0
0.31505737,0
0.09867528,1
0.72633225,0
0.026649496,0
0.6798366,0
0.049884003,0
0.76660466,0
0.2825477,0
0.07858403,0
0.69158804,1
0.07839989,0
0.25211188,0
0.07989336,0
0.023646174,0
0.100126095,0
0.044515394,0
0.06786214,0
0.066577606,0
0.6111843,1
0.5515122,0
0.15923524,0
0.28999817,0
0.26738352,0
0.5307933,0
0.65223926,0
0.014831578,0
0.043683045,0
0.18528831,0
0.021129362,0
0.09564901,0
0.0008645893,0
0.04764799,0
0.18117279,0
0.45187882,0
0.64424545,0
0.06755213,0
0.021252703,0
0.02319308,0
0.24142514,0
0.04335659,0
0.055545285,0
0.69250274,0
0.02076724,0
0.31458345,0
0.07284127,0
0.35287026,0
0.0189637,0
0.46112758,0
0.15105811,0
0.04591966,0
0.0025604495,0
0.10636731,0
0.044123985,0
0.7049845,1
0.0063204714,0
0.061682437,0
0.015931826,0
0.003796028,0
0.011471009,0
0.13481317,0
0.6377911,0
0.23042987,0
0.08408216,0
0.055559635,0
0.7204403,0
0.1067804,0
0.019215077,0
0.06662509,0
0.023728488,0
0.10610144,0
0.1062201,0
0.51329005,0
0.89646333,1
0.2479783,0
0.04690559,0
0.14487872,0
0.45946264,0
0.051419254,0
0.20907193,0
0.4730126,0
0.007624251,0
0.07620911,0
0.12378339,0
0.016525479,0
0.33975747,0
0.36023,0
0.7249424,0
0.35715765,0
0.005336453,0
0.6876917,1
0.62329274,0
0.47344574,0
0.012089976,0
0.7661357,0
0.7865331,0
0.5225062,0
0.24768147,0
0.011475599,0
0.028104404,0
0.308653,0
0.5198763,0
0.06049462,0
0.030405175,0
0.78135,1
0.9104782,0
0.32760325,0
0.017512232,0
0.35577065,0
0.0658913,0
0.20735468,0
0.29076976,0
0.09411875,1
0.014601517,0
0.8492366,1
0.64212435,1
0.8135215,0
0.21378765,0
0.08240006,0
0.378217,0
0.5452172,1
0.13242204,0
0.10958965,0
0.029640941,0
0.4552552,0
0.0738345,0
0.03536828,0
0.45253456,0
0.084645756,0
0.8047463,0
0.023071948,0
0.5499082,0
0.19742654,0
0.022795863,0
0.09448998,0
0.08514708,1
0.30561393,0
0.2053437,0
0.5157379,1
0.03845204,0
0.08564567,0
0.18606135,0
0.5012368,0
0.46869588,0
0.14909558,0
0.031156164,0
0.7563517,1
0.016393887,0
0.01151402,0
0.04766264,0
0.1133815,0
0.06053144,0
0.1031933,0
0.012240965,0
0.55170673,0
0.05785473,0
0.21501145,0
0.6732178,0
0.030402433,0
0.62977785,0
0.6441784,0
0.18509844,0
0.3385953,0
0.11317147,0
0.3520121,0
0.058197815,0
0.21173438,0
0.12286052,0
0.04644899,0
0.3873394,0
0.09310156,0
0.37611374,0
0.11179379,0
0.5418107,1
0.38532627,0
0.040235706,0
0.080013074,0
0.033383124,0
0.012602785,0
0.19205458,0
0.085501716,0
0.040191278,0
0.5014573,0
0.30505028,0
0.01838828,0
0.08665841,0
0.2689265,0
0.09820062,0
0.013764713,0
0.036110017,0
0.065544724,0
0.22482406,0
0.54841053,0
0.012829032,0
0.32148415,0
0.008934876,0
0.39705783,0
0.10092159,0
0.07976015,0
0.30703145,0
0.2708923,0
0.23218279,0
0.21063976,0
0.016771685,0
0.109696485,0
0.5145909,0
0.0715629,0
0.14298485,0
0.14274849,0
0.248576,0
0.020903038,0
0.76344883,0
0.7602744,0
0.0063308654,0
0.03724702,0
0.006582166,0
0.058319755,0
0.36756146,0
0.17230913,0
0.5315568,0
0.11513916,0
0.28697947,0
0.10591128,0
0.04756246,0
0.036770083,0
0.52498996,0
0.12963077,0
0.20823173,0
0.62101954,1
0.15207392,0
0.093077004,0
0.0047588507,0
0.04759103,0
0.097080305,0
0.013562678,0
0.053950895,0
0.53156555,0
0.052728333,0
0.7799437,1
0.004825901,0
0.093098745,0
0.0020070327,0
0.055477835,0
0.23784986,0
0.14921486,0
0.03126593,0
0.019106464,0
0.0035436836,0
0.080926195,0
0.51178294,0
0.024903873,0
0.18855892,0
0.09117787,0
0.049232204,0
0.1910394,1
0.011641824,0
0.2814426,0
0.14568362,0
0.2853555,0
0.005610172,0
0.029556708,0
0.5821479,0
0.0212834,0
0.7157309,1
0.6458344,0
0.74377304,0
0.14895393,0
0.76762706,1
0.031594723,0
0.42418742,0
0.2363872,0
0.8478995,0
0.049756154,0
0.043266498,0
0.01698168,0
0.0126274945,0
0.31825486,0
0.01053563,0
0.063607566,0
0.36800534,0
0.9699524,1
0.54554915,0
0.4197406,0
0.43630585,0
0.43472052,0
0.45397717,0
0.029079465,0
0.0797238,0
0.1390188,0
0.5619546,0
0.6569382,0
0.009509604,0
0.31251478,0
0.13087955,0
0.24645568,0
0.073424116,0
0.834226,1
0.25849065,0
0.06532317,0
0.0067273243,0
0.46884173,1
0.80925745,0
0.0273679,0
0.013773506,0
0.05551713,0
0.41484824,0
0.026706282,0
0.35242224,0
0.02860162,0
0.03115576,0
0.36811516,0
0.3703506,0
0.041453376,0
0.22977026,0
0.009851945,0
0.20191689,0
0.008194554,0
0.8291429,0
0.14805153,0
0.067044266,0
0.34387302,0
0.09792686,0
0.29672652,0
0.045856416,0
0.59488535,0
0.3224358,0
0.40839985,0
0.060088236,0
0.0373493,0
0.16156434,0
0.14064766,0
0.15145244,0
0.21707581,0
0.802331,0
0.19821766,0
0.47030514,0
0.24019971,0
0.0021528515,0
0.015011328,0
0.004983189,0
0.03875845,0
0.7180958,0
0.027091414,0
0.040860206,0
0.013962654,0
0.15989967,0
0.048688687,0
0.06982389,0
0.32115906,0
0.010627618,0
0.06789703,0
0.65917313,1
0.024719585,0
0.2104158,0
0.6259972,0
0.25833148,0
0.39636648,0
0.75536567,0
0.012639812,0
0.2529281,0
0.12493977,0
0.009832033,0
0.018147117,0
0.093455255,0
0.106574535,0
0.5809295,1
0.11343631,0
0.15289085,0
0.4844258,0
0.37418687,0
0.8641093,0
0.3793376,0
0.37422085,0
0.62018603,1
0.38582507,0
0.09689371,0
0.028213155,0
0.08289885,0
0.5160686,1
0.33613247,0
0.040866084,0
0.38667285,0
0.16159922,0
0.02911767,0
0.10770885,0
0.44416648,0
0.031173484,0
0.013442747,0
0.4285926,0
0.6519048,0
0.07990298,0
0.12263004,0
0.12846924,0
0.68099844,0
0.564439,0
0.052531585,0
0.3319856,0
0.019595096,0
0.05747969,0
0.44163167,0
0.026527273,0
0.009093816,0
0.036362737,0
0.035562,0
0.6290237,0
0.04253023,0
0.2643058,0
0.0411532,0
0.0048382897,0
0.196033,0
0.20920536,0
0.20610462,0
0.21991397,0
0.43946376,0
0.13591732,0
0.02794175,0
0.003383301,0
0.41041368,0
0.79545414,0
0.011660531,0
0.052503653,0
0.70661616,0
0.036901403,0
0.022385914,0
0.057183005,0
0.017009394,0
0.2963081,0
0.7899493,0
0.0068655624,0
0.09104545,0
0.33249372,0
0.5474238,0
0.30223098,0
0.023576386,0
0.04965019,0
0.1017053,0
0.53647935,1
0.024809834,0
0.03581069,0
0.91640335,1
0.021140471,0
0.03952004,0
0.27103776,0
0.3590144,0
0.05165756,0
0.4374764,0
0.03512586,0
0.03141461,0
0.07939533,0
0.053211417,0
0.18242973,0
0.23374821,0
0.16924015,0
0.20748937,0
0.26809308,0
0.23251475,0
0.23849827,0
0.14039777,0
0.0068835164,0
0.23999764,0
0.178247,0
0.02218356,0
0.3469283,0
0.0049307114,0
0.11473086,0
0.03875701,0
0.9087962,1
0.10196359,0
0.5840811,0
0.18161891,0
0.006290236,0
0.19768868,0
0.6990704,0
0.014722837,0
0.022801021,0
0.06400513,0
0.91589856,1
0.57462484,0
0.4900879,0
0.35845572,0
0.66921216,0
0.42613772,0
0.16692212,0
0.2137543,0
0.19320966,0
0.025886856,0
0.16221441,0
0.68842745,0
0.011810939,0
0.015265142,0
0.1966663,0
0.030335853,0
0.03132778,0
0.6650805,1
0.064011514,0
0.030385282,0
0.4100213,0
0.1298551,0
0.4417488,0
0.81817424,0
0.18193834,0
0.026695093,0
0.011296837,0
0.015899682,0
0.0051244996,0
0.44600812,0
0.3469776,1
0.5764108,0
0.32600796,0
0.24380745,0
0.83305764,1
0.80384344,0
0.0931877,0
0.8977832,1
0.088548005,0
0.22732702,0
0.097838484,0
0.38847983,0
0.19122376,0
0.42023405,0
0.034517527,0
0.15282215,0
0.05120408,0
0.15067069,0
0.13985486,0
0.32978064,0
0.77038485,0
0.6002256,1
0.06985256,0
0.023820532,0
0.12911536,0
0.042255327,0
0.003975975,0
0.10278041,0
0.24119096,0
0.0039345287,0
0.50819826,0
0.084414996,0
0.1171021,0
0.19802469,0
0.04969599,0
0.07917352,0
0.08248432,0
0.060128983,0
0.57682765,1
0.43022943,0
0.11162873,0
0.47020608,0
0.3281298,0
0.32164365,0
0.13345969,0
0.10581115,0
0.15435947,0
0.020401454,0
0.044754345,0
0.8142841,1
0.073651865,0
0.008070407,0
0.006517474,0
0.49795112,0
0.005841966,0
0.75895244,1
0.36698648,1
0.009106423,0
0.22900473,0
0.02935758,0
0.35535395,0
0.017420694,0
0.36713773,1
0.07770156,0
0.030472053,0
0.43342367,0
0.7225977,0
0.022972114,0
0.010551067,0
0.11955197,0
0.058613673,0
0.05583787,0
0.043260545,0
0.2357107,0
0.20189725,0
0.48562974,0
0.8994316,1
0.07028389,0
0.46317127,0
0.16260736,0
0.13513559,0
0.49458608,0
0.20053461,0
0.387585,0
0.288367,0
0.2995127,0
0.13396724,0
0.36811167,0
0.019839996,0
0.068733625,0
0.006171191,0
0.0022367332,0
0.13048188,0
0.91207623,1
0.17474774,0
0.0052829296,0
0.02403,0
0.056957223,0
0.03434067,0
0.34551954,0
0.03561507,0
0.24495032,0
0.02173996,0
0.06486555,0
0.17805438,1
0.1373536,0
0.7667717,1
0.06781288,0
0.44565913,0
0.018201584,0
0.0358161,0
0.020820754,0
0.19426084,0
0.05203043,0
0.00076018873,0
0.037947517,0
0.016814308,0
0.008341212,0
0.1698602,0
0.28161818,0
0.71084344,0
0.7056303,0
0.019509044,0
0.07717448,0
0.18036862,0
0.030487912,0
0.1729482,0
0.5031746,1
0.0019292195,0
0.04010151,0
0.078777075,0
0.11601981,0
0.12487614,0
0.031488616,0
0.011762285,0
0.07273282,0
0.02474718,0
0.8566448,0
0.34365663,0
0.4544596,0
0.01779291,0
0.023102768,0
0.46082106,0
0.31237426,0
0.37236556,0
0.014085741,0
0.25036225,0
0.026756495,0
0.017964283,0
0.38387948,0
0.28436637,0
0.20759396,0
0.27750427,0
0.4555279,0
0.51832753,0
0.11488394,0
0.010256266,0
0.12651952,0
0.6215788,0
0.013214468,0
0.20630859,0
0.11525915,0
0.1206592,0
0.1321948,0
0.4017152,0
0.08039716,0
0.11566573,0
0.35073784,0
0.22755402,0
0.06814782,0
0.48873895,0
0.14072971,0
0.056012444,0
0.45965478,0
0.01906172,0
0.7083911,0
0.55020624,1
0.16139634,0
0.00514084,0
0.02780873,0
0.024391769,0
0.14649503,0
0.6968851,0
0.04409253,0
0.4520677,0
0.065661535,0
0.15044041,0
0.10444962,0
0.6418821,1
0.024077496,0
0.17222837,0
0.13944204,0
0.016638586,0
0.10643002,0
0.07393676,0
0.123632416,0
0.88550746,0
0.39923418,0
0.3337615,0
0.09809122,0
0.07496604,0
0.13028441,0
0.58033776,0
0.4408075,0
0.06501715,0
0.6954919,0
0.6587998,0
0.8075994,1
0.017577847,0
0.025591878,0
0.036375754,0
0.05089988,0
0.7224165,1
0.03389346,0
0.6635421,0
0.90476143,1
0.15524966,0
0.065043114,0
0.015922552,0
0.025338842,0
0.07452855,0
0.16512483,0
0.76465833,0
0.7668428,0
0.10328792,0
0.2329377,0
0.09824058,0
0.8001008,0
0.025738776,0
0.054941263,0
0.09075186,0
0.21002696,0
0.13408612,0
0.6707484,0
0.17663072,0
0.03197728,0
0.09369206,0
0.052071422,0
0.4738759,1
0.023597725,0
0.014798201,0
0.58153284,0
0.57488644,1
0.033122256,0
0.10333331,0
0.8491554,0
0.03424758,0
0.0076690638,0
0.5463697,0
0.007107669,0
0.6013174,0
0.54725903,0
0.11129076,0
0.5449755,0
0.49415785,0
0.21959683,0
0.020432247,0
0.0034708637,0
0.0195583,0
0.08762417,0
0.02353203,0
0.04836501,0
0.007554038,0
0.11278302,0
0.047073685,0
0.010384438,0
0.042321477,0
0.3889473,0
0.019580925,0
0.23622403,0
0.07498507,0
0.023127967,0
0.2941961,0
0.083599895,0
0.042557113,0
0.6031324,0
0.025366701,0
0.022155026,0
0.03135196,0
0.69269973,1
0.6747665,1
0.5420247,0
0.035578776,0
0.033043787,0
0.08687351,0
0.035754167,0
0.4115141,1
0.41423228,0
0.72008187,0
0.048203573,0
0.01793898,0
0.0481379,0
0.21856229,0
0.47021392,0
0.7743469,0
0.4841746,0
0.73700106,1
0.23529,1
0.035724793,0
0.0741682,0
0.14030601,0
0.28154516,1
0.16151191,0
0.02539009,0
0.0019131573,0
0.28780913,0
0.051322393,0
0.011038613,0
0.21702504,0
0.036888264,0
0.0011894788,0
0.20696075,0
0.027929842,0
0.4984374,0
0.45200807,0
0.06562062,0
0.037627652,0
0.022789503,0
0.49604946,0
0.1094124,0
0.01629309,0
0.7051892,1
0.070834324,0
0.19036911,0
0.08780302,0
0.0015190055,0
0.005352235,0
0.114152424,0
0.7371971,0
0.11111158,0
0.021882646,0
0.0026909758,0
0.1517053,1
0.86112,1
0.8094423,1
0.31853896,0
0.16006193,0
0.25668776,0
0.036308374,0
0.027907742,0
0.7454163,0
0.037796132,0
0.013174845,0
0.09355445,0
0.25423628,0
0.010723846,0
0.07624014,0
0.13503276,0
0.17949018,0
0.028396688,0
0.051688563,0
0.3732944,0
0.8741095,1
0.22216088,0
0.28564087,0
0.09902626,0
0.035439122,0
0.8880389,1
0.031919565,0
0.17431204,0
0.0024110773,0
0.8999815,1
0.76316977,1
0.08460086,0
0.03394205,0
0.052456744,0
0.13084133,0
0.5685988,0
0.15063354,0
0.6472515,0
0.10395936,0
0.025233375,0
0.031234328,0
0.7329248,1
0.03996459,0
0.27050897,0
0.068134196,0
0.40983757,0
0.066435225,0
0.061561976,0
0.02426638,0
0.04931341,0
0.055094898,0
0.04162049,0
0.17774355,0
0.5069553,0
0.39752978,0
0.089396514,0
0.11118574,0
0.099435024,0
0.8411306,1
0.34950757,0
0.6030139,1
0.35921678,0
0.10734494,0
0.47711146,0
0.59210336,0
0.44066322,0
0.17391248,0
0.10982928,0
0.04336023,0
0.049055785,0
0.46781105,0
0.034460872,0
0.011514449,0
0.29953545,0
0.474235,0
0.06527002,0
0.23954184,0
0.042002387,0
0.32660532,0
0.016228423,0
0.076001324,0
0.08995587,0
0.06615832,0
0.038383562,0
0.026698867,0
0.14640471,0
0.29266077,0
0.5537411,1
0.004914655,0
0.32403678,0
0.19767715,0
0.010778637,0
0.16093656,0
0.85018104,1
0.39187428,0
0.27906856,1
0.23393461,0
0.012582917,0
0.08911514,0
0.48590693,0
0.34212187,0
0.49315593,1
0.28428197,0
0.121593796,0
0.19156991,0
0.8167495,0
0.2200388,0
0.012739975,0
0.17945716,0
0.39601183,1
0.8528975,0
0.6767584,0
0.057593603,0
0.05354731,0
0.33990526,0
0.40586123,0
0.031038297,0
0.38369238,0
0.01233441,0
0.009053424,0
0.03656169,0
0.048104655,0
0.0037404774,0
0.036983237,0
0.037570152,0
0.15727916,0
0.7423526,0
0.17669152,0
0.18973064,0
0.19347782,0
0.083340906,0
0.06463655,0
0.4957328,0
0.038441446,0
0.26877406,0
0.0567935,0
0.4750922,0
0.17119497,0
0.66871446,1
0.0069078607,0
0.10629228,0
0.09961222,0
0.07176712,0
0.5154494,0
0.06255622,0
0.016199414,0
0.011334559,0
0.84745276,0
0.4307315,0
0.1204241,0
0.018739818,0
0.071583614,0
0.25573874,1
0.072237566,0
0.006496248,0
0.009352961,0
0.01871638,0
0.08345759,0
0.073607065,0
0.013001508,0
0.05076288,0
0.091145895,0
0.78216773,0
0.17182125,0
0.08075662,0
0.003582011,0
0.24230224,0
0.26854417,0
0.2637316,0
0.01688097,0
0.7718344,0
0.4532457,0
0.021047022,0
0.5812924,0
0.29044205,0
0.026197474,0
0.0010569093,0
0.03411824,0
0.6320646,0
0.10491362,0
0.31307468,0
0.72320235,0
0.123193264,0
0.41597688,0
0.29674208,1
0.055102367,0
0.10763126,0
0.008022567,0
0.2317247,0
0.2670376,0
0.006726486,0
0.49521545,0
0.70621574,1
0.0055402904,0
0.14233379,0
0.15852188,0
0.50770915,1
0.7251148,0
0.51994115,0
0.040852416,0
0.35268414,1
0.08386386,0
0.12500182,0
0.004642864,0
0.18905373,0
0.4580203,0
0.032941245,0
0.015745,0
0.33769023,0
0.0425233,0
0.06098579,0
0.39917502,1
0.21006986,0
0.37354556,0
0.5463032,0
0.8107847,1
0.029943531,0
0.26116058,0
0.3370105,0
0.059660975,0
0.088321686,0
0.09635456,0
0.5374328,0
0.05228213,0
0.34824768,0
0.79193217,0
0.9060639,1
0.038628787,0
0.89497733,1
0.17720689,0
0.82773405,1
0.8992282,1
0.014555086,0
0.05366315,0
0.21156414,0
0.008355585,0
0.046283726,0
0.021029998,0
0.4688852,0
0.18502963,0
0.2336295,0
0.526653,0
0.094164364,0
0.16257034,0
0.04216317,0
0.12273073,0
0.033410914,0
0.03938116,0
0.6523717,1
0.2328085,0
0.29109135,0
0.46099156,0
0.57312846,0
0.09639629,0
0.15130128,0
0.010051215,0
0.25004882,0
0.615571,0
0.0018036377,0
0.55432016,0
0.067319795,0
0.030083492,0
0.15647544,0
0.14440134,0
0.078048326,0
0.2976417,0
0.13834724,0
0.00056871166,0
0.68340546,1
0.11197799,0
0.14532018,0
0.031836838,0
0.032304283,0
0.03799632,0
0.35814992,0
0.042650327,0
0.07304719,0
0.015858,0
0.7122475,0
0.032624535,0
0.6540301,0
0.4436932,0
0.15562287,0
0.0143810045,0
0.2469275,0
0.15430304,0
0.019144034,0
0.6732946,1
0.4179107,0
0.063524745,0
0.26904872,0
0.30651143,0
0.010697794,0
0.06368426,0
0.023378983,0
0.6622661,1
0.55949736,0
0.62363964,0
0.18713398,0
0.6372309,0
0.6039151,0
0.014260777,0
0.051728766,0
0.26039723,0
0.68450916,0
0.53729194,1
0.9456011,0
0.5984909,0
0.014039211,0
0.014549567,0
0.10738728,0
0.4903061,0
0.04800004,0
0.41305637,0
0.0008394387,0
0.76770216,0
0.48158735,1
0.12915178,0
0.10227081,0
0.30956993,0
0.14337528,0
0.06579653,0
0.0038898732,0
0.09360271,0
0.5442462,1
0.36508334,0
0.029235832,0
0.14185832,0
0.01913621,0
0.08743049,0
0.016368303,0
0.22614922,0
0.083722405,0
0.014857142,0
0.034171738,0
0.006592541,0
0.098024756,0
0.40283024,1
0.032504667,0
0.30755562,0
0.041250795,0
0.19254127,0
0.0998918,0
0.06299254,0
0.0027072437,0
0.10798858,0
0.31964493,0
0.009219971,0
0.66310924,0
0.008468779,0
0.009770599,0
0.058549218,0
0.19587912,0
0.60485303,1
0.23253177,0
0.048068542,0
0.62428707,0
0.21800937,0
0.27058047,0
0.026525931,0
0.24822262,0
0.04123403,0
0.1383554,0
0.2836998,1
0.014906574,0
0.018351624,0
0.05171715,0
0.7772722,0
0.007676652,0
0.3048633,0
0.84143376,0
0.6772279,1
0.10103716,0
0.57209355,0
0.23225933,0
0.71096474,0
0.14458229,0
0.0027374693,0
0.0067797997,0
0.41327998,0
0.0024307545,0
0.49116415,0
0.47647184,1
0.008802542,0
0.019656971,0
0.125755,0
0.066971615,0
0.6062435,0
0.01888759,0
0.017368168,0
0.27132094,0
0.0118644135,0
0.75503814,0
0.54823875,1
0.16462857,0
0.3658646,0
0.02223671,0
0.1743947,0
0.2508729,0
0.9031983,1
0.056707278,0
0.036523774,0
0.27853355,0
0.58139926,0
0.020642908,0
0.8377769,0
0.41503954,0
0.48875183,0
0.09759806,0
0.11193056,0
0.0013130396,0
0.17492412,0
0.088218324,0
0.049661696,0
0.046896882,0
0.4196713,0
0.3756139,0
0.09009238,0
0.18043539,0
0.025002094,0
0.40693426,0
0.04133744,0
0.23205708,0
0.41911146,0
0.02032057,0
0.028517943,0
0.023223367,0
0.22837818,0
0.14694662,0
0.6241126,0
0.09705999,0
0.0032938558,0
0.019996153,0
0.09270093,0
0.6113225,0
0.09087908,1
0.17530997,0
0.03886183,0
0.30398294,0
0.17451663,0
0.031833556,0
0.58381766,0
0.27246693,0
0.64730537,0
0.16585629,0
0.24382475,0
0.06849778,0
0.09300571,0
0.76846236,1
0.1372872,0
0.13779709,0
0.43595466,0
0.11312585,0
0.38066316,0
0.6603604,0
0.75167215,0
0.34570298,0
0.012949563,0
0.069521405,0
0.031624354,0
0.09541602,0
0.8848752,1
0.012823321,0
0.18271802,0
0.1280226,0
0.8482197,0
0.035456892,0
0.065104514,0
0.048304923,0
0.34002328,0
0.09405232,0
0.13750602,0
0.76124054,0
0.17088702,0
0.27073163,0
0.12317666,0
0.018664047,0
0.51488274,0
0.15917096,0
0.9837096,1
0.71711105,1
0.039613586,0
0.22883476,0
0.013203294,0
0.46215898,0
0.73530096,0
0.22324473,0
0.0909889,0
0.38178703,0
0.017852709,0
0.23141396,0
0.19543706,0
0.39978534,0
0.2749967,0
0.18820526,0
0.19321032,0
0.59488916,0
0.70711243,0
0.4140974,1
0.0014378635,0
0.35014635,0
0.14571117,0
0.013932605,0
0.20824702,0
0.085610986,0
0.10832936,0
0.038197707,0
0.1291937,0
0.33552542,0
0.15718193,0
0.27385366,0
0.34637734,0
0.06606758,0
0.26260862,0
0.021278508,0
0.066200644,0
0.012220709,0
0.24556208,0
0.14378205,0
0.06204925,0
0.006005776,0
0.74429876,1
0.04359537,0
0.2192483,0
0.5024585,0
0.2040154,0
0.02788077,0
0.009624644,0
0.9131156,1
0.9238444,1
0.79742455,0
0.10756425,0
0.15048936,0
0.01133037,0
0.32812256,0
0.15886627,0
0.48117912,0
0.6966966,0
0.0078024585,0
0.27094492,0
0.07151212,0
0.25382856,0
0.35297462,1
0.41298568,0
0.0014992508,0
0.15464444,0
0.12668508,0
0.76133835,1
0.28132734,0
0.008629321,0
0.03710741,0
0.0032598053,0
0.050226666,0
0.008650645,0
0.11033659,0
0.2698689,0
0.10643872,0
0.00843106,0
0.13356775,0
0.17480783,0
0.26390076,0
0.091360286,0
0.034905285,0
0.104023695,0
0.08702128,0
0.01924749,0
0.0053578652,0
0.332392,0
0.087159425,0
0.1792111,0
0.36494488,0
0.062941834,0
0.009277612,0
0.054440428,0
0.31478724,0
0.52238244,0
0.67077386,0
0.101578094,0
0.17240354,0
0.09086256,0
0.03380986,0
0.72019386,0
0.24420346,0
0.21933547,0
0.011796044,0
0.5673894,0
0.48295045,0
0.012291052,0
0.2617629,0
0.34511715,0
0.86070657,1
0.8916946,1
0.038113996,0
0.17250617,0
0.33710355,0
0.012832698,0
0.085073896,0
0.054551706,0
0.1334093,0
0.6474199,1
0.3085716,0
0.2715659,0
0.009527065,0
0.038225256,0
0.032604054,0
0.43129632,0
0.09732991,0
0.18146566,0
0.05687485,0
0.6872522,0
0.766398,1
0.029472705,0
0.6444674,0
0.31281003,0
0.01261953,0
0.42034608,1
0.37367374,0
0.05054556,0
0.33754456,0
0.023945551,0
0.23082282,0
0.11559693,0
0.68319803,0
0.0042784605,0
0.16184549,0
0.23941784,0
0.3123388,1
0.12405182,0
0.7412289,0
0.15435478,0
0.12844396,0
0.034048118,0
0.033621676,0
0.44164008,1
0.051701546,0
0.385929,0
0.015166612,0
0.060183823,0
0.49489722,0
0.1929219,0
0.15827413,0
0.02128611,0
0.057298828,0
0.86511356,1
0.1755853,0
0.5796192,1
0.057331044,0
0.23057513,0
0.015204807,0
0.33792716,0
0.3678607,0
0.07703788,0
0.16654645,0
0.14724083,0
0.20617191,0
0.16613226,0
0.03768726,0
0.13156132,0
0.19281511,0
0.302703,0
0.0087971315,0
0.02334137,0
0.019073682,0
0.10291253,0
0.08300952,0
0.09852678,0
0.08015536,0
0.05967819,0
0.53760624,0
0.0065029543,0
0.1327568,0
0.11908064,0
0.8151244,1
0.04118596,0
0.24356025,0
0.8057369,1
0.025957093,0
0.6618636,1
0.040375654,0
0.5048874,0
0.004413106,0
0.027022129,0
0.085937135,0
0.7844651,1
0.13787217,0
0.6405636,1
0.023564484,0
0.55327046,0
0.14448775,0
0.6920223,1
0.7682879,1
0.013541062,0
0.9589842,1
0.30963454,0
0.25253415,0
0.03104419,0
0.009930951,0
0.6721007,1
0.09899395,0
0.021071889,0
0.010783734,0
0.08640825,0
0.68555987,0
0.790078,0
0.24983345,0
0.0076487907,0
0.78320396,1
0.03505733,0
0.2333241,0
0.49533594,0
0.1276419,0
0.067189515,0
0.19223727,0
0.009975448,0
0.7699704,0
0.5261851,0
0.28321525,0
0.1291043,0
0.0953875,0
0.010401824,0
0.40712544,0
0.23456801,0
0.40116197,0
0.10738942,0
0.09847749,0
0.095999956,0
0.15853709,1
0.083168544,0
0.05557596,0
0.09326348,0
0.19540925,0
0.10645958,0
0.09364946,0
0.034824148,0
0.39982605,0
0.05343724,0
0.2891417,0
0.22091222,0
0.29692316,0
0.020955142,0
0.3272627,1
0.8571153,1
0.30905327,1
0.17146374,0
0.2576042,0
0.80300874,0
0.014861757,0
0.12429957,0
0.05824982,0
0.5550151,0
0.12283816,0
0.08604936,0
0.09537499,0
0.14098494,0
0.7945701,1
0.08373255,0
0.086768016,0
0.06494068,1
0.0034178575,0
0.60999924,0
0.020238819,0
0.7181354,1
0.057406574,0
0.5624764,1
0.2707835,0
0.0065407553,0
0.48288357,0
0.3555054,0
0.3546471,0
0.23663317,0
0.07829523,0
0.5033773,0
0.024167914,0
0.34818813,0
0.91615385,1
0.02339203,0
0.05109528,0
0.018815344,0
0.68969345,0
0.0061323005,0
0.040947285,0
0.763961,1
0.00991052,0
0.019052375,0
0.05754124,0
0.004343743,0
0.018010322,0
0.28056955,0
0.25457194,0
0.103436366,0
0.11154501,0
0.2286787,0
0.51901305,0
0.10521855,0
0.4175673,0
0.097403854,0
0.05301434,0
0.48251855,0
0.5021922,1
0.060115617,0
0.0014969305,0
0.0065637147,0
0.5952418,0
0.7086667,1
0.1365748,0
0.28269213,0
0.14261587,0
0.0741282,0
0.032895673,0
0.003728198,0
0.04978661,0
0.22376925,0
0.1893774,0
0.058677632,0
0.46336284,0
0.017909728,0
0.010791494,0
0.01318094,0
0.089818284,0
0.01333911,0
0.11952837,0
0.045929346,0
0.066169225,0
0.014395624,0
0.8493264,1
0.028903825,0
0.13822272,0
0.07301517,0
0.029159725,0
0.13635437,0
0.5673991,0
0.71859485,0
0.21570928,0
0.109886535,0
0.12753522,0
0.012208553,0
0.043832704,0
0.010832071,0
0.13452198,0
0.45865414,0
0.021158226,0
0.016937288,0
0.21460216,0
0.029227,0
0.13015246,1
0.14030099,0
0.09771004,0
0.0052759736,0
0.03130023,0
0.027901525,0
0.18362696,0
0.387173,1
0.5307265,0
0.0093927765,0
0.16918918,0
0.024241414,0
0.8191265,1
0.07927627,0
0.12492679,0
0.5740454,0
0.21626085,0
0.2868906,0
0.05473826,0
0.69768935,0
0.03248893,0
0.5609413,0
0.08166758,0
0.4736949,0
0.7461884,1
0.027752053,0
0.23887463,0
0.053086422,0
0.25772345,0
0.24528912,0
0.15567535,0
0.66017306,0
0.3278986,0
0.13016815,0
0.05401672,0
0.38897762,0
0.38034743,0
0.12147378,0
0.12064274,0
0.5184945,0
0.8215224,1
0.30310374,0
0.035579666,0
0.25781375,0
0.007661701,0
0.45227107,0
0.04562892,0
0.17118171,0
0.10166796,0
0.040705707,0
0.93191195,1
0.7284912,1
0.49066833,0
0.031563,0
0.055914547,0
0.0055081192,0
0.21077964,0
0.4711273,1
0.15402324,0
0.12334808,0
0.047226623,0
0.011497062,0
0.12032232,0
0.12512954,0
0.027165387,0
0.04040075,0
0.017280763,0
0.051033493,0
0.3654879,0
0.19067699,1
0.13568601,0
0.40044954,0
0.24654782,0
0.024912959,0
0.44457954,0
0.074498236,0
0.057305742,0
0.06407709,0
0.11882784,0
0.12989935,0
0.63884,0
0.1556746,0
0.022994991,0
0.059258483,0
0.011103442,0
0.405264,0
0.04129708,0
0.07335305,0
0.023413613,0
0.0026759976,0
0.24145427,0
0.09729993,0
0.038618695,0
0.1726175,0
0.05928881,0
0.239146,0
0.29978022,0
0.030141251,0
0.08414949,0
0.14908819,0
0.13090871,0
0.84203976,1
0.30630064,0
0.08582517,0
0.050045874,0
0.1412231,0
0.02037956,0
0.34980905,0
0.45420262,0
0.013386235,0
0.3691192,1
0.3998904,0
0.3194819,0
0.17271449,0
0.024947822,0
0.10116506,0
0.41277233,0
0.11754722,0
0.13111086,0
0.2797417,0
0.20515501,0
0.73838294,1
0.008892461,0
0.08394315,0
0.13658282,0
0.5918724,0
0.6951688,0
0.1495455,0
0.026157416,0
0.049285874,0
0.032184787,0
0.18245107,0
0.5821765,1
0.037871312,0
0.050820384,0
0.033073746,0
0.068814375,0
0.06472635,0
0.009837392,0
0.75589836,0
0.0124340225,0
0.17484954,0
0.37664023,0
0.10203791,0
0.04490692,0
0.023011537,0
0.009602711,0
0.37979272,0
0.08082034,0
0.38859746,0
0.042239796,0
0.24326073,0
0.12244167,0
0.095220335,0
0.14504687,0
0.062066,0
0.010264954,0
0.014197724,0
0.030516312,0
0.024365475,0
0.7483132,1
0.3467809,0
0.00834221,0
0.01693509,0
0.0129842935,0
0.5224228,0
0.37288755,0
0.04831869,0
0.41161275,0
0.09519579,0
0.10197905,0
0.26963863,0
0.039452057,0
0.50129104,0
0.37580034,0
0.020931773,0
0.7137307,0
0.2454566,0
0.8159918,0
0.029928654,0
0.12082348,0
0.5556803,0
0.06498465,0
0.10326081,0
0.01414958,0
0.1441524,0
0.72349924,1
0.013266433,0
0.017051503,0
0.05327775,0
0.15954727,0
0.17658319,0
0.03214134,0
0.15169781,0
0.047222838,0
0.03522834,0
0.010807035,0
0.027253557,0
0.46626422,0
0.04772732,0
0.43377608,1
0.0045756428,0
0.023105523,0
0.5488699,0
0.8182089,0
0.00880511,0
0.10103285,0
0.48167506,0
0.006815767,0
0.008882519,0
0.15086275,0
0.08669644,0
0.029002745,0
0.19068556,0
0.0534982,0
0.045476105,0
0.057870347,0
0.096345656,0
0.15261406,0
0.06258244,0
0.096046865,0
0.33436298,0
0.19220826,0
0.17619593,0
0.60889566,0
0.25467756,0
0.05465747,0
0.0095311925,0
0.11563346,0
0.55711865,0
0.8913649,1
0.25208005,0
0.648878,0
0.14103658,0
0.005115253,0
0.03390721,0
0.004167267,0
0.010579944,0
0.6549777,0
0.8418838,1
0.829428,1
0.011470667,0
0.035747383,0
0.575667,0
0.34045133,0
0.3393401,0
0.083072156,0
0.41717649,0
0.5763052,1
0.27647334,0
0.11144797,0
0.0050939424,0
0.005248146,0
0.29420874,1
0.11085334,0
0.038757555,0
0.47534463,0
0.001244445,0
0.13662444,0
0.6362659,0
0.44786194,1
0.082818925,0
0.47900546,0
0.11496224,1
0.048323628,0
0.12013851,0
0.37311834,0
0.66589296,1
0.009777388,0
0.16397373,0
0.19350435,0
0.013821884,0
0.21708807,0
0.098823234,0
0.027949657,0
0.30566978,0
0.038526483,0
0.39537692,0
0.07611343,0
0.10764012,0
0.090661876,0
0.10291344,0
0.11653434,0
0.009029555,0
0.14952257,0
0.06892709,0
0.030879935,0
0.17475499,0
0.051124915,0
0.5615794,1
0.093230054,0
0.38274533,0
0.20258176,0
0.14010018,0
0.0407954,0
0.69280076,0
0.03613615,0
0.038627423,0
0.33820745,0
0.06283915,0
0.10792991,0
0.5030929,0
0.6832605,1
0.4930633,0
0.34651652,0
0.3474285,0
0.35837483,0
0.91128606,1
0.018761037,0
0.044877663,0
0.6349992,0
0.42919773,0
0.0032685723,0
0.89442223,1
0.0060209185,0
0.87030274,1
0.18274291,0
0.046045475,0
0.042328738,0
0.016263884,0
0.09468871,0
0.012006411,0
0.042293813,0
0.32348213,0
0.2115826,0
0.054020315,0
0.03569393,0
0.021530008,0
0.71966946,0
0.23103486,0
0.50886756,0
0.28276876,0
0.7468989,1
0.05234831,0
0.48232245,0
0.22376452,0
0.77473307,1
0.50010335,0
0.03688714,0
0.06705833,0
0.4278636,1
0.14493401,0
0.059250265,0
0.16885816,0
0.034538466,0
0.815088,1
0.13421254,0
0.41209567,0
0.1523655,0
0.47125286,0
0.22594577,0
0.70599455,0
0.020427966,0
0.17727773,0
0.8378576,0
0.64094466,1
0.0818039,0
0.32117036,0
0.49936375,0
0.1241763,0
0.071147054,0
0.13716535,0
0.041197356,0
0.024142845,0
0.8692048,0
0.085719556,0
0.069911264,0
0.0098900385,0
0.6769274,0
0.01050054,0
0.050985225,0
0.023515223,0
0.4460636,0
0.018303068,0
0.64207506,1
0.18024726,0
0.37996906,0
0.10502891,0
0.121452115,0
0.41754162,0
0.31357256,0
0.14930698,0
0.9418355,1
0.56647784,0
0.067286946,0
0.8338116,1
0.012781335,0
0.25878558,0
0.28275114,0
0.073575445,0
0.11059646,0
0.032533154,0
0.06800459,0
0.06444082,0
0.3674259,0
0.5260169,0
0.77805656,1
0.017376568,0
0.5872108,0
0.2622975,1
0.07064545,0
0.39424556,0
0.11707391,0
0.8341964,1
0.44658867,1
0.78106636,0
0.109691784,0
0.08667373,0
0.12434551,0
0.08022567,0
0.14698847,0
0.020645225,0
0.12236366,0
0.4477128,1
0.007879181,0
0.5246536,1
0.01088776,0
0.1072695,0
0.34220606,0
0.021784255,0
0.10395234,0
0.22631197,0
0.029903565,0
0.008611537,0
0.42681456,0
0.041767858,0
0.4482946,0
0.118303984,0
0.023539258,0
0.008837961,0
0.05522313,0
0.03609062,0
0.47014958,0
0.45498443,0
0.0387874,0
0.006029683,0
0.17548086,0
0.19141237,0
0.063333265,0
0.0061658067,0
0.06825678,0
0.4966023,0
0.24462666,0
0.014092775,0
0.12356795,0
0.36655408,1
0.007018964,0
0.42031908,0
0.3049554,0
0.068640456,0
0.28189117,0
0.06534813,0
0.060293827,0
0.2018332,0
0.07008488,0
0.02695839,0
0.589119,0
0.060918145,0
0.03534503,0
0.06411277,0
0.10231929,0
0.075737946,0
0.2974136,0
0.22003403,0
0.02100369,0
0.2680665,1
0.3416992,0
0.7892973,0
0.3059803,0
0.109747484,0
0.7675475,0
0.002023947,0
0.07966339,0
0.014763765,0
0.34663802,0
0.07323806,0
0.039769813,0
0.23686548,0
0.052798294,0
0.6073707,0
0.26257813,0
0.32591534,0
0.16186139,0
0.18193127,1
0.20322438,0
0.09996526,0
0.06124034,0
0.029701104,0
0.10146932,0
0.043672834,0
0.058010507,0
0.075515755,0
0.07242712,0
0.8572176,1
0.01815479,0
0.5974773,0
0.012499625,0
0.17611143,0
0.012350907,0
0.07898995,0
0.071122564,0
0.06310239,0
0.21764505,0
0.62242156,1
0.5632509,1
0.518403,0
0.19770214,0
0.019605149,0
0.57430893,1
0.06531213,0
0.6500116,1
0.00084892643,0
0.26054767,0
0.09215654,0
0.120616496,0
0.65879595,1
0.92532676,0
0.55440634,1
0.11112013,0
0.07921488,0
0.017651903,0
0.6267794,0
0.16489345,0
0.00838542,0
0.64728534,0
0.23138991,0
0.15644419,0
0.119305454,0
0.33281657,0
0.01188068,0
0.3592239,0
0.10167576,0
0.65371114,0
0.11405706,0
0.29390192,0
0.1296197,0
0.13243347,0
0.17475675,1
0.46245417,0
0.03274114,0
0.15056078,0
0.012455693,0
0.009081535,0
0.021631096,0
0.032695565,0
0.4677756,1
0.04807786,0
0.42589247,0
0.12594868,0
0.16545545,0
0.101028256,0
0.44033068,0
0.15942985,0
0.56985205,0
0.60814065,0
0.13586777,0
0.41753247,0
0.15906736,0
0.1168209,0
0.033931434,0
0.14910337,0
0.7535577,0
0.0909218,0
0.4553115,0
0.1707826,0
0.040858746,0
0.035361454,0
0.056645773,0
0.2706121,0
0.009890426,0
0.017175155,0
0.06742505,0
0.22751465,0
0.2218392,0
0.009236184,0
0.10508464,0
0.11630274,0
0.0043916567,0
0.1276796,0
0.30352,0
0.11591942,0
0.7557433,0
0.32750687,0
0.7896607,1
0.055760555,0
0.05460633,0
0.054499123,1
0.014422075,0
0.31032628,0
0.2611852,0
0.47181424,0
0.1757074,0
0.10466685,0
0.5066322,0
0.049309015,0
0.00876698,0
0.020035796,0
0.18837065,0
0.029103905,0
0.032579638,0
0.46582323,1
0.6457167,0
0.19862145,0
0.21121852,0
0.045580104,0
0.7401934,1
0.11592139,0
0.019843716,0
0.5713964,0
0.1525742,0
0.11277441,0
0.12290476,0
0.31053904,0
0.283449,1
0.16464959,0
0.03154607,0
0.0629277,0
0.30134872,0
0.55959463,0
0.17640252,0
0.23303217,0
0.05128301,0
0.4371317,0
0.007896264,0
0.093560465,0
0.35112876,0
0.0234647,0
0.06560617,0
0.07342471,0
0.2982676,0
0.2054699,0
0.0044316985,0
0.011336867,0
0.04853668,0
0.7407723,0
0.07000869,0
0.20400621,0
0.71053547,0
0.044353176,0
0.14442994,0
0.05793034,0
0.03404445,0
0.05292086,0
0.41869268,1
0.01945982,0
0.5135857,0
0.26964837,0
0.7119963,0
0.39818406,0
0.85340565,1
0.08384926,0
0.035676673,0
0.12524989,0
0.06257568,0
0.29619697,0
0.35836393,0
0.0652103,0
0.103492014,0
0.0014329979,0
0.8248503,1
0.4084954,0
0.018577807,0
0.08183542,0
0.4786053,0
0.16716112,0
0.22484732,0
0.28284013,0
0.87843305,0
0.008075689,0
0.24234588,0
0.10997065,0
0.9274678,1
0.81329256,1
0.16831186,0
0.13265064,0
0.05120363,0
0.8925277,1
0.049650557,0
0.029928451,0
0.8764457,1
0.02260384,0
0.07261956,0
0.012209748,0
0.07840983,0
0.093941346,0
0.38424027,0
0.247159,0
0.008479304,0
0.44465274,1
0.17811947,0
0.9019031,1
0.14376059,1
0.46131194,0
0.069603056,0
0.40658468,0
0.46188563,0
0.6001101,0
0.038386147,0
0.03237813,0
0.36093545,1
0.7883163,0
0.8389189,1
0.047839608,0
0.047866672,0
0.49753338,0
0.0562224,0
0.19177885,0
0.015807431,0
0.0050974744,0
0.43246853,0
0.8272237,0
0.58426976,0
0.59878516,1
0.01621541,0
0.08913204,0
0.42727527,0
0.65952826,0
0.49766928,0
0.687306,1
0.7036195,1
0.13290043,0
0.019236377,0
0.15119112,0
0.048564505,0
0.009797468,0
0.18645267,0
0.21337241,0
0.058530785,0
0.34217054,0
0.39101398,0
0.78940433,0
0.52295667,0
0.035510305,0
0.3191111,0
0.018308625,0
0.0016337414,0
0.9053029,0
0.34380433,0
0.12210812,0
0.541863,1
0.8116485,1
0.5187601,0
0.5133395,0
0.42847258,0
0.43355027,0
0.33186188,0
0.118978165,0
0.20649798,1
0.3058993,0
0.030750528,0
0.31922874,0
0.43970847,0
0.16164072,0
0.0096902605,0
0.020278184,0
0.03390456,0
0.24500446,0
0.080357976,0
0.04585557,0
0.051713202,0
0.032281924,0
0.023257442,0
0.2668409,0
0.048619118,0
0.8044062,1
0.6843058,0
0.055784136,0
0.19788033,0
0.49309796,0
0.013783685,0
0.13851672,0
0.5684285,0
0.8898392,1
0.43419513,0
0.46236485,0
0.28152135,0
0.30173478,0
0.514693,0
0.4436118,0
0.056868784,0
0.005320612,0
0.40285265,0
0.08652985,0
0.0017352774,0
0.77850544,0
0.05309292,0
0.017774787,0
0.12581275,0
0.022463985,0
0.40342984,1
0.05725704,0
0.14446592,0
0.0724496,0
0.16133744,0
0.039669238,0
0.044697706,0
0.17509498,0
0.044794317,0
0.020428922,0
0.0044216746,1
0.1849166,0
0.027368315,0
0.51726115,0
0.21773408,0
0.3989777,0
0.08117914,0
0.014867986,0
0.04192697,0
0.0008375064,0
0.4576338,0
0.016797055,0
0.05032617,0
0.051394943,0
0.041358743,0
0.21799591,0
0.023553044,0
0.04796479,0
0.010554347,0
0.006941057,0
0.11569095,0
0.14511319,0
0.6370519,1
0.20281644,0
0.67969894,0
0.41808733,1
0.5335474,0
0.016714795,0
0.03530772,0
0.1529172,0
0.16651008,0
0.16578469,0
0.04655498,0
0.24698313,0
0.2079768,1
0.16869475,0
0.66183263,0
0.4225398,0
0.007314613,0
0.32340577,0
0.03531075,0
0.3218761,0
0.60601443,0
0.5927389,0
0.59087455,1
0.73132783,1
0.13569945,0
0.19073191,0
0.5696781,1
0.21652603,0
0.009939098,0
0.36402124,0
0.07976749,0
0.11952056,0
0.10050469,0
0.049024995,0
0.026640862,0
0.69464725,1
0.21165647,0
0.47351223,0
0.24099539,0
0.105090804,0
0.12157115,0
0.36316597,1
0.058630913,0
0.7141752,1
0.17981355,0
0.39672434,0
0.3840177,0
0.46476007,0
0.07403601,0
0.015471243,0
0.628371,0
0.023025844,0
0.03141791,0
0.3691798,0
0.5738626,0
0.2200262,0
0.8621761,1
0.064066604,0
0.94583195,1
0.006429522,0
0.2272901,0
0.20646304,0
0.023785613,0
0.2867158,0
0.15397632,0
0.10775954,0
0.07737142,0
0.25917092,1
0.09841439,0
0.0597284,0
0.3609923,0
0.38923624,0
0.014909143,0
0.2585469,0
0.2133955,0
0.062716655,0
0.11178458,0
0.8860083,1
0.14715782,0
0.6414303,0
0.027706785,0
0.24802326,0
0.024522182,0
0.18053184,0
0.24891073,0
0.81038874,1
0.87563044,0
0.31220308,0
0.16920446,0
0.003357092,0
0.10670675,0
0.31795406,0
0.050369974,0
0.23703478,0
0.09551377,0
0.14345035,0
0.023693204,0
0.07738803,0
0.009970542,0
0.008765654,0
0.31240132,0
0.3189891,0
0.09950714,0
0.0074209124,0
0.0031188312,0
0.042152714,0
0.07956408,0
0.20454244,0
0.027952837,0
0.047199413,0
0.007602577,0
0.011142064,0
0.44746315,1
0.31901446,0
0.013674362,0
0.09680324,0
0.613163,1
0.033453938,0
0.010268549,0
0.08700902,0
0.04607337,0
0.22199179,0
0.6959912,0
0.039638232,0
0.06818823,0
0.027895829,0
0.027726805,0
0.078894414,0
0.015310588,0
0.32383028,0
0.0258407,0
0.13776389,0
0.4151125,0
0.075275294,0
0.124370605,0
0.78392005,1
0.19405226,0
0.3181021,1
0.017610444,0
0.06371868,0
0.4121758,0
0.044844143,0
0.016093435,0
0.35750696,0
0.77923334,1
0.003038764,0
0.08033675,0
0.039181013,0
0.76178986,1
0.22707318,0
0.003246823,0
0.22033629,0
0.048310228,0
0.05039622,0
0.5134798,0
0.025590967,0
0.48803237,1
0.13517755,0
0.31067672,0
0.083504744,0
0.018940378,0
0.04487811,0
0.25509176,0
0.44148123,1
0.035462976,0
0.019179622,0
0.1612446,0
0.06734834,0
0.0038093317,0
0.26320988,0
0.37031773,0
0.4056727,0
0.0074719056,0
0.182515,0
0.8582598,1
0.15386918,0
0.9427591,1
0.08447418,0
0.19317032,0
0.0072124302,0
0.24047686,0
0.854023,1
0.0064427187,0
0.22466823,0
0.76485324,0
0.610706,1
0.08332752,0
0.009980866,0
0.05299728,0
0.0916339,0
0.04958927,0
0.10216121,0
0.008895538,0
0.19606018,0
0.31229088,0
0.29051802,0
0.47025985,0
0.1529717,0
0.12778758,0
0.6250704,0
0.2747615,0
0.3587976,0
0.2099906,0
0.47306398,0
0.3140723,0
0.037071586,0
0.30971387,0
0.07433055,0
0.010857437,0
0.11474858,0
0.5185218,0
0.5707891,0
0.64993507,0
0.1746933,0
0.02392383,0
0.3005661,0
0.0072647957,0
0.56708795,0
0.030493693,0
0.85932386,1
0.8846626,1
0.14210786,0
0.014757718,0
0.16744147,0
0.30703235,0
0.071457416,0
0.50932956,1
0.10626775,0
0.0792663,0
0.20080078,0
0.47058558,0
0.012022854,0
0.12729445,0
0.16383076,1
0.31795403,0
0.07323102,0
0.6092537,0
0.05335796,0
0.08242599,0
0.37221184,0
0.8648167,1
0.76268995,0
0.8239436,1
0.027773513,0
0.08601374,1
0.0033399786,0
0.2230274,0
0.08903101,0
0.20298149,0
0.030946365,0
0.3599763,0
0.19055599,1
0.044571284,0
0.06679369,0
0.5380996,1
0.034579284,0
0.0703118,0
0.503738,0
0.061521925,0
0.25386086,1
0.8880625,1
0.37103188,0
0.054063022,0
0.15412575,0
0.0364344,0
0.015102977,0
0.18220364,0
0.10403327,0
0.0056995885,0
0.26847374,0
0.06804526,0
0.6896882,0
0.028665058,0
0.017780066,0
0.4330804,0
0.12420778,0
0.21292084,0
0.13923673,0
0.51152647,0
0.005609342,0
0.07296591,0
0.83136696,0
0.6858907,0
0.024850849,0
0.031112172,0
0.0082659125,0
0.38025734,0
0.03101407,0
0.059864648,0
0.18276742,0
0.46848458,0
0.35357356,0
0.06047652,0
0.39303556,0
0.3249272,1
0.37523168,1
0.6995079,0
0.8287583,0
0.05769303,0
0.05643007,0
0.08269067,0
0.025808591,0
0.01841618,0
0.2901201,0
0.45233712,0
0.6235512,0
0.007916158,0
0.10468758,0
0.056993704,0
0.17622672,0
0.16261466,0
0.32196277,0
0.13768744,0
0.098085046,0
0.47135973,1
0.8777782,1
0.28234023,0
0.03519715,0
0.0070267883,0
0.10334234,0
0.16462003,0
0.02220987,0
0.45767176,0
0.118191175,0
0.053098097,0
0.036615837,0
0.18479525,0
0.48741013,0
0.73760045,0
0.92780817,1
0.16457997,0
0.013898516,0
0.038060643,0
0.020441692,0
0.38324872,0
0.12366966,0
0.024137694,0
0.009385654,0
0.34287846,0
0.2687587,0
0.28794342,0
0.10840536,0
0.53372276,1
0.46027473,0
0.34695467,0
0.20460978,0
0.10748985,0
0.028929427,0
0.1483294,0
0.013759651,0
0.5326841,0
0.052894574,0
0.029594537,0
0.15942363,0
0.042893667,0
0.19705428,0
0.090266764,0
0.030922163,0
0.41034725,0
0.17456384,0
0.2939216,0
0.06764913,0
0.15506226,0
0.105728455,0
0.31179658,0
0.117178366,0
0.005655292,0
0.022599448,0
0.7251018,0
0.48529986,0
0.09948207,0
0.047932204,0
0.038728315,0
0.39063963,0
0.02346541,0
0.3712019,0
0.1077446,0
0.053566307,0
0.12485652,0
0.50798917,0
0.9071647,1
0.80907035,0
0.006061801,0
0.6941311,1
0.16982917,0
0.054296378,0
0.015885714,0
0.02556177,0
0.08921858,0
0.13310657,0
0.033436187,0
0.8493573,0
0.10162609,0
0.06259958,0
0.011741192,0
0.11453074,0
0.7514391,1
0.027455745,0
0.20257516,0
0.16795853,0
0.0720771,0
0.014037099,0
0.10728311,0
0.8413469,1
0.3664653,0
0.015967961,0
0.48472303,1
0.12248688,0
0.008717085,0
0.14969636,0
0.07603212,0
0.26635498,0
0.21914643,0
0.8408272,1
0.8523357,1
0.8358854,1
0.8152589,0
0.28933346,0
0.10665975,0
0.10890964,0
0.04245392,0
0.34252742,0
0.28239995,0
0.06617322,0
0.0033776204,0
0.28926176,0
0.2342524,0
0.048452478,0
0.029954309,0
0.1479519,0
0.11473058,0
0.7280899,1
0.07098152,0
0.10778861,0
0.40209627,0
0.29786056,0
0.85478896,1
0.1611044,0
0.1931338,0
0.30106375,0
0.012492123,0
0.019945303,0
0.33599636,0
0.013870247,0
0.103711106,0
0.02724795,0
0.02202249,0
0.37272498,1
0.0072954674,0
0.2082328,0
0.8195885,0
0.0050881435,0
0.8863738,1
0.008578576,0
0.069345616,0
0.012832215,0
0.76566535,1
0.17272854,0
0.0777062,0
0.053191055,0
0.062458757,0
0.0161317,0
0.027986234,0
0.012473337,0
0.36215448,0
0.028854268,0
0.056759857,0
0.008595975,0
0.6282989,0
0.012041912,0
0.25579235,0
0.006224185,0
0.006638707,0
0.37521774,0
0.20847347,0
0.17019169,0
0.6101435,1
0.22649437,0
0.4752118,0
0.3164426,0
0.4579686,0
0.084882006,0
0.62790084,0
0.044069868,0
0.022783475,0
0.035960767,0
0.08924924,0
0.014409832,0
0.036080766,0
0.18455832,0
0.08400144,0
0.014834708,0
0.057226315,0
0.33193177,0
0.13903081,0
0.62233,0
0.1540596,0
0.94061893,1
0.22311512,0
0.007039339,0
0.63413364,0
0.038530964,0
0.06935083,0
0.049912713,0
0.038231716,0
0.11361677,0
0.025072206,0
0.0070799743,0
0.064281665,1
0.25087404,0
0.21868938,0
0.58077514,0
0.78998816,0
0.03981535,0
0.18211848,0
0.18235749,0
0.20763084,0
0.16867888,0
0.18025014,0
0.01002046,0
0.016303174,0
0.85658914,1
0.048256103,0
0.06812539,0
0.100206025,0
0.046988264,0
0.025238577,0
0.14036065,0
0.75832933,1
0.06902978,0
0.5381387,0
0.4885782,0
0.084037475,0
0.06097901,0
0.4024375,0
0.028473891,0
0.10514475,1
0.139887,0
0.0024205097,0
0.27650887,0
0.1420953,0
0.15669407,0
0.93820804,1
0.6869523,0
0.21174781,1
0.19204532,0
0.58835095,0
0.5688758,0
0.011343074,0
0.31790334,0
0.04275585,0
0.16374628,0
0.10409398,0
0.03122558,0
0.11095739,0
0.001721395,0
0.037725355,0
0.011808807,0
0.026622977,0
0.81912243,1
0.7293924,0
0.15787227,0
0.0386621,0
0.7515845,0
0.032454967,0
0.1472983,0
0.3908901,0
0.1734762,0
0.01636517,0
0.02295049,0
0.20140162,0
0.77105594,0
0.644956,0
0.17167829,0
0.053795602,0
0.044019673,0
0.3804127,0
0.13144636,0
0.37212557,0
0.054889318,0
0.07504645,0
0.35248327,0
0.26934725,0
0.103733644,0
0.21410547,0
0.07052316,0
0.22710371,0
0.24941432,0
0.02494383,0
0.91658384,1
0.24803273,0
0.5379369,0
0.29740912,0
0.30179623,0
0.09095515,0
0.34945044,0
0.2871014,0
0.11524746,0
0.45445758,0
0.030261934,0
0.019006964,0
0.068200774,0
0.76124066,1
0.09946225,0
0.06465401,0
0.36981645,0
0.7796999,1
0.7616745,0
0.36582854,0
0.019690532,0
0.20099331,0
0.062367845,0
0.029470868,0
0.38793787,0
0.050593577,0
0.1457793,0
0.75883603,0
0.027473997,0
0.15536675,0
0.027847366,0
0.8158342,1
0.13037688,0
0.020655608,0
0.64930093,0
0.21964353,0
0.052277755,0
0.26484054,0
0.23987044,0
0.2596759,0
0.15866733,0
0.05464659,0
0.32224894,1
0.0021797805,0
0.52145517,0
0.61868197,0
0.019885564,0
0.6010356,0
0.1647175,0
0.026890004,0
0.25079396,0
0.030131055,0
0.30773818,1
0.24713518,0
0.057551846,0
0.43976316,0
0.03780195,0
0.10361717,0
0.30341992,0
0.15274636,0
0.013691126,0
0.06728737,0
0.018886132,0
0.0019913502,0
0.13043372,0
0.72432965,0
0.09749736,0
0.028901825,0
0.6513564,1
0.13205773,1
0.15614954,0
0.17462741,0
0.111801505,0
0.05801486,0
0.034630466,0
0.7481772,0
0.029302869,0
0.13191359,0
0.36975005,0
0.10124836,0
0.22266282,0
0.8898484,1
0.4086612,0
0.015841354,0
0.1209666,0
0.019292783,0
0.08581718,0
0.120324686,1
0.030071082,0
0.075504236,0
0.37687632,0
0.006291753,0
0.011630697,0
0.10981485,0
0.2850108,0
0.9459929,1
0.112018496,0
0.40445605,1
0.034182306,0
0.56983554,0
0.109361075,0
0.3834779,0
0.579409,0
0.042626325,0
0.9210025,1
0.38299263,0
0.024363695,0
0.20877646,0
0.050036594,0
0.13590384,0
0.6787661,0
0.018252065,0
0.4925925,0
0.70068914,0
0.10361934,0
0.0084372135,0
0.13482413,0
0.002569274,0
0.23435228,0
0.018689575,0
0.046510592,0
0.20489097,0
0.36616546,0
0.3717431,0
0.07379094,0
0.010642997,0
0.031680956,0
0.14421692,0
0.67625296,0
0.74221915,1
0.034542706,0
0.091754615,0
0.21494353,0
0.22637358,0
0.37537068,0
0.0044931173,0
0.03859644,0
0.011515458,0
0.10699811,0
0.045197047,0
0.48612535,0
0.09969764,0
0.7951149,1
0.37472224,0
0.07688422,0
0.4395245,1
0.06843899,0
0.10153386,0
0.087563746,0
0.11591908,0
0.034741107,0
0.05152862,0
0.0545129,0
0.4485677,0
0.10956234,0
0.03418625,0
0.5946245,0
0.007589209,0
0.067970395,1
0.52642155,0
0.33149686,0
0.126411,0
0.04685353,0
0.73733485,1
0.24225353,0
0.0359363,0
0.014186677,0
0.15959622,0
0.18977223,0
0.17078169,0
0.72469634,1
0.032632146,0
0.05763346,0
0.63367516,1
0.0758331,0
0.3271737,0
0.4159232,0
0.0066337087,0
0.8295049,1
0.13434517,0
0.57375836,0
0.37677836,0
0.3488213,0
0.19794136,0
0.044687465,0
0.23986219,1
0.57368016,0
0.43494147,0
0.03311663,0
0.040525198,0
0.50102246,0
0.8976793,1
0.15411505,0
0.061743025,0
0.0031879053,0
0.37561426,0
0.59142405,0
0.45311877,0
0.18965207,0
0.008780856,0
0.1541918,0
0.27741873,0
0.06449399,0
0.32524478,0
0.6657632,1
0.032505337,0
0.038129076,0
0.011241449,0
0.23909172,0
0.6839179,0
0.61242193,1
0.7425413,0
0.046142515,0
0.44914934,0
0.6863879,0
0.8850633,0
0.31992987,0
0.8061203,0
0.4035648,0
0.39445692,0
0.12406011,0
0.40381137,0
0.01878727,0
0.011754678,0
0.7368819,1
0.17266594,0
0.623141,0
0.025356194,0
0.48290554,0
0.11137514,0
0.12321078,0
0.46804178,0
0.4524512,0
0.08307115,0
0.43907753,1
0.050699066,0
0.058305874,0
0.025296904,0
0.034744266,0
0.10666031,0
0.2032772,0
0.040136307,0
0.61094445,0
0.19519638,0
0.22296464,0
0.7278162,0
0.14228213,0
0.05119835,0
0.18097447,0
0.95186996,1
0.12603572,0
0.4190896,0
0.031860128,0
0.678555,0
0.49277446,0
0.76780945,0
0.14609504,0
0.09394277,0
0.0067609684,0
0.061251603,0
0.06752888,0
0.07335138,0
0.60400385,0
0.031077052,0
0.012976132,0
0.5707982,0
0.47575137,0
0.01423395,0
0.7163371,0
0.071545415,0
0.6553063,0
0.18751453,0
0.01033134,0
0.12865698,0
0.6975914,1
0.2761369,0
0.14129362,0
0.15621832,0
0.04426955,0
0.3894336,0
0.2835672,0
0.11232091,0
0.6197818,0
0.6457103,0
0.009355841,0
0.04674241,0
0.3330288,0
0.12794155,0
0.17967428,0
0.023639888,0
0.3238677,0
0.20002234,0
0.139099,0
0.0090196105,0
0.0226851,0
0.18667163,0
0.38639024,0
0.21021931,0
0.22490415,0
0.058623426,0
0.028182678,0
0.10577725,0
0.0137415845,0
0.08881506,0
0.0028038826,0
0.004172631,0
0.20492332,0
0.45957643,0
0.065950334,0
0.6261364,1
0.23636098,0
0.17324823,0
0.045819003,0
0.013718106,0
0.51691383,0
0.140296,0
0.00833488,0
0.017549848,0
0.17476884,0
0.029801048,0
0.030901656,0
0.02420158,0
0.30066007,0
0.0121558765,0
0.6753796,1
0.09355243,0
0.047880124,0
0.06813402,0
0.024520412,0
0.38953847,0
0.09744216,0
0.07668579,0
0.2844986,0
0.116911866,0
0.022508433,0
0.035906173,0
0.045198355,0
0.15038395,1
0.5352248,0
0.40944478,0
0.3458832,0
0.017061142,0
0.18631506,0
0.44615254,0
0.68219566,1
0.1429746,0
0.6295913,1
0.57452196,0
0.027300658,0
0.81854516,1
0.48704132,0
0.32277912,0
0.08047592,0
0.08627351,0
0.30372858,0
0.47641453,0
0.059076004,0
0.20312135,0
0.24662015,0
0.026562545,0
0.015504856,0
0.46429464,0
0.12476183,0
0.6351694,0
0.18530805,0
0.7567781,0
0.05792827,0
0.14183198,0
0.03381538,0
0.78567725,0
0.8780139,1
0.15936573,0
0.8052669,0
0.026927412,0
0.14232579,0
0.09649101,0
0.04621757,0
0.3177755,0
0.35082954,0
0.50456446,0
0.007030032,0
0.28898126,0
0.024229748,0
0.10349862,0
0.19368641,0
0.8022374,0
0.106723145,0
0.08827855,0
0.17525245,0
0.18163045,0
0.01712903,0
0.0479045,0
0.73955727,1
0.7259117,0
0.41858643,0
0.16410378,0
0.09516478,0
0.071899205,0
0.359283,0
0.26378036,0
0.3319917,0
0.047873363,0
0.074986465,0
0.37616664,0
0.043249235,0
0.37229198,0
0.14982852,0
0.5929437,0
0.044737753,0
0.7496193,0
0.02830574,0
0.007442679,0
0.11453673,0
0.06524095,0
0.05286997,0
0.119982444,0
0.14591223,0
0.3598837,0
0.3240182,0
0.6965989,1
0.10251576,0
0.057152513,0
0.27936658,0
0.11097334,0
0.35548782,0
0.014592306,0
0.17648712,0
0.0062422673,0
0.077736236,0
0.3287515,0
0.06278796,0
0.023270369,0
0.08343426,0
0.008400862,0
0.051545203,0
0.5078169,0
0.093180865,0
0.16390778,0
0.12212224,0
0.0064177564,0
0.032668423,0
0.09800636,0
0.7296504,0
0.08617543,0
0.050577596,0
0.006718119,0
0.06919905,0
0.32549462,0
0.11734303,0
0.08348139,0
0.011708786,0
0.09791077,0
0.17848603,0
0.05019289,0
0.0076312786,0
0.5578412,0
0.012193887,0
0.21768576,0
0.14396034,0
0.33447325,0
0.29522339,0
0.49007672,1
0.0318456,0
0.03078683,0
0.03149501,0
0.13240309,0
0.14767472,0
0.040990487,0
0.16658938,0
0.11045302,0
0.3422174,0
0.081596605,0
0.6118902,0
0.03648096,0
0.14769627,0
0.05331728,0
0.035104495,0
0.18376015,0
0.2263745,1
0.37355438,0
0.020698102,0
0.24573141,0
0.09911728,0
0.40099177,0
0.011626488,0
0.18736325,0
0.5347647,1
0.6398512,0
0.34742612,0
0.012882933,0
0.91654354,1
0.021136925,0
0.08956742,0
0.19737574,0
0.3545689,0
0.0076179253,0
0.5634145,0
0.122268826,0
0.051792964,0
0.0085481815,0
0.42830703,0
0.012809843,0
0.3882974,0
0.041614924,0
0.045103,0
0.017084662,0
0.21519108,0
0.027125312,0
0.6736132,0
0.022470204,0
0.8568376,0
0.11300779,0
0.8143922,1
0.31581438,0
0.8099879,0
0.027518854,0
0.30049983,1
0.004214695,0
0.4100386,1
0.24320474,0
0.014757684,0
0.4613858,0
0.21102062,0
0.044357635,0
0.28475553,0
0.031762246,0
0.13847513,0
0.7722605,1
0.060462683,0
0.5660025,1
0.8306582,0
0.24608943,0
0.2596947,0
0.70043206,1
0.07753667,0
0.0066230646,0
0.6239472,0
0.060306326,0
0.0036153656,0
0.46811062,0
0.6303979,0
0.46975338,0
0.17974426,0
0.047230195,0
0.55329585,0
0.7167482,1
0.32576147,0
0.18231668,0
0.21351843,0
0.007618138,0
0.7327876,1
0.18557914,0
0.5168881,0
0.0374542,0
0.62130946,0
0.2268395,0
0.43266913,0
0.36838007,0
0.59529865,0
0.18473482,0
0.25959858,0
0.15145256,0
0.111199886,0
0.06213333,0
0.020839417,0
0.46703604,0
0.08787369,0
0.8713597,0
0.80500674,1
0.2670174,0
0.865744,1
0.0819467,0
0.48899412,0
0.28234196,0
0.6597084,0
0.06859703,0
0.41471004,0
0.6544995,1
0.31687415,0
0.005409285,0
0.7564786,0
0.005394695,0
0.51814115,0
0.0032804622,0
0.04424309,0
0.71199435,0
0.01369291,0
0.31345433,0
0.037254296,0
0.13924764,0
0.6221996,1
0.022325646,0
0.641153,0
0.0024244646,0
0.6416978,0
0.78763455,1
0.20787981,0
0.07458903,0
0.031816833,0
0.0020537719,0
0.5328789,0
0.18069538,0
0.8434069,1
0.011351574,0
0.076046444,0
0.45868754,0
0.47986817,0
0.27548003,0
0.40871885,0
0.015246238,0
0.03189789,0
0.19581829,0
0.13046698,0
0.07583115,0
0.0069273873,0
0.11731597,0
0.3588129,1
0.74278045,1
0.06307468,0
0.6670288,0
0.09075073,0
0.7904955,1
0.28679964,0
0.10015588,0
0.5605962,0
0.15218967,0
0.18081492,0
0.39842167,0
0.080804385,0
0.6267371,0
0.007991536,0
0.45301688,0
0.0099362265,0
0.7048406,0
0.048537243,0
0.00570939,0
0.2842528,0
0.26681805,0
0.08995267,0
0.51689124,0
0.038351182,0
0.29633206,0
0.11307718,0
0.3444866,0
0.7392399,1
0.2803151,0
0.2243484,0
0.02230657,0
0.02633514,0
0.082612775,0
0.67078084,1
0.010115599,0
0.06944162,0
0.014192906,0
0.030007552,0
0.27984634,0
0.1254729,0
0.027702168,0
0.025327839,0
0.077886716,0
0.0026723973,0
0.04889585,0
0.5862259,0
0.5443174,0
0.73552316,1
0.4232996,0
0.10452806,0
0.044015437,0
0.07875468,0
0.12974095,0
0.8622324,0
0.037185118,0
0.010344108,0
0.01372219,0
0.18916716,0
0.021608451,0
0.608692,1
0.30033952,0
0.14482222,0
0.03183515,0
0.18803398,0
0.008755025,0
0.83778894,1
0.5802291,0
0.009548011,0
0.6186028,0
0.38191894,0
0.19307941,0
0.7908395,1
0.6399378,1
0.113993764,0
0.40977138,1
0.027035141,0
0.047438834,0
0.014235107,0
0.04964521,0
0.17996518,0
0.019487238,0
0.56163925,1
0.028697684,0
0.19164768,0
0.3235241,0
0.10571567,0
0.74463844,1
0.17138003,0
0.20683582,0
0.5918473,0
0.015396641,0
0.25908512,0
0.87081593,1
0.010116612,0
0.2637819,0
0.49504653,0
0.0446534,0
0.08359051,0
0.10891295,0
0.4231954,0
0.14544739,0
0.35166064,0
0.60251945,0
0.097053476,0
0.1719574,0
0.016258078,0
0.06875662,0
0.07533596,0
0.11423447,0
0.23138604,0
0.04736012,0
0.039230783,0
0.7652614,0
0.4859316,0
0.4587082,0
0.8059034,1
0.68715423,0
0.45837334,0
0.23423101,0
0.8236839,0
0.022317924,0
0.011526965,0
0.013067242,0
0.012159295,0
0.013774102,0
0.3509843,0
0.23139861,0
0.1049772,0
0.32893607,0
0.16613932,0
0.042629752,0
0.26311544,0
0.07736507,0
0.10551266,0
0.5478588,0
0.60395646,1
0.054796062,0
0.062594615,0
0.18056038,0
0.12612437,0
0.22923362,0
0.044297207,0
0.08910539,0
0.030458337,0
0.09596063,0
0.005349415,0
0.085449435,0
0.05836877,0
0.025072137,0
0.038260337,0
0.13301878,0
0.6257449,0
0.06025929,0
0.012918017,0
0.006755684,0
0.06619034,0
0.7775312,0
0.4839247,0
0.08443801,0
0.056299176,0
0.11350013,0
0.33767775,0
0.3627975,0
0.14936937,0
0.112482764,0
0.22254515,0
0.7287401,1
0.7015129,1
0.12678991,0
0.021762023,0
0.21768707,0
0.78089976,0
0.5584116,0
0.07949347,0
0.27942333,1
0.023953332,0
0.010654637,0
0.012317169,0
0.16277653,0
0.839701,1
0.28786075,0
0.009359422,0
0.035002284,0
0.33969694,0
0.042686164,0
0.1070108,0
0.111361526,0
0.8344873,1
0.14895849,0
0.13605,0
0.14129773,0
0.41538656,0
0.017207535,0
0.848194,0
0.0055525834,0
0.31955856,0
0.69546,1
0.15691079,0
0.7571066,1
0.7750225,1
0.234086,0
0.7556093,1
0.50004196,0
0.047628928,0
0.6406673,0
0.101012625,0
0.0055856886,0
0.25541326,0
0.21120586,0
0.069338985,0
0.057020146,0
0.03696317,0
0.19306153,0
0.009472094,0
0.0048013786,0
0.12864718,0
0.050590314,0
0.33976725,0
0.6209501,0
0.28269354,0
0.043724712,0
0.4827674,0
0.013172669,0
0.20255248,0
0.5815696,0
0.7556644,0
0.26420468,0
0.025737585,0
0.24805765,0
0.021749865,0
0.6587288,1
0.10265815,0
0.081689686,0
0.39420536,0
0.4549702,0
0.113704816,0
0.08801748,0
0.014437101,0
0.09031595,0
0.35586917,0
0.3356865,0
0.14132683,0
0.462682,1
0.6409188,1
0.37364498,0
0.7562172,0
0.35940215,0
0.6738523,1
0.21743037,0
0.53551745,0
0.17152661,0
0.11003734,0
0.21625923,0
0.038931694,0
0.079773016,0
0.2715575,0
0.4148951,0
0.32196417,0
0.26023242,0
0.12712698,0
0.21608958,0
0.30061194,0
0.5837366,0
0.19508964,0
0.13879122,0
0.05471954,0
0.012396481,0
0.018499544,0
0.034533016,0
0.23138899,0
0.7634043,1
0.5294335,0
0.060393494,0
0.4151,0
0.029482225,0
0.5348838,0
0.0037098993,0
0.022994053,0
0.7999382,1
0.53142715,0
0.051225204,0
0.03317269,0
0.06459649,0
0.07297721,0
0.022811733,0
0.55923283,0
0.060777348,0
0.02124122,0
0.47770017,0
0.0123502435,0
0.030680489,0
0.14658524,0
0.009072652,0
0.09309264,0
0.1908417,0
0.8658026,1
0.03482304,0
0.042410053,0
0.07133072,0
0.49458012,0
0.503136,0
0.17777523,0
0.5135414,0
0.013058752,0
0.022550184,0
0.031607978,0
0.12712952,0
0.59224665,0
0.042470444,0
0.9044085,0
0.0051573743,0
0.10657158,0
0.1037639,0
0.09468238,0
0.21768445,0
0.039397217,0
0.2952627,0
0.045099806,0
0.07628567,0
0.25890976,0
0.35387826,0
0.5110931,0
0.17730053,0
0.22285324,0
0.027878635,0
0.06509749,0
0.21538241,0
0.35964325,0
0.007488686,0
0.006632587,0
0.06929298,0
0.0013619667,0
0.49126574,1
0.31260002,0
0.12559639,0
0.012331053,0
0.31656182,0
0.7016624,0
0.008608244,0
0.46379623,0
0.0051536523,0
0.057367235,0
0.2610655,0
0.5082068,0
0.03668253,0
0.0398592,0
0.008697107,0
0.016156344,0
0.1527369,0
0.026908271,0
0.51458347,0
0.3461428,0
0.04738254,0
0.05132814,0
0.63093275,1
0.20039006,0
0.0057142563,0
0.008247413,0
0.041679796,0
0.32680944,0
0.27519256,0
0.24058639,1
0.9435635,1
0.013178627,0
0.07830058,0
0.0038033957,0
0.020421218,0
0.047865875,0
0.23097095,0
0.569176,0
0.11032088,0
0.6357088,0
0.048497576,0
0.44175372,0
0.6687069,0
0.24503945,0
0.37764034,0
0.049073204,0
0.013174218,0
0.020904351,0
0.070988886,0
0.020321153,0
0.1142661,0
0.028033521,0
0.032715674,0
0.016429333,0
0.03621536,0
0.10303266,0
0.013973773,0
0.047883168,0
0.23241223,0
0.04661287,0
0.025940591,0
0.6721111,1
0.18529503,0
0.072442204,0
0.19971947,0
0.12528984,0
0.13297577,0
0.13626388,0
0.022542179,0
0.14654872,0
0.09506025,0
0.017272651,0
0.02059544,0
0.23870502,0
0.045382142,0
0.26687315,0
0.572384,0
0.12480819,0
0.5397787,0
0.011514736,0
0.42192507,0
0.86191964,1
0.07570781,0
0.0095786145,0
0.5795197,0
0.19575037,0
0.1974754,0
0.0077783098,0
0.2457891,0
0.2986374,0
0.13069373,0
0.55981594,0
0.36841255,0
0.4397598,0
0.033802148,0
0.07267759,0
0.8082812,1
0.019086814,0
0.016378378,0
0.20698845,0
0.18505947,0
0.35619572,0
0.1948404,0
0.07940558,0
0.38070604,0
0.6894787,0
0.028342962,0
0.024405207,0
0.09096753,0
0.027296498,0
0.034365524,0
0.06006413,0
0.83624804,1
0.008358272,0
0.11264035,0
0.10299114,0
0.12918484,0
0.14943339,0
0.7619784,1
0.0034317903,0
0.30565372,0
0.009566291,0
0.84803313,0
0.20246722,0
0.014589754,0
0.47497717,0
0.12877811,0
0.083954066,0
0.10289942,0
0.5197942,0
0.011259569,0
0.047487326,0
0.02490487,0
0.3256996,0
0.45069337,0
0.24908526,0
0.014817707,0
0.12126423,0
0.34703076,0
0.057861835,0
0.56157476,0
0.61242104,1
0.32484567,0
0.10789392,0
0.6483003,0
0.54896545,0
0.017921155,0
0.13647315,0
0.05833147,0
0.7601567,0
0.38710922,0
0.09749912,0
0.90352666,1
0.39779595,0
0.071067385,0
0.09440253,0
0.025101863,0
0.88223314,1
0.5148915,0
0.23828857,0
0.083120726,0
0.4132817,1
0.0081551615,0
0.22126108,0
0.2052207,0
0.56777805,0
0.135286,0
0.2950714,0
0.30702677,0
0.015215748,0
0.028026447,0
0.06623732,0
0.049797643,0
0.16220382,0
0.8754081,1
0.06804931,0
0.021281615,0
0.57274866,0
0.40947965,0
0.701132,1
0.3260186,0
0.0055790944,0
0.0076803686,0
0.52674055,0
0.2961282,0
0.0124932,0
0.10663044,0
0.05516452,0
0.7295568,1
0.1539556,0
0.08303417,0
0.06267961,0
0.64125234,0
0.39342844,0
0.67062926,0
0.0042175483,0
0.07238019,0
0.014296662,0
0.023564966,0
0.29412934,0
0.19821467,0
0.043207377,0
0.075103566,0
0.31440502,0
0.1383689,0
0.23112419,0
0.061076842,0
0.009624403,0
0.50491196,0
0.069606535,0
0.20917125,0
0.27850884,0
0.018488709,0
0.026399659,0
0.46094704,0
0.3069119,0
0.17701691,0
0.005287796,0
0.13408466,0
0.21754467,0
0.027129559,0
0.091591224,0
0.814498,0
0.07949833,0
0.038719915,0
0.2597964,0
0.06402304,0
0.034630626,0
0.003034641,0
0.2470763,0
0.031886645,0
0.044238187,0
0.119122654,0
0.12338851,0
0.014630085,0
0.29525995,0
0.25340623,0
0.10832982,0
0.14822099,0
0.8374426,0
0.23212151,1
0.54253775,0
0.47673884,0
0.29238373,0
0.29062954,0
0.012555055,0
0.10711282,0
0.1410334,0
0.070077434,0
0.13888006,0
0.1728454,0
0.32207757,0
0.21106364,0
0.9057587,1
0.109596305,0
0.74823457,0
0.60023814,0
0.10847005,0
0.54833084,0
0.06798535,0
0.025982218,0
0.031643853,0
0.12871289,0
0.13261434,0
0.4499969,0
0.10278459,0
0.62572575,1
0.31644726,0
0.011191579,0
0.017718198,0
0.326325,0
0.11754324,0
0.05756224,0
0.35851339,0
0.12921196,0
0.02069649,0
0.25644565,0
0.122220516,0
0.58274823,0
0.49299252,0
0.16798642,0
0.109582156,0
0.47721183,0
0.11628346,0
0.63022554,1
0.20449051,0
0.19179077,0
0.103640735,0
0.84699464,0
0.51635915,0
0.24662523,0
0.79445815,1
0.6302486,0
0.64900523,0
0.022636857,0
0.1519402,0
0.013706858,0
0.013808026,0
0.09983011,0
0.13234618,0
0.058164004,0
0.15236494,0
0.42122903,0
0.53767014,1
0.049842346,0
0.048769675,0
0.29889208,0
0.049594026,0
0.70486933,0
0.13259979,0
0.3020238,0
0.47130993,0
0.12087407,0
0.010158192,0
0.25790778,0
0.00467596,0
0.66518617,0
0.25910157,0
0.010056341,0
0.13057843,0
0.28568766,0
0.14665921,0
0.6754214,0
0.23697789,0
0.019512482,0
0.0394412,0
0.27701247,0
0.32767072,0
0.022932224,0
0.17879002,0
0.14230391,0
0.03399529,0
0.032698613,0
0.03530949,0
0.0003273954,0
0.38655376,1
0.06601348,0
0.061303988,0
0.07033993,0
0.036577683,1
0.34162703,0
0.43104163,0
0.1032658,0
0.10402121,0
0.11882113,0
0.875323,1
0.030375743,0
0.7162591,1
0.07413404,0
0.003826648,0
0.3371248,0
0.71834415,1
0.746257,1
0.03576752,0
0.24742785,0
0.0054500764,0
0.58763283,0
0.053393736,0
0.22039346,0
0.29812256,0
0.058808394,0
0.28890577,0
0.58021885,0
0.17148982,0
0.3489404,0
0.3897776,0
0.16204995,0
0.7599071,0
0.55410635,0
0.008081053,0
0.39643937,0
0.13680387,0
0.8471503,1
0.006717381,0
0.0081869615,0
0.013968393,0
0.0036022405,0
0.09982748,0
0.09499407,0
0.06079178,0
0.0446379,0
0.007283287,0
0.65686285,0
0.87724555,1
0.3986156,0
0.45735943,0
0.17467666,0
0.07702841,0
0.0073317024,0
0.7123535,0
0.46744478,0
0.08308,0
0.9182814,1
0.07075291,0
0.021998163,0
0.124059066,0
0.2143189,0
0.23297682,0
0.058691975,0
0.016711747,0
0.044541117,0
0.033586636,0
0.586117,1
0.011907598,0
0.124663904,0
0.83035153,0
0.0022119095,0
0.0100664,0
0.35738346,0
0.022648776,0
0.26769704,0
0.66185063,0
0.33641452,0
0.03261909,0
0.5155772,0
0.36193335,0
0.15407723,0
0.05937637,0
0.6932448,0
0.03742271,0
0.055860013,0
0.047316466,0
0.529571,0
0.80539304,1
0.56963676,0
0.0188013,0
0.022996454,0
0.030026171,0
0.76671433,0
0.01631585,0
0.039084174,0
0.11133623,0
0.092854746,0
0.27323893,0
0.0051251855,0
0.03583019,0
0.49775982,0
0.07227487,0
0.014087052,0
0.020254552,0
0.023358308,0
0.029203583,0
0.31025654,0
0.026428377,0
0.28354838,0
0.37602144,0
0.043347444,0
0.2755013,0
0.13203017,0
0.07110607,0
0.02129946,0
0.08845729,0
0.022905117,0
0.10003689,0
0.18862556,0
0.065437384,0
0.009491513,0
0.21418886,0
0.6661598,0
0.5672043,0
0.08984793,0
0.07976771,0
0.330084,0
0.9030578,1
0.31659484,0
0.8246042,1
0.29181412,0
0.07417311,0
0.36522266,0
0.46054152,0
0.5168205,1
0.44635347,0
0.10105892,0
0.0018318763,0
0.028085979,0
0.14458162,0
0.8297738,1
0.40697482,0
0.32511055,0
0.045286756,0
0.22117965,0
0.11203776,0
0.38840392,0
0.005697524,0
0.39000598,0
0.362464,0
0.5837857,0
0.2699772,0
0.30001873,0
0.09824585,0
0.015328945,0
0.5907548,0
0.044187512,0
0.15874572,0
0.08878798,0
0.221271,0
0.6385786,1
0.688219,1
0.9537269,1
0.026302898,0
0.48165354,0
0.1811611,0
0.20881267,0
0.04150272,0
0.037034124,0
0.06403526,0
0.14268304,1
0.006743971,0
0.1283096,0
0.17090823,0
0.07251165,0
0.5885629,0
0.038818356,0
0.008205924,0
0.024584262,0
0.07264156,0
0.11450426,1
0.4233268,0
0.09291779,0
0.0047441525,0
0.5788608,1
0.0679496,0
0.013943091,0
0.043772113,0
0.028713506,0
0.09900937,0
0.010756061,0
0.3049613,0
0.039698333,0
0.23367591,0
0.073293485,0
0.080635406,0
0.3862425,0
0.47372732,0
0.19856267,0
0.0051023182,0
0.04859075,0
0.0735187,0
0.04861114,0
0.9137322,0
0.7507394,0
0.015695317,0
0.27855507,1
0.04257545,0
0.35329214,0
0.052631136,0
0.32668614,0
0.36376977,0
0.026976164,0
0.071476795,0
0.04284464,0
0.05701588,0
0.17708138,0
0.025932057,0
0.024745177,0
0.075458996,0
0.18291014,0
0.5327655,0
0.64369744,0
0.54189116,0
0.64153165,1
0.15418097,0
0.4959789,0
0.48824456,0
0.0029090522,0
0.13142277,0
0.06579868,0
0.071556404,0
0.20676753,0
0.099034235,0
0.637659,1
0.12120543,0
0.19892596,0
0.4362061,0
0.48861662,0
0.013045203,0
0.14203337,1
0.6079663,0
0.39384964,0
0.204305,0
0.060305666,0
0.17703855,0
0.025131501,0
0.07973152,0
0.11571357,0
0.011707615,0
0.048181288,0
0.5031937,0
0.75533444,0
0.0925637,0
0.012828169,0
0.1697254,0
0.86113816,1
0.18763517,0
0.40254262,0
0.81212765,0
0.56716937,0
0.010182861,0
0.03293952,0
0.37030646,0
0.06072046,0
0.08077423,0
0.070018336,0
0.58967954,0
0.015135163,0
0.7400885,1
0.090681545,0
0.07601693,0
0.6930555,1
0.014503954,0
0.44921917,1
0.011986726,0
0.35458264,1
0.09066991,0
0.14105415,0
0.32792294,0
0.4677426,0
0.35087937,1
0.25946006,0
0.048827007,0
0.012739615,0
0.005325313,0
0.21033862,0
0.4203191,0
0.11627654,0
0.101923935,0
0.08308636,0
0.14374492,0
0.76428217,0
0.017555546,0
0.30850458,0
0.5866453,0
0.26509234,0
0.021993533,0
0.696437,0
0.030531285,0
0.08257456,0
0.07432216,0
0.45286232,0
0.011944582,0
0.029196046,0
0.040572125,0
0.034707498,0
0.22525452,0
0.3880131,0
0.8480558,0
0.04290143,0
0.24374396,0
0.53834605,0
0.07021726,0
0.026714286,0
0.069908924,0
0.29629484,0
0.0320508,0
0.017245712,0
0.3118299,0
0.048923198,0
0.020061376,0
0.09332511,0
0.027217595,0
0.46785885,1
0.14010327,0
0.035780415,0
0.3807487,0
0.27134562,0
0.10526543,0
0.15858847,0
0.46639892,0
0.62437695,0
0.12114402,0
0.009254629,0
0.106151104,0
0.066686764,0
0.043464188,1
0.38415292,1
0.022915117,0
0.27314216,0
0.38485178,0
0.10518729,0
0.010158485,0
0.35650977,0
0.0073325317,0
0.11572848,0
0.2608723,0
0.4869118,0
0.5494262,0
0.10113987,0
0.046039995,0
0.67446244,0
0.8239872,0
0.5302488,0
0.67309004,0
0.07300658,0
0.591593,0
0.110778555,0
0.09179496,0
0.05930307,0
0.0031007773,0
0.0425617,0
0.01585652,0
0.02748221,0
0.022228392,0
0.3974658,0
0.026664998,0
0.19706045,0
0.044353604,0
0.0063103926,0
0.61329097,0
0.19078065,0
0.13097025,0
0.109154366,0
0.64025563,0
0.050148066,0
0.51054984,0
0.0899496,0
0.0044458825,0
0.15005511,0
0.15646029,0
0.09940661,0
0.035101973,0
0.05256833,0
0.18231536,0
0.02511358,0
0.05550314,0
0.4627648,1
0.094845004,0
0.018595908,0
0.40720284,0
0.15319383,0
0.40957928,0
0.20402725,0
0.59136206,0
0.32230383,0
0.00513673,0
0.031396672,0
0.16452757,0
0.15959588,0
0.8225439,1
0.44649324,0
0.013771964,0
0.04848321,0
0.008923398,0
0.87554026,1
0.06911952,0
0.08732126,0
0.0037833378,0
0.20553857,0
0.12224388,0
0.08234929,0
0.010573412,0
0.033942778,0
0.5076677,0
0.007232569,0
0.1012503,0
0.09775253,0
0.05388543,0
0.43918595,1
0.19155124,0
0.32695854,0
0.24711443,0
0.18812464,0
0.67510426,0
0.2618166,0
0.89401203,1
0.015507862,0
0.055334527,0
0.083941996,0
0.06265336,0
0.5596324,1
0.831945,0
0.06431312,0
0.1249195,0
0.4071286,0
0.29841077,0
0.029479701,0
0.11615047,0
0.026555425,0
0.2435605,0
0.82862145,0
0.43814322,0
0.0011474005,0
0.014756998,0
0.010792522,0
0.10382214,0
0.20327693,0
0.011094728,0
0.09858739,0
0.19806305,0
0.34063974,0
0.039536733,0
0.056284513,0
0.9329308,1
0.19882493,0
0.066057324,0
0.39572242,0
0.21542569,0
0.015715484,0
0.0068779574,0
0.02415591,0
0.09681863,0
0.47616875,0
0.0152102625,0
0.4545053,0
0.0866023,0
0.6879861,1
0.06699227,0
0.008224771,0
0.761241,0
0.036405712,0
0.4061786,1
0.32441154,0
0.68887895,1
0.010107648,0
0.05133704,0
0.04782964,0
0.30637068,0
0.003591377,0
0.23068507,0
0.113791764,0
0.79395485,0
0.50868267,0
0.33493036,0
0.0077581755,0
0.04489866,0
0.3661789,0
0.59814626,1
0.32474855,1
0.27677414,0
0.51416373,0
0.8666301,0
0.04046538,0
0.092721544,0
0.029286625,0
0.21076362,0
0.009192052,0
0.4445924,0
0.062371906,0
0.459356,0
0.85127276,1
0.55380374,0
0.058191318,0
0.0099105155,0
0.015227428,0
0.026868345,0
0.026256725,0
0.1041502,0
0.08355974,0
0.0017312206,0
0.023608344,0
0.78037643,1
0.42080972,0
0.034015656,0
0.6599603,0
0.82860214,0
0.7209349,1
0.46882024,0
0.12626904,0
0.57894593,1
0.042834725,0
0.016135968,0
0.13020986,0
0.19645783,0
0.013133002,0
0.59525317,0
0.5581892,0
0.20644547,0
0.44859174,0
0.720049,1
0.5101535,0
0.13881989,0
0.08789608,0
0.12289026,0
0.06634272,0
0.05110404,0
0.020861574,0
0.24952449,0
0.02498578,0
0.07080887,0
0.13705873,0
0.041789107,0
0.33243173,0
0.1959079,0
0.2347342,0
0.80205715,0
0.3983726,0
0.43287024,0
0.74383366,1
0.098519646,0
0.01543252,0
0.06529574,0
0.06289561,0
0.13830179,0
0.047406875,0
0.0064901942,0
0.020800412,0
0.2224018,0
0.88860404,1
0.41412938,0
0.036821857,0
0.3458819,0
0.1671454,0
0.4888509,0
0.05452891,0
0.024885846,0
0.47116795,0
0.03997707,0
0.5568615,0
0.020416591,0
0.6388513,1
0.014807207,0
0.21811616,0
0.29071712,0
0.5097256,0
0.6905893,1
0.023709921,0
0.42961067,0
0.019795746,0
0.6852435,1
0.33895698,0
0.026636941,0
0.038816165,0
0.06086478,0
0.33235234,0
0.06844284,0
0.011926941,0
0.332994,0
0.16331849,0
0.0046228343,0
0.67633945,0
0.17331302,0
0.14923522,0
0.9063201,1
0.31783068,0
0.51723284,0
0.083241925,0
0.044370525,0
0.03683614,0
0.36160988,0
0.27749684,0
0.2257241,0
0.045644816,0
0.009827713,0
0.040563297,0
0.39650446,0
0.3775132,0
0.056072082,0
0.10267846,0
0.16734186,0
0.21145774,0
0.561187,0
0.44721898,1
0.55384725,0
0.06272274,0
0.124498084,0
0.03831303,0
0.09942403,0
0.010984638,0
0.113570586,0
0.03735522,0
0.6449044,0
0.019264488,0
0.4586879,0
0.15756577,0
0.008349934,0
0.014178603,0
0.11909157,0
0.035886694,0
0.5493966,0
0.26302278,0
0.051585905,0
0.64064825,0
0.025881903,0
0.9541399,1
0.8522512,1
0.059949595,0
0.016363705,0
0.79053426,1
0.21521498,0
0.09355879,0
0.08389649,0
0.12054493,0
0.7765875,1
0.004349486,0
0.17218769,0
0.07695426,0
0.008381298,0
0.23284474,0
0.1566257,0
0.06925132,0
0.123427026,0
0.2302768,0
0.032391086,0
0.036576122,0
0.32079908,0
0.0063092387,0
0.0142627945,0
0.1291084,0
0.049977858,0
0.25653252,0
0.2636428,0
0.0023572329,0
0.1343688,0
0.27738762,0
0.39160463,0
0.09319535,0
0.10110244,0
0.051070027,0
0.2864924,0
0.20529503,0
0.08482927,0
0.8345086,1
0.21830077,0
0.20682871,0
0.034691237,0
0.032616567,0
0.032522272,0
0.07878369,0
0.043281924,0
0.007606265,0
0.4433249,1
0.26707143,0
0.004783887,0
0.2248298,0
0.70375156,1
0.05794281,0
0.021164794,0
0.04996419,0
0.039407514,0
0.80557036,1
0.6454673,1
0.01590775,0
0.17039393,0
0.4799435,0
0.13253127,0
0.5162385,0
0.08235953,0
0.013169911,0
0.11818188,0
0.2832238,1
0.0119588105,0
0.011440644,0
0.13816556,0
0.16180348,0
0.3653897,0
0.007519771,0
0.17460118,0
0.091387324,0
0.60300857,1
0.016472347,0
0.061446276,0
0.13276373,1
0.06852965,0
0.1571173,0
0.046097405,0
0.14549263,0
0.36068445,0
0.12643479,0
0.2655734,0
0.1945549,0
0.31966388,0
0.12658294,0
0.22601514,0
0.018455993,0
0.54748696,0
0.34906125,0
0.08918608,0
0.092677474,0
0.43129382,0
0.0037354024,0
0.06870485,0
0.0024713215,0
0.075905666,0
0.62490225,0
0.28894296,0
0.34608865,0
0.19698836,0
0.11925262,0
0.06762939,0
0.071072064,0
0.09894669,0
0.7682163,0
0.01314186,0
0.28554785,0
0.069907516,0
0.127385,0
0.18952824,0
0.039204583,0
0.053442813,0
0.5840477,1
0.25859308,0
0.18560383,0
0.21780957,0
0.10686214,1
0.62627053,0
0.005956315,0
0.038471635,0
0.0062284046,0
0.57836497,1
0.011454151,0
0.08912985,0
0.07337962,0
0.023922121,0
0.014928955,0
0.06701701,0
0.0041330378,0
0.010970281,0
0.313728,0
0.01889988,0
0.47659606,1
0.22523738,0
0.11095927,0
0.21672253,0
0.5804339,0
0.3397769,0
0.028355986,0
0.40729022,1
0.088133946,0
0.0066170096,0
0.42123273,1
0.38595113,0
0.008676605,0
0.1852287,0
0.06505048,0
0.17117989,0
0.0868896,0
0.4312212,0
0.114649214,0
0.012843437,0
0.0037720466,0
0.06810016,0
0.038136456,0
0.092604786,0
0.024736473,0
0.010805087,0
0.4606486,0
0.015261794,0
0.09475968,0
0.19802022,0
0.060647957,0
0.03494327,0
0.0718759,0
0.0052114315,0
0.09092836,0
0.01446279,0
0.8855673,1
0.25848433,0
0.49982,0
0.14087549,0
0.7971784,1
0.20290715,0
0.5016309,0
0.10542627,0
0.32659465,0
0.0034536729,0
0.36330104,0
0.41064313,0
0.032496374,0
0.19826166,0
0.25600675,0
0.007936827,0
0.36469096,1
0.049592923,0
0.22545803,0
0.06740518,0
0.7329766,0
0.12459804,0
0.039766736,0
0.2119673,0
0.8006375,0
0.6481902,1
0.050771866,0
0.012220295,0
0.49465156,0
0.5026631,0
0.27723327,0
0.1601794,0
0.30946943,0
0.100557625,0
0.84707034,0
0.44345558,0
0.20013951,0
0.12971376,0
0.20130946,0
0.0050970367,0
0.6400195,1
0.15481801,0
0.5792632,1
0.027997203,0
0.056491505,0
0.67337364,1
0.0073152403,0
0.092434496,0
0.020642243,0
0.16274121,0
0.56426024,0
0.11164953,0
0.12984954,0
0.42406467,0
0.04197009,0
0.13705294,0
0.73957616,0
0.093952894,0
0.01482696,0
0.2579761,0
0.09705372,0
0.8508101,1
0.27575585,0
0.06361361,0
0.49304196,0
0.020522036,0
0.33951706,0
0.1674029,0
0.12434612,0
0.83144563,0
0.3813383,0
0.007836283,0
0.18727097,0
0.2472935,0
0.13199331,0
0.11089228,0
0.63060576,1
0.09937193,0
0.19340172,0
0.07820531,0
0.013279341,0
0.035537228,0
0.49767005,0
0.051155724,0
0.7005405,0
0.0012509843,0
0.32962593,0
0.035559896,0
0.63365877,0
0.7843744,0
0.013645689,0
0.23399183,0
0.033617303,0
0.62730545,0
0.4741936,1
0.2137383,1
0.26739,0
0.07158148,0
0.009357322,0
0.045278102,0
0.09901403,0
0.417698,0
0.12004492,0
0.061989505,0
0.20591553,0
0.35602844,0
0.11298867,0
0.14338177,0
0.06540304,0
0.047148153,0
0.054792076,0
0.015706178,0
0.10162076,0
0.17543447,0
0.01548342,0
0.73970675,0
0.40040925,0
0.3126972,0
0.036795635,0
0.037249774,0
0.05200689,0
0.27211496,0
0.25359175,0
0.8737885,0
0.18046395,0
0.2546174,0
0.6909157,0
0.04892704,0
0.10698251,0
0.3076242,0
0.2582926,0
0.1470176,0
0.05969267,0
0.6516905,0
0.048861947,0
0.08173126,0
0.39154527,0
0.2724848,1
0.28441843,0
0.3928874,0
0.2163421,0
0.15205987,0
0.08383332,0
0.36811703,0
0.03460656,0
0.5216494,1
0.028562563,0
0.6656984,0
0.58394456,0
0.04176433,0
0.0116165625,0
0.7001166,0
0.8268135,1
0.4580638,0
0.21380752,0
0.23985519,0
0.0058826217,0
0.015704675,0
0.06164928,0
0.036213413,0
0.009343744,0
0.7974551,0
0.5424551,0
0.43226877,0
0.67210764,0
0.36578447,0
0.04613009,0
0.20588021,0
0.7749495,0
0.12290862,0
0.013399151,0
0.010020006,0
0.12034785,0
0.0069470843,0
0.028159283,0
0.014919512,0
0.38946143,0
0.39834467,0
0.197404,0
0.09356768,0
0.030054409,0
0.06673798,0
0.3510557,0
0.06911404,0
0.047610104,0
0.55565363,0
0.5491332,1
0.7900822,0
0.17543083,0
0.0032385774,0
0.079775386,0
0.011241094,0
0.42224142,0
0.63396645,1
0.097455785,0
0.53477997,0
0.0990333,0
0.11247443,0
0.874399,1
0.028843675,0
0.10822977,0
0.49899957,0
0.25800857,0
0.2839558,0
0.36906913,0
0.47991148,0
0.027677884,0
0.032664463,0
0.27146307,0
0.09426295,0
0.6170401,0
0.23755886,0
0.78192335,0
0.27865145,0
0.49287945,0
0.31222725,0
0.031721577,0
0.013792783,0
0.04280624,0
0.07036477,0
0.06497304,0
0.0969022,0
0.025120623,0
0.26734206,0
0.6224303,0
0.36882874,0
0.022690952,0
0.47539565,0
0.028915422,0
0.7445499,0
0.5331624,0
0.6149464,0
0.020186832,0
0.003683668,0
0.9091023,0
0.21183948,0
0.9168386,1
0.0047969106,0
0.83618075,0
0.18648298,0
0.16852574,0
0.01262643,0
0.06648629,0
0.029480457,1
0.8017121,1
0.2779533,0
0.06033928,0
0.005192052,0
0.12211594,0
0.20801868,0
0.019068038,0
0.16792962,0
0.14356317,0
0.0887794,0
0.04989031,0
0.120789796,0
0.02709905,0
0.8385585,0
0.061864804,0
0.47035852,0
0.43419108,0
0.033276524,0
0.036957067,0
0.26984507,0
0.022267807,0
0.65408283,0
0.19310583,0
0.052422233,0
0.02335815,0
0.09195013,0
0.26823136,0
0.08482326,0
0.14860922,0
0.06143446,0
0.012369476,0
0.67661065,1
0.026781496,0
0.16021535,0
0.10376537,0
0.2933403,0
0.024982149,0
0.18286067,0
0.03877674,0
0.38845608,1
0.12885164,0
0.006754379,0
0.0105885975,0
0.5809371,1
0.73621124,0
0.08403646,0
0.10386676,0
0.19855812,0
0.5350808,0
0.036924165,0
0.46023723,0
0.03368085,0
0.008707856,0
0.016645102,0
0.0973306,0
0.09750248,0
0.108120084,0
0.121983565,0
0.081850044,0
0.095233105,0
0.5775191,1
0.108298026,0
0.045602296,0
0.13247697,0
0.009131395,0
0.014620807,0
0.03722319,0
0.17918305,0
0.21942762,0
0.20639013,0
0.14549346,0
0.50789124,1
0.035371475,0
0.23554108,0
0.60796607,0
0.040806614,0
0.18375108,0
0.016234415,0
0.044440404,0
0.037588153,0
0.024830226,0
0.06178453,0
0.49364975,0
0.13492739,0
0.7134402,1
0.27935576,0
0.12015245,0
0.023753028,0
0.8592548,1
0.6112719,1
0.20386338,0
0.0027928927,0
0.4427799,1
0.58034307,0
0.042536497,0
0.41368768,0
0.19215709,0
0.025208347,0
0.19373164,0
0.17436875,0
0.10053604,0
0.3673937,0
0.13795805,0
0.09462516,0
0.2359766,0
0.683663,1
0.23614289,0
0.48288056,0
0.031149687,0
0.5094438,1
0.14890856,0
0.006818237,0
0.013356857,0
0.008606173,0
0.109777324,0
0.04964635,0
0.6897454,0
0.007924052,0
0.009248292,0
0.19931057,0
0.2545261,1
0.03844714,0
0.23900762,0
0.08132551,0
0.23406766,0
0.64890736,0
0.07261942,0
0.23085016,0
0.5653058,0
0.81053716,1
0.6924127,0
0.7204147,1
0.23694062,0
0.06395072,0
0.21130157,0
0.40989348,0
0.007281394,0
0.12069701,0
0.23470972,1
0.12348246,0
0.018849142,0
0.25370243,0
0.2835442,0
0.6052466,0
0.014565226,0
0.58767486,0
0.1338291,0
0.6487219,0
0.40718353,0
0.13674527,0
0.3513637,0
0.7623301,0
0.44488564,0
0.023179248,0
0.28134483,1
0.40605947,1
0.5577269,0
0.70351,0
0.6539816,0
0.33499032,0
0.10182906,0
0.5288312,1
0.048083995,0
0.013054248,0
0.04314574,0
0.14011212,0
0.15175337,0
0.905724,0
0.03682632,0
0.03806054,0
0.047854993,0
0.9455005,1
0.4455035,0
0.8290907,0
0.08866025,0
0.555591,0
0.26258367,0
0.022732578,0
0.036220856,0
0.55226856,0
0.033910763,0
0.07638344,0
0.014533244,0
0.74211013,0
0.19320822,0
0.23871411,0
0.47249764,0
0.11099282,0
0.12995431,0
0.013668479,0
0.34796816,0
0.05993011,0
0.08583781,0
0.03114322,0
0.4713931,0
0.15220597,0
0.14201625,1
0.017277597,0
0.5738518,0
0.013984874,0
0.16227765,0
0.49202552,0
0.47381905,0
0.7452773,0
0.3912501,0
0.571691,0
0.06357821,0
0.39183697,0
0.061598964,0
0.10162262,0
0.019939488,0
0.034704655,0
0.35834607,1
0.38510343,0
0.02321064,0
0.23076142,0
0.041418083,0
0.0078357,0
0.007786848,0
0.04033678,0
0.8599429,1
0.013077264,1
0.6587624,0
0.019866262,0
0.36733407,0
0.7610765,0
0.22418408,0
0.4711709,0
0.61196464,0
0.10876139,0
0.028632378,0
0.16427396,0
0.22158347,0
0.02900778,0
0.024830902,0
0.19104202,0
0.06447256,0
0.044061564,0
0.06057306,0
0.8078061,1
0.31918865,0
0.73530436,0
0.19653958,0
0.004301981,0
0.24695648,0
0.013082663,0
0.26953247,0
0.07233064,0
0.2570125,0
0.051108733,0
0.51071256,0
0.008969876,0
0.48532856,0
0.20987655,0
0.05347301,0
0.0030637519,0
0.49253294,0
0.1914093,0
0.45011193,0
0.011239361,0
0.0152504835,0
0.0052891327,0
0.1649763,0
0.006145523,0
0.022229707,0
0.2988906,0
0.6539074,0
0.12446742,0
0.22143939,0
0.005393411,0
0.033473678,0
0.13233438,0
0.02435178,0
0.18478116,0
0.02587323,0
0.38049746,0
0.01887297,0
0.052917343,0
0.049783688,0
0.6320187,0
0.2269083,0
0.13253516,0
0.13110194,0
0.018569479,0
0.034959476,0
0.75697774,1
0.013838084,0
0.03250324,0
0.006810927,0
0.005690462,0
0.00664555,0
0.028590988,0
0.7489759,1
0.01899222,0
0.7788802,0
0.088754825,0
0.13236515,0
0.5474566,0
0.2849014,0
0.66263366,0
0.056592822,0
0.6707803,0
0.072409414,0
0.81512976,0
0.13698725,0
0.062048633,0
0.05395127,0
0.046491344,0
0.0022470409,0
0.4611071,0
0.08929799,1
0.10036937,0
0.024611149,0
0.15763345,0
0.4086846,0
0.011936778,0
0.08158392,0
0.28915,0
0.0135117,0
0.15138197,0
0.23191488,0
0.12464867,0
0.37192887,0
0.5537922,0
0.14088212,0
0.030848535,0
0.5371292,0
0.41134754,0
0.0271847,0
0.2052675,0
0.05571306,0
0.41878146,0
0.09692395,0
0.0026843906,0
0.24950977,0
0.22721311,0
0.114523925,0
0.060941428,0
0.01701047,0
0.5118628,1
0.09253697,0
0.19994698,0
0.59018767,0
0.5131279,1
0.035560273,0
0.4935215,0
0.043694068,0
0.010090353,0
0.2717767,0
0.04371654,0
0.58134294,0
0.15643081,0
0.014925051,0
0.45419782,0
0.1033509,0
0.21074364,0
0.45245802,0
0.025195617,0
0.32276765,0
0.094874315,0
0.020496413,0
0.027759995,0
0.08861539,0
0.3123276,1
0.21338919,0
0.010095589,0
0.016159914,0
0.05163783,0
0.036120687,0
0.03880621,0
0.040291898,0
0.16957565,0
0.6360485,0
0.19121765,0
0.12969925,0
0.25185132,0
0.5130472,0
0.32309657,0
0.8684495,1
0.026160488,0
0.37106982,0
0.34979716,1
0.026503002,0
0.7675508,0
0.21804157,0
0.090017594,0
0.092602104,0
0.42889735,0
0.72368217,0
0.0851682,0
0.14734796,0
0.074305855,0
0.22871362,0
0.080183916,0
0.10980441,0
0.030325158,0
0.93755263,1
0.012763604,0
0.18538947,0
0.7093971,0
0.0047335937,0
0.23578304,0
0.4623255,0
0.0069609173,0
0.023197465,0
0.018926252,0
0.20184082,0
0.035477683,0
0.04696638,0
0.6093292,0
0.6885658,0
0.6761833,0
0.011726964,0
0.15346704,0
0.08301211,0
0.20893279,0
0.19421153,0
0.1503301,0
0.0023791648,0
0.5564089,1
0.40049258,0
0.02781844,0
0.02362635,0
0.6845077,0
0.025640521,0
0.12938727,0
0.033564378,0
0.036641397,0
0.50142807,0
0.2520515,0
0.20091195,0
0.010408751,0
0.9333826,1
0.086554095,0
0.22554357,0
0.05607438,0
0.93867844,1
0.110032,0
0.1547525,0
0.009390084,0
0.4824848,0
0.3487558,0
0.15113604,0
0.014817734,0
0.05807787,0
0.17287953,0
0.0090338485,0
0.101202205,0
0.038800195,0
0.38146743,0
0.2748143,0
0.23257494,0
0.04002154,0
0.012276097,0
0.017259043,0
0.19932473,0
0.0512078,0
0.39198062,0
0.23475438,0
0.19256821,0
0.66604584,1
0.41892248,0
0.033179235,0
0.80576855,0
0.08438416,0
0.13146359,0
0.13053152,0
0.7454704,1
0.10173075,0
0.077908054,0
0.8299874,1
0.3162858,0
0.39677134,1
0.56181705,1
0.020505298,0
0.048688617,0
0.6652256,0
0.118171565,0
0.50707173,0
0.4363379,1
0.40958753,0
0.063277975,0
0.56801814,0
0.048343718,0
0.09127955,0
0.04973719,0
0.04031795,0
0.6175083,0
0.06763208,0
0.32906798,0
0.7079098,1
0.20382565,0
0.30689096,0
0.021050446,0
0.007453408,0
0.4891077,0
0.07378159,0
0.27114058,0
0.15882637,0
0.73233044,1
0.013190334,0
0.014861408,0
0.1636946,0
0.0772325,0
0.11929333,0
0.75864005,0
0.2598342,0
0.020827495,0
0.04386034,0
0.021029284,0
0.04014968,0
0.04229904,0
0.073468864,0
0.2299312,0
0.042149596,0
0.016098479,0
0.70759064,1
0.7305425,1
0.10855803,0
0.42669883,0
0.93297637,1
0.09464401,0
0.0015873754,0
0.023911478,0
0.2271441,0
0.023385203,0
0.08620761,0
0.7937322,0
0.17651749,0
0.008727376,0
0.022905096,0
0.27422756,0
0.097645566,0
0.076555654,0
0.7527983,1
0.89634156,1
0.06509749,0
0.32533875,0
0.012816779,0
0.14892092,0
0.06942464,0
0.3313025,0
0.036156774,0
0.058988683,0
0.033752725,0
0.7786542,0
0.14821914,0
0.2693031,0
0.10034488,0
0.006290907,0
0.5554982,0
0.4661729,0
0.007908342,0
0.009321714,0
0.009212934,0
0.16847104,0
0.0529848,0
0.03066629,0
0.0018816692,0
0.74873924,1
0.8914134,1
0.24373497,0
0.16357854,0
0.013852055,0
0.042665817,0
0.72576517,0
0.06153813,0
0.41388142,0
0.043890495,0
0.6951216,0
0.05948737,0
0.17279412,0
0.62658185,0
0.07012227,0
0.0055747284,0
0.28607503,0
0.18746763,0
0.8343415,0
0.053504433,0
0.042388484,0
0.1240235,0
0.4042275,0
0.06697886,0
0.024567401,0
0.17680149,0
0.05991978,0
0.16344754,0
0.737213,1
0.059812482,0
0.17023338,0
0.908997,1
0.0690921,0
0.24054205,0
0.12774777,0
0.045226853,0
0.0046280157,0
0.7557091,0
0.36872652,0
0.9426854,1
0.3388946,0
0.108474776,0
0.086455196,0
0.23597515,0
0.03972512,0
0.4479233,0
0.0127948485,0
0.0025369711,0
0.07916181,0
0.44195947,0
0.39111754,0
0.13458748,0
0.09526995,0
0.92599803,1
0.23031615,0
0.088771276,0
0.4611523,0
0.036144502,0
0.028785052,0
0.03485011,0
0.7435461,0
0.5113616,0
0.6204266,1
0.6041057,0
0.71885043,0
0.039851364,0
0.03453343,0
0.059025675,0
0.08913665,0
0.6996088,0
0.1639327,0
0.26582268,0
0.039329242,0
0.25089407,0
0.0039357455,0
0.16391897,0
0.064778276,0
0.6497365,0
0.78946954,0
0.14340414,0
0.12846461,0
0.20936604,0
0.056324914,0
0.46771172,1
0.01826784,0
0.7780795,1
0.25805286,0
0.068900555,0
0.016415685,0
0.08790717,0
0.027017372,0
0.45527413,1
0.3199611,0
0.0019515705,0
0.019681415,0
0.6339219,0
0.62748,0
0.07558942,0
0.0012247862,0
0.11446879,0
0.012877064,0
0.11042112,0
0.013272682,0
0.3702247,0
0.013937638,0
0.086864054,0
0.07183709,0
0.0021711127,0
0.03783846,0
0.58444077,1
0.49883014,0
0.18429194,0
0.065737374,0
0.3016955,0
0.28233474,0
0.047776315,0
0.17088927,0
0.5662243,0
0.28028187,0
0.0993509,0
0.65104854,0
0.09685212,0
0.34660015,0
0.011625277,0
0.3833356,1
0.0035483371,0
0.04266946,0
0.7911659,0
0.16926822,0
0.7833692,1
0.21891475,0
0.6147292,0
0.3481177,0
0.008043141,0
0.45671478,0
0.11035821,0
0.16040528,0
0.72760725,0
0.15764159,0
0.40210938,0
0.33544996,0
0.049560905,0
0.5254376,0
0.016983287,0
0.038225237,0
0.36492714,0
0.073904105,0
0.25673392,0
0.018187035,0
0.008631422,0
0.7809634,0
0.124797046,0
0.83552855,1
0.025668291,0
0.6799892,0
0.19388273,0
0.026638895,0
0.08350316,0
0.2949318,0
0.028827196,0
0.88391405,0
0.061538417,0
0.70542055,0
0.04891255,0
0.0401541,0
0.058226317,0
0.0023830521,0
0.056355603,0
0.116683364,0
0.42592812,0
0.23364118,0
0.7165024,1
0.12721054,0
0.75849766,0
0.35903135,0
0.29726952,0
0.04241859,0
0.08470917,0
0.69485474,0
0.6474936,0
0.32405278,0
0.9054313,1
0.48782986,0
0.015971566,0
0.85428125,1
0.5068379,0
0.25870764,0
0.0450455,0
0.0045342757,0
0.16243602,0
0.049382687,0
0.17922688,0
0.30542243,0
0.6486013,1
0.03736702,0
0.013756637,0
0.0062043816,0
0.28302482,0
0.31325233,0
0.23424423,0
0.28551725,0
0.14392568,0
0.15658735,0
0.19258778,0
0.014097174,0
0.22919168,0
0.6430295,0
0.054098707,0
0.72803384,0
0.05470624,0
0.08515161,0
0.16940911,0
0.055805866,0
0.1436339,0
0.16296226,0
0.8562021,1
0.48232213,0
0.34387755,0
0.036289398,0
0.17904519,1
0.21688364,0
0.0774807,0
0.60545677,0
0.67821103,1
0.3371096,0
0.26822907,0
0.46252802,1
0.006498415,0
0.36824387,0
0.24981476,0
0.028677383,0
0.026341403,0
0.7088551,0
0.00193721,0
0.54055125,0
0.5076976,0
0.34020287,0
0.12923294,0
0.4946773,0
0.1842695,0
0.74497986,1
0.52460295,0
0.6320699,1
0.22141394,0
0.34653002,0
0.25176877,0
0.34370497,0
0.63751954,1
0.07995028,0
0.002554866,0
0.57262397,1
0.0013766263,0
0.0013032146,0
0.10579488,0
0.0036749805,0
0.03356434,0
0.03237225,0
0.04589176,0
0.7787157,1
0.11312112,1
0.1084004,0
0.0070964317,0
0.0645134,0
0.09618022,0
0.6762824,0
0.04237646,0
0.0040850965,0
0.0963094,0
0.076847024,0
0.019504268,0
0.13694993,0
0.0426558,0
0.04880042,0
0.03628362,0
0.4979718,0
0.49626046,0
0.029799152,0
0.5144844,0
0.047287475,0
0.61191225,1
0.23050961,0
0.01417941,0
0.0061919424,0
0.57073236,0
0.03675677,0
0.5685273,0
0.6648489,1
0.22724937,0
0.32048026,0
0.143733,0
0.4088189,0
0.11324769,0
0.10109399,0
0.06304099,0
0.023593675,0
0.6837057,0
0.17623246,0
0.054428402,0
0.020943929,0
0.2620584,0
0.14087188,0
0.12720218,0
0.73618805,0
0.2874946,0
0.15521634,0
0.011011369,0
0.10067616,0
0.01072883,0
0.28145438,0
0.045756333,0
0.18326558,0
0.5141081,0
0.1482645,0
0.25782993,0
0.80192024,0
0.1929593,0
0.57548755,0
0.2145481,0
0.07729864,0
0.08169716,0
0.4526808,0
0.5227046,0
0.025762774,0
0.008588518,0
0.29125094,0
0.12310915,0
0.01760523,0
0.34792903,0
0.049139008,0
0.18680473,0
0.04390279,0
0.04788755,0
0.014892786,0
0.0071380762,0
0.0136969285,0
0.2307431,0
0.38605738,0
0.15006547,0
0.740532,1
0.033833567,0
0.15722783,0
0.025660977,0
0.5767442,1
0.10275037,0
0.087761275,0
0.20825033,0
0.030211395,0
0.6767451,1
0.23904987,0
0.4896629,0
0.20663196,0
0.08191525,0
0.026768785,0
0.024384728,0
0.0376216,0
0.0066136564,0
0.45189732,0
0.23451965,0
0.2613513,0
0.03862198,0
0.7125319,1
0.6219739,0
0.5066409,0
0.033525947,0
0.9099189,1
0.14645138,0
0.786276,1
0.34999165,1
0.059938706,0
0.36215195,0
0.01023344,0
0.010230929,0
0.6002564,0
0.4673942,1
0.3965024,0
0.058541413,0
0.7081543,0
0.16170965,0
0.006288227,0
0.04294585,0
0.21662605,0
0.060912568,0
0.7877003,1
0.59705055,0
0.13762845,0
0.26291165,0
0.17626578,0
0.8201747,1
0.30216792,0
0.7229923,0
0.26696146,0
0.010076902,0
0.0631549,0
0.06703557,0
0.4859611,0
0.1385953,0
0.05848201,1
0.03436339,0
0.02545737,0
0.07004491,0
0.07551454,0
0.5671906,0
0.14290027,0
0.15324074,0
0.053062543,0
0.24040593,0
0.17748472,0
0.020031996,0
0.7670925,0
0.019328056,0
0.16446179,0
0.24645516,0
0.17239872,0
0.73501265,1
0.041101072,0
0.86397773,1
0.059501093,0
0.016087983,0
0.2503825,0
0.27158853,0
0.50972307,0
0.024760475,0
0.78955895,1
0.36763138,0
0.006368888,0
0.11336007,0
0.20458171,0
0.0035677026,0
0.42379048,1
0.017923286,0
0.06995142,0
0.09891211,1
0.010722662,0
0.20309484,0
0.045305464,0
0.51076365,0
0.447648,0
0.038895056,0
0.6981962,0
0.13349462,0
0.11531425,0
0.10054474,0
0.05914177,0
0.048956756,0
0.056934346,0
0.35115436,0
0.010918454,0
0.008118878,0
0.12486642,0
0.01762454,0
0.5332396,0
0.25431794,0
0.04471292,0
0.05992315,0
0.095634945,0
0.49410975,0
0.556113,0
0.48667902,0
0.54682463,0
0.39076453,0
0.2771558,0
0.17890501,0
0.7207022,0
0.32158002,0
0.0024584047,0
0.17550872,0
0.837417,1
0.04327745,0
0.30124164,0
0.18753122,0
0.69984555,1
0.014731112,0
0.06503407,0
0.037999336,0
0.063210525,0
0.6979955,1
0.17369588,0
0.22322287,0
0.031620022,0
0.14130275,0
0.729988,1
0.11904293,0
0.16504243,0
0.73980623,1
0.5431209,1
0.08631981,0
0.44292673,0
0.8593098,0
0.30730063,0
0.7473806,0
0.05827882,0
0.593673,1
0.10867852,0
0.46935883,0
0.013334611,0
0.002207437,0
0.14436696,0
0.04347694,0
0.7880383,1
0.18887159,0
0.096305914,0
0.0020051235,0
0.05068557,0
0.12079869,0
0.34711668,0
0.22176091,0
0.3609759,0
0.11411636,0
0.2543992,0
0.08723002,0
0.14223993,0
0.10059254,0
0.42504856,0
0.44894084,0
0.2002587,0
0.01075072,0
0.7596551,0
0.03297275,0
0.07864283,0
0.1537615,0
0.09221591,0
0.28062272,0
0.03837915,0
0.026317453,0
0.37545097,0
0.30558443,0
0.22332315,0
0.5055822,0
0.4167305,0
0.6694547,0
0.10770951,0
0.018382821,0
0.21896866,0
0.17644033,0
0.479248,0
0.0064536347,0
0.6795966,1
0.08525432,0
0.04267509,0
0.024282271,0
0.0710814,0
0.0114234155,0
0.8608089,0
0.05617914,0
0.4107882,0
0.016545657,0
0.5195951,0
0.6631878,1
0.28791514,0
0.018403662,0
0.020809516,0
0.1163448,0
0.07671556,0
0.7544405,1
0.19176191,0
0.08692947,0
0.018389653,0
0.16548337,0
0.0043441453,0
0.04245769,0
0.5988337,0
0.117037855,0
0.5607543,1
0.0130085405,0
0.02289984,0
0.33001423,0
0.09160745,0
0.123800986,0
0.007886498,0
0.0019805536,0
0.44638538,0
0.29978997,0
0.22447151,0
0.5672843,0
0.8091238,1
0.6622633,1
0.04490677,0
0.005586621,0
0.13309723,0
0.71728796,0
0.032320157,0
0.3256787,0
0.15697339,0
0.47656122,0
0.7407673,1
0.013488349,0
0.7499338,1
0.18785481,0
0.6242332,0
0.1141344,0
0.44006467,1
0.30193976,0
0.024402421,0
0.047414575,0
0.10673439,0
0.4562116,0
0.3778944,0
0.029897636,0
0.12872149,0
0.05162554,0
0.33544922,1
0.07459509,0
0.10133589,0
0.2902494,0
0.16065508,0
0.022072982,0
0.20032416,0
0.38400862,0
0.15030897,0
0.0005664477,0
0.18363158,0
0.21383739,0
0.11215502,0
0.2603221,0
0.19600403,0
0.52484614,0
0.23206536,0
0.2341197,0
0.17556302,0
0.12478586,0
0.83468646,1
0.2562851,0
0.06984641,1
0.027954023,0
0.44932845,1
0.2513895,0
0.45210326,1
0.17773893,0
0.64377147,0
0.53590864,0
0.0136827,0
0.33414972,0
0.006869218,0
0.056020822,0
0.11086213,0
0.003363406,0
0.45484927,0
0.023975277,0
0.2504232,0
0.06871168,0
0.6446848,1
0.74367434,0
0.16058643,0
0.036626216,0
0.07672767,0
0.034527116,0
0.12727791,0
0.018610407,0
0.17639424,0
0.092291445,0
0.2278148,0
0.0079871295,0
0.31087443,0
0.11461532,0
0.0139975045,0
0.19157359,0
0.18008013,0
0.04883208,0
0.45621726,0
0.036889013,0
0.07873518,0
0.17828318,0
0.0057200515,0
0.1769885,0
0.118403465,0
0.22490284,0
0.35689667,0
0.23243709,0
0.18351507,0
0.15059033,0
0.023190847,0
0.012117213,0
0.5843264,0
0.17696334,0
0.031085316,0
0.7078813,0
0.46227297,0
0.68233806,0
0.072632484,0
0.04932519,0
0.08968887,0
0.17438649,0
0.32674116,0
0.26322797,0
0.22832598,0
0.061370365,0
0.16470444,0
0.0016390348,0
0.09988046,0
0.3272854,0
0.05908059,0
0.08641115,0
0.03606983,0
0.7583663,1
0.36930916,0
0.34078133,0
0.5851507,0
0.048461623,0
0.06398148,0
0.0077910493,0
0.1505155,0
0.29853263,0
0.5079206,0
0.4279896,0
0.04628428,0
0.033063356,0
0.0377729,0
0.57149917,0
0.42804974,0
0.12920636,1
0.19826797,0
0.019263925,0
0.13121341,0
0.62501305,0
0.42391688,1
0.7628741,0
0.19278826,0
0.016345257,0
0.054114595,0
0.53288394,0
0.25114813,0
0.066091105,0
0.046836186,0
0.08681805,0
0.778488,1
0.0020032865,0
0.7253756,1
0.019431341,0
0.070156656,0
0.1257596,0
0.014742613,0
0.37967226,0
0.010846264,0
0.05374664,0
0.012557277,0
0.066945136,0
0.008884748,0
0.4239654,0
0.033697862,0
0.16692919,0
0.80289143,0
0.42001262,0
0.26323628,0
0.0655546,0
0.829514,1
0.017545687,0
0.0038986744,0
0.05593346,0
0.24467231,0
0.081774406,0
0.24928978,0
0.08880358,0
0.072854735,0
0.080714025,0
0.9229229,1
0.10403225,0
0.59739745,0
0.13803323,0
0.5082666,1
0.53208935,0
0.09930694,0
0.02056093,0
0.2571865,0
0.65159863,0
0.58064616,0
0.13542701,0
0.081976235,0
0.24936107,0
0.010586809,0
0.12998275,0
0.040757444,0
0.016866613,0
0.10743278,0
0.003002925,0
0.026490709,0
0.20807794,0
0.03846474,0
0.20611572,0
0.00822832,0
0.020689208,0
0.22277176,0
0.065511316,0
0.23344895,0
0.5604781,0
0.0041412143,0
0.39489257,0
0.071514614,0
0.21475384,0
0.63765645,0
0.003021771,0
0.12481866,0
0.051250815,0
0.397885,0
0.018112827,0
0.18670118,0
0.009963791,0
0.5371116,0
0.5519103,0
0.025014844,0
0.21362026,0
0.811334,1
0.4287517,0
0.12435482,0
0.051489808,0
0.16746365,0
0.08155128,0
0.30325308,0
0.2547833,0
0.17336433,0
0.18679409,0
0.17053302,0
0.011336712,0
0.07407346,0
0.053206913,0
0.10568102,0
0.029046822,0
0.29411942,0
0.6675489,0
0.018333182,0
0.57422656,0
0.2437822,0
0.022214275,0
0.048814952,0
0.072194636,0
0.010951548,0
0.44064406,0
0.0008530708,0
0.17854476,0
0.1207701,1
0.30690187,0
0.009897368,0
0.025760565,0
0.02180599,0
0.0149421925,0
0.020804757,0
0.571154,0
0.009363995,0
0.015781013,0
0.0009715354,0
0.25342333,0
0.0904203,0
0.0041161347,0
0.02908964,0
0.16089232,0
0.75949454,0
0.06450513,0
0.463914,0
0.36715117,0
0.26957795,0
0.03227903,0
0.03175207,0
0.19628623,0
0.003925528,0
0.1522554,0
0.24101578,0
0.0047410894,0
0.28008735,0
0.15616369,0
0.14809963,0
0.006182598,0
0.1550867,0
0.0126754185,0
0.028367206,0
0.10768543,0
0.28297672,0
0.058406353,0
0.05513367,0
0.021584082,0
0.09139584,0
0.13539733,0
0.010547747,0
0.31706294,0
0.26859692,0
0.1319244,0
0.030828211,0
0.009812471,0
0.3136163,1
0.38079843,0
0.0047028493,0
0.022257932,0
0.0058007776,0
0.16370478,0
0.019901201,0
0.83330774,1
0.06344059,0
0.04950118,0
0.6517603,1
0.029221743,0
0.026499446,0
0.19399475,0
0.02491694,0
0.12457461,0
0.58368653,0
0.052935064,0
0.33438402,1
0.11286793,0
0.0075145527,0
0.11566092,0
0.25744137,0
0.11626482,0
0.43569225,0
0.11067404,0
0.12095058,0
0.27950525,0
0.5568764,0
0.0024107676,0
0.02142439,0
0.3274319,0
0.065637715,0
0.2202689,0
0.011962,0
0.042437714,0
0.6887276,0
0.40602744,1
0.021123895,0
0.054306187,0
0.4039992,0
0.037006047,0
0.0065351306,0
0.1221787,0
0.12961434,0
0.119531095,0
0.018781956,0
0.0005963575,0
0.30920738,0
0.30645487,0
0.017420515,0
0.04980073,0
0.039893147,0
0.18329409,0
0.0429057,0
0.26484126,0
0.008640649,0
0.12831543,0
0.010681068,0
0.29452232,0
0.04097692,0
0.009368013,0
0.5457168,0
0.42588547,0
0.036004808,0
0.6641922,0
0.0110638095,0
0.07591249,0
0.052997544,0
0.6158016,0
0.03205483,0
0.4805827,0
0.099194415,0
0.16622098,0
0.112774454,0
0.05051894,0
0.42198464,0
0.61152536,0
0.16328943,0
0.026039738,0
0.07932555,0
0.010494215,0
0.67868173,0
0.010373402,0
0.39324397,0
0.0883695,0
0.07381343,0
0.0049243374,0
0.14082356,0
0.4083829,0
0.75296956,0
0.09587712,0
0.025090681,0
0.04995299,0
0.007523747,0
0.26706675,0
0.013531646,0
0.68454945,0
0.021145854,0
0.12060433,0
0.25880864,0
0.26385918,0
0.60390866,0
0.4860788,0
0.017793277,0
0.0053313784,0
0.6810642,0
0.6081776,0
0.48719424,0
0.0071415952,0
0.14873536,0
0.3360869,0
0.08621429,1
0.13774721,0
0.2164186,0
0.0019321874,0
0.9081222,1
0.015875721,0
0.48498905,1
0.29624602,0
0.046125967,0
0.061124094,0
0.15463477,0
0.09298159,0
0.3263226,0
0.062863626,0
0.5728805,0
0.12962629,0
0.123271085,0
0.10506238,0
0.027831325,0
0.20350724,1
0.07254474,0
0.09510222,0
0.89531887,1
0.0105809765,0
0.09075774,0
0.054567326,0
0.13525261,0
0.08069756,0
0.049834453,0
0.11205463,0
0.09912928,0
0.48065045,1
0.1237729,0
0.12528028,0
0.025166411,0
0.42424512,0
0.46181393,1
0.30951807,0
0.04458889,0
0.034112208,0
0.029599465,0
0.33185345,0
0.5146929,0
0.029106336,0
0.07145615,0
0.17989233,1
0.030206427,0
0.3862544,0
0.09058185,0
0.6041854,1
0.03383869,0
0.07911776,0
0.7965955,0
0.032319635,0
0.08119045,0
0.6482557,0
0.028676646,0
0.0065646376,0
0.10986107,0
0.052540213,0
0.650051,0
0.14557076,0
0.014932594,0
0.062038414,0
0.09360121,0
0.5201824,0
0.59893304,0
0.07505034,0
0.60129553,0
0.43263575,0
0.33814904,1
0.14984143,0
0.011370379,0
0.10178836,0
0.2915696,0
0.07183925,0
0.0029947688,0
0.41972727,0
0.6840605,0
0.22414623,0
0.42202434,0
0.3520957,1
0.4424376,1
0.5457091,0
0.010413561,0
0.1507434,0
0.07230749,0
0.7331454,0
0.1343637,0
0.7991387,1
0.012761578,0
0.5708604,0
0.1089847,0
0.2851208,0
0.59874666,0
0.22473076,0
0.084181115,0
0.6213947,1
0.455415,0
0.27549082,0
0.0058459216,0
0.3247507,1
0.37407795,0
0.45100334,1
0.62792355,0
0.34342062,0
0.03191874,0
0.07715111,0
0.041941214,0
0.071445815,0
0.48562768,0
0.5250653,0
0.04601887,0
0.11593285,0
0.11327156,0
0.08356061,0
0.7503627,1
0.8671439,1
0.15012851,0
0.19343574,0
0.2676064,0
0.12240104,0
0.18171963,0
0.22250314,0
0.17583843,0
0.052367628,0
0.38602716,0
0.04653711,0
0.7514686,1
0.26698068,0
0.37825608,0
0.28759304,0
0.29468608,0
0.08268431,0
0.8041589,1
0.06575703,0
0.24311338,0
0.23043352,0
0.09339392,0
0.15762483,0
0.0107051395,0
0.3880565,0
0.4218251,0
0.004519123,0
0.05614862,0
0.36495125,0
0.09778115,0
0.22402997,0
0.040480945,0
0.7786781,0
0.007846659,0
0.03588321,0
0.056265734,0
0.056083433,0
0.22316334,0
0.00954682,0
0.112063624,0
0.21048455,0
0.2942504,0
0.5034368,0
0.39775425,0
0.47653416,0
0.83934283,0
0.26039913,0
0.051916406,0
0.79800516,0
0.014405403,0
0.5757625,0
0.08435892,0
0.030025408,0
0.016720118,0
0.48732892,0
0.5262183,1
0.65716255,0
0.4493783,0
0.8986056,1
0.020161154,0
0.6012325,0
0.31806505,0
0.47012913,0
0.514695,1
0.12291217,1
0.45752507,0
0.058029834,0
0.70587444,1
0.3150883,0
0.039301228,0
0.03883171,0
0.13221939,0
0.6502421,1
0.77036273,0
0.020521026,0
0.31875888,0
0.08055865,0
0.16160128,0
0.30422258,0
0.12376178,0
0.17500643,0
0.6744317,0
0.5414724,0
0.42451197,0
0.006747076,0
0.65478337,0
0.04169413,0
0.11646913,0
0.3556423,0
0.053422835,0
0.017367687,0
0.021244105,0
0.24502437,0
0.553518,0
0.79052866,0
0.4023413,0
0.22963643,0
0.12333478,0
0.6801536,0
0.18054344,0
0.81568694,0
0.30982655,0
0.477423,1
0.35762823,0
0.12168447,0
0.5085536,1
0.05375165,0
0.008568683,0
0.2680925,0
0.45177102,0
0.54362833,0
0.15945652,0
0.0038414488,0
0.11410569,0
0.08895051,0
0.5839415,0
0.21793598,0
0.17278464,0
0.011485367,0
0.2896062,0
0.014425503,0
0.65031993,0
0.1276667,0
0.12742084,0
0.70362836,1
0.024791403,0
0.7537369,1
0.03440821,0
0.006638914,0
0.22745074,0
0.42133313,0
0.60947716,0
0.7484181,1
0.11966398,0
0.05171734,0
0.5795009,0
0.8420701,0
0.3975199,0
0.08647198,0
0.4901639,0
0.12906541,0
0.5135924,0
0.33493522,0
0.015210326,0
0.50755876,0
0.021143729,0
0.30934742,0
0.026062544,0
0.33240697,0
0.012576076,0
0.32794905,0
0.062287267,0
0.58618534,0
0.7310118,0
0.031529892,0
0.08847611,0
0.05922979,0
0.035079557,0
0.006112303,0
0.015806556,0
0.008359533,0
0.09830596,1
0.055204224,0
0.4340268,0
0.46345326,0
0.14252819,0
0.2575977,0
0.124506526,0
0.04132329,0
0.005567585,0
0.38707113,0
0.10545465,0
0.04697314,0
0.13670842,0
0.17285606,0
0.31608954,0
0.010415409,0
0.04728928,0
0.14142175,1
0.050935484,0
0.01753968,0
0.6556181,1
0.07243376,0
0.014236304,0
0.13939722,0
0.014853918,0
0.094193585,0
0.19787604,0
0.68457186,0
0.17292643,0
0.08058203,0
0.0116333,0
0.04011252,0
0.017802771,0
0.11954627,0
0.7024139,0
0.21396798,0
0.2002761,0
0.003913173,0
0.08356105,0
0.8568304,1
0.21249846,0
0.65751004,0
0.009269594,0
0.8093117,0
0.21446627,0
0.41264147,0
0.3617331,0
0.08081123,0
0.42141467,0
0.0060356334,0
0.28525925,0
0.041332453,0
0.025358994,0
0.09031907,0
0.008701968,0
0.56843793,0
0.28790444,0
0.08731187,0
0.08788655,0
0.77630955,0
0.7163035,0
0.07008449,0
0.5017396,0
0.62659466,0
0.1272147,0
0.06053338,0
0.0032413215,0
0.60253996,1
0.0229371,0
0.100294374,0
0.3941089,0
0.08183365,0
0.5785759,0
0.011410322,0
0.24960643,0
0.06488932,0
0.020947115,0
0.36965358,1
0.68811285,0
0.04880698,0
0.32950398,0
0.8711147,1
0.09810544,0
0.4080336,0
0.0078087114,0
0.36041287,0
0.010194749,0
0.27165863,0
0.4113951,0
0.46048242,0
0.75687236,1
0.033063333,0
0.30776694,0
0.1380905,0
0.5776421,0
0.02876158,0
0.18840407,0
0.0509408,0
0.0040720035,0
0.14149295,0
0.01793462,0
0.29775363,0
0.33677602,0
0.1649831,0
0.0356015,0
0.6233089,1
0.15962656,0
0.34740764,0
0.014125912,0
0.01753042,0
0.04163565,0
0.005850421,0
0.036579214,0
0.14891875,0
0.09959047,1
0.7488962,1
0.028634666,0
0.08844417,0
0.04931211,0
0.46790728,0
0.66283095,0
0.11163748,0
0.4013813,0
0.021462327,0
0.037813626,0
0.123563305,0
0.4821506,0
0.7091455,0
0.8863425,1
0.3264934,0
0.5149421,0
0.72925436,1
0.4953471,0
0.016387984,0
0.40388185,0
0.22792366,0
0.07825539,0
0.052984968,0
0.34475994,0
0.071794,0
0.030851912,0
0.29487714,0
0.9353814,1
0.07997547,0
0.011427729,0
0.2100714,0
0.55483544,0
0.36263064,1
0.14604019,0
0.002458544,0
0.048396304,0
0.41119167,0
0.24199311,0
0.34041858,0
0.60982716,1
0.10893315,0
0.5383917,0
0.637968,0
0.60939276,0
0.14942871,0
0.09364859,0
0.0051889746,0
0.55443025,0
0.2878224,0
0.023072502,0
0.12900801,0
0.21352804,0
0.4291958,0
0.1153863,0
0.09290246,0
0.18217912,0
0.028275833,0
0.02804495,0
0.1132774,0
0.011912788,0
0.21147081,0
0.1225212,0
0.01848381,0
0.043689866,0
0.022097403,0
0.03323622,0
0.00092545105,0
0.50688076,0
0.016355963,0
0.0239992,0
0.061175272,0
0.039833184,0
0.78577965,0
0.16999355,0
0.029298423,0
0.18708211,1
0.6457851,0
0.39625308,0
0.11828885,0
0.49443734,0
0.0017930528,0
0.60903126,0
0.23561276,0
0.7590625,0
0.059113935,0
0.07660912,0
0.04859444,0
0.6333808,1
0.001559668,0
0.59897494,0
0.0278147,0
0.1430694,0
0.049176298,0
0.010158787,0
0.30087495,0
0.03573097,0
0.17061728,0
0.22818272,0
0.015574389,0
0.09572597,0
0.031609703,0
0.19696663,0
0.55455464,1
0.14775512,0
0.45751205,0
0.018452564,0
0.12624678,0
0.002435495,0
0.074674234,0
0.83577013,1
0.15349576,0
0.09670252,0
0.07611883,0
0.10621261,0
0.4935107,0
0.02492989,0
0.61499536,0
0.18828383,0
0.81144106,1
0.2663306,0
0.0033592863,0
0.037089933,0
0.5329374,0
0.094225876,0
0.029043373,0
0.08200491,0
0.69945306,0
0.31061813,1
0.28538737,0
0.022733498,0
0.50974536,0
0.34788194,0
0.11517624,1
0.07079449,0
0.20237142,0
0.04377178,0
0.7454906,0
0.07930654,0
0.7057683,0
0.01089024,0
0.8745757,1
0.11800753,0
0.7528053,0
0.5560604,0
0.13862552,0
0.14251927,0
0.038067296,0
0.14668204,0
0.056795802,0
0.16603467,0
0.042849075,0
0.046941523,0
0.27986646,0
0.15351179,0
0.11855196,0
0.020737955,0
0.042827852,0
0.7228036,0
0.3731316,0
0.342338,1
0.16246444,0
0.07061021,0
0.88539755,0
0.30133313,0
0.94408023,1
0.0082815355,0
0.2242481,0
0.10375599,0
0.18759367,0
0.14190985,0
0.05186693,0
0.015090025,0
0.05815136,0
0.051518492,0
0.7261527,0
0.070313625,0
0.62137353,1
0.84621483,0
0.7410178,0
0.027065163,0
0.96581197,1
0.048444465,0
0.46024042,0
0.39336804,0
0.26983505,0
0.053709514,0
0.10781002,0
0.30573407,0
0.49170947,0
0.80090404,0
0.06248529,0
0.047590714,0
0.03562698,0
0.45515773,0
0.050817914,0
0.16713358,0
0.040558532,0
0.050459754,0
0.11171226,0
0.1124275,0
0.17104247,0
0.1381011,0
0.2039651,0
0.06154752,0
0.4471648,0
0.52360755,0
0.12907216,0
0.024046397,0
0.19819975,0
0.18825735,0
0.29773885,0
0.6286266,0
0.04227783,0
0.049392704,0
0.6082798,0
0.07810812,0
0.17962044,0
0.007248002,0
0.2907445,0
0.17878236,0
0.026101243,0
0.38806808,1
0.17672385,1
0.40437004,1
0.03607856,0
0.033319496,0
0.66370493,0
0.015608875,0
0.012860285,0
0.4521524,0
0.22275308,0
0.7392211,0
0.03175745,0
0.041599743,0
0.03880532,0
0.093793996,0
0.042001408,0
0.28039148,0
0.71408933,0
0.083243325,0
0.15713689,0
0.02417626,0
0.34734824,0
0.0034500542,0
0.5776283,0
0.41312906,0
0.013506279,0
0.09499247,0
0.008843663,0
0.19102414,0
0.09996962,0
0.0421828,0
0.052791357,0
0.09393903,0
0.074257195,0
0.103796214,0
0.13181137,0
0.034460116,0
0.85205317,1
0.20322129,0
0.12245244,0
0.068618104,0
0.44007456,0
0.38278228,0
0.19863747,0
0.12956224,0
0.10321218,0
0.10545672,0
0.40137738,0
0.42729685,0
0.4541976,0
0.022298241,0
0.33447918,0
0.00845598,0
0.08765743,0
0.016862264,0
0.032178666,0
0.089081615,0
0.2550775,0
0.008591783,0
0.06357785,0
0.17590131,0
0.07944107,0
0.8515116,1
0.0056956983,0
0.25475064,0
0.22179008,0
0.03928221,0
0.013534975,0
0.011949152,0
0.18317974,0
0.17136145,0
0.08798503,0
0.048777524,0
0.31053677,1
0.53772646,0
0.18441266,0
0.028314935,0
0.45302853,0
0.14898428,0
0.0050845337,0
0.42685467,0
0.0686042,0
0.012836202,0
0.024339015,0
0.061705463,0
0.16397071,0
0.62041944,1
0.006862812,0
0.031070808,0
0.04329009,0
0.41275775,0
0.015267508,0
0.03372549,0
0.24006009,1
0.03019529,0
0.05369677,0
0.085200876,0
0.5465075,0
0.19370659,0
0.6270983,1
0.27943605,0
0.09994503,0
0.2635094,0
0.113162555,0
0.09118532,0
0.901004,1
0.13690351,0
0.508841,0
0.4528211,0
0.092596464,0
0.09907337,0
0.124383025,0
0.52421606,0
0.27009198,0
0.05826219,0
0.053065248,0
0.15249275,0
0.01404889,0
0.2884009,0
0.13795151,0
0.605133,1
0.041900538,0
0.070590764,0
0.627021,0
0.20774421,0
0.8096553,0
0.07906602,0
0.46064028,1
0.73952615,1
0.55312794,0
0.13504712,0
0.065744095,0
0.015817745,0
0.2641914,0
0.027148552,0
0.016855681,0
0.13939625,0
0.4175808,0
0.8520232,1
0.15194039,0
0.049513187,0
0.020306744,0
0.6722085,0
0.12659276,0
0.112428114,0
0.01050836,0
0.021659667,0
0.2713266,0
0.3991688,1
0.5610218,0
0.20549619,0
0.49721277,0
0.62340134,0
0.04884764,0
0.14140618,0
0.32915962,0
0.011814991,0
0.052431505,0
0.30535978,0
0.5292884,0
0.31132433,0
0.06711977,0
0.29976115,0
0.041893426,0
0.09225857,0
0.113981575,0
0.35124716,0
0.5198375,1
0.0053937845,0
0.04110931,0
0.0038389736,0
0.020215085,0
0.44432145,0
0.22014256,0
0.8250587,1
0.061573688,0
0.18090144,0
0.010424637,0
0.07557055,0
0.7755683,1
0.007121732,0
0.06834714,0
0.5648534,0
0.41277426,0
0.045722794,0
0.11439569,0
0.052479547,0
0.6088471,0
0.03664379,0
0.15323718,0
0.015733514,0
0.23684125,1
0.06548915,0
0.007982918,0
0.6833077,0
0.18556589,0
0.031072425,0
0.6152963,0
0.022671971,0
0.050497487,0
0.7599699,0
0.27079347,0
0.7540986,1
0.029695429,0
0.6973698,0
0.23249352,0
0.4755575,0
0.08176852,0
0.11240266,0
0.020392358,0
0.19280878,0
0.49502084,0
0.13968122,0
0.0061182333,0
0.030320928,0
0.09931333,0
0.01815179,0
0.80870014,1
0.04438562,0
0.536254,0
0.29983032,0
0.08300473,0
0.7770198,0
0.352169,0
0.6585231,1
0.07305915,0
0.12417483,0
0.15837893,0
0.06740582,0
0.034324992,0
0.16193822,0
0.03374508,0
0.5906739,0
0.11009112,0
0.059401423,0
0.16280863,0
0.05292662,0
0.2847905,0
0.19142348,0
0.1452694,0
0.13210638,0
0.011160272,0
0.5869677,0
0.86081475,1
0.7698632,0
0.6631411,1
0.09752997,0
0.36684474,0
0.028423179,0
0.84234804,0
0.4479765,0
0.5024895,1
0.007302688,0
0.33469296,0
0.2690575,0
0.6609826,0
0.035431337,0
0.10972264,0
0.0041125827,0
0.3131496,0
0.096452415,0
0.019712562,0
0.6000715,0
0.046939008,0
0.0052793403,0
0.0031639345,0
0.007262664,0
0.6059077,0
0.49036998,0
0.26298136,0
0.40650058,0
0.022373358,0
0.24302177,0
0.03073038,0
0.23191431,0
0.4236608,0
0.45094696,0
0.23641795,0
0.20936225,0
0.0055246204,0
0.35357657,0
0.004846196,0
0.24426042,0
0.8225601,1
0.12262357,0
0.1144741,0
0.12803333,0
0.074752316,1
0.23885868,0
0.12465099,0
0.04784251,0
0.22029819,0
0.029198404,0
0.04519223,0
0.1113997,1
0.8500363,1
0.0064065075,0
0.36040047,0
0.5230318,0
0.28256598,0
0.061240606,0
0.05346291,0
0.049250215,0
0.04490817,0
0.59346163,0
0.040749885,0
0.029077912,0
0.38625646,0
0.21981654,0
0.04369098,0
0.009142179,0
0.15347108,0
0.046450406,0
0.07874981,0
0.59378296,0
0.08743103,0
0.055186555,0
0.35953328,0
0.23522307,0
0.119684,0
0.019402266,0
0.074080184,0
0.0054392726,0
0.47945556,0
0.43486074,0
0.3090922,0
0.40795308,1
0.67591476,0
0.42020947,0
0.30241036,0
0.24131255,0
0.3344088,1
0.008078226,0
0.4207974,1
0.04688267,0
0.23498902,0
0.07986313,0
0.21462908,0
0.5151101,1
0.30539152,0
0.024569996,0
0.87176615,1
0.07849501,0
0.38954216,0
0.03525361,0
0.01679155,0
0.6083685,0
0.050202515,0
0.46669972,0
0.016522497,0
0.0721695,0
0.92144334,1
0.09686209,0
0.88394463,1
0.10963882,0
0.34078306,0
0.011286142,0
0.115068555,0
0.23027015,0
0.46875894,0
0.040951654,0
0.37697345,0
0.012521981,0
0.29865223,0
0.6016612,0
0.019484613,0
0.029860346,0
0.68487203,1
0.00058326125,0
0.021783255,0
0.017173046,0
0.30180472,0
0.7477231,1
0.68711764,1
0.18540353,0
0.11804633,0
0.2121212,0
0.6439303,0
0.078858085,0
0.5501529,0
0.021745335,0
0.33456776,1
0.08255669,0
0.082771525,0
0.17023246,0
0.013871923,0
0.0104922345,0
0.6143999,1
0.6021865,0
0.75316346,0
0.021128248,0
0.016023898,0
0.002768475,0
0.27549264,0
0.035634395,0
0.07447411,0
0.039811607,0
0.20910873,0
0.021069901,0
0.023307366,0
0.59341824,0
0.43732002,0
0.20529704,0
0.009660156,0
0.70747006,0
0.5602989,1
0.6445893,1
0.020671872,0
0.015587159,0
0.12918152,0
0.12481241,0
0.7275526,0
0.15526745,0
0.88756037,0
0.0044064824,0
0.054785863,0
0.7023095,0
0.7427812,1
0.018777238,0
0.5960695,0
0.49580774,0
0.01961465,0
0.20531537,0
0.045648307,0
0.06852083,0
0.0888634,0
0.6794128,0
0.09845778,0
0.72958046,1
0.4653494,0
0.12667519,0
0.4092546,0
0.3182591,0
0.5969395,0
0.33645546,1
0.47583318,0
0.115132354,0
0.56075335,0
0.01768201,0
0.36211416,1
0.15968078,0
0.46683612,1
0.348548,0
0.041052382,0
0.17842261,0
0.03266933,0
0.052778553,0
0.041422144,0
0.25422734,0
0.2750251,0
0.73555726,1
0.10434812,0
0.007512362,0
0.04440182,0
0.05848847,0
0.6443941,0
0.01369045,0
0.48402834,0
0.14679196,0
0.5635261,0
0.22107093,0
0.3313449,0
0.35360482,1
0.03388944,0
0.24757154,0
0.8267194,1
0.058766477,0
0.40344897,0
0.019779023,0
0.6820073,0
0.01373135,0
0.28277642,0
0.028207017,0
0.7686682,1
0.39341223,1
0.050155655,0
0.017808858,0
0.30798438,0
0.06056586,0
0.053214252,0
0.48180756,0
0.15309161,0
0.68194556,0
0.0048039653,0
0.1729034,0
0.42760563,0
0.43808374,0
0.05878559,0
0.29006752,0
0.0019808223,0
0.25484124,0
0.016695645,0
0.03400359,0
0.07162567,0
0.4063519,0
0.76862323,1
0.21019988,0
0.6604942,1
0.19109313,0
0.03929884,0
0.012021122,0
0.14800403,0
0.4034778,0
0.091953516,0
0.03147386,0
0.6872759,0
0.046027433,0
0.16175078,0
0.06710341,0
0.38218862,0
0.23905197,0
0.47066268,0
0.020609358,0
0.037607875,0
0.036916856,0
0.10001045,0
0.11891246,0
0.5061354,1
0.032599878,0
0.011937751,0
0.026969437,0
0.81821054,1
0.034353353,0
0.13910675,0
0.0036748461,0
0.48273468,1
0.046441376,0
0.17318845,0
0.13131289,0
0.07135841,0
0.3428381,0
0.31846035,1
0.40232614,0
0.014164081,0
0.086548135,0
0.4418628,0
0.051499218,0
0.3278276,0
0.5788779,1
0.7201922,0
0.113887064,0
0.048464943,0
0.24955423,0
0.18612733,0
0.014105588,0
0.02602158,0
0.69203633,0
0.04269082,0
0.015839748,0
0.23106633,0
0.35791692,0
0.028199274,0
0.1178383,0
0.021763552,0
0.31607798,0
0.24990451,0
0.49999648,0
0.09502361,0
0.117771626,0
0.65782636,0
0.9460105,1
0.0082425,0
0.4793222,0
0.76631427,0
0.017222168,0
0.0900493,0
0.3609876,0
0.037051864,0
0.14331865,0
0.1647537,0
0.021807678,0
0.34006453,0
0.073244825,0
0.12991968,0
0.25377876,0
0.14696197,0
0.12207279,0
0.6307779,0
0.8263356,0
0.010699812,0
0.005583445,0
0.15941754,0
0.8173423,0
0.049914297,0
0.018635709,0
0.04886592,0
0.4410957,0
0.40736347,0
0.002838216,0
0.34237406,0
0.32105917,0
0.18632908,0
0.13190873,0
0.22172657,0
0.008263379,0
0.52905893,0
0.018580228,0
0.20945448,0
0.29053572,0
0.14028473,0
0.007823029,0
0.29590258,0
0.19999404,0
0.20579995,0
0.81124914,0
0.024736105,0
0.0037492425,0
0.17014867,0
0.39073426,1
0.5067763,0
0.026503487,0
0.83968884,0
0.08671594,0
0.08036341,0
0.15984645,0
0.02485561,0
0.16153565,0
0.0034057654,0
0.105347596,0
0.20743652,0
0.40245193,0
0.017102374,0
0.20927155,0
0.7692883,1
0.6021559,1
0.0017403846,0
0.011354325,0
0.41346547,1
0.010010777,0
0.21958505,0
0.2000173,1
0.17180507,0
0.0056635137,0
0.08912556,0
0.57319623,0
0.021589663,0
0.5725418,0
0.033166762,0
0.36733085,0
0.04021353,0
0.029340021,0
0.18954754,0
0.6053492,0
0.16049586,0
0.2149865,0
0.010202932,0
0.12046732,0
0.032109976,0
0.089251325,0
0.5123814,1
0.67834044,1
0.114924856,0
0.043951828,0
0.22462584,0
0.05728894,0
0.14669043,0
0.046913594,0
0.3636579,0
0.15848254,0
0.036755443,0
0.4756242,0
0.0550303,0
0.037084434,0
0.098839894,0
0.5383376,0
0.28684324,0
0.6414047,0
0.43355644,0
0.3618858,0
0.107395165,0
0.08646418,0
0.3366888,1
0.0052090315,0
0.026909899,0
0.06556938,0
0.013182143,0
0.017938165,0
0.17872474,0
0.04566321,0
0.046206135,0
0.04759829,0
0.7462075,1
0.03747225,0
0.03656706,0
0.006208473,0
0.027888594,0
0.2972519,0
0.11395348,0
0.037609603,0
0.011532585,0
0.05425281,0
0.15308586,0
0.11750475,0
0.080789454,0
0.09980141,0
0.26878205,0
0.22207779,0
0.36263588,0
0.032360718,0
0.9227333,1
0.14795989,0
0.22480197,0
0.57887673,1
0.25905967,0
0.06842811,0
0.030647429,0
0.46215507,0
0.03088223,0
0.0090179695,0
0.0172804,0
0.27507627,0
0.5029074,1
0.019264052,0
0.28265956,0
0.036658417,0
0.074575275,0
0.37222573,0
0.021349985,0
0.17092797,0
0.117721155,0
0.45114177,0
0.20043667,0
0.03155904,0
0.2281919,0
0.012513152,0
0.036102764,0
0.04378822,0
0.09344768,0
0.31258276,0
0.10451142,0
0.9257674,0
0.571567,1
0.0072805844,0
0.4403984,0
0.007424692,0
0.7031616,0
0.17354488,0
0.44174972,0
0.059687164,0
0.004755771,0
0.0015621985,0
0.04397218,0
0.50751525,0
0.0014401741,0
0.03043133,0
0.013741345,0
0.16012697,0
0.4134398,0
0.4685718,0
0.10301352,0
0.47908497,0
0.001562365,0
0.84992385,0
0.14882591,0
0.09186064,0
0.25410035,0
0.41903535,0
0.5723135,0
0.030183528,0
0.14718373,0
0.66594857,0
0.011445655,0
0.11229092,0
0.17088822,0
0.025778169,0
0.15365934,0
0.0637262,0
0.11071186,0
0.1216346,0
0.7956829,0
0.18219014,1
0.023363529,0
0.7510808,1
0.1366061,0
0.11772382,0
0.4554543,0
0.15385883,0
0.7327018,0
0.09271763,0
0.035004403,0
0.13490336,0
0.022987317,0
0.013722869,0
0.117645524,0
0.18969522,0
0.10512135,0
0.048556756,0
0.033347912,0
0.10055139,0
0.15659304,0
0.057788122,0
0.20920227,0
0.4707491,0
0.5546596,0
0.09129573,1
0.12676604,0
0.39509678,0
0.7163317,1
0.33664015,0
0.24238975,0
0.022626026,0
0.0013571946,0
0.60237,0
0.0051495465,0
0.061027147,1
0.33086553,0
0.016076386,0
0.36732003,0
0.0134651465,0
0.1856215,0
0.6040214,0
0.7286478,1
0.037268244,0
0.0059427083,0
0.70640236,0
0.05968181,0
0.33718887,0
0.84367925,1
0.023668095,0
0.20076329,0
0.01794271,0
0.28033593,0
0.114463076,0
0.045382187,0
0.3176259,0
0.044936802,0
0.119397245,0
0.011360075,0
0.11596695,0
0.1284487,0
0.056314774,0
0.2548164,0
0.0056745363,0
0.035499953,0
0.3796113,0
0.16477358,0
0.58541757,0
0.52325994,1
0.28558147,0
0.028892023,0
0.6251883,0
0.16324134,0
0.119143315,0
0.0261811,0
0.034926817,0
0.2446929,0
0.019444192,0
0.056013256,0
0.5058821,0
0.7262102,0
0.33175606,0
0.45423606,0
0.8881652,1
0.004979956,0
0.17291594,0
0.090819314,0
0.12354243,0
0.09126846,0
0.50009084,0
0.02326099,0
0.099533044,0
0.5694524,1
0.045120396,0
0.042220615,0
0.88964456,1
0.14161855,0
0.004827087,0
0.0066591618,0
0.6173451,0
0.14406177,0
0.029342903,0
0.0064860047,0
0.07930153,0
0.024606977,0
0.6412808,1
0.023130767,0
0.1423984,0
0.0329761,0
0.0129033895,0
0.8335222,0
0.4096016,1
0.007984013,0
0.047282085,0
0.402852,0
0.42541316,0
0.88333756,0
0.33226967,0
0.8139582,0
0.85886437,0
0.748263,1
0.03234428,0
0.0858736,0
0.48708382,0
0.21320993,0
0.11763286,0
0.024262806,0
0.6846789,0
0.33451658,1
0.0069853477,0
0.16585173,0
0.06079811,0
0.37810823,0
0.41124216,0
0.8441667,0
0.047253493,0
0.19383879,0
0.19929045,0
0.78063565,0
0.25442407,0
0.63416916,0
0.029430669,0
0.020884177,0
0.13942638,0
0.0314703,0
0.10468795,0
0.080372445,0
0.01306891,0
0.35099682,0
0.02590808,0
0.0903542,0
0.07412524,0
0.01903037,0
0.075630866,0
0.0009698665,0
0.803664,1
0.9516433,1
0.2553083,0
0.55249363,0
0.27341717,0
0.3686794,0
0.20394827,0
0.06602353,0
0.016800629,0
0.017968304,0
0.05336976,0
0.106369436,0
0.14790425,0
0.213087,0
0.19958507,0
0.030760057,0
0.3430784,0
0.071924455,0
0.047109045,0
0.65133816,0
0.12537552,0
0.26676372,0
0.050870873,0
0.032560147,0
0.25044668,0
0.019113846,0
0.5077337,0
0.31164822,0
0.0066237743,0
0.019229213,0
0.38825867,0
0.37124485,0
0.04190896,0
0.83584297,1
0.2889071,0
0.060340893,0
0.04649797,0
0.06923491,0
0.93243235,1
0.40794626,0
0.08312427,0
0.06812179,0
0.008210513,0
0.5628632,1
0.11060317,0
0.7212516,1
0.054305304,0
0.0917819,0
0.038478002,0
0.032724503,0
0.07337349,0
0.26013818,0
0.35804403,0
0.13249847,0
0.42333585,0
0.009094396,0
0.38634205,0
0.5788952,0
0.04323295,0
0.28465196,0
0.036528867,0
0.21747555,0
0.019784858,0
0.043851145,0
0.8090272,1
0.0776985,0
0.028462913,0
0.02301951,0
0.6810195,0
0.028423894,0
0.8314424,0
0.4251227,0
0.25729826,0
0.09371953,0
0.03188503,0
0.36493084,0
0.26551312,0
0.06083931,0
0.50384766,0
0.009568392,0
0.63829166,1
0.19366089,0
0.2369088,0
0.26976153,0
0.1194163,0
0.2799586,0
0.036467694,0
0.09388923,0
0.0024982293,0
0.08160961,0
0.4808573,0
0.10868347,0
0.029673573,0
0.30761948,0
0.024396984,0
0.10902817,1
0.75369006,0
0.023504745,0
0.055359393,0
0.0070878286,0
0.034744676,0
0.09743396,0
0.53581315,0
0.018885946,0
0.15621535,0
0.14163446,0
0.43638527,1
0.29838458,0
0.43382734,0
0.74873376,0
0.13982272,0
0.10666819,0
0.07979315,0
0.053617023,0
0.7796714,0
0.04181544,0
0.2496589,0
0.022671193,0
0.009851493,0
0.016125616,0
0.6681374,1
0.5366244,0
0.080785945,0
0.842716,1
0.07372625,0
0.103452265,0
0.08227236,0
0.5023389,0
0.02401787,0
0.94644886,0
0.03925362,0
0.020964412,0
0.01959581,0
0.48353216,1
0.4054979,0
0.44119212,1
0.6801947,1
0.08824019,1
0.012730371,0
0.76017874,0
0.27166405,0
0.099773176,0
0.04928764,0
0.02193742,0
0.031311873,0
0.0054382225,0
0.0076506943,0
0.8022342,1
0.19540486,0
0.13596427,0
0.7644376,0
0.17029296,0
0.19645698,0
0.22530107,0
0.27331895,0
0.1438289,0
0.0026457591,0
0.16875927,0
0.4500759,0
0.0145022515,0
0.020484857,0
0.12599255,0
0.048997194,0
0.16249979,0
0.103316255,0
0.15882853,0
0.1723098,0
0.8808587,1
0.11913447,0
0.012426213,0
0.030714704,0
0.82837653,1
0.028720131,0
0.10483249,0
0.014618472,0
0.2774377,0
0.12821119,0
0.014027981,0
0.49259025,1
0.05256488,0
0.15229385,0
0.37339562,1
0.34515366,0
0.039304253,0
0.3669078,0
0.14523767,0
0.044892434,1
0.20771965,0
0.50473034,0
0.02323767,0
0.2816698,0
0.031855147,0
0.0021428934,0
0.41813377,0
0.00988397,0
0.5542026,0
0.019534646,0
0.71204907,0
0.68787783,0
0.053523015,0
0.25852633,0
0.014874475,0
0.06532266,0
0.007044864,0
0.22630264,0
0.06575707,0
0.21465796,0
0.16753148,0
0.017506335,0
0.27310556,0
0.11244814,0
0.49888608,0
0.013963744,0
0.13378909,0
0.3247787,1
0.78005373,1
0.019536206,0
0.11051432,0
0.31891456,0
0.34004197,0
0.021128012,0
0.06991511,0
0.100048974,0
0.007907509,0
0.34873533,0
0.1958441,0
0.21060163,1
0.13309753,0
0.15965195,0
0.015317476,0
0.10994462,0
0.004994665,0
0.11041919,0
0.17867808,0
0.07523577,0
0.52163196,0
0.31287622,0
0.7848017,1
0.1574681,1
0.0058842083,0
0.18131484,0
0.25414732,0
0.24252158,0
0.27553135,0
0.04570065,0
0.010702271,0
0.54434013,0
0.5808788,0
0.010346427,0
0.017091628,0
0.2020588,0
0.007936924,0
0.72316796,1
0.07445436,0
0.67886776,1
0.39057413,0
0.5809303,0
0.68009,0
0.7714335,0
0.027379218,0
0.00638603,0
0.08446737,0
0.21087985,0
0.01688525,0
0.043226544,0
0.057653625,0
0.19850859,0
0.020900583,0
0.025268255,0
0.051385228,0
0.017185027,0
0.011825256,0
0.03030783,0
0.006616909,0
0.06944622,0
0.75341386,1
0.024708776,0
0.59255314,0
0.345009,0
0.10926425,0
0.29188037,0
0.49163702,0
0.44491953,0
0.25910217,0
0.5559545,0
0.07363248,0
0.12947659,0
0.80436546,0
0.40854686,0
0.79133517,1
0.05649978,0
0.12432492,0
0.7940325,0
0.5029946,0
0.053964976,0
0.3300042,0
0.6129936,0
0.90246063,1
0.025867179,0
0.6091922,0
0.59510714,0
0.06910457,0
0.5175585,0
0.065297015,0
0.058102373,0
0.10009656,0
0.4205441,0
0.042087566,0
0.6107724,0
0.10404945,0
0.14487307,0
0.051752817,0
0.013169055,0
0.06430061,0
0.40330032,0
0.14314792,0
0.64878565,0
0.06758746,0
0.013509023,0
0.15518732,0
0.06056993,0
0.2390272,0
0.01907014,0
0.025379425,0
0.04502847,0
0.44459596,0
0.13759816,0
0.088248804,0
0.30512118,0
0.23573051,0
0.07026551,0
0.38139364,0
0.074019246,0
0.12928389,0
0.1579571,0
0.05156165,0
0.009010848,0
0.1871441,0
0.045585796,0
0.15451778,0
0.9327138,1
0.004863165,0
0.02943509,0
0.6130058,0
0.07697381,0
0.028087458,0
0.5687799,0
0.0102705555,0
0.036637012,0
0.05497399,0
0.42391145,1
0.027131505,0
0.92214435,0
0.12368468,0
0.38715956,0
0.08634051,0
0.09952432,0
0.70011413,0
0.06681179,0
0.27099714,0
0.24347976,1
0.9086224,1
0.03732427,0
0.120577954,0
0.7193384,0
0.18750282,0
0.04485163,0
0.28532833,0
0.23555104,0
0.026658608,0
0.20839413,0
0.07005719,0
0.0776144,0
0.12514655,1
0.0017273081,0
0.11470688,0
0.16805321,0
0.028993603,0
0.040531382,0
0.013181795,0
0.0062902034,0
0.69561553,0
0.051097475,0
0.07318364,0
0.9282181,1
0.2623498,0
0.034763288,0
0.87434477,1
0.03881373,0
0.019953378,0
0.047904257,0
0.270424,0
0.4953161,0
0.07755771,0
0.22477837,0
0.51304525,0
0.019261222,0
0.1485219,0
0.094364315,0
0.11382753,0
0.08706974,0
0.3159476,0
0.08289189,0
0.15350302,0
0.14134055,0
0.26758766,0
0.68368375,0
0.5251126,0
0.05074928,0
0.05734619,0
0.014000288,0
0.011463862,0
0.06276299,0
0.02580089,0
0.00598588,0
0.11581374,0
0.5161585,1
0.19089338,0
0.65723383,0
0.050147217,0
0.02602251,0
0.880769,0
0.071890615,0
0.0053622406,0
0.20540068,0
0.66311353,1
0.64023614,0
0.19690453,0
0.14860937,0
0.4116744,1
0.7176608,0
0.027240677,0
0.086950175,0
0.21957573,0
0.8522205,1
0.057094045,0
0.22696951,0
0.33453467,0
0.20307548,0
0.03520179,0
0.025096752,0
0.33939058,1
0.0040468643,0
0.13989022,0
0.2922413,0
0.290119,0
0.14951305,0
0.006955886,0
0.49696723,0
0.33319148,1
0.4347153,1
0.058082175,0
0.16355675,0
0.33945483,1
0.3576134,0
0.20247103,0
0.4336783,0
0.12981264,0
0.33216462,0
0.07796805,0
0.08715311,0
0.023025189,0
0.031667605,0
0.07996658,0
0.0072592474,0
0.010514184,0
0.0054681622,0
0.3345282,1
0.055682085,0
0.08202003,0
0.7486479,1
0.21967344,0
0.09000469,0
0.067671135,0
0.20839265,0
0.1824831,0
0.04997943,0
0.014572735,0
0.35203585,0
0.08072697,0
0.15920703,0
0.020015303,0
0.13887237,0
0.075269096,0
0.0853223,0
0.063402645,0
0.043527924,0
0.66494,0
0.28258118,0
0.059780315,0
0.641573,1
0.24201937,0
0.25458905,0
0.01815532,0
0.32332224,0
0.21324418,0
0.41186604,0
0.83771515,1
0.26305032,1
0.05675598,0
0.11013446,0
0.222272,0
0.054210454,0
0.23057774,0
0.036201227,0
0.5031537,0
0.007066103,0
0.021435615,0
0.06438777,0
0.008319287,0
0.056656737,0
0.26612124,0
0.013463512,0
0.06202293,0
0.0035384626,0
0.2658568,0
0.48503003,0
0.15398331,0
0.23219374,0
0.7868387,0
0.048268877,0
0.41075855,0
0.60718596,0
0.73010993,0
0.1291147,0
0.94802266,0
0.037473295,0
0.0818541,0
0.1165939,0
0.0058807703,0
0.22187525,0
0.25828168,0
0.21867524,0
0.6221973,0
0.05432977,0
0.0096996045,0
0.17161234,0
0.69558245,1
0.9198383,0
0.69907856,0
0.73861164,0
0.018856233,0
0.0075040297,0
0.12735422,0
0.72591543,0
0.16408251,0
0.07407927,0
0.36372185,0
0.021868901,0
0.023944583,0
0.102603935,0
0.24773873,0
0.026050432,0
0.58763987,0
0.76229805,0
0.82233053,0
0.073622525,0
0.09312504,0
0.38575116,0
0.0053393138,0
0.5195446,0
0.40536323,0
0.04902064,0
0.38177556,0
0.5384055,0
0.011623749,0
0.26923656,1
0.7176154,0
0.24937353,0
0.04591539,0
0.05155554,0
0.0033220819,0
0.011784527,0
0.9154603,1
0.15596817,0
0.38269064,0
0.03228289,0
0.104006566,0
0.043637976,0
0.026806664,0
0.14596358,0
0.025532128,0
0.039322443,0
0.8563919,1
0.103696845,0
0.03910445,0
0.81673896,1
0.27786145,0
0.545176,1
0.38841805,0
0.02073312,0
0.00954467,0
0.23394607,0
0.08056417,0
0.51029503,0
0.1629314,0
0.5208743,0
0.021576962,0
0.3988797,0
0.1372848,0
0.71424365,1
0.35546392,0
0.8516964,1
0.85792667,0
0.5706601,0
0.7636158,1
0.79007876,0
0.0162685,0
0.098795086,0
0.41430798,0
0.11804767,0
0.5607341,0
0.05382074,0
0.23466271,0
0.23192202,0
0.009472237,0
0.20199017,0
0.73515934,0
0.021873748,0
0.0132782785,0
0.023546996,0
0.030217312,0
0.16167484,0
0.48903778,0
0.27519533,0
0.18895127,0
0.13158987,0
0.032054543,0
0.72455555,0
0.038393084,0
0.7364884,1
0.010886902,0
0.1728482,0
0.67791486,1
0.46264657,0
0.5586489,1
0.33423138,0
0.2727405,0
0.0017686075,0
0.10938581,0
0.10887241,1
0.07158705,0
0.16340825,0
0.12791288,0
0.1420365,0
0.25621048,0
0.05100498,0
0.019267194,0
0.008681934,0
0.061689623,0
0.05692453,0
0.009816972,0
0.14085907,0
0.2656564,0
0.2691549,0
0.045103133,0
0.8100663,0
0.189689,0
0.04445397,0
0.063177645,0
0.02057749,0
0.48805788,0
0.03045552,0
0.31668457,0
0.15884791,0
0.5950529,0
0.40190104,0
0.020501602,0
0.0062665315,0
0.8832425,1
0.08171968,0
0.75397605,1
0.7426537,0
0.19229262,0
0.29873744,0
0.06905237,0
0.004000031,0
0.0026178963,0
0.103805974,0
0.023944655,0
0.70637083,1
0.5251797,0
0.03387449,0
0.16003554,0
0.34232387,0
0.39936417,0
0.56873184,0
0.0045644715,0
0.75675327,0
0.002761206,0
0.6401356,0
0.07852532,0
0.025438406,0
0.1421662,0
0.1556567,0
0.07865171,0
0.38735914,0
0.03431882,0
0.046415653,0
0.047081534,0
0.09140629,0
0.16249332,1
0.43205535,0
0.010165559,0
0.17543694,0
0.6028077,0
0.7174963,0
0.63017493,0
0.10413025,0
0.1738714,0
0.012530999,0
0.15007241,0
0.5339391,1
0.017606245,0
0.026487045,0
0.7020924,0
0.30881053,0
0.03943701,0
0.2068786,0
0.07673127,0
0.85364544,1
0.1270343,0
0.11859227,0
0.0159832,0
0.36015993,0
0.01720705,0
0.15579689,0
0.037251443,0
0.0757421,0
0.7947949,0
0.2553381,0
0.06815691,0
0.9477138,1
0.303272,0
0.15581481,0
0.032526784,0
0.09979262,0
0.018128362,0
0.4841232,0
0.044253867,0
0.0195301,0
0.5378683,0
0.40667653,0
0.70967764,0
0.00418169,0
0.29795617,0
0.36254475,0
0.013929684,0
0.07968779,0
0.025014557,0
0.38718948,0
0.27585185,0
0.019954303,0
0.18407089,0
0.8348696,0
0.07935223,0
0.5841772,0
0.5424327,0
0.0073701045,0
0.0065612616,0
0.24705185,0
0.098138936,0
0.021215089,0
0.038755458,0
0.0005116767,0
0.4958758,0
0.027695175,0
0.013230899,0
0.03196815,0
0.0065071792,0
0.040717352,0
0.16689715,0
0.26345006,0
0.18400109,0
0.0036821614,0
0.15590021,0
0.049491547,0
0.45176563,0
0.44176787,0
0.1779452,0
0.056550883,0
0.24047989,0
0.59776545,0
0.12570743,0
0.11352284,0
0.32939202,0
0.0211321,0
0.06876002,0
0.026792888,0
0.039854564,0
0.041339576,0
0.0034114718,0
0.109749116,0
0.61901766,0
0.42495644,0
0.06923577,0
0.0402161,0
0.21082632,0
0.089577176,0
0.2642511,0
0.0009942368,0
0.1153349,0
0.20382154,0
0.20919102,0
0.169901,0
0.06194482,0
0.39002913,0
0.9069672,1
0.03621466,0
0.040735707,0
0.1642813,0
0.35528672,0
0.0015444367,0
0.121341676,0
0.32922655,0
0.19793049,0
0.15252317,0
0.031406138,0
0.42566124,1
0.22133853,0
0.17517708,0
0.699013,1
0.01896752,0
0.014961155,0
0.07822121,0
0.104495995,0
0.21453065,0
0.06420609,0
0.09376196,0
0.59481,0
0.37999865,0
0.1463996,0
0.025743272,0
0.16497156,0
0.007850959,0
0.06009395,0
0.030490525,0
0.38008216,0
0.12929888,0
0.16685665,0
0.26353067,0
0.22583316,0
0.6312163,0
0.53615624,0
0.11594067,0
0.0075368118,0
0.0456148,0
0.06503853,0
0.041639455,0
0.4338108,0
0.030669924,0
0.20143029,0
0.07854191,0
0.39198714,0
0.051557302,0
0.7343012,0
0.17041698,0
0.6761219,1
0.28094608,0
0.2473024,1
0.027247494,0
0.9245874,1
0.09078369,0
0.20190817,0
0.4053647,0
0.23361483,0
0.48612082,0
0.77776134,0
0.006034729,0
0.78575015,0
0.03707797,0
0.003141962,0
0.06637662,0
0.6546159,0
0.02792557,0
0.42801204,0
0.82507944,1
0.16193639,0
0.14036377,0
0.69111574,0
0.11457852,0
0.14285329,0
0.5682803,0
0.04739778,0
0.8068989,0
0.09412103,0
0.022571726,0
0.08087055,0
0.21710674,0
0.7779687,0
0.34578237,0
0.15058461,0
0.0060954588,0
0.079390965,0
0.049497087,0
0.6712157,0
0.056209527,0
0.42935416,0
0.8142194,1
0.3896636,0
0.14991757,0
0.119613506,0
0.0031602988,0
0.75620776,1
0.0072340756,0
0.056745425,0
0.016036084,0
0.080004334,0
0.054767374,0
0.01287493,0
0.16191754,0
0.15076822,0
0.14832868,0
0.1681768,0
0.04587955,0
0.019866312,0
0.15590665,0
0.47699794,0
0.31499305,1
0.0053571463,0
0.07030468,0
0.020580893,0
0.07361635,0
0.022801887,0
0.7839899,0
0.019050205,0
0.012944242,0
0.015557976,0
0.3345772,0
0.4819571,0
0.008863824,0
0.47343546,0
0.19316354,0
0.16458127,0
0.039197028,0
0.39817587,0
0.006542463,0
0.5963747,0
0.13410442,0
0.006938204,0
0.32776543,0
0.10436039,0
0.5277554,0
0.30438298,1
0.14739268,0
0.6918031,0
0.3974252,0
0.1655527,0
0.13543682,0
0.38749608,0
0.31683254,0
0.018925149,0
0.07066701,0
0.0904937,0
0.090895146,0
0.046607338,0
0.14662842,1
0.1573742,0
0.12320224,0
0.13592313,0
0.020822998,0
0.012044601,0
0.08121706,0
0.28554198,0
0.22962387,0
0.13098785,0
0.25813004,0
0.4917439,0
0.65736187,0
0.0772957,0
0.08969483,0
0.026198236,0
0.089711696,0
0.22187619,1
0.08121158,0
0.2983816,0
0.025030106,0
0.12842561,1
0.020880736,0
0.5358355,0
0.39548618,0
0.08319638,0
0.012831449,0
0.026428673,0
0.3624204,0
0.16172116,0
0.061129525,0
0.61470133,1
0.008929941,0
0.3616856,0
0.18036851,0
0.19288544,0
0.0840883,0
0.2891949,0
0.29301733,0
0.42672482,1
0.033179875,0
0.29571277,0
0.05607591,0
0.030944012,0
0.37796676,0
0.0067470055,0
0.017880723,0
0.7330613,1
0.18233886,0
0.0350893,0
0.21909222,0
0.72489315,1
0.106366426,0
0.28735542,0
0.66530645,0
0.025787031,0
0.07607779,0
0.8276756,1
0.42811418,0
0.14004336,0
0.018858831,0
0.006316328,0
0.41658893,1
0.0027505986,0
0.100424394,0
0.07718056,0
0.23884241,0
0.5858122,0
0.24899329,0
0.04838919,0
0.14909667,0
0.39342868,0
0.55088985,0
0.006787308,0
0.30781958,0
0.019340238,0
0.71539384,0
0.03355987,0
0.8363267,0
0.29528052,0
0.080558576,0
0.49791518,1
0.044825014,0
0.14311817,0
0.5953681,0
0.018770374,0
0.61366534,1
0.6479136,0
0.4618656,0
0.08216181,0
0.15367606,0
0.1646121,0
0.16915742,0
0.046618085,0
0.030651584,0
0.42691043,0
0.5526562,0
0.09405602,0
0.063357174,0
0.7480222,0
0.09992142,0
0.7487518,0
0.04761378,0
0.03189446,0
0.0051901434,0
0.034914196,0
0.009655213,0
0.1890816,0
0.16701044,0
0.85562533,1
0.11371736,0
0.25732917,0
0.066761,0
0.009047121,0
0.11619397,0
0.9563909,1
0.23862392,0
0.07754632,0
0.016460083,0
0.05313576,0
0.15985861,0
0.34160587,0
0.1843964,0
0.11961004,0
0.027861724,0
0.2573443,0
0.15847161,0
0.028491488,0
0.073052004,0
0.39941263,0
0.38873374,0
0.04386043,0
0.05952611,0
0.07032997,0
0.8155823,0
0.25371286,0
0.6020479,0
0.25407204,0
0.2507351,1
0.47032997,1
0.13449621,0
0.43986797,0
0.045936495,0
0.64243007,1
0.09992477,0
0.019334713,0
0.528866,0
0.0040460904,0
0.6400563,1
0.023104472,0
0.005965761,0
0.072023414,0
0.015305528,0
0.02018258,0
0.031069463,0
0.41097653,0
0.20004174,0
0.61244875,0
0.21951056,0
0.57428956,0
0.77634233,0
0.059351306,0
0.25875926,0
0.066322595,0
0.012829262,0
0.0023366027,0
0.060126893,0
0.19176936,0
0.39529175,1
0.09130768,0
0.30283406,1
0.86184037,1
0.21562323,0
0.15362556,0
0.4524756,0
0.017972546,0
0.71946836,1
0.040689893,0
0.66283417,0
0.07260321,0
0.49139816,1
0.76761836,1
0.013609098,0
0.20766106,0
0.1998901,0
0.5074666,0
0.25095737,0
0.16763486,0
0.028179724,0
0.12190825,0
0.0078066797,0
0.7558398,0
0.017599287,0
0.041299157,0
0.42504576,0
0.097852476,0
0.3790778,0
0.017119784,0
0.119905695,0
0.077426545,0
0.21055694,0
0.053479,0
0.56687194,0
0.12999797,0
0.019930657,0
0.07940419,0
0.17759219,0
0.051890597,0
0.40709674,0
0.15995257,0
0.044132315,0
0.27327767,0
0.1305013,0
0.20310204,0
0.028876381,0
0.012545972,0
0.088930495,0
0.61597896,1
0.10520586,0
0.19641931,0
0.4069795,0
0.75119096,0
0.14114776,0
0.055119265,0
0.064683266,0
0.10777004,0
0.0113098975,0
0.6540663,1
0.35358945,0
0.17347239,0
0.19178085,0
0.079786666,0
0.09764893,0
0.14691016,0
0.121523954,0
0.059270997,0
0.47707695,0
0.072794996,0
0.16684173,0
0.06670232,0
0.22199973,0
0.032794837,0
0.37441018,0
0.57463676,1
0.17614295,0
0.080348976,0
0.2603726,0
0.006739705,0
0.02943402,0
0.013046222,0
0.12015496,0
0.39601195,0
0.02423993,0
0.026637962,0
0.33153722,0
0.54436356,0
0.06731568,0
0.091523446,0
0.3909348,0
0.015218698,0
0.128259,0
0.03230904,0
0.07844886,0
0.011103547,0
0.10177354,0
0.7215496,0
0.69901,1
0.011049461,0
0.6809123,0
0.4064982,0
0.19459556,0
0.0049345866,0
0.010436105,0
0.1452001,0
0.07433141,0
0.053143296,0
0.15070158,0
0.013741332,0
0.7171504,0
0.3886998,0
0.43008488,0
0.063020654,0
0.20975615,0
0.6955419,1
0.15004969,0
0.019071441,0
0.007119008,0
0.21545318,0
0.77407503,1
0.61964524,0
0.23879182,0
0.23178759,0
0.84271425,1
0.17172854,0
0.06452228,0
0.0012715135,0
0.20706952,0
0.24336995,0
0.13475385,0
0.5881746,0
0.12762919,0
0.4449893,0
0.39580637,1
0.060125735,0
0.025415583,0
0.04007877,0
0.0110229915,0
0.23366539,0
0.0782302,0
0.004053687,0
0.7527859,0
0.18853596,0
0.40290904,0
0.30547985,0
0.075152956,0
0.0765701,0
0.021807155,0
0.1945736,0
0.01295692,0
0.92684835,1
0.47709984,0
0.03412491,0
0.9326122,1
0.5187921,0
0.13026984,0
0.08215999,0
0.03828109,0
0.057392795,0
0.18502574,0
0.25440735,0
0.14583564,0
0.11526745,0
0.4547921,0
0.35967842,0
0.03372927,0
0.17054772,0
0.025512934,0
0.42811218,0
0.57777715,0
0.35372177,0
0.62474906,0
0.05392125,0
0.11780074,1
0.64736265,0
0.03180574,0
0.03081384,0
0.023229333,0
0.89994156,1
0.21542095,0
0.0389803,0
0.02352465,0
0.30730304,0
0.047801323,0
0.27280685,0
0.2632383,0
0.77773476,1
0.04264789,0
0.5044016,1
0.04548925,0
0.20340146,0
0.007483563,0
0.021215847,0
0.02277621,0
0.3191907,0
0.0156635,0
0.050116006,0
0.006309642,0
0.65468645,0
0.2219792,0
0.037214715,0
0.8072828,0
0.18824562,0
0.3098524,0
0.014738664,0
0.6037677,1
0.6558568,0
0.010593184,0
0.2020248,0
0.025316592,0
0.04460628,0
0.030791147,0
0.3025656,0
0.22769044,0
0.3295326,0
0.1656032,0
0.029168533,0
0.046763513,0
0.2651884,0
0.016688827,0
0.016718987,0
0.3585523,0
0.012652429,0
0.12219166,0
0.079015575,1
0.18342398,1
0.05041424,0
0.51485765,0
0.00130007,0
0.0066124634,0
0.0027268245,0
0.086269505,0
0.0800714,1
0.69812286,0
0.2953234,0
0.2780459,0
0.039009787,0
0.06547656,0
0.0043756715,0
0.13163441,0
0.35955927,0
0.8765773,0
0.17733616,0
0.14219756,0
0.41081575,0
0.04090087,0
0.1050358,0
0.1601604,0
0.035070907,0
0.13987884,0
0.050703183,0
0.14511845,0
0.0045570675,0
0.29644382,0
0.059412383,0
0.4630229,0
0.0742264,0
0.060920473,1
0.07069835,0
0.05105065,0
0.026526097,0
0.14394219,0
0.17413278,0
0.0024759315,0
0.005015945,0
0.05649573,0
0.2276433,0
0.20245387,1
0.012766596,0
0.021954315,0
0.6771468,0
0.35793367,0
0.08339502,0
0.27471805,0
0.4470858,0
0.3029473,0
0.0808921,0
0.034726985,0
0.2702381,0
0.055491913,0
0.22007376,0
0.74050516,1
0.20586531,0
0.012325664,0
0.019280251,0
0.7908584,0
0.52329725,0
0.4768415,0
0.28844622,0
0.5525505,0
0.17055166,0
0.024534171,0
0.07347479,0
0.3803227,0
0.74660844,0
0.105497345,0
0.6408961,0
0.24383141,1
0.19493781,0
0.0071391924,0
0.19180858,0
0.039862137,0
0.22098081,0
0.016540801,0
0.045728777,0
0.00624325,0
0.44046193,0
0.051520035,0
0.02448271,0
0.03358313,0
0.15515792,0
0.3408589,0
0.11236825,0
0.6781843,1
0.11770857,0
0.060942534,0
0.5723182,0
0.15234803,0
0.6980853,0
0.06579058,0
0.101474606,0
0.33036584,0
0.27902284,0
0.5268289,0
0.68914694,0
0.48320156,0
0.21935897,0
0.19605374,0
0.18458374,1
0.047451302,0
0.24186242,1
0.14661345,0
0.5282287,1
0.08034198,0
0.1975059,0
0.17023957,0
0.7834869,1
0.33035517,0
0.4968353,0
0.040332563,0
0.022829188,0
0.06972417,0
0.0076002097,0
0.029709304,0
0.29711622,0
0.053640332,0
0.028186467,0
0.013708232,0
0.26931742,0
0.019010419,0
0.30351114,1
0.80642176,0
0.1433423,0
0.014314528,0
0.058948662,0
0.07239768,0
0.3925669,0
0.02153226,0
0.22179846,0
0.88730425,1
0.2485547,0
0.041063093,0
0.02809271,0
0.01879262,0
0.2311113,0
0.099212795,0
0.8009179,1
0.07575606,0
0.02607072,0
0.058089312,0
0.033828385,0
0.036131904,0
0.0020127574,0
0.005093421,0
0.6076454,1
0.12315434,0
0.32066584,0
0.64181304,1
0.079232104,0
0.0007817545,0
0.5025897,0
0.35718527,0
0.031746894,0
0.2425384,0
0.07219422,0
0.025101058,0
0.40758982,0
0.17951089,0
0.22169113,0
0.023288332,0
0.66461945,0
0.15490465,0
0.2574116,0
0.15634255,0
0.016937613,0
0.49253055,0
0.10471482,0
0.12714021,0
0.166986,0
0.32452944,1
0.16591096,0
0.24532802,0
0.049175907,0
0.022739194,0
0.13719013,0
0.38225454,0
0.07426793,0
0.15257254,0
0.4717107,0
0.060513612,0
0.23322044,0
0.09553878,0
0.05663716,1
0.78245795,0
0.4531675,0
0.49555936,0
0.68401337,0
0.192383,0
0.13128425,0
0.68222475,1
0.015692929,0
0.008384167,0
0.1927186,0
0.009806409,0
0.6432509,1
0.6488562,0
0.41383567,0
0.032182753,0
0.49279612,0
0.12636599,0
0.008410424,0
0.040032074,0
0.8077853,0
0.57395834,0
0.2738121,0
0.577944,1
0.061983787,0
0.0417588,0
0.0065582073,0
0.48230454,0
0.07985584,0
0.08802248,0
0.035414077,0
0.18958214,0
0.77701706,0
0.627036,0
0.0777734,0
0.08780566,0
0.061393697,0
0.45654657,0
0.15233243,0
0.062250614,0
0.31164655,0
0.5947831,0
0.10430731,0
0.06952637,0
0.47171757,0
0.35456142,0
0.014020273,0
0.040095616,0
0.14090046,0
0.10758215,0
0.8565796,0
0.24139562,0
0.048768677,0
0.037292935,0
0.032842856,0
0.04430267,0
0.74394625,0
0.014571523,0
0.17757212,0
0.014166405,0
0.32739827,0
0.18480061,0
0.12716427,0
0.7921698,0
0.47815818,0
0.34289104,0
0.38905284,0
0.24837619,0
0.032551385,0
0.48820627,0
0.45948982,0
0.43372422,0
0.57175404,0
0.6845683,0
0.04026799,0
0.071563505,0
0.38510647,0
0.007904453,0
0.586913,0
0.5185793,0
0.12666033,0
0.15515913,0
0.020217536,0
0.085778564,0
0.07227495,0
0.10386082,0
0.02156678,0
0.19573252,0
0.021723589,0
0.6147029,0
0.23396674,0
0.18756664,0
0.10525881,0
0.39041457,0
0.1848268,0
0.8253961,1
0.007925694,0
0.028382814,0
0.8465113,1
0.009784185,0
0.027898563,0
0.24755412,0
0.6273424,0
0.111948736,0
0.1499922,0
0.03475069,0
0.6015031,0
0.049291123,0
0.1289277,0
0.0072197514,0
0.14671536,0
0.048616547,0
0.005024863,0
0.03612372,0
0.17836255,0
0.20262817,0
0.4587646,0
0.10765932,0
0.039560903,0
0.32466188,0
0.008753627,0
0.057605457,0
0.73934644,0
0.1648968,0
0.67550206,0
0.028461272,0
0.00819045,0
0.31282395,0
0.010953087,0
0.4258924,0
0.029705318,0
0.37111062,1
0.34839374,0
0.046571895,0
0.022331188,0
0.61569804,0
0.17808212,0
0.013280597,0
0.61600703,1
0.058700234,0
0.005860069,0
0.04740906,0
0.016441058,0
0.68558276,0
0.09194231,0
0.37870863,1
0.050783057,0
0.029737681,0
0.0054269047,0
0.18969864,0
0.3061318,0
0.16034822,0
0.012800144,0
0.83412206,1
0.008093581,0
0.001481166,0
0.04358409,0
0.028552443,0
0.00735645,0
0.021389589,0
0.45562407,0
0.5594049,0
0.40731364,0
0.006654007,0
0.5276745,0
0.040505446,0
0.06325722,0
0.39076057,0
0.39644477,0
0.087284476,0
0.35297465,0
0.17865336,0
0.16837685,0
0.30580783,0
0.02244872,0
0.5210875,0
0.05174732,0
0.08132927,0
0.49715278,0
0.22188091,0
0.37113056,1
0.05251109,0
0.039539773,0
0.015303193,0
0.27897903,0
0.04884885,0
0.044602666,0
0.02300993,0
0.15269117,0
0.13834767,0
0.0055241436,0
0.0059490018,0
0.0073286043,0
0.5098937,0
0.0509627,0
0.33320254,0
0.64928293,1
0.32698905,0
0.4550112,0
0.26015422,0
0.028351959,0
0.3411008,0
0.49920264,0
0.221183,0
0.01228964,0
0.13489702,0
0.049152948,0
0.042220075,0
0.24343194,0
0.31327686,0
0.008005644,0
0.8157185,1
0.8460937,1
0.0045317993,0
0.002481401,0
0.48995787,1
0.08920268,0
0.009131974,0
0.036001407,0
0.08345686,0
0.37845063,0
0.20002079,0
0.12422525,0
0.9155339,1
0.2477407,0
0.07355639,0
0.12369552,0
0.08685072,0
0.22218317,0
0.9596482,1
0.46833885,1
0.1847107,0
0.11664424,0
0.035470422,0
0.716713,0
0.1608626,0
0.5473013,0
0.75745785,1
0.64154047,0
0.034981664,0
0.11463468,0
0.025464639,0
0.11212419,1
0.0019183927,0
0.35213807,0
0.32485932,0
0.23242581,0
0.008101107,0
0.05728953,0
0.4478932,0
0.037077945,0
0.037914537,0
0.06326328,0
0.25496706,0
0.04532765,0
0.004336381,0
0.38173604,0
0.04172538,0
0.043463636,0
0.65708447,0
0.011146457,0
0.062975235,0
0.78416276,0
0.31718826,0
0.01248676,0
0.0020415676,0
0.06496217,0
0.0228883,0
0.40464264,0
0.08876499,0
0.0060204966,0
0.05462274,0
0.014225294,0
0.060062848,0
0.40655947,1
0.07225913,0
0.22455667,0
0.09016473,0
0.17463586,0
0.30812103,0
0.44388613,0
0.13002807,0
0.023615843,0
0.3398893,0
0.48136416,0
0.41391155,0
0.43989068,0
0.022814678,0
0.20200992,0
0.38482016,0
0.84501827,1
0.31820798,0
0.69741595,0
0.33887374,0
0.07632533,0
0.041421764,0
0.35938293,0
0.3142683,0
0.10220764,0
0.4668819,0
0.00501338,0
0.8263442,1
0.3978542,0
0.23540637,0
0.19446035,0
0.07638171,0
0.14640729,0
0.04253966,0
0.23254503,0
0.8829422,0
0.75720185,0
0.5976524,1
0.07263144,0
0.22397119,0
0.015614063,0
0.3414604,0
0.015616541,0
0.0106533,0
0.67195565,0
0.08699506,0
0.79927015,0
0.035371613,0
0.11594036,0
0.17262569,0
0.078667365,0
0.020005148,0
0.41079295,0
0.4547306,0
0.7219439,0
0.06099074,0
0.81747156,1
0.02660719,0
0.016407872,0
0.61367977,0
0.20185971,0
0.031208236,0
0.18163292,0
0.4986,1
0.24821104,0
0.08412941,0
0.32960278,0
0.15907447,0
0.18769225,0
0.2612727,0
0.42263225,0
0.9090764,1
0.5260015,0
0.8375624,0
0.17275782,0
0.1574226,0
0.9361914,1
0.07169015,0
0.09043537,0
0.13157138,0
0.82710093,1
0.33246052,0
0.31283128,0
0.29334453,0
0.03399202,0
0.03670829,0
0.091473766,0
0.008749006,0
0.4876212,0
0.4113781,0
0.26997218,0
0.051370632,0
0.2033037,0
0.16011985,0
0.008734738,0
0.5390153,0
0.25577608,0
0.12418341,0
0.24007347,0
0.044377398,0
0.05414508,0
0.90246236,1
0.025959535,0
0.48870674,0
0.3499191,0
0.41498253,1
0.49982798,0
0.2800198,1
0.09881723,0
0.011726311,0
0.4234868,0
0.18518023,0
0.63168216,0
0.011152981,0
0.54415184,0
0.6093729,0
0.17548065,0
0.030272484,0
0.4302334,0
0.6811877,0
0.04770126,0
0.05504558,0
0.26872557,0
0.68637747,0
0.22940649,0
0.014370039,0
0.2380989,0
0.011423539,0
0.008390393,0
0.018086888,0
0.09155535,0
0.017826384,0
0.09722945,0
0.07832917,0
0.018213518,0
0.053961255,0
0.0078092986,0
0.052780434,0
0.44440404,0
0.44085294,0
0.3370882,0
0.097069666,0
0.07411097,0
0.16039123,0
0.23486222,0
0.33984673,0
0.5587979,0
0.22537681,0
0.047068253,0
0.76097393,0
0.8659513,1
0.11652319,0
0.033434555,0
0.1307736,0
0.54875517,0
0.92715734,1
0.75514185,0
0.69378877,1
0.70849097,1
0.30657557,0
0.061745506,0
0.50532484,1
0.3560925,0
0.15997417,0
0.1506834,0
0.25615817,0
0.01797391,0
0.0048629637,0
0.35316733,1
0.026135184,0
0.100060396,0
0.07098312,0
0.13048363,0
0.042722635,0
0.0005883202,0
0.10269649,1
0.044608485,0
0.005518271,0
0.112862945,0
0.27049246,0
0.5525084,0
0.6195955,0
0.026569948,0
0.22779615,0
0.046506807,0
0.5494895,0
0.021199271,0
0.020267876,0
0.034374025,0
0.31000587,0
0.005696252,0
0.118573815,0
0.6678321,1
0.017936712,0
0.1968871,0
0.004282948,0
0.26917633,1
0.19406241,0
0.8232636,1
0.7477101,0
0.021022504,0
0.50206125,0
0.049646657,0
0.31098998,0
0.1423185,0
0.63034296,1
0.68586344,0
0.43489212,0
0.40790227,0
0.007084025,0
0.1267984,0
0.066649795,0
0.120851904,0
0.0070149335,0
0.16965164,0
0.7528844,0
0.17734344,0
0.112827644,0
0.15844108,0
0.09036637,0
0.015073386,0
0.39696422,0
0.22553256,0
0.010203192,0
0.44538972,0
0.47571695,1
0.047362033,0
0.7507293,0
0.42366567,0
0.02714974,0
0.4547722,0
0.27604765,0
0.16408624,0
0.0036391062,0
0.11012535,0
0.11167253,0
0.40909982,0
0.034154866,0
0.18499155,0
0.012956439,0
0.31940022,0
0.12487662,0
0.29216403,0
0.8620115,1
0.32115665,0
0.300965,0
0.06666744,0
0.0358515,0
0.433206,0
0.22316709,0
0.002523129,0
0.14055823,0
0.219449,0
0.024145687,0
0.46552852,0
0.38345146,0
0.14200562,0
0.353883,0
0.1842755,0
0.008102973,0
0.49788392,1
0.41466507,0
0.08205513,0
0.038214415,0
0.117455505,0
0.021938404,0
0.005575249,0
0.12124111,0
0.026520336,0
0.12592855,0
0.39090323,0
0.14544734,0
0.07210214,0
0.02393412,0
0.15321574,0
0.6246586,0
0.6079069,0
0.11674983,0
0.023916021,0
0.0073298705,0
0.043543786,0
0.74145454,1
0.083755426,0
0.17121632,0
0.004525984,0
0.39140522,0
0.34378982,0
0.8243898,1
0.0130901635,0
0.05694561,0
0.25558034,0
0.02363724,0
0.1459526,0
0.13897932,0
0.02660014,0
0.6562388,0
0.027701989,0
0.3797576,0
0.66406137,1
0.05722611,0
0.32525688,1
0.0051779095,0
0.04881771,0
0.37120467,0
0.10951611,0
0.11093192,0
0.026114937,0
0.009593197,0
0.59256524,1
0.022768524,0
0.93046695,1
0.022863088,0
0.31547982,0
0.181768,0
0.39211488,0
0.9038203,1
0.018045712,0
0.03656924,0
0.25859275,0
0.078440756,0
0.5901248,1
0.049285684,0
0.10431043,0
0.018622186,0
0.025028925,0
0.13612042,0
0.17763823,0
0.019844862,0
0.07878666,0
0.25938636,0
0.03148299,0
0.14778548,0
0.26261982,0
0.19330744,0
0.07556677,0
0.15660879,0
0.16895469,0
0.19671719,0
0.4766651,0
0.17396772,0
0.025525907,0
0.78503394,1
0.6987298,0
0.11301438,0
0.5069392,0
0.5241173,1
0.23469423,0
0.2256221,0
0.058004916,0
0.0873551,0
0.07101393,0
0.10458172,0
0.9116534,1
0.11803982,0
0.027514383,0
0.012585424,0
0.054760017,0
0.15226893,0
0.78139454,0
0.026696542,0
0.03186823,0
0.44143453,0
0.15296142,0
0.2047766,0
0.43047297,0
0.26026368,0
0.30064136,0
0.79778826,1
0.336474,0
0.1814974,0
0.011844478,0
0.1533628,0
0.022951286,0
0.1701349,0
0.69535875,0
0.15185292,0
0.38075402,0
0.30659068,0
0.35448372,0
0.10454283,0
0.12718494,0
0.51710385,1
0.008210249,0
0.10590774,0
0.51564944,0
0.0058420594,0
0.73730826,0
0.033405498,0
0.072715536,0
0.65529335,1
0.04464332,0
0.03294572,0
0.8539791,0
0.14543389,0
0.053307403,0
0.11905741,0
0.27965176,0
0.005311404,0
0.5247217,0
0.121458486,0
0.038305353,0
0.02685666,0
0.012898878,0
0.1295576,0
0.026294805,0
0.1180551,0
0.05428094,0
0.56070447,1
0.0033840549,0
0.054956768,0
0.48116237,0
0.08155039,0
0.0068364176,0
0.6993195,0
0.22011738,0
0.11922046,0
0.2005683,0
0.12160945,0
0.066838905,0
0.032624822,0
0.12567103,0
0.89586025,1
0.80940676,0
0.038336974,0
0.19000517,0
0.08214263,0
0.13470402,0
0.034365524,0
0.009614491,0
0.09024536,0
0.9148474,1
0.082428455,0
0.45922807,0
0.22468482,0
0.027576836,0
0.20036627,0
0.073543034,0
0.11839943,0
0.44620264,1
0.6481329,1
0.59933424,0
0.33486733,0
0.184554,0
0.008899949,0
0.7593859,1
0.39391318,0
0.67123145,0
0.18573092,0
0.09666998,0
0.3517094,0
0.030390033,0
0.0016560014,0
0.08653426,0
0.1687505,0
0.13733561,0
0.6939285,0
0.505014,0
0.12940244,0
0.01474771,0
0.019185966,0
0.3403697,0
0.15533423,0
0.22378786,0
0.020989766,0
0.24011067,0
0.082697324,0
0.35042018,0
0.07589038,0
0.35123155,0
0.060395483,0
0.77505547,0
0.00905067,0
0.24578647,0
0.10155352,0
0.12135255,0
0.033487055,0
0.1447218,0
0.10245341,0
0.15104063,0
0.6316465,0
0.69775355,0
0.028433865,0
0.683094,1
0.013846025,0
0.009730346,0
0.47815457,0
0.29418793,0
0.38335243,0
0.042599916,0
0.6635364,1
0.09341201,0
0.08450675,0
0.12094175,0
0.037025537,0
0.69878244,0
0.07385789,0
0.3687654,0
0.09628321,0
0.49137467,0
0.0072797025,0
0.61709845,1
0.94179153,1
0.0036526618,0
0.011006307,0
0.0138605,0
0.0024468983,0
0.19123925,0
0.015960792,0
0.1747553,0
0.014045304,0
0.27921006,0
0.08322283,0
0.01030387,0
0.05515064,0
0.08991012,0
0.017238358,0
0.4926358,0
0.069137216,0
0.6183458,0
0.030150326,0
0.03534163,0
0.25295606,0
0.058714267,0
0.11589838,0
0.003356068,0
0.04436554,0
0.46149772,0
0.2718843,0
0.08464452,0
0.23366965,0
0.014605009,0
0.004746069,0
0.34969577,0
0.62079316,0
0.19169103,0
0.0124052055,0
0.02585411,0
0.112351514,0
0.37482107,0
0.14784801,0
0.012524358,0
0.03790963,0
0.7151532,1
0.42256021,0
0.47400776,0
0.5105826,0
0.104948714,0
0.899168,1
0.13482717,0
0.02439816,0
0.4094092,0
0.027173541,0
0.027719101,0
0.0653365,0
0.53445166,0
0.15831691,0
0.22496444,0
0.023464788,0
0.042732652,0
0.03572243,0
0.7140019,0
0.03640044,0
0.018654857,0
0.10968796,0
0.16941287,0
0.33493254,0
0.5239528,1
0.0048893993,0
0.031283546,0
0.38983795,0
0.10602112,0
0.186479,0
0.57777375,0
0.058321506,0
0.034755953,0
0.01664116,0
0.024670707,0
0.24090326,0
0.28406292,0
0.00895009,0
0.033394873,0
0.116432585,0
0.3974917,0
0.023048546,0
0.09496173,0
0.28905994,0
0.23893344,0
0.4154318,0
0.045379467,0
0.0516624,0
0.729622,0
0.20587994,0
0.121546745,0
0.37580588,1
0.1269323,0
0.4385252,0
0.021003243,0
0.025758553,0
0.14699696,0
0.46424252,0
0.023373296,0
0.048076928,0
0.13453229,0
0.10195462,0
0.030179055,0
0.06662236,0
0.6286644,0
0.025810497,0
0.013416838,0
0.022651182,0
0.032051053,0
0.19298655,0
0.13647537,0
0.16180716,0
0.040575027,0
0.6209775,0
0.6890965,0
0.275226,0
0.052053303,0
0.02678282,0
0.82301337,0
0.17982127,0
0.0071150893,0
0.04251232,0
0.8502464,0
0.36188608,0
0.0061467346,0
0.028387113,0
0.7744779,1
0.33347836,0
0.612757,0
0.2802575,0
0.4020433,0
0.23826987,0
0.005526342,0
0.012111187,0
0.033131465,0
0.029836025,0
0.14136492,0
0.25922057,0
0.16633125,0
0.003856902,0
0.02491046,0
0.11264662,0
0.15310751,0
0.67272276,1
0.15043315,0
0.0053525646,0
0.11305136,0
0.2878522,0
0.015296799,0
0.67168695,0
0.009354688,0
0.023486132,0
0.089481466,0
0.13866657,0
0.02691479,0
0.0100144595,0
0.7351938,0
0.0829854,0
0.5789879,0
0.4064802,1
0.7621968,1
0.74602264,0
0.008314957,0
0.08934841,0
0.21429363,0
0.3679014,0
0.13831475,0
0.5066935,0
0.46434286,0
0.3436869,0
0.024247205,0
0.5595753,1
0.13372713,0
0.047340233,0
0.78059834,0
0.014333965,0
0.49302012,1
0.5986574,0
0.40984952,0
0.014883205,0
0.027379962,0
0.037628762,0
0.0046084584,0
0.0685309,0
0.027185451,0
0.64951366,0
0.021886691,0
0.13385728,0
0.058787834,0
0.577255,0
0.056641903,0
0.3224783,0
0.12201267,0
0.648662,0
0.08553999,0
0.23265901,0
0.07090043,0
0.03192453,0
0.15290646,0
0.04833784,0
0.067650065,0
0.07980134,0
0.7999117,1
0.023661612,0
0.0037118332,0
0.014134515,0
0.08440514,0
0.23117417,0
0.1252713,0
0.65572697,1
0.0015104632,0
0.0061320853,0
0.006880544,0
0.20818743,0
0.0057864483,0
0.044846617,0
0.08662173,0
0.02037284,0
0.1332884,0
0.18920772,0
0.030737597,0
0.008714029,0
0.07358664,0
0.014610473,0
0.052298408,0
0.006171744,0
0.023122625,0
0.42556122,0
0.03184183,0
0.14100938,0
0.7438066,0
0.0322182,0
0.05788486,0
0.064813614,0
0.030539736,0
0.8276268,1
0.3042814,0
0.14295061,0
0.06595267,0
0.055201087,0
0.003407279,0
0.84877086,1
0.53851986,0
0.12278071,0
0.039630827,0
0.09282333,0
0.1973168,0
0.037168775,0
0.07053543,0
0.22516306,0
0.4098505,0
0.6649562,1
0.0040005003,0
0.06859855,0
0.2844456,0
0.22390856,0
0.068430856,0
0.02992983,0
0.15452367,0
0.04150856,0
0.054832548,0
0.9522765,1
0.0054379157,0
0.96391064,1
0.784857,0
0.027059508,0
0.15815982,0
0.10216061,0
0.111802265,0
0.8202846,1
0.19421048,0
0.0027772815,0
0.71339005,0
0.050874814,0
0.79450583,0
0.64704627,0
0.0096776495,0
0.03528227,0
0.39742687,0
0.046222586,0
0.7002507,1
0.027666787,0
0.4850557,0
0.24555452,0
0.10131638,0
0.03175737,0
0.25145411,0
0.062067658,0
0.78951573,1
0.10489665,0
0.4298089,1
0.06738845,0
0.035143457,0
0.034640893,0
0.15221372,0
0.90811807,1
0.018136278,0
0.246433,0
0.0999561,0
0.11171022,0
0.28851756,0
0.090623,1
0.6251748,1
0.29925415,0
0.0032316197,0
0.0070717195,0
0.1299605,0
0.02063143,0
0.052761804,0
0.014993401,0
0.034241967,0
0.015405656,0
0.42932585,0
0.024506286,0
0.21245566,0
0.14931473,0
0.2502046,0
0.013079036,0
0.01209136,0
0.043325394,0
0.013893649,0
0.20259547,0
0.33602422,0
0.049369417,0
0.68538815,0
0.15059043,0
0.23733173,0
0.16444317,0
0.8269538,1
0.026549354,0
0.43458608,0
0.018651405,0
0.6161124,0
0.122271396,0
0.033714373,0
0.19762762,0
0.0068913414,0
0.5000423,0
0.012317157,0
0.1351524,0
0.03601172,0
0.36656666,0
0.16127929,0
0.32562566,0
0.004908435,0
0.28134763,0
0.03744479,0
0.016559124,0
0.042875376,0
0.13782991,0
0.20275792,0
0.28225538,0
0.6649677,0
0.6049331,0
0.7813455,0
0.018301537,0
0.016871586,0
0.03831324,0
0.066957705,0
0.038073204,0
0.044485435,0
0.23319666,0
0.7779396,1
0.044120103,0
0.123471335,0
0.28740403,0
0.028641764,0
0.23690072,0
0.05090702,0
0.10317468,0
0.5859794,0
0.010654693,0
0.015976384,0
0.06995968,0
0.10347416,0
0.62514836,1
0.006962381,0
0.0151115265,0
0.08913026,0
0.09877673,0
0.20423092,0
0.3516629,0
0.07265521,0
0.2366697,0
0.0022057416,0
0.00056133,0
0.002006014,0
0.0064424383,0
0.7572793,0
0.80493087,1
0.05725687,0
0.011297604,0
0.19459832,0
0.08175384,0
0.046008855,0
0.5576706,0
0.29409364,0
0.07550657,0
0.41597235,0
0.5858557,1
0.8352517,1
0.061391514,0
0.03793181,0
0.3303611,0
0.5022171,1
0.5343663,0
0.01499048,0
0.012139665,0
0.021340666,0
0.042276938,0
0.06577549,0
0.08926957,0
0.027784988,0
0.058700442,0
0.19953114,0
0.1511063,0
0.75593066,0
0.33315304,0
0.18598962,0
0.21403871,0
0.4814171,0
0.19053233,0
0.229848,0
0.4019302,0
0.027050314,0
0.61943257,1
0.09304585,0
0.014077955,0
0.37546927,0
0.5567497,1
0.12290095,0
0.04202533,0
0.5593144,0
0.47168678,0
0.027497863,0
0.10248696,0
0.07554497,0
0.11529334,0
0.03594898,0
0.058370184,0
0.14657761,0
0.20355359,0
0.101102054,0
0.016053842,0
0.27410817,0
0.8268991,1
0.20245466,0
0.27869183,0
0.7524601,0
0.28270352,0
0.27840605,0
0.18959269,0
0.77969235,1
0.36178073,0
0.13911588,0
0.023778418,0
0.0022069602,0
0.019860204,0
0.053905487,0
0.13709334,0
0.012879816,0
0.09693146,0
0.42980728,0
0.14165564,0
0.20386133,0
0.1208909,0
0.056570467,0
0.0027889672,0
0.019242123,0
0.17893663,0
0.030523757,0
0.14021038,0
0.012982889,0
0.14925493,0
0.14244649,0
0.0136891175,0
0.29148245,0
0.038740493,0
0.0026877974,0
0.050777104,0
0.11234547,1
0.010612688,0
0.10917947,0
0.20993689,0
0.1532134,0
0.25241202,0
0.22240286,0
0.024791645,0
0.043596685,0
0.0045792796,0
0.13796765,0
0.5869085,0
0.25763637,0
0.01708378,0
0.18507019,0
0.005790035,0
0.27145955,0
0.4467808,0
0.053798042,0
0.4510147,0
0.25897437,0
0.032660477,0
0.034842197,0
0.25755516,0
0.063461766,0
0.3611516,0
0.018753817,0
0.16450551,0
0.030429967,0
0.5957359,1
0.17494963,0
0.48818508,0
0.013035488,0
0.06415722,0
0.34087113,0
0.02532794,0
0.2916417,0
0.029368533,0
0.2548656,0
0.40923753,0
0.5536483,0
0.028383926,0
0.06376494,0
0.100962795,0
0.5007729,0
0.6498531,1
0.51879954,0
0.18471247,0
0.21241775,0
0.013747175,0
0.071953475,0
0.72213006,0
0.14359665,0
0.9114955,1
0.16736598,0
0.116196856,0
0.13970405,0
0.08452181,0
0.46167913,0
0.18007538,0
0.058437496,0
0.02430603,0
0.062751986,0
0.13308729,0
0.29398802,0
0.063167706,0
0.08378931,0
0.07193905,0
0.03418264,0
0.019180195,0
0.43299192,0
0.15907802,0
0.247579,0
0.029707372,0
0.40360135,0
0.28227913,1
0.079056896,0
0.06438016,0
0.32256827,0
0.17491542,0
0.015002207,0
0.14426543,0
0.3369503,1
0.26493642,0
0.42292768,0
0.44062436,1
0.04532274,0
0.42889902,0
0.0772301,0
0.254072,0
0.022670832,0
0.02323899,0
0.020526929,0
0.09478905,0
0.18413797,0
0.063489884,0
0.3229017,0
0.2269575,0
0.9039503,1
0.71038,0
0.20008865,0
0.56855017,0
0.124802545,0
0.28333557,1
0.036740623,0
0.023143189,0
0.681906,0
0.50774145,0
0.0051488187,0
0.37604213,0
0.54507476,0
0.17804113,0
0.36660382,0
0.23674461,0
0.46393177,0
0.026170373,0
0.10389035,0
0.07237884,0
0.5061337,0
0.05237681,0
0.17414767,0
0.04101473,0
0.50900394,0
0.6813477,0
0.82315314,0
0.14689694,0
0.46294832,0
0.027113466,0
0.039719786,0
0.038708195,0
0.7996748,0
0.59499925,0
0.010713535,0
0.4309318,0
0.007463299,0
0.448552,1
0.04090173,0
0.0047901045,0
0.23619276,0
0.039016955,0
0.015235617,0
0.5892987,0
0.10906963,0
0.6641716,1
0.6217238,0
0.18042614,0
0.16182253,0
0.023985768,0
0.6219218,0
0.3034733,0
0.41398263,0
0.0045047393,0
0.31495464,1
0.011846471,0
0.47502828,0
0.6979616,1
0.50620663,0
0.017411875,0
0.21115781,0
0.053218942,0
0.09945193,0
0.17293197,0
0.21165405,0
0.36662593,0
0.82179844,0
0.5957946,0
0.07816711,0
0.0524552,0
0.024779618,0
0.7158695,0
0.024255205,0
0.010731467,0
0.10202878,0
0.10482492,0
0.5460544,1
0.022557823,0
0.09008423,0
0.2562918,0
0.5195453,0
0.0932631,0
0.024082169,0
0.029394621,0
0.6189961,1
0.30424494,0
0.004524225,0
0.014513664,0
0.088927634,0
0.8351918,0
0.71935225,0
0.38089743,0
0.8713356,1
0.46025503,0
0.40214896,0
0.0050316737,0
0.1472351,0
0.7759342,0
0.028451292,0
0.6371313,0
0.8521835,1
0.039112657,0
0.525187,0
0.03713492,0
0.838049,1
0.17804462,0
0.40604842,0
0.068958305,0
0.15801232,0
0.0647999,0
0.34674093,0
0.29469904,0
0.012069974,0
0.37462786,0
0.02708572,0
0.076242775,0
0.15241109,0
0.14375848,0
0.24313386,0
0.0467572,0
0.20520656,0
0.035891198,0
0.19385353,0
0.36492792,0
0.014161204,0
0.53055906,1
0.28307292,0
0.21664794,0
0.0055259597,0
0.043981463,0
0.21730322,0
0.23473053,0
0.03758047,0
0.05949455,0
0.42496997,0
0.07272974,0
0.11083214,0
0.007960944,0
0.037939068,0
0.016810652,0
0.51713264,1
0.070742205,0
0.0433917,0
0.55420846,0
0.2854754,0
0.01767045,0
0.4456257,0
0.110437825,0
0.065694556,0
0.7490839,0
0.18096514,0
0.052149624,0
0.7746861,1
0.015579864,0
0.6732013,1
0.04256334,0
0.01613774,0
0.49669155,1
0.04480152,0
0.9456641,0
0.08665207,0
0.003835084,0
0.51316285,0
0.09701261,0
0.036138598,0
0.07342709,0
0.21245554,0
0.63548845,0
0.53199434,0
0.09404805,0
0.02340196,0
0.027776668,0
0.2517793,0
0.16488858,0
0.008200032,0
0.048676703,0
0.254632,0
0.11318552,0
0.76541036,1
0.26824597,0
0.03883705,0
0.053659223,0
0.3163291,0
0.012076088,0
0.54821247,0
0.48884913,0
0.2254256,0
0.08493686,0
0.0897252,0
0.021602595,0
0.5527097,1
0.050866444,0
0.0065654432,0
0.34146798,0
0.17390239,0
0.37969518,1
0.0013994803,0
0.32031637,0
0.20157196,0
0.1201957,0
0.03073435,0
0.055580467,0
0.2045422,0
0.014304245,0
0.72711235,1
0.014762081,0
0.027710004,0
0.12412372,0
0.006128027,0
0.049915124,0
0.23115148,0
0.4515554,0
0.053465083,0
0.6701108,0
0.5587102,1
0.06849877,0
0.2963191,0
0.28222907,0
0.82944643,1
0.109614156,0
0.4438713,0
0.52172995,1
0.20928098,0
0.053324442,0
0.02679167,0
0.65137726,1
0.37997502,0
0.8931304,0
0.58123785,0
0.1460644,0
0.0106636025,0
0.39902714,0
0.15581131,0
0.75966084,0
0.09430775,0
0.58889925,0
0.21474148,0
0.023491485,0
0.2007076,0
0.23511559,0
0.8416307,1
0.88025683,1
0.057022523,0
0.366015,0
0.2664772,0
0.5797127,1
0.9314317,0
0.03702931,0
0.08300688,0
0.76402014,0
0.060809243,0
0.024593377,0
0.06625959,0
0.0021523691,0
0.025782086,0
0.080182664,0
0.3207107,0
0.16987415,0
0.68033665,0
0.0031922448,0
0.0563635,0
0.029444426,0
0.010494284,0
0.32538712,0
0.052421674,0
0.57350874,0
0.27818996,0
0.16294022,0
0.064677455,0
0.67534083,1
0.14023742,0
0.4419991,0
0.010125918,0
0.05920979,0
0.000655428,0
0.11408272,0
0.37432358,0
0.038327817,0
0.24296878,0
0.11589846,0
0.36422637,0
0.32716757,1
0.019433068,0
0.4957205,0
0.47010973,0
0.007464161,0
0.22308025,0
0.069058016,0
0.003438187,0
0.014215488,0
0.08977654,0
0.30761486,0
0.08565401,0
0.022156453,0
0.045466017,0
0.08665205,0
0.013136525,0
0.1120393,0
0.018105505,0
0.37456,0
0.024072586,0
0.06020262,0
0.009322885,0
0.73747754,1
0.890345,1
0.6059283,0
0.079778336,0
0.017765608,0
0.3103325,0
0.207889,0
0.043027062,0
0.12762304,0
0.01722828,0
0.34711266,0
0.0209443,0
0.39720932,0
0.21790934,0
0.10142868,0
0.0038622261,0
0.7790769,1
0.08009739,0
0.09149138,0
0.179329,0
0.03183089,0
0.07971626,0
0.548912,0
0.14679421,0
0.015299392,0
0.36177713,0
0.067586556,0
0.0287892,0
0.035190143,0
0.01579945,0
0.13437901,0
0.48282683,0
0.1443716,0
0.25002402,0
0.042596065,0
0.008321738,0
0.016124366,0
0.42244557,0
0.3356642,0
0.60472995,0
0.009263303,0
0.51033854,0
0.6832467,1
0.290794,0
0.6521949,0
0.49764708,0
0.13301195,1
0.41891378,0
0.21284327,0
0.8619284,1
0.029161029,0
0.049238406,0
0.4250903,0
0.49560857,1
0.43173218,0
0.02551799,0
0.13473582,0
0.059970833,0
0.024383074,0
0.43844947,0
0.12915957,0
0.30840778,0
0.017242236,0
0.5099066,1
0.3784808,0
0.02733436,0
0.5152909,0
0.9635557,1
0.44553864,0
0.11169413,0
0.7640352,0
0.52145356,0
0.25135446,0
0.29762712,0
0.08357688,0
0.91723096,1
0.29141805,0
0.12562598,0
0.010490997,0
0.18421265,0
0.03667483,0
0.23047823,0
0.27397728,0
0.23308775,0
0.013205057,0
0.27719483,0
0.072557345,0
0.24055928,0
0.26101685,0
0.48250067,0
0.31686884,0
0.004582487,0
0.03262154,0
0.0211754,0
0.30365944,0
0.31443,1
0.41114113,0
0.011643107,0
0.12643854,0
0.2813981,0
0.030065184,0
0.27903816,0
0.012728651,0
0.010102415,0
0.049439214,0
0.0045619803,0
0.23379478,0
0.38531208,0
0.118777506,0
0.07800495,0
0.0047731856,0
0.023213364,0
0.08711912,0
0.020385,0
0.0031107618,0
0.43854904,0
0.1431361,0
0.025066523,0
0.15462542,0
0.08880486,0
0.05072348,0
0.15389216,0
0.030003425,0
0.08352469,0
0.08482308,0
0.07164113,0
0.19528806,0
0.18879999,0
0.013804353,0
0.30285755,0
0.0012155072,0
0.64252794,0
0.038250156,0
0.16177228,0
0.046409957,0
0.011606411,0
0.23980886,0
0.122758575,0
0.8170797,1
0.24212436,0
0.17801352,0
0.23962002,0
0.50404376,0
0.025671601,1
0.14524479,0
0.29612535,0
0.11972495,0
0.15313703,0
0.2528779,0
0.08131849,0
0.27873364,0
0.059941325,0
0.35931697,0
0.018899826,0
0.24272615,0
0.605937,1
0.1254173,0
0.026720429,0
0.24643902,0
0.38806385,0
0.03122187,0
0.01917264,0
0.013419647,0
0.07011081,0
0.15649626,0
0.5569451,0
0.005196911,0
0.031125655,0
0.4177154,0
0.010666863,0
0.324996,0
0.018732809,0
0.8155182,0
0.29781705,0
0.29548573,0
0.0426473,0
0.11648807,0
0.12737322,0
0.0064907996,0
0.8784347,1
0.017602682,0
0.033521913,0
0.075149804,0
0.07178714,0
0.048660282,0
0.014553916,0
0.014817873,0
0.21040215,0
0.2471396,0
0.08178152,0
0.062367164,0
0.64550143,0
0.031572066,0
0.010522983,0
0.2771829,0
0.030580275,0
0.2025597,0
0.16313678,0
0.018153718,0
0.0038821509,0
0.1108649,0
0.2256267,0
0.10023242,0
0.68343925,0
0.17149025,0
0.031057935,0
0.112490244,0
0.016806388,0
0.0320476,0
0.46001303,0
0.014127155,0
0.02108395,0
0.119112715,0
0.04273512,0
0.1348223,0
0.021266326,0
0.0032113073,0
0.06961856,0
0.13245536,0
0.43545634,1
0.1675635,0
0.20180753,0
0.5497687,0
0.6447242,0
0.5024658,0
0.0143085485,0
0.19354823,0
0.10972811,0
0.07291988,0
0.030232687,0
0.7539632,0
0.11784441,0
0.14385514,0
0.22056009,0
0.13489154,0
0.0036270304,0
0.622728,0
0.034074675,0
0.20778243,0
0.12322903,0
0.0065134927,0
0.0041764965,0
0.36935705,0
0.0015976751,0
0.0029450187,0
0.011470376,0
0.016052064,0
0.11270292,0
0.015816685,0
0.88323283,1
0.09016213,0
0.8809656,1
0.10489191,0
0.3086271,0
0.18668285,0
0.1841724,0
0.27733594,0
0.53348196,1
0.24628064,0
0.07860356,0
0.4714882,0
0.007462575,0
0.7498684,1
0.8443996,1
0.13713668,0
0.13644962,0
0.015329621,0
0.11398938,0
0.33325166,0
0.14354227,0
0.03556988,0
0.04413256,0
0.027532008,0
0.20837675,0
0.115125224,0
0.041132152,0
0.021592176,0
0.08558745,0
0.19935462,0
0.0026306254,0
0.20748724,0
0.0081724385,0
0.18112159,0
0.008044234,0
0.38096103,0
0.32505792,0
0.06891122,0
0.13488546,0
0.05260928,0
0.15374905,0
0.216081,0
0.34180957,0
0.06322254,0
0.005693252,0
0.2581378,0
0.2528874,0
0.10472255,0
0.066244505,0
0.053783283,0
0.67845094,0
0.119545214,0
0.09264141,0
0.10667612,0
0.031338915,0
0.049523115,0
0.11701145,0
0.37868798,0
0.5528443,1
0.41660696,0
0.37083992,0
0.0032895473,0
0.019033117,0
0.10720197,0
0.7122883,0
0.04443779,0
0.022937572,0
0.0030883763,0
0.38655972,0
0.033860333,0
0.9273536,1
0.2869762,0
0.21169658,0
0.15661831,0
0.80716884,1
0.40435848,0
0.043018818,0
0.09159331,0
0.12794383,0
0.057014674,0
0.5813314,0
0.10912254,0
0.14862227,0
0.0133929,0
0.0056150234,0
0.06619897,0
0.06416013,0
0.6691223,0
0.3261758,0
0.2802462,1
0.028036287,0
0.1936158,0
0.59942204,1
0.10425384,0
0.02563479,0
0.0178466,0
0.0861067,0
0.0065545733,0
0.010408407,0
0.06934846,0
0.49588612,0
0.49110588,0
0.8486391,1
0.1439211,0
0.6111881,1
0.0038025663,0
0.16304404,0
0.20697877,0
0.12511864,0
0.3017629,0
0.03629541,0
0.015611191,0
0.11030684,0
0.9012593,1
0.25975847,0
0.05634882,0
0.04418558,0
0.06387852,0
0.24826612,0
0.17233369,0
0.14360051,0
0.2353366,0
0.5705862,0
0.059223626,0
0.019839037,0
0.0008968107,0
0.18045367,0
0.5645385,0
0.3025392,0
0.015835838,0
0.008595199,0
0.014826083,0
0.031478774,0
0.057627358,0
0.39119372,1
0.0990537,0
0.015562075,0
0.6540663,0
0.30983195,0
0.3132942,0
0.054741073,0
0.6227165,1
0.013280741,0
0.006286413,0
0.004260676,0
0.7477709,0
0.07191682,0
0.35051256,0
0.01069665,0
0.68141,0
0.30738187,0
0.63645154,0
0.030859742,0
0.067812204,0
0.7538537,0
0.024122985,0
0.09764334,0
0.30029565,0
0.17408809,0
0.67071784,1
0.032688834,0
0.011746782,0
0.855096,1
0.60353774,0
0.078458905,0
0.88316476,1
0.87465656,1
0.0123562245,0
0.3810408,0
0.5074769,1
0.33828917,0
0.01150194,0
0.8558082,0
0.606709,0
0.35178947,0
0.3278602,1
0.16844636,0
0.11511345,0
0.05591599,0
0.22461042,0
0.32997608,0
0.04943431,0
0.01112207,0
0.7485739,0
0.67820084,0
0.034131233,0
0.031068388,0
0.010466597,0
0.5801171,0
0.0718107,0
0.10782906,0
0.08707446,0
0.64298964,1
0.069731966,0
0.20413671,0
0.45831874,0
0.0068459944,0
0.03959263,0
0.76269734,1
0.33291692,0
0.025497254,0
0.24853885,0
0.019317979,0
0.04221477,0
0.028821576,0
0.2699697,0
0.05562937,0
0.08108576,0
0.5702612,1
0.7397062,0
0.17301013,1
0.018905696,0
0.052474108,0
0.008149998,0
0.094313,0
0.26121506,0
0.068841964,0
0.17083022,0
0.007878656,0
0.11380371,0
0.00789809,0
0.6946034,1
0.11422053,0
0.03105262,0
0.3359242,1
0.6184654,0
0.16645268,0
0.377429,0
0.62867904,0
0.021367846,0
0.26720378,0
0.23959672,0
0.027397852,0
0.24688938,0
0.09840403,0
0.08142072,0
0.7330786,1
0.2598978,0
0.362144,0
0.02319499,1
0.15667787,0
0.039865322,0
0.18515168,0
0.3224734,0
0.43242645,0
0.09693813,0
0.17348996,0
0.20040867,0
0.020081455,0
0.078462474,0
0.08846307,0
0.1520875,0
0.3293798,0
0.0015069735,0
0.03123404,0
0.012054774,0
0.11624199,0
0.03835409,0
0.4740715,1
0.088135555,0
0.16888824,0
0.08927298,0
0.022370892,0
0.031497505,0
0.21684524,0
0.5304075,0
0.031837065,0
0.108281285,0
0.008698328,0
0.0536042,0
0.31406048,0
0.25418988,0
0.24039741,0
0.20386967,0
0.26623958,0
0.012833943,0
0.20777856,0
0.029352982,0
0.0038143182,0
0.14564992,0
0.17866267,0
0.03672774,0
0.13807528,0
0.786887,0
0.12815556,0
0.06648802,0
0.7368681,0
0.5791571,0
0.031155951,0
0.4421894,0
0.03419588,0
0.12597778,0
0.43817812,1
0.075937174,0
0.221164,0
0.15116376,0
0.11733729,0
0.19160408,0
0.023736702,0
0.31465778,0
0.7095141,0
0.86651653,1
0.02199324,0
0.08241978,0
0.15299582,0
0.1502057,0
0.18080787,0
0.028834136,0
0.31111333,0
0.65357083,0
0.22902939,0
0.71691865,1
0.362152,0
0.47648934,0
0.09236115,0
0.44821352,1
0.5444941,0
0.7107021,1
0.5494227,1
0.062471032,0
0.13478608,0
0.75954634,1
0.038693607,0
0.76899654,0
0.45643783,0
0.067682445,0
0.1597253,0
0.3196877,0
0.22715941,0
0.7399785,1
0.12629864,0
0.5387211,0
0.054597568,0
0.3147071,0
0.24199992,0
0.067742184,0
0.016167687,0
0.035737604,0
0.65940845,1
0.043849785,0
0.07148665,0
0.33455852,0
0.0053417026,0
0.057977036,0
0.4673333,0
0.019960418,0
0.11663555,0
0.012272022,0
0.66364896,1
0.03836248,0
0.071948186,0
0.018252645,0
0.04132141,0
0.23650983,0
0.0892825,0
0.023778595,0
0.0900054,0
0.20053749,0
0.0046233763,0
0.3929513,0
0.18136305,0
0.053624075,0
0.05099876,0
0.16795914,0
0.18964712,1
0.592841,1
0.41452637,0
0.3574571,0
0.002802359,0
0.19916469,0
0.12637591,0
0.049202077,0
0.26099956,0
0.076030746,0
0.45704144,1
0.06108968,0
0.80631363,0
0.17334643,0
0.48317638,0
0.022352727,0
0.22231352,0
0.5386511,0
0.042294376,0
0.58859277,0
0.23574962,0
0.0025330624,0
0.02634474,0
0.063536435,0
0.508672,0
0.5554319,0
0.13695112,1
0.023904951,0
0.30931967,0
0.57703155,0
0.042509973,0
0.03222449,0
0.46509176,0
0.014805822,0
0.116235115,0
0.13003226,0
0.56097007,1
0.80530566,0
0.08277279,0
0.386923,0
0.16955851,0
0.107627094,0
0.8804735,0
0.30537823,0
0.2353929,0
0.6357129,0
0.070717275,0
0.0016370128,0
0.7077365,1
0.11319898,0
0.010656482,0
0.24684027,0
0.043670822,0
0.26586083,1
0.13145734,0
0.26609063,0
0.08066438,0
0.62212044,1
0.018364785,0
0.15000032,0
0.7078424,1
0.9152529,1
0.3678955,0
0.37092897,0
0.14915141,0
0.09537637,0
0.85282123,1
0.12243217,0
0.60761976,0
0.041243844,0
0.25755075,0
0.14423081,0
0.68073887,0
0.1157137,0
0.03638015,0
0.15499595,0
0.060506336,0
0.06919649,0
0.48057452,0
0.00888191,0
0.012915463,0
0.010880938,0
0.030425873,0
0.12752141,0
0.21021052,0
0.62227196,0
0.9126664,0
0.38806096,0
0.01781641,0
0.59619516,0
0.8433068,1
0.72120124,1
0.011987782,0
0.5426333,0
0.6427214,0
0.13024667,0
0.09026341,0
0.02823928,0
0.10592952,0
0.0041868337,0
0.7051158,1
0.23361166,0
0.012939423,0
0.9755397,1
0.064177774,0
0.36911586,0
0.04253466,0
0.725313,1
0.26261014,0
0.52474064,0
0.008237278,0
0.13453723,0
0.013844026,0
0.111024275,0
0.08449941,0
0.4215087,0
0.42351726,0
0.31100208,0
0.4801309,0
0.04945837,0
0.25399664,0
0.03609061,0
0.049294442,0
0.05500784,0
0.5974006,1
0.015727792,0
0.05343008,0
0.009153019,0
0.25280023,0
0.025753224,0
0.022093475,0
0.62494874,0
0.49946937,0
0.066179365,0
0.018857865,0
0.022352614,0
0.007939252,0
0.14308201,0
0.024978729,0
0.0618278,0
0.3865319,0
0.09185699,0
0.69413084,1
0.4873498,0
0.7193769,1
0.16039617,0
0.052231494,0
0.083548985,0
0.39666042,0
0.007010464,0
0.28365433,0
0.062076066,0
0.025498196,0
0.7134469,1
0.40000197,0
0.020279266,0
0.03236779,0
0.17358294,0
0.0067056445,0
0.023801796,0
0.16291204,0
0.060496464,0
0.006087381,0
0.08606069,0
0.39424998,0
0.04331731,0
0.59145486,0
0.1322828,0
0.07208705,0
0.024801712,0
0.17883688,0
0.8474704,1
0.0044457726,0
0.73323995,0
0.24673723,0
0.13183936,0
0.7912212,0
0.030383658,0
0.34887293,0
0.6946959,0
0.34551185,0
0.18793453,0
0.03904584,0
0.16630329,0
0.4561523,0
0.9090242,0
0.03393238,0
0.43580446,0
0.16331902,0
0.0068740863,0
0.79281396,0
0.034467995,0
0.044208925,0
0.042149816,0
0.6765427,0
0.68967927,0
0.0016049463,0
0.09924922,0
0.13609883,0
0.23359843,0
0.033075165,0
0.02714186,0
0.5581841,0
0.25633895,0
0.26037577,0
0.10688904,0
0.0510847,0
0.07937725,0
0.1512943,0
0.17012098,0
0.18497822,0
0.114477724,0
0.28666562,0
0.4929665,1
0.17995799,0
0.04028299,0
0.49810252,0
0.10402531,0
0.064337894,0
0.54817253,1
0.36874434,1
0.12451424,0
0.49456087,0
0.049321692,0
0.79021794,1
0.29430783,0
0.61463577,0
0.02324396,0
0.0028104873,0
0.16097824,0
0.19821991,0
0.18232179,0
0.17611864,0
0.034115765,0
0.43192112,1
0.048298094,0
0.060738675,0
0.006797284,0
0.32482535,0
0.050223358,0
0.4507904,0
0.06937798,0
0.8804741,1
0.05402474,0
0.052348167,0
0.18472917,0
0.42606682,1
0.40462562,0
0.35851836,0
0.44551638,0
0.121251605,0
0.75610816,1
0.6946421,1
0.92372894,1
0.044426907,0
0.033882577,0
0.24097162,0
0.07190869,0
0.061180092,0
0.4472198,0
0.011011239,0
0.9293868,1
0.5693919,0
0.23162594,0
0.28834122,0
0.07318393,1
0.24954681,0
0.47461942,0
0.4122907,0
0.104513176,0
0.015272727,0
0.5848152,0
0.01343944,0
0.738828,0
0.5063485,0
0.04374608,0
0.080587626,0
0.017264988,0
0.124451965,0
0.024044761,0
0.14810792,0
0.014086661,0
0.31048417,0
0.051716525,0
0.27057397,0
0.68106925,0
0.27490735,0
0.10818737,0
0.26094314,0
0.10805744,0
0.097229324,0
0.020048387,0
0.22349226,0
0.41643226,0
0.4178167,0
0.04368655,0
0.17415383,0
0.49964353,0
0.022003818,0
0.0877461,0
0.63855183,0
0.008970864,0
0.6510637,0
0.19354147,0
0.47737807,0
0.008095514,0
0.6610008,1
0.060580052,0
0.24202992,0
0.58164376,0
0.08306047,0
0.35735956,0
0.20973668,0
0.014353907,0
0.18506122,0
0.44679728,0
0.13007875,0
0.16913222,0
0.24095368,0
0.69785875,0
0.3031534,0
0.11989574,0
0.044055093,0
0.27409333,0
0.9086174,1
0.2057942,0
0.0030867616,0
0.3972933,0
0.25471762,0
0.43190023,0
0.74382,1
0.009390757,0
0.72076297,1
0.33536816,0
0.41487828,0
0.11976329,0
0.16788732,0
0.7404852,0
0.022448873,0
0.7413255,1
0.03671912,0
0.14676219,0
0.032749787,0
0.22440396,0
0.600371,0
0.2414034,0
0.029989272,0
0.17393786,0
0.37709403,0
0.9401001,1
0.056709714,0
0.3733633,1
0.010965864,0
0.164534,0
0.009987356,0
0.03624353,0
0.45724168,0
0.013692723,0
0.012770635,0
0.11237323,0
0.053334713,0
0.11755937,0
0.007741411,0
0.61402786,0
0.013479324,0
0.047133323,0
0.02279751,0
0.50841814,1
0.10891767,0
0.07997876,0
0.37440506,0
0.17437741,0
0.39071074,0
0.022907108,0
0.7052733,0
0.023101421,0
0.038028,0
0.042042498,0
0.72083193,1
0.0055625527,0
0.038157232,0
0.5702908,0
0.15030137,0
0.67289174,0
0.13424303,0
0.0025021525,0
0.2207399,0
0.008812534,0
0.017695216,0
0.31933022,0
0.75126,1
0.17867799,0
0.10948953,0
0.01946107,0
0.01758082,0
0.009326132,0
0.24794927,0
0.001039718,0
0.49840543,0
0.041071437,0
0.009334423,0
0.5343914,0
0.194793,0
0.52170885,0
0.046960916,0
0.14738645,0
0.47851416,0
0.42086205,0
0.18725084,0
0.19926561,1
0.24393487,0
0.0034983181,0
0.88816357,1
0.22356686,0
0.10914497,0
0.48578262,0
0.14701968,0
0.07700483,0
0.0400559,0
0.040199194,0
0.068306215,0
0.7488192,0
0.12330661,0
0.03687718,0
0.08879275,0
0.00688117,0
0.12557065,0
0.034123324,0
0.0075636418,0
0.020470405,0
0.01666129,0
0.061602525,0
0.070914805,0
0.8002988,1
0.88850963,0
0.022171471,0
0.26134434,0
0.08054727,0
0.3342571,0
0.19046526,0
0.010625518,0
0.05166857,0
0.1896014,0
0.075337246,0
0.044626262,0
0.31368226,0
0.5203469,0
0.32856327,0
0.007848074,0
0.189455,0
0.3839269,0
0.92131287,1
0.7121516,0
0.21169877,0
0.50727326,0
0.010251344,0
0.18203737,0
0.020836677,0
0.17400113,0
0.090332724,0
0.88823247,0
0.002458937,0
0.052142434,0
0.07477906,0
0.7079127,0
0.04679704,0
0.0070434795,0
0.397085,0
0.038577512,0
0.11072727,0
0.09206516,0
0.65808094,1
0.06383541,0
0.3692827,0
0.1129343,0
0.17368467,0
0.028356958,0
0.048179436,0
0.088126145,0
0.10052666,0
0.049932547,0
0.15518789,0
0.011494141,0
0.034519996,0
0.49655926,1
0.1224835,0
0.20739873,0
0.33362702,0
0.5436176,1
0.48440915,0
0.014777506,0
0.015784806,0
0.05072916,0
0.15352479,0
0.53766537,0
0.92820096,1
0.16408531,0
0.012555457,0
0.52676374,0
0.06611093,0
0.8215132,1
0.10037508,0
0.48341236,1
0.0129675,0
0.053681325,0
0.24643752,0
0.032127194,0
0.0040683635,0
0.7998196,0
0.02844299,0
0.24181765,0
0.10560213,0
0.1350668,0
0.013142708,0
0.495115,0
0.584779,0
0.17833263,0
0.06752701,0
0.037440028,0
0.067155465,0
0.1473924,0
0.32196406,0
0.011368604,1
0.3772826,0
0.008220533,0
0.19872525,0
0.6587889,0
0.09985855,0
0.63771665,1
0.002747541,0
0.02469109,0
0.005732673,0
0.14859189,0
0.022381905,0
0.70239353,0
0.203594,0
0.65239453,1
0.81897885,0
0.028698424,0
0.03668169,0
0.0746621,0
0.14077057,0
0.2144475,0
0.10128593,0
0.21174589,0
0.30253705,0
0.06956975,0
0.11227209,1
0.0607606,0
0.005357995,0
0.067560315,0
0.090289086,0
0.16133639,0
0.006009429,0
0.08410799,0
0.3466756,0
0.19904679,0
0.23639156,0
0.5473313,0
0.19946209,0
0.08941823,0
0.14233139,0
0.002922887,0
0.015503458,0
0.11607652,0
0.75551504,1
0.019620573,0
0.20190425,1
0.017961398,0
0.105028376,0
0.31074864,0
0.019210566,0
0.0031231942,0
0.29709724,0
0.541479,1
0.23638573,0
0.038716216,0
0.22410735,0
0.69057506,0
0.0840267,0
0.073620185,0
0.043002024,0
0.041776706,0
0.4123377,0
0.016754055,0
0.021850431,0
0.16806225,0
0.8721212,0
0.07514018,0
0.22263679,0
0.12880318,0
0.5335666,0
0.41372553,0
0.59335536,1
0.5116034,0
0.9275646,0
0.7813516,0
0.05079161,0
0.061879568,0
0.12859277,1
0.14060609,0
0.10482844,0
0.002334694,0
0.63132256,0
0.18015145,0
0.024844155,0
0.118199885,0
0.13831748,0
0.18226814,0
0.4093964,0
0.39269912,0
0.2917752,0
0.049432047,0
0.044264305,0
0.80084825,0
0.8355055,0
0.0011569716,0
0.0670725,0
0.110887624,0
0.14574942,0
0.029042669,0
0.029797092,0
0.048893455,0
0.087645076,0
0.10702538,0
0.0983419,0
0.4481722,0
0.5861742,0
0.12546918,0
0.5780076,0
0.7487475,0
0.0055578994,0
0.07982531,0
0.08076209,0
0.16091177,0
0.4815891,0
0.35865986,0
0.040174533,0
0.45935154,0
0.029253555,0
0.09519493,0
0.13263763,0
0.6109441,0
0.017127039,0
0.06488316,0
0.18296133,0
0.075951695,0
0.033169348,0
0.082727894,0
0.25433436,0
0.8207356,1
0.03052918,0
0.25409055,0
0.036057472,0
0.0064528855,0
0.19640179,0
0.736826,0
0.68431646,0
0.08263051,0
0.42856142,0
0.052786928,0
0.0024369564,0
0.014530157,0
0.06745141,0
0.13687322,0
0.27130982,0
0.049375344,0
0.10010238,0
0.0048512947,0
0.08793342,0
0.104172334,0
0.017447202,0
0.30819172,0
0.97905916,1
0.06735551,0
0.03568267,0
0.28228137,0
0.08020655,0
0.19838421,0
0.08194436,0
0.017657965,0
0.22011738,0
0.8007899,1
0.12348695,0
0.010799529,0
0.08289941,0
0.23362207,0
0.040768325,0
0.16504376,0
0.027438408,0
0.64732176,0
0.12102114,0
0.04801361,0
0.023556793,0
0.13333964,0
0.054949563,0
0.24919116,0
0.84589016,1
0.069536835,0
0.016839387,0
0.51346695,0
0.13750477,0
0.030793332,0
0.040928066,0
0.10261153,0
0.6846835,1
0.015504411,1
0.16634735,0
0.020790644,0
0.103017226,0
0.089272514,0
0.17747816,0
0.39683658,0
0.26528564,0
0.021491444,0
0.049883608,0
0.23415744,0
0.067389384,0
0.023497064,0
0.014971602,0
0.23550439,0
0.5063283,0
0.0040634014,0
0.7772728,0
0.1548478,0
0.00047125615,0
0.05488586,0
0.07559617,0
0.25639743,0
0.20690301,0
0.4179813,1
0.19158573,0
0.032745626,0
0.42040598,0
0.24750449,0
0.009127289,0
0.60957146,0
0.06590068,0
0.80596066,0
0.058494862,0
0.25651136,0
0.61658174,0
0.1283996,0
0.084065534,0
0.09598915,0
0.1642533,0
0.043160368,0
0.39608598,0
0.11579105,0
0.025077969,0
0.35203955,0
0.59201586,0
0.03379863,0
0.38742363,0
0.105062984,0
0.024128104,0
0.8511367,1
0.24723825,0
0.06997321,0
0.86426955,1
0.022717867,0
0.0058901696,0
0.778156,0
0.6035177,0
0.17018367,0
0.106695116,0
0.0472272,0
0.90087515,1
0.055287786,0
0.80668867,1
0.11779712,0
0.6424478,0
0.013974831,0
0.68802595,0
0.21972242,0
0.482259,0
0.051467445,0
0.49495417,0
0.2551525,0
0.17410831,0
0.57650554,0
0.11833536,0
0.03563824,0
0.002851981,0
0.012023444,0
0.038295805,0
0.5866372,1
0.009484629,0
0.5522093,0
0.12141214,0
0.04514811,0
0.7782925,1
0.15691474,0
0.031231668,0
0.24731669,0
0.47925076,0
0.8865516,1
0.049684327,0
0.031896725,0
0.108254835,0
0.43756494,0
0.31843713,0
0.8935286,1
0.009984645,0
0.54820955,1
0.10105056,0
0.0897273,0
0.3795011,0
0.0014858504,0
0.016753435,0
0.121573776,1
0.19142991,0
0.24174623,0
0.011508702,0
0.027374864,0
0.6421076,1
0.014751189,0
0.035034213,0
0.26524195,0
0.12937054,0
0.055873692,0
0.09020462,0
0.18638812,0
0.095739506,0
0.124195084,0
0.47108802,0
0.4441595,0
0.085373916,0
0.9160141,1
0.11125827,0
0.034498237,0
0.34275815,0
0.17487673,0
0.4822853,0
0.19923376,0
0.06773195,0
0.2469188,0
0.039146885,0
0.025610534,0
0.24282004,0
0.0033191326,0
0.07716127,0
0.30269513,0
0.5005046,1
0.01583737,0
0.015057763,0
0.8947852,1
0.15778129,0
0.033274762,0
0.85004795,1
0.34343064,0
0.069325835,0
0.15383103,0
0.8807725,1
0.5478548,0
0.060108807,0
0.114006534,0
0.026786977,0
0.2315068,0
0.1581918,0
0.196287,1
0.37638634,1
0.21217494,0
0.42679653,0
0.18269083,0
0.69151133,1
0.118783034,0
0.17838605,0
0.022878582,0
0.02005437,0
0.014131632,0
0.4455972,0
0.5569545,0
0.30759734,0
0.015791163,0
0.018565904,0
0.07228472,0
0.16556181,0
0.6630548,0
0.0049282713,0
0.1080409,0
0.085915595,0
0.01115962,0
0.016257636,0
0.26211423,0
0.16130036,0
0.28494173,0
0.3943207,1
0.08862621,0
0.10554647,0
0.24878688,0
0.07509977,0
0.06830547,0
0.060298115,0
0.055585146,0
0.31463873,0
0.2284143,0
0.7296394,1
0.24133673,0
0.039265316,0
0.039180797,0
0.0149395475,0
0.07718745,0
0.016094891,0
0.16345924,0
0.12615809,0
0.065960474,0
0.4399322,0
0.06954147,0
0.61943007,0
0.34011856,0
0.46747932,0
0.09163226,0
0.055113193,0
0.028303174,0
0.004511454,0
0.13202043,0
0.7534619,0
0.019256733,0
0.08823125,0
0.4077611,1
0.31681523,0
0.5251245,0
0.3042628,0
0.3437806,0
0.030010039,0
0.12383787,0
0.03259615,0
0.4779095,0
0.087726526,0
0.06644967,0
0.14481011,0
0.046026744,0
0.05732498,0
0.08031586,0
0.02479387,0
0.043074433,0
0.4235453,0
0.29656407,0
0.6363,1
0.0016836493,0
0.71385175,0
0.008356825,0
0.08380936,0
0.495573,0
0.6117991,0
0.7480598,0
0.19899744,0
0.0005337544,0
0.042393982,0
0.054959085,0
0.015906667,0
0.24663715,0
0.21763028,0
0.0049819034,0
0.13358836,0
0.019306019,0
0.20873041,0
0.13198595,0
0.12611751,0
0.038411647,0
0.05947479,0
0.048202164,0
0.14010058,0
0.049714338,0
0.38224748,0
0.085486926,0
0.09542952,0
0.012497513,0
0.3162515,1
0.16437525,0
0.13107239,0
0.0085081,0
0.7274479,1
0.31373668,0
0.38070226,0
0.32097256,0
0.07879976,0
0.43222362,0
0.14801693,0
0.11551326,0
0.7467696,0
0.40583947,0
0.4578097,0
0.33026168,0
0.31383133,0
0.17857887,0
0.087711774,0
0.17845035,0
0.18382084,0
0.45103157,0
0.6840464,1
0.01932103,0
0.6478327,0
0.7980773,0
0.038391657,0
0.016297707,0
0.022013854,0
0.11660147,0
0.00757462,0
0.07227564,0
0.28872064,0
0.038706467,0
0.5604768,1
0.4880936,0
0.12705523,0
0.8257479,1
0.08448792,0
0.020953057,0
0.030868048,0
0.044650055,0
0.45560706,0
0.3229178,1
0.0950828,0
0.5744819,1
0.80340606,1
0.40720308,0
0.11750099,0
0.08894835,0
0.34859112,1
0.25857723,0
0.70605856,1
0.027197717,0
0.27880624,0
0.08412177,0
0.03923943,0
0.16355023,0
0.73471713,1
0.053280376,0
0.07558839,0
0.40772098,0
0.33068585,0
0.009345563,0
0.15488932,0
0.21793352,0
0.06178099,0
0.29956198,0
0.121138014,0
0.16578838,0
0.40862456,0
0.7822706,1
0.041454673,0
0.032508977,0
0.06402769,0
0.04296117,0
0.057016794,0
0.071088955,0
0.32734424,0
0.10804402,0
0.11611748,1
0.08678433,0
0.35847685,0
0.51660633,0
0.4481024,0
0.9097831,1
0.29645297,0
0.61512524,0
0.0959894,0
0.27051294,0
0.13677034,0
0.9358447,1
0.010904096,0
0.08225697,0
0.46321967,0
0.2865393,0
0.16920729,0
0.22963835,0
0.88620096,1
0.46651822,1
0.044270538,0
0.11725983,0
0.5820776,0
0.56799144,0
0.026377333,0
0.24783975,0
0.74023855,0
0.3851405,0
0.8674913,1
0.006306749,0
0.2586159,0
0.20086762,0
0.8915838,0
0.175248,0
0.017391067,0
0.06847107,0
0.086272985,0
0.6852827,0
0.4383728,0
0.19473647,0
0.28763607,0
0.5154318,1
0.035685435,0
0.10717269,0
0.49235243,0
0.36570516,0
0.0035041743,0
0.024247302,0
0.8629574,1
0.022931935,0
0.6243808,1
0.5089569,0
0.38973543,0
0.4951505,0
0.25382125,0
0.37004286,0
0.26253137,0
0.005011423,0
0.045821555,0
0.11438126,0
0.34879315,0
0.070119195,0
0.41323176,0
0.2676137,0
0.077454224,0
0.049383428,0
0.04710168,0
0.0034128989,0
0.042550556,0
0.008663765,0
0.04430394,0
0.005158478,0
0.12611683,0
0.33405444,0
0.8499382,1
0.0047220164,0
0.022523992,0
0.19690049,0
0.24517913,0
0.033552524,0
0.24041513,0
0.0225501,0
0.36333236,0
0.076916136,0
0.20606148,0
0.823751,1
0.18454741,0
0.6589964,0
0.013197169,0
0.09163638,0
0.025708422,0
0.0058185197,0
0.0207536,0
0.040579315,0
0.60151744,0
0.4568509,0
0.011908528,0
0.8287482,0
0.5336333,0
0.11405569,0
0.034201868,0
0.017551154,0
0.26220137,0
0.36359575,0
0.14304043,0
0.15799786,0
0.2108564,0
0.017695764,0
0.090950064,0
0.0255431,0
0.917082,1
0.87395734,1
0.009143432,0
0.7827135,1
0.5002673,1
0.57194424,0
0.30870268,0
0.085623324,0
0.5909186,0
0.101865396,0
0.09664762,0
0.7486957,0
0.051568132,0
0.16431664,0
0.28769353,0
0.29605818,0
0.118599325,0
0.06480526,0
0.2589513,0
0.28432265,0
0.116998985,1
0.082616374,0
0.13268593,0
0.19636627,0
0.11709984,0
0.11752781,0
0.2243888,0
0.51549125,0
0.84059495,0
0.23476784,0
0.06973041,0
0.21775593,0
0.19723554,0
0.16003913,0
0.08498076,0
0.033491448,0
0.001901149,0
0.89813745,1
0.01743305,0
0.3015546,0
0.953752,1
0.505807,0
0.19611028,0
0.13748066,0
0.026967872,0
0.053031042,0
0.046694744,0
0.04132883,0
0.21850136,0
0.6386351,0
0.066153616,0
0.22206885,0
0.34754333,0
0.106269725,0
0.06575858,0
0.124096125,0
0.18523957,0
0.34089968,0
0.016745323,0
0.12154548,0
0.12753929,0
0.17724766,0
0.55498755,0
0.1454926,0
0.23885836,0
0.66853374,0
0.024136167,0
0.33034137,0
0.09680068,0
0.16393141,0
0.69222176,1
0.06535179,0
0.048742592,0
0.009867692,0
0.029582761,0
0.7328532,1
0.02567973,0
0.05630041,0
0.12955023,0
0.07769985,0
0.3232681,0
0.7894681,1
0.5045808,1
0.30195484,0
0.3231656,0
0.79081064,1
0.029378988,0
0.3483323,0
0.3028176,0
0.06895867,0
0.31935906,1
0.05026047,0
0.14466435,0
0.30055684,0
0.31856018,0
0.561177,0
0.0061957175,0
0.13507389,0
0.1586198,0
0.7297832,1
0.33022094,0
0.013542814,0
0.049164504,0
0.026952226,0
0.001499118,0
0.061706424,0
0.14936018,0
0.41513437,0
0.025503065,0
0.5223711,0
0.012271743,0
0.016238185,0
0.88064426,0
0.4005986,0
0.06894232,0
0.013891799,0
0.05629663,0
0.020153487,0
0.41897798,0
0.0033096327,0
0.592225,0
0.0683652,0
0.39761144,0
0.54163665,1
0.006711291,0
0.10658248,0
0.1853659,0
0.019260326,0
0.22586937,0
0.019056723,0
0.048046507,0
0.057999134,0
0.08485554,0
0.057858884,0
0.12586221,0
0.28149492,0
0.09557119,0
0.12569648,0
0.054819636,0
0.0070283087,0
0.10229842,0
0.3460427,0
0.05811241,0
0.25337154,0
0.01684748,0
0.08658969,0
0.03329774,0
0.3665021,0
0.11967018,0
0.02185562,0
0.46059477,0
0.11808711,0
0.19055136,0
0.11610157,0
0.20359695,0
0.41564083,0
0.63710874,1
0.46812698,0
0.10675926,0
0.09066558,0
0.08048643,0
0.44280353,0
0.036460012,0
0.3017267,0
0.22468482,0
0.33340582,0
0.11779107,0
0.6568024,0
0.022645827,0
0.08508063,0
0.039410863,0
0.063544914,0
0.635885,0
0.59406704,0
0.006232021,0
0.95547366,1
0.006979585,0
0.6231206,1
0.025309546,0
0.5773527,1
0.3645665,0
0.0119794775,0
0.07255064,0
0.16630615,0
0.5647748,0
0.034919918,0
0.12011261,0
0.21487214,0
0.7722681,1
0.6460591,0
0.8116388,1
0.8196175,0
0.099420056,0
0.17283814,0
0.035591006,0
0.104304664,0
0.042976446,0
0.004267618,0
0.0030259097,0
0.08393623,0
0.50247973,0
0.13891026,0
0.02933906,0
0.10080279,0
0.032731645,0
0.7674546,1
0.24498606,0
0.22973888,0
0.20256492,0
0.021450248,0
0.041218758,0
0.005364499,0
0.71500057,0
0.01029893,0
0.35511982,0
0.07198537,0
0.18643832,0
0.50902396,0
0.6770527,0
0.21053162,0
0.27177384,0
0.76717556,0
0.17764746,0
0.1665364,0
0.018730748,0
0.020412523,0
0.69748574,0
0.30856717,0
0.017075848,0
0.6003061,0
0.35728738,0
0.3189431,0
0.29985607,0
0.5556257,1
0.019394852,0
0.78486,0
0.004903076,0
0.89809424,1
0.22847551,0
0.6692714,1
0.013608765,0
0.14034295,0
0.15325125,0
0.34205127,1
0.4832936,1
0.29671484,0
0.0186982,0
0.42843896,0
0.006498076,0
0.18975566,0
0.2378193,0
0.3532517,0
0.0350798,0
0.07163636,0
0.019839752,0
0.46244735,0
0.024130786,0
0.004583259,0
0.2693355,0
0.12897636,0
0.3624081,0
0.0059022857,0
0.13859333,0
0.09869013,0
0.6615375,1
0.6091485,1
0.010195654,0
0.19115981,1
0.79818237,1
0.13297428,0
0.36970904,0
0.08730717,0
0.032112733,0
0.17364974,0
0.4606577,0
0.013643886,0
0.2556895,0
0.07212371,0
0.23944429,0
0.002817445,0
0.6010354,0
0.021062203,0
0.6511398,1
0.22839788,0
0.2852839,0
0.52865475,1
0.033277024,0
0.38123715,0
0.045182366,0
0.047663745,0
0.018959863,0
0.099984184,0
0.010706407,0
0.16584437,0
0.45530576,0
0.033083584,0
0.0438779,0
0.25234067,0
0.31989035,0
0.41780934,0
0.15531753,0
0.12874706,0
0.695839,1
0.5060989,0
0.015278781,0
0.6338908,0
0.544764,0
0.60389155,0
0.45859957,0
0.12132314,0
0.0059365993,0
0.8478031,0
0.6497914,1
0.015758943,0
0.8284388,0
0.02658854,0
0.13801298,0
0.35291708,0
0.08808636,0
0.17322291,0
0.013251941,0
0.17331126,0
0.21952155,0
0.20113303,1
0.1901454,0
0.1749433,0
0.013455338,0
0.19710901,0
0.63822156,0
0.601999,1
0.11647883,0
0.8916275,0
0.023783918,0
0.076189496,0
0.061994575,0
0.13843425,0
0.026660573,0
0.01906881,0
0.48496497,0
0.51149356,0
0.14581499,0
0.04545707,0
0.43415603,0
0.25880906,0
0.00968292,0
0.012224733,0
0.048017487,0
0.60662526,0
0.026463766,0
0.095074035,0
0.6019607,0
0.89728904,1
0.28225663,1
0.18244317,0
0.045929898,0
0.015641754,0
0.5614657,1
0.089769274,0
0.26939866,0
0.06753339,0
0.26641062,0
0.008593225,0
0.02196981,0
0.31916076,0
0.09323291,0
0.0406852,1
0.4775777,1
0.09594571,0
0.05728093,0
0.13117997,0
0.05352078,0
0.048911873,0
0.61389583,0
0.034424905,0
0.3148114,0
0.34244916,0
0.0019187187,0
0.30675536,0
0.09252594,0
0.014398567,0
0.60704184,0
0.011544185,0
0.01706571,0
0.5158304,1
0.5238376,0
0.06791758,0
0.10766015,0
0.009280487,0
0.026296524,0
0.014773958,0
0.16705847,0
0.0018723542,0
0.5270824,1
0.0114226835,0
0.24771811,0
0.0401351,0
0.2331078,0
0.84377307,1
0.74880034,0
0.41402903,0
0.052430063,0
0.15320185,0
0.44360653,0
0.2476845,0
0.026267013,0
0.0753666,0
0.19831958,0
0.14135487,0
0.8605176,1
0.12786865,0
0.22258429,0
0.93719053,1
0.038102765,0
0.4593097,0
0.051129263,0
0.066259384,0
0.32660797,0
0.20730875,0
0.15121885,0
0.47325575,0
0.0025656254,0
0.08405175,0
0.114835404,0
0.07724093,0
0.060872894,0
0.044334304,0
0.017968053,0
0.33815923,0
0.45391348,0
0.13281262,0
0.3919379,0
0.24596114,0
0.14384896,0
0.13624766,0
0.12321715,0
0.85986346,1
0.018192431,0
0.41800568,0
0.401835,0
0.3370225,0
0.489798,0
0.18465616,0
0.036780633,0
0.061131276,0
0.047849398,0
0.008756039,0
0.19283032,0
0.61580354,1
0.17547603,0
0.21407072,0
0.0739817,0
0.02890797,0
0.11899973,0
0.4091654,0
0.051623575,0
0.42425954,0
0.12731086,0
0.028134188,0
0.0068655815,0
0.050418407,0
0.01139793,0
0.102255076,0
0.40689754,0
0.061081283,0
0.0144242635,0
0.87620014,1
0.2013065,0
0.43768108,0
0.027952379,0
0.40827405,0
0.09376097,0
0.31203485,0
0.20627022,0
0.04615638,0
0.046403307,0
0.3423783,0
